复核优先级,复核原因,建议动作,质量分,地区,来源栏目,发布部门,文件标题,发布日期,命中关键词,文档类型,原文链接,来源列表页
P1,接近自动线的规则/政策类候选,人工核验来源和有效状态后优先回填,54,上海,上海市发展和改革委员会-政策文件,上海市发展和改革委员会,关于修订印发《上海市售电公司及相关主体准入与退出管理实施细则》的通知,,实施细则,HTML,http://fgw.sh.gov.cn/fgw_ny/20211101/ccbb463fcb0b49fb90ffa5ca823072b1.html,https://fgw.sh.gov.cn/fgw_zcwjfl/index_45.html
P1,接近自动线的规则/政策类候选,人工核验来源和有效状态后优先回填,54,上海,上海市发展和改革委员会-政策文件,上海市发展和改革委员会,关于印发《上海市能源电力领域碳达峰实施方案》的通知,,碳达峰,HTML,http://fgw.sh.gov.cn/fgw_ny/20220811/9d34b9bc81a745a8be9c0b4368a70de1.html,https://fgw.sh.gov.cn/fgw_zcwjfl/index_28.html
P1,接近自动线的规则/政策类候选,人工核验来源和有效状态后优先回填,54,上海,上海市发展和改革委员会-政策文件,上海市发展和改革委员会,市发展改革委 市财政局关于印发《上海市加力支持汽车以旧换新补贴政策实施细则（新能源）》的通知,,实施细则,HTML,http://fgw.sh.gov.cn/fgw_gfxwj/20240923/5f3c00b2ca4548fdb5fc15c450d153fe.html,https://fgw.sh.gov.cn/fgw_zcwjfl/index_12.html
P1,接近自动线的规则/政策类候选,人工核验来源和有效状态后优先回填,54,内蒙古自治区,内蒙古自治区能源局-通知公告,内蒙古自治区能源局,内蒙古自治区能源局关于印发《内蒙古自治区关于碳达峰目标下能源保障供应的实施方案》《内蒙古自治区关于完善能源绿色低碳转型体制机制和政策措施的实施意见》的通知,,绿色低碳;碳达峰,HTML,https://nyj.nmg.gov.cn/slh/tz/202209/t20220927_2141981.html,https://nyj.nmg.gov.cn/slh/tz/index_31.html
P1,接近自动线的规则/政策类候选,人工核验来源和有效状态后优先回填,54,内蒙古自治区,内蒙古自治区能源局-通知公告,内蒙古自治区能源局,内蒙古自治区能源局关于印发《内蒙古自治区分布式光伏项目开发建设管理实施细则》的通知,,实施细则,HTML,https://nyj.nmg.gov.cn/slh/tz/202506/t20250623_2744160.html,https://nyj.nmg.gov.cn/slh/tz/index_22.html
P1,接近自动线的规则/政策类候选,人工核验来源和有效状态后优先回填,54,内蒙古自治区,内蒙古自治区能源局-通知公告,内蒙古自治区能源局,内蒙古自治区能源局关于印发《内蒙古自治区热电联产机组核验实施细则（试行）》的通知,,实施细则,HTML,https://nyj.nmg.gov.cn/slh/tz/202110/t20211013_1902099.html,https://nyj.nmg.gov.cn/slh/tz/index_35.html
P1,接近自动线的规则/政策类候选,人工核验来源和有效状态后优先回填,54,华北区域,国家能源局华北监管局-通知公告,国家能源局派出机构,华北能源监管局关于修订华北区域发电厂并网运行管理实施细则（2019年修订版）部分... 2021-11-22,2021-11-22,实施细则,HTML,https://hbj.nea.gov.cn/dtyw/tzgg/202309/t20230925_120340.html,https://hbj.nea.gov.cn/dtyw/tzgg/index_23.html
P1,接近自动线的规则/政策类候选,人工核验来源和有效状态后优先回填,54,华北区域,国家能源局华北监管局-通知公告,国家能源局派出机构,华北能源监管局关于做好电网迎峰度冬期间和今冬明春电力安全生产工作的通知 2018-12-25,2018-12-25,电网;迎峰度冬;电力安全,HTML,https://hbj.nea.gov.cn/dtyw/tzgg/202309/t20230925_120202.html,https://hbj.nea.gov.cn/dtyw/tzgg/index_32.html
P1,接近自动线的规则/政策类候选,人工核验来源和有效状态后优先回填,54,华北区域,国家能源局华北监管局-通知公告,国家能源局派出机构,华北能源监管局关于印发《华北区域集中式光伏扶贫电站优先调度实施细则（试行）》... 2019-10-22,2019-10-22,实施细则,HTML,https://hbj.nea.gov.cn/dtyw/tzgg/202309/t20230925_120253.html,https://hbj.nea.gov.cn/dtyw/tzgg/index_28.html
P1,接近自动线的规则/政策类候选,人工核验来源和有效状态后优先回填,54,华北区域,国家能源局华北监管局-通知公告,国家能源局派出机构,华北能源监管局关于印发京津唐电网火电机组供热最小运行方式（2021版）的通知 2021-11-15,2021-11-15,电网,HTML,https://hbj.nea.gov.cn/dtyw/tzgg/202309/t20230925_120336.html,https://hbj.nea.gov.cn/dtyw/tzgg/index_23.html
P1,接近自动线的规则/政策类候选,人工核验来源和有效状态后优先回填,54,华北区域,国家能源局华北监管局-通知公告,国家能源局派出机构,华北能源监管局关于印发河北南部电网火电机组供热最小运行方式（2021版）的通知 2021-11-18,2021-11-18,电网,HTML,https://hbj.nea.gov.cn/dtyw/tzgg/202309/t20230925_120339.html,https://hbj.nea.gov.cn/dtyw/tzgg/index_23.html
P1,接近自动线的规则/政策类候选,人工核验来源和有效状态后优先回填,54,华北区域,国家能源局华北监管局-通知公告,国家能源局派出机构,华北能源监管局关于印发蒙西电网火电机组供热最小运行方式（2021版）的通知 2021-11-18,2021-11-18,电网,HTML,https://hbj.nea.gov.cn/dtyw/tzgg/202309/t20230925_120338.html,https://hbj.nea.gov.cn/dtyw/tzgg/index_23.html
P1,接近自动线的规则/政策类候选,人工核验来源和有效状态后优先回填,54,南方区域,国家能源局南方监管局-通知公示,国家能源局派出机构,关于印发《南方能源监管局电力安全监管约谈适用操作办法》的通知 2021-04-25,2021-04-25,电力安全,HTML,https://nfj.nea.gov.cn/xwzx/tzgg/202402/t20240208_245647.html,https://nfj.nea.gov.cn/xwzx/tzgg/index_32.html
P1,接近自动线的规则/政策类候选,人工核验来源和有效状态后优先回填,54,南方区域,国家能源局南方监管局-通知公示,国家能源局派出机构,关于对《广东省构建新型电力系统 推动电力高质量发展行动方案 ( 2021-2025 年）（... 2021-10-20,2021-10-20,高质量发展;新型电力系统,HTML,https://nfj.nea.gov.cn/xwzx/tzgg/202402/t20240208_245703.html,https://nfj.nea.gov.cn/xwzx/tzgg/index_28.html
P1,接近自动线的规则/政策类候选,人工核验来源和有效状态后优先回填,54,南方区域,广州电力交易中心-交易规则,广州电力交易中心,南方区域绿色电力证书交易实施细则（2023年版）,,实施细则,PDF,https://www.gzpec.cn/law/jygz/202310/P020231025623801942126.pdf,https://www.gzpec.cn/law/jygz/index_2.html
P1,接近自动线的规则/政策类候选,人工核验来源和有效状态后优先回填,54,四川,国家能源局四川监管办公室-通知公告,国家能源局四川监管办公室,关于免除2022年8月、9月水电企业电力中长期交易偏差考核的通知 2022-10-10,2022-10-10,中长期,HTML,https://scb.nea.gov.cn/dtyw/tzgg/202310/t20231009_134315.html,https://scb.nea.gov.cn/dtyw/tzgg/index_21.html
P1,接近自动线的规则/政策类候选,人工核验来源和有效状态后优先回填,54,四川,国家能源局四川监管办公室-通知公告,国家能源局四川监管办公室,关于印发《四川省2014年减弃增发挂牌交易规则》的通知 2015-03-24,2015-03-24,交易规则,HTML,https://scb.nea.gov.cn/dtyw/tzgg/202310/t20231009_133965.html,https://scb.nea.gov.cn/dtyw/tzgg/index_43.html
P1,接近自动线的规则/政策类候选,人工核验来源和有效状态后优先回填,54,四川,国家能源局四川监管办公室-通知公告,国家能源局四川监管办公室,关于印发《四川省电力用户与发电企业直接交易规则(试行)》的通知 2015-03-24,2015-03-24,交易规则,HTML,https://scb.nea.gov.cn/dtyw/tzgg/202310/t20231009_133966.html,https://scb.nea.gov.cn/dtyw/tzgg/index_43.html
P1,接近自动线的规则/政策类候选,人工核验来源和有效状态后优先回填,54,四川,四川省发展和改革委员会-政策文件,四川省发展和改革委员会,关于四川电网试行需求侧市场化响应电价政策有关事项的通知,2023-04-23,电网,HTML,https://fgw.sc.gov.cn/sfgw/zcwj/2023/4/23/e765c9ee591847408a05294ada29fd8e.shtml,https://fgw.sc.gov.cn/sfgw/zcwj/list_5.shtml
P1,接近自动线的规则/政策类候选,人工核验来源和有效状态后优先回填,54,四川,四川省发展和改革委员会-通知公告,四川省发展和改革委员会,关于调整电能替代项目输配电价政策有关事项的通知（川发改价格〔2024〕64号）,2024-02-18,输配电价,HTML,https://fgw.sc.gov.cn/sfgw/tzgg/2024/2/18/9e0e711298424a55a800c0c1bb762c88.shtml,https://fgw.sc.gov.cn/sfgw/tzgg/list_22.shtml
P1,接近自动线的规则/政策类候选,人工核验来源和有效状态后优先回填,54,四川,四川省发展和改革委员会-通知公告,四川省发展和改革委员会,四川省能源局关于组织开展国家重点研发计划“氢能技术”“储能与智能电网技术”重点专项2025年度项目申报工...,2025-06-26,电网;智能电网,HTML,https://fgw.sc.gov.cn/sfgw/tzgg/2025/6/26/e09c6cdf18714406b3a4b8ebd5c2a231.shtml,https://fgw.sc.gov.cn/sfgw/tzgg/list_8.shtml
P1,接近自动线的规则/政策类候选,人工核验来源和有效状态后优先回填,54,四川,四川省发展和改革委员会-通知公告,四川省发展和改革委员会,四川省能源局关于组织智能电网国家科技重大专项2025年度公开项目申报工作的通知,2025-04-16,电网;智能电网,HTML,https://fgw.sc.gov.cn/sfgw/tzgg/2025/4/16/752cc489ce4046adb6f432cbff8a8c1e.shtml,https://fgw.sc.gov.cn/sfgw/tzgg/list_10.shtml
P1,接近自动线的规则/政策类候选,人工核验来源和有效状态后优先回填,54,天津,天津市工业和信息化局-委局文件,天津市工业和信息化局,市工业和信息化局关于调整天津市电力市场管理委员会组建方案的通知2024-05-06,2024-05-06,电力市场,HTML,https://gyxxh.tj.gov.cn/ZWGK4147/ZCWJ6355/wjwj/202405/t20240506_6617695.html,https://gyxxh.tj.gov.cn/ZWGK4147/ZCWJ6355/wjwj/index_6.html
P1,接近自动线的规则/政策类候选,人工核验来源和有效状态后优先回填,54,山东,国家能源局山东监管办公室-通知公告,国家能源局派出机构,关于修订山东电网“两个细则”AGC、调峰和一次调频有关条款的通知 2016-09-02,2016-09-02,调峰;调频;电网,HTML,https://sdb.nea.gov.cn/dtyw/tzgg/202309/t20230919_110296.html,https://sdb.nea.gov.cn/dtyw/tzgg/index_13.html
P1,接近自动线的规则/政策类候选,人工核验来源和有效状态后优先回填,54,山东,国家能源局山东监管办公室-通知公告,国家能源局派出机构,关于修订山东电网“两个细则”有关条款的通知 2013-05-07,2013-05-07,电网,HTML,https://sdb.nea.gov.cn/dtyw/tzgg/202309/t20230919_110095.html,https://sdb.nea.gov.cn/dtyw/tzgg/index_27.html
P1,接近自动线的规则/政策类候选,人工核验来源和有效状态后优先回填,54,山东,国家能源局山东监管办公室-通知公告,国家能源局派出机构,关于修订我省风电场并网运行管理实施细则有关条款的通知 2014-06-10,2014-06-10,实施细则,HTML,https://sdb.nea.gov.cn/dtyw/tzgg/202309/t20230919_110159.html,https://sdb.nea.gov.cn/dtyw/tzgg/index_22.html
P1,接近自动线的规则/政策类候选,人工核验来源和有效状态后优先回填,54,山东,国家能源局山东监管办公室-通知公告,国家能源局派出机构,关于印发《山东省发电机组并网安全性评价实施细则》的通知 2014-05-20,2014-05-20,实施细则,HTML,https://sdb.nea.gov.cn/dtyw/tzgg/202309/t20230919_110148.html,https://sdb.nea.gov.cn/dtyw/tzgg/index_23.html
P1,接近自动线的规则/政策类候选,人工核验来源和有效状态后优先回填,54,山东,国家能源局山东监管办公室-通知公告,国家能源局派出机构,关于印发《山东省发电机组进入及退出商业运营管理实施细则》的通知 2012-02-01,2012-02-01,实施细则,HTML,https://sdb.nea.gov.cn/dtyw/tzgg/202309/t20230919_110033.html,https://sdb.nea.gov.cn/dtyw/tzgg/index_31.html
P1,接近自动线的规则/政策类候选,人工核验来源和有效状态后优先回填,54,山东,国家能源局山东监管办公室-通知公告,国家能源局派出机构,关于印发《山东省电力安全事件监督管理规定实施细则》的通知 2014-09-02,2014-09-02,实施细则;电力安全,HTML,https://sdb.nea.gov.cn/dtyw/tzgg/202309/t20230919_110175.html,https://sdb.nea.gov.cn/dtyw/tzgg/index_21.html
P1,接近自动线的规则/政策类候选,人工核验来源和有效状态后优先回填,54,山东,国家能源局山东监管办公室-通知公告,国家能源局派出机构,关于印发《山东省电力安全监管专家库管理办法(试行)》的通知 2012-04-26,2012-04-26,电力安全,HTML,https://sdb.nea.gov.cn/dtyw/tzgg/202309/t20230919_110046.html,https://sdb.nea.gov.cn/dtyw/tzgg/index_30.html
P1,接近自动线的规则/政策类候选,人工核验来源和有效状态后优先回填,54,山东,国家能源局山东监管办公室-通知公告,国家能源局派出机构,关于印发《山东省电力市场监管办法（试行）》的通知 2017-12-08,2017-12-08,电力市场;市场监管,HTML,https://sdb.nea.gov.cn/dtyw/tzgg/202309/t20230919_110352.html,https://sdb.nea.gov.cn/dtyw/tzgg/index_10.html
P1,接近自动线的规则/政策类候选,人工核验来源和有效状态后优先回填,54,山东,国家能源局山东监管办公室-通知公告,国家能源局派出机构,关于转发《电网安全风险管控办法(试行)》的通知 2014-05-27,2014-05-27,电网,HTML,https://sdb.nea.gov.cn/dtyw/tzgg/202309/t20230919_110156.html,https://sdb.nea.gov.cn/dtyw/tzgg/index_23.html
P1,接近自动线的规则/政策类候选,人工核验来源和有效状态后优先回填,54,山东,国家能源局山东监管办公室-通知公告,国家能源局派出机构,山东省电力中长期交易规则(试行) 2017-07-18,2017-07-18,交易规则;中长期,HTML,https://sdb.nea.gov.cn/dtyw/tzgg/202309/t20230919_110345.html,https://sdb.nea.gov.cn/dtyw/tzgg/index_10.html
P1,接近自动线的规则/政策类候选,人工核验来源和有效状态后优先回填,54,山西,山西省能源局-政策文件检索电力,山西省能源局,关于印发《2021年全省电力市场交易组织方案》的通知,2020-12-09,电力市场,HTML,http://nyj.shanxi.gov.cn/zfxxgk/fdzdgknr/sjwj/202310/t20231003_9418403.shtml,https://nyj.shanxi.gov.cn/trs-search/trssearch/openSearch/getZwgkList?keywords=%E7%94%B5%E5%8A%9B&pageNum=1&siteId=60&chnId=&dockind=2&position=0&sort=1&suitability=0
P1,接近自动线的规则/政策类候选,人工核验来源和有效状态后优先回填,54,山西,山西省能源局-政策文件检索电力,山西省能源局,关于印发《2022年电力市场交易组织方案》的通知,2021-12-27,电力市场,HTML,http://nyj.shanxi.gov.cn/zfxxgk/fdzdgknr/sjwj/202310/t20231019_9418371.shtml,https://nyj.shanxi.gov.cn/trs-search/trssearch/openSearch/getZwgkList?keywords=%E7%94%B5%E5%8A%9B&pageNum=1&siteId=60&chnId=&dockind=2&position=0&sort=1&suitability=0
P1,接近自动线的规则/政策类候选,人工核验来源和有效状态后优先回填,54,山西,山西省能源局-政策文件检索电力,山西省能源局,关于印发《山西省能源领域碳达峰实施方案》的通知,2023-04-23,碳达峰,HTML,http://nyj.shanxi.gov.cn/zfxxgk/fdzdgknr/sjwj/202311/t20231130_9436248.shtml,https://nyj.shanxi.gov.cn/trs-search/trssearch/openSearch/getZwgkList?keywords=%E7%94%B5%E5%8A%9B&pageNum=7&siteId=60&chnId=&dockind=2&position=0&sort=1&suitability=0
P1,接近自动线的规则/政策类候选,人工核验来源和有效状态后优先回填,54,山西,山西省能源局-政策文件检索电力,山西省能源局,山西省人民政府办公厅关于进一步优化电网项目审批流程的实施意见,2025-08-02,电网,HTML,http://nyj.shanxi.gov.cn/zfxxgk/szfwj/202511/t20251125_10001938.shtml,https://nyj.shanxi.gov.cn/trs-search/trssearch/openSearch/getZwgkList?keywords=%E7%94%B5%E5%8A%9B&pageNum=5&siteId=60&chnId=&dockind=2&position=0&sort=1&suitability=0
P1,接近自动线的规则/政策类候选,人工核验来源和有效状态后优先回填,54,山西,山西省能源局-政策文件检索电力,山西省能源局,山西省人民政府印发山西省碳达峰实施方案的通知,2023-01-05,碳达峰,HTML,http://nyj.shanxi.gov.cn/zfxxgk/szfwj/202505/t20250506_9826223.shtml,https://nyj.shanxi.gov.cn/trs-search/trssearch/openSearch/getZwgkList?keywords=%E7%94%B5%E5%8A%9B&pageNum=10&siteId=60&chnId=&dockind=2&position=0&sort=1&suitability=0
P1,接近自动线的规则/政策类候选,人工核验来源和有效状态后优先回填,54,山西,山西省能源局-政策文件检索电力,山西省能源局,山西省能源局关于印发《2023年全省电力市场交易工作方案》的通知,2022-12-13,电力市场,HTML,http://nyj.shanxi.gov.cn/zfxxgk/fdzdgknr/gfxwj/sx_82094/202309/t20230921_9434386.shtml,https://nyj.shanxi.gov.cn/trs-search/trssearch/openSearch/getZwgkList?keywords=%E7%94%B5%E5%8A%9B&pageNum=1&siteId=60&chnId=&dockind=2&position=0&sort=1&suitability=0
P1,接近自动线的规则/政策类候选,人工核验来源和有效状态后优先回填,54,山西,山西省能源局-政策文件检索电力,山西省能源局,山西省能源局关于印发《2023年全省电力市场交易工作方案》的通知,2022-12-13,电力市场,HTML,http://nyj.shanxi.gov.cn/zfxxgk/fdzdgknr/sjwj/202309/t20230921_9418440.shtml,https://nyj.shanxi.gov.cn/trs-search/trssearch/openSearch/getZwgkList?keywords=%E7%94%B5%E5%8A%9B&pageNum=2&siteId=60&chnId=&dockind=2&position=0&sort=1&suitability=0
P1,接近自动线的规则/政策类候选,人工核验来源和有效状态后优先回填,54,山西,山西省能源局-政策文件检索电力,山西省能源局,山西省能源局国家能源局山西监管办公室关于印发《售电公司管理实施细则》的通知,2022-03-29,实施细则,HTML,http://nyj.shanxi.gov.cn/zfxxgk/fdzdgknr/gfxwj/xxyx_82093/202309/t20230920_9434379.shtml,https://nyj.shanxi.gov.cn/trs-search/trssearch/openSearch/getZwgkList?keywords=%E7%94%B5%E5%8A%9B&pageNum=6&siteId=60&chnId=&dockind=2&position=0&sort=1&suitability=0
P1,接近自动线的规则/政策类候选,人工核验来源和有效状态后优先回填,54,新疆,国家能源局新疆监管办公室-通知公告,国家能源局新疆监管办公室,关于公布2017年11月新疆电网“两个细则”考核和补偿结果的通知 2018-11-01,2018-11-01,电网,HTML,https://xjb.nea.gov.cn/dtyw/tzgg/202309/t20230923_116223.html,https://xjb.nea.gov.cn/dtyw/tzgg/index_31.html
P1,接近自动线的规则/政策类候选,人工核验来源和有效状态后优先回填,54,新疆,国家能源局新疆监管办公室-通知公告,国家能源局新疆监管办公室,关于公布2017年12月新疆电网“两个细则”考核和补偿结果的通知 2018-11-01,2018-11-01,电网,HTML,https://xjb.nea.gov.cn/dtyw/tzgg/202309/t20230923_116224.html,https://xjb.nea.gov.cn/dtyw/tzgg/index_31.html
P1,接近自动线的规则/政策类候选,人工核验来源和有效状态后优先回填,54,新疆,国家能源局新疆监管办公室-通知公告,国家能源局新疆监管办公室,关于公布2018年10月新疆电网“两个细则”考核和补偿结果的通知 2019-01-24,2019-01-24,电网,HTML,https://xjb.nea.gov.cn/dtyw/tzgg/202309/t20230923_116257.html,https://xjb.nea.gov.cn/dtyw/tzgg/index_29.html
P1,接近自动线的规则/政策类候选,人工核验来源和有效状态后优先回填,54,新疆,国家能源局新疆监管办公室-通知公告,国家能源局新疆监管办公室,关于公布2018年11月新疆电网“两个细则”考核和补偿结果的通知 2019-02-02,2019-02-02,电网,HTML,https://xjb.nea.gov.cn/dtyw/tzgg/202309/t20230923_116262.html,https://xjb.nea.gov.cn/dtyw/tzgg/index_28.html
P1,接近自动线的规则/政策类候选,人工核验来源和有效状态后优先回填,54,新疆,国家能源局新疆监管办公室-通知公告,国家能源局新疆监管办公室,关于公布2018年12月新疆电网“两个细则”考核和补偿结果的通知 2019-03-01,2019-03-01,电网,HTML,https://xjb.nea.gov.cn/dtyw/tzgg/202309/t20230923_116267.html,https://xjb.nea.gov.cn/dtyw/tzgg/index_28.html
P1,接近自动线的规则/政策类候选,人工核验来源和有效状态后优先回填,54,新疆,国家能源局新疆监管办公室-通知公告,国家能源局新疆监管办公室,关于公布2018年1月新疆电网“两个细则”考核和补偿结果的通知 2018-11-28,2018-11-28,电网,HTML,https://xjb.nea.gov.cn/dtyw/tzgg/202309/t20230923_116233.html,https://xjb.nea.gov.cn/dtyw/tzgg/index_30.html
P1,接近自动线的规则/政策类候选,人工核验来源和有效状态后优先回填,54,新疆,国家能源局新疆监管办公室-通知公告,国家能源局新疆监管办公室,关于公布2018年2月新疆电网“两个细则”考核和补偿结果的通知 2018-11-28,2018-11-28,电网,HTML,https://xjb.nea.gov.cn/dtyw/tzgg/202309/t20230923_116234.html,https://xjb.nea.gov.cn/dtyw/tzgg/index_30.html
P1,接近自动线的规则/政策类候选,人工核验来源和有效状态后优先回填,54,新疆,国家能源局新疆监管办公室-通知公告,国家能源局新疆监管办公室,关于公布2018年3月新疆电网“两个细则”考核和补偿结果的通知 2018-12-13,2018-12-13,电网,HTML,https://xjb.nea.gov.cn/dtyw/tzgg/202309/t20230923_116241.html,https://xjb.nea.gov.cn/dtyw/tzgg/index_30.html
P1,接近自动线的规则/政策类候选,人工核验来源和有效状态后优先回填,54,新疆,国家能源局新疆监管办公室-通知公告,国家能源局新疆监管办公室,关于公布2018年4月新疆电网“两个细则”考核和补偿结果的通知 2018-12-13,2018-12-13,电网,HTML,https://xjb.nea.gov.cn/dtyw/tzgg/202309/t20230923_116242.html,https://xjb.nea.gov.cn/dtyw/tzgg/index_30.html
P1,接近自动线的规则/政策类候选,人工核验来源和有效状态后优先回填,54,新疆,国家能源局新疆监管办公室-通知公告,国家能源局新疆监管办公室,关于公布2018年5月新疆电网两个细则考核和补偿结果的通知 2018-12-24,2018-12-24,电网,HTML,https://xjb.nea.gov.cn/dtyw/tzgg/202309/t20230923_116245.html,https://xjb.nea.gov.cn/dtyw/tzgg/index_29.html
P1,接近自动线的规则/政策类候选,人工核验来源和有效状态后优先回填,54,新疆,国家能源局新疆监管办公室-通知公告,国家能源局新疆监管办公室,关于公布2018年6月新疆电网两个细则考核和补偿结果的通知 2018-12-24,2018-12-24,电网,HTML,https://xjb.nea.gov.cn/dtyw/tzgg/202309/t20230923_116246.html,https://xjb.nea.gov.cn/dtyw/tzgg/index_29.html
P1,接近自动线的规则/政策类候选,人工核验来源和有效状态后优先回填,54,新疆,国家能源局新疆监管办公室-通知公告,国家能源局新疆监管办公室,关于公布2018年7月新疆电网“两个细则”考核和补偿结果的通知 2019-01-24,2019-01-24,电网,HTML,https://xjb.nea.gov.cn/dtyw/tzgg/202309/t20230923_116254.html,https://xjb.nea.gov.cn/dtyw/tzgg/index_29.html
P1,接近自动线的规则/政策类候选,人工核验来源和有效状态后优先回填,54,新疆,国家能源局新疆监管办公室-通知公告,国家能源局新疆监管办公室,关于公布2018年8月新疆电网“两个细则”考核和补偿结果的通知 2019-01-24,2019-01-24,电网,HTML,https://xjb.nea.gov.cn/dtyw/tzgg/202309/t20230923_116255.html,https://xjb.nea.gov.cn/dtyw/tzgg/index_29.html
P1,接近自动线的规则/政策类候选,人工核验来源和有效状态后优先回填,54,新疆,国家能源局新疆监管办公室-通知公告,国家能源局新疆监管办公室,关于公布2018年9月新疆电网“两个细则”考核和补偿结果的通知 2019-01-24,2019-01-24,电网,HTML,https://xjb.nea.gov.cn/dtyw/tzgg/202309/t20230923_116256.html,https://xjb.nea.gov.cn/dtyw/tzgg/index_29.html
P1,接近自动线的规则/政策类候选,人工核验来源和有效状态后优先回填,54,新疆,国家能源局新疆监管办公室-通知公告,国家能源局新疆监管办公室,关于公布2019年10月新疆电网“两个细则”考核和补偿结果的通知 2020-01-09,2020-01-09,电网,HTML,https://xjb.nea.gov.cn/dtyw/tzgg/202309/t20230923_116370.html,https://xjb.nea.gov.cn/dtyw/tzgg/index_21.html
P1,接近自动线的规则/政策类候选,人工核验来源和有效状态后优先回填,54,新疆,国家能源局新疆监管办公室-通知公告,国家能源局新疆监管办公室,关于公布2019年11月新疆电网“两个细则”考核和补偿结果的通知 2020-01-17,2020-01-17,电网,HTML,https://xjb.nea.gov.cn/dtyw/tzgg/202309/t20230923_116374.html,https://xjb.nea.gov.cn/dtyw/tzgg/index_21.html
P1,接近自动线的规则/政策类候选,人工核验来源和有效状态后优先回填,54,新疆,国家能源局新疆监管办公室-通知公告,国家能源局新疆监管办公室,关于公布2019年12月新疆电网、天中、吉泉直流配套电源“两个细则”考核和补偿结果的通知 2020-04-09,2020-04-09,电网,HTML,https://xjb.nea.gov.cn/dtyw/tzgg/202309/t20230923_116390.html,https://xjb.nea.gov.cn/dtyw/tzgg/index_20.html
P1,接近自动线的规则/政策类候选,人工核验来源和有效状态后优先回填,54,新疆,国家能源局新疆监管办公室-通知公告,国家能源局新疆监管办公室,关于公布2019年1月新疆电网“两个细则”考核和补偿结果的通知 2019-06-26,2019-06-26,电网,HTML,https://xjb.nea.gov.cn/dtyw/tzgg/202309/t20230923_116296.html,https://xjb.nea.gov.cn/dtyw/tzgg/index_26.html
P1,接近自动线的规则/政策类候选,人工核验来源和有效状态后优先回填,54,新疆,国家能源局新疆监管办公室-通知公告,国家能源局新疆监管办公室,关于公布2019年2月新疆电网“两个细则”考核和补偿结果的通知 2019-06-26,2019-06-26,电网,HTML,https://xjb.nea.gov.cn/dtyw/tzgg/202309/t20230923_116297.html,https://xjb.nea.gov.cn/dtyw/tzgg/index_26.html
P1,接近自动线的规则/政策类候选,人工核验来源和有效状态后优先回填,54,新疆,国家能源局新疆监管办公室-通知公告,国家能源局新疆监管办公室,关于公布2019年3月新疆电网“两个细则”考核和补偿结果的通知 2019-07-04,2019-07-04,电网,HTML,https://xjb.nea.gov.cn/dtyw/tzgg/202309/t20230923_116302.html,https://xjb.nea.gov.cn/dtyw/tzgg/index_26.html
P1,接近自动线的规则/政策类候选,人工核验来源和有效状态后优先回填,54,新疆,国家能源局新疆监管办公室-通知公告,国家能源局新疆监管办公室,关于公布2019年4月新疆电网“两个细则”考核补偿结果的通知 2019-08-01,2019-08-01,电网,HTML,https://xjb.nea.gov.cn/dtyw/tzgg/202309/t20230923_116310.html,https://xjb.nea.gov.cn/dtyw/tzgg/index_25.html
P1,接近自动线的规则/政策类候选,人工核验来源和有效状态后优先回填,54,新疆,国家能源局新疆监管办公室-通知公告,国家能源局新疆监管办公室,关于公布2019年5月新疆电网“两个细则”考核补偿结果的通知 2019-08-15,2019-08-15,电网,HTML,https://xjb.nea.gov.cn/dtyw/tzgg/202309/t20230923_116314.html,https://xjb.nea.gov.cn/dtyw/tzgg/index_25.html
P1,接近自动线的规则/政策类候选,人工核验来源和有效状态后优先回填,54,新疆,国家能源局新疆监管办公室-通知公告,国家能源局新疆监管办公室,关于公布2019年6月新疆电网“两个细则”考核和补偿结果的通知 2019-10-17,2019-10-17,电网,HTML,https://xjb.nea.gov.cn/dtyw/tzgg/202309/t20230923_116333.html,https://xjb.nea.gov.cn/dtyw/tzgg/index_23.html
P1,接近自动线的规则/政策类候选,人工核验来源和有效状态后优先回填,54,新疆,国家能源局新疆监管办公室-通知公告,国家能源局新疆监管办公室,关于公布2019年7月新疆电网“两个细则”考核补偿结果的通知 2019-11-19,2019-11-19,电网,HTML,https://xjb.nea.gov.cn/dtyw/tzgg/202309/t20230923_116351.html,https://xjb.nea.gov.cn/dtyw/tzgg/index_22.html
P1,接近自动线的规则/政策类候选,人工核验来源和有效状态后优先回填,54,新疆,国家能源局新疆监管办公室-通知公告,国家能源局新疆监管办公室,关于公布2019年8月新疆电网“两个细则”考核补偿结果的通知 2019-11-19,2019-11-19,电网,HTML,https://xjb.nea.gov.cn/dtyw/tzgg/202309/t20230923_116352.html,https://xjb.nea.gov.cn/dtyw/tzgg/index_22.html
P1,接近自动线的规则/政策类候选,人工核验来源和有效状态后优先回填,54,新疆,国家能源局新疆监管办公室-通知公告,国家能源局新疆监管办公室,关于公布2019年9月新疆电网“两个细则”考核补偿结果的通知 2019-11-26,2019-11-26,电网,HTML,https://xjb.nea.gov.cn/dtyw/tzgg/202309/t20230923_116354.html,https://xjb.nea.gov.cn/dtyw/tzgg/index_22.html
P1,接近自动线的规则/政策类候选,人工核验来源和有效状态后优先回填,54,新疆,国家能源局新疆监管办公室-通知公告,国家能源局新疆监管办公室,关于公布2020年10月新疆电网、天中、吉泉直流配套电源“两个细则”考核补偿结果的通知 2021-02-07,2021-02-07,电网,HTML,https://xjb.nea.gov.cn/dtyw/tzgg/202309/t20230923_116466.html,https://xjb.nea.gov.cn/dtyw/tzgg/index_15.html
P1,接近自动线的规则/政策类候选,人工核验来源和有效状态后优先回填,54,新疆,国家能源局新疆监管办公室-通知公告,国家能源局新疆监管办公室,关于公布2020年11月新疆电网、天中、吉泉直流配套电源“两个细则”考核和补偿结果的通知 2021-03-17,2021-03-17,电网,HTML,https://xjb.nea.gov.cn/dtyw/tzgg/202309/t20230923_116470.html,https://xjb.nea.gov.cn/dtyw/tzgg/index_14.html
P1,接近自动线的规则/政策类候选,人工核验来源和有效状态后优先回填,54,新疆,国家能源局新疆监管办公室-通知公告,国家能源局新疆监管办公室,关于公布2020年12月新疆电网、天中、 吉泉直流配套电源“两个细则” 考核补偿结果的通知 2021-03-30,2021-03-30,电网,HTML,https://xjb.nea.gov.cn/dtyw/tzgg/202309/t20230923_116474.html,https://xjb.nea.gov.cn/dtyw/tzgg/index_14.html
P1,接近自动线的规则/政策类候选,人工核验来源和有效状态后优先回填,54,新疆,国家能源局新疆监管办公室-通知公告,国家能源局新疆监管办公室,关于公布2020年1月新疆电网、天中、吉泉直流配套电源“两个细则”考核和补偿结果的通知 2020-05-18,2020-05-18,电网,HTML,https://xjb.nea.gov.cn/dtyw/tzgg/202309/t20230923_116400.html,https://xjb.nea.gov.cn/dtyw/tzgg/index_19.html
P1,接近自动线的规则/政策类候选,人工核验来源和有效状态后优先回填,54,新疆,国家能源局新疆监管办公室-通知公告,国家能源局新疆监管办公室,关于公布2020年2月新疆电网“两个细则”考核和补偿结果的通知 2020-07-15,2020-07-15,电网,HTML,https://xjb.nea.gov.cn/dtyw/tzgg/202309/t20230923_116416.html,https://xjb.nea.gov.cn/dtyw/tzgg/index_18.html
P1,接近自动线的规则/政策类候选,人工核验来源和有效状态后优先回填,54,新疆,国家能源局新疆监管办公室-通知公告,国家能源局新疆监管办公室,关于公布2020年3月新疆电网“两个细则”考核和补偿结果的通知 2020-07-15,2020-07-15,电网,HTML,https://xjb.nea.gov.cn/dtyw/tzgg/202309/t20230923_116417.html,https://xjb.nea.gov.cn/dtyw/tzgg/index_18.html
P1,接近自动线的规则/政策类候选,人工核验来源和有效状态后优先回填,54,新疆,国家能源局新疆监管办公室-通知公告,国家能源局新疆监管办公室,关于公布2020年4月新疆电网“两个细则”考核和补偿结果的通知 2020-09-08,2020-09-08,电网,HTML,https://xjb.nea.gov.cn/dtyw/tzgg/202309/t20230923_116425.html,https://xjb.nea.gov.cn/dtyw/tzgg/index_17.html
P1,接近自动线的规则/政策类候选,人工核验来源和有效状态后优先回填,54,新疆,国家能源局新疆监管办公室-通知公告,国家能源局新疆监管办公室,关于公布2020年5月新疆电网“两个细则”考核和补偿结果的通知 2020-09-08,2020-09-08,电网,HTML,https://xjb.nea.gov.cn/dtyw/tzgg/202309/t20230923_116427.html,https://xjb.nea.gov.cn/dtyw/tzgg/index_17.html
P1,接近自动线的规则/政策类候选,人工核验来源和有效状态后优先回填,54,新疆,国家能源局新疆监管办公室-通知公告,国家能源局新疆监管办公室,关于公布2020年6月新疆电网、天中、吉泉直流配套电源“两个细则”考核补偿结果的通知 2020-10-21,2020-10-21,电网,HTML,https://xjb.nea.gov.cn/dtyw/tzgg/202309/t20230923_116438.html,https://xjb.nea.gov.cn/dtyw/tzgg/index_16.html
P1,接近自动线的规则/政策类候选,人工核验来源和有效状态后优先回填,54,新疆,国家能源局新疆监管办公室-通知公告,国家能源局新疆监管办公室,关于公布2020年7月新疆电网、天中、吉泉直流配套电源“两个细则”考核和补偿结果的通知 2020-11-13,2020-11-13,电网,HTML,https://xjb.nea.gov.cn/dtyw/tzgg/202309/t20230923_116442.html,https://xjb.nea.gov.cn/dtyw/tzgg/index_16.html
P1,接近自动线的规则/政策类候选,人工核验来源和有效状态后优先回填,54,新疆,国家能源局新疆监管办公室-通知公告,国家能源局新疆监管办公室,关于公布2020年8月新疆电网、天中、吉泉直流配套电源“两个细则”考核和补偿结果的通知 2020-12-11,2020-12-11,电网,HTML,https://xjb.nea.gov.cn/dtyw/tzgg/202309/t20230923_116454.html,https://xjb.nea.gov.cn/dtyw/tzgg/index_15.html
P1,接近自动线的规则/政策类候选,人工核验来源和有效状态后优先回填,54,新疆,国家能源局新疆监管办公室-通知公告,国家能源局新疆监管办公室,关于公布2020年9月新疆电网、天中、吉泉直流配套电源“两个细则”考核和补偿结果的通知 2021-01-22,2021-01-22,电网,HTML,https://xjb.nea.gov.cn/dtyw/tzgg/202309/t20230923_116463.html,https://xjb.nea.gov.cn/dtyw/tzgg/index_15.html
P1,接近自动线的规则/政策类候选,人工核验来源和有效状态后优先回填,54,新疆,国家能源局新疆监管办公室-通知公告,国家能源局新疆监管办公室,关于公布2021年10月新疆电网、天中、吉泉直流配套电源“两个细则”考核补偿结果的通知 2022-03-17,2022-03-17,电网,HTML,https://xjb.nea.gov.cn/dtyw/tzgg/202309/t20230923_116544.html,https://xjb.nea.gov.cn/dtyw/tzgg/index_9.html
P1,接近自动线的规则/政策类候选,人工核验来源和有效状态后优先回填,54,新疆,国家能源局新疆监管办公室-通知公告,国家能源局新疆监管办公室,关于公布2021年11月新疆电网、天中、吉泉直流配套电源“两个细则”考核补偿结果的通知 2022-06-02,2022-06-02,电网,HTML,https://xjb.nea.gov.cn/dtyw/tzgg/202309/t20230923_116556.html,https://xjb.nea.gov.cn/dtyw/tzgg/index_9.html
P1,接近自动线的规则/政策类候选,人工核验来源和有效状态后优先回填,54,新疆,国家能源局新疆监管办公室-通知公告,国家能源局新疆监管办公室,关于公布2021年12月新疆电网、天中、吉泉直流配套电源“两个细则”考核补偿结果的通知 2022-06-02,2022-06-02,电网,HTML,https://xjb.nea.gov.cn/dtyw/tzgg/202309/t20230923_116557.html,https://xjb.nea.gov.cn/dtyw/tzgg/index_9.html
P1,接近自动线的规则/政策类候选,人工核验来源和有效状态后优先回填,54,新疆,国家能源局新疆监管办公室-通知公告,国家能源局新疆监管办公室,关于公布2021年1月新疆电网、天中、 吉泉直流配套电源“两个细则” 考核补偿结果的通知 2021-06-04,2021-06-04,电网,HTML,https://xjb.nea.gov.cn/dtyw/tzgg/202309/t20230923_116490.html,https://xjb.nea.gov.cn/dtyw/tzgg/index_13.html
P1,接近自动线的规则/政策类候选,人工核验来源和有效状态后优先回填,54,新疆,国家能源局新疆监管办公室-通知公告,国家能源局新疆监管办公室,关于公布2021年2月新疆电网、天中、吉泉直流配套电源“两个细则”考核补偿结果的通知 2021-07-08,2021-07-08,电网,HTML,https://xjb.nea.gov.cn/dtyw/tzgg/202309/t20230923_116494.html,https://xjb.nea.gov.cn/dtyw/tzgg/index_13.html
P1,接近自动线的规则/政策类候选,人工核验来源和有效状态后优先回填,54,新疆,国家能源局新疆监管办公室-通知公告,国家能源局新疆监管办公室,关于公布2021年3月新疆电网、天中、吉泉直流配套电源“两个细则”考核补偿结果的通知 2021-07-08,2021-07-08,电网,HTML,https://xjb.nea.gov.cn/dtyw/tzgg/202309/t20230923_116495.html,https://xjb.nea.gov.cn/dtyw/tzgg/index_13.html
P1,接近自动线的规则/政策类候选,人工核验来源和有效状态后优先回填,54,新疆,国家能源局新疆监管办公室-通知公告,国家能源局新疆监管办公室,关于公布2021年4-6月新疆电网、天中、 吉泉直流配套电源“两个细则” 考核补偿结果的通知 2021-11-09,2021-04-06,电网,HTML,https://xjb.nea.gov.cn/dtyw/tzgg/202309/t20230923_116513.html,https://xjb.nea.gov.cn/dtyw/tzgg/index_11.html
P1,接近自动线的规则/政策类候选,人工核验来源和有效状态后优先回填,54,新疆,国家能源局新疆监管办公室-通知公告,国家能源局新疆监管办公室,关于公布2021年7月新疆电网、天中、吉泉直流配套电源“两个细则”考核补偿结果的通知 2021-12-08,2021-12-08,电网,HTML,https://xjb.nea.gov.cn/dtyw/tzgg/202309/t20230923_116520.html,https://xjb.nea.gov.cn/dtyw/tzgg/index_11.html
P1,接近自动线的规则/政策类候选,人工核验来源和有效状态后优先回填,54,新疆,国家能源局新疆监管办公室-通知公告,国家能源局新疆监管办公室,关于公布2021年8月新疆电网、天中、 吉泉直流配套电源“两个细则” 考核补偿结果的通知 2021-12-31,2021-12-31,电网,HTML,https://xjb.nea.gov.cn/dtyw/tzgg/202309/t20230923_116528.html,https://xjb.nea.gov.cn/dtyw/tzgg/index_10.html
P1,接近自动线的规则/政策类候选,人工核验来源和有效状态后优先回填,54,新疆,国家能源局新疆监管办公室-通知公告,国家能源局新疆监管办公室,关于公布2021年9月新疆电网、天中、吉泉直流配套电源“两个细则”考核补偿结果的通知 2022-02-11,2022-02-11,电网,HTML,https://xjb.nea.gov.cn/dtyw/tzgg/202309/t20230923_116536.html,https://xjb.nea.gov.cn/dtyw/tzgg/index_10.html
P1,接近自动线的规则/政策类候选,人工核验来源和有效状态后优先回填,54,新疆,国家能源局新疆监管办公室-通知公告,国家能源局新疆监管办公室,关于公布2022年11-12月新疆电网、天中、吉泉直流配套电源“两个细则”考核补偿结果的通知 2023-10-10,2022-11-12,电网,HTML,https://xjb.nea.gov.cn/dtyw/tzgg/202401/t20240129_230960.html,https://xjb.nea.gov.cn/dtyw/tzgg/index_5.html
P1,接近自动线的规则/政策类候选,人工核验来源和有效状态后优先回填,54,新疆,国家能源局新疆监管办公室-通知公告,国家能源局新疆监管办公室,关于公布2022年3月、4月新疆电网、天中、吉泉直流配套电源“两个细则”考核补偿结果的通知 2023-02-03,2023-02-03,电网,HTML,https://xjb.nea.gov.cn/dtyw/tzgg/202309/t20230923_116573.html,https://xjb.nea.gov.cn/dtyw/tzgg/index_7.html
P1,接近自动线的规则/政策类候选,人工核验来源和有效状态后优先回填,54,新疆,国家能源局新疆监管办公室-通知公告,国家能源局新疆监管办公室,关于公布2022年5月新疆电网、天中、吉泉直流配套电源“两个细则”考核补偿结果的通知 2023-04-07,2023-04-07,电网,HTML,https://xjb.nea.gov.cn/dtyw/tzgg/202309/t20230923_116579.html,https://xjb.nea.gov.cn/dtyw/tzgg/index_7.html
P1,接近自动线的规则/政策类候选,人工核验来源和有效状态后优先回填,54,新疆,国家能源局新疆监管办公室-通知公告,国家能源局新疆监管办公室,关于印发《新疆区域发电企业发电权交易实施细则（暂行）》的补充条款的通知 2017-10-17,2017-10-17,实施细则,HTML,https://xjb.nea.gov.cn/dtyw/tzgg/202309/t20230923_116144.html,https://xjb.nea.gov.cn/dtyw/tzgg/index_36.html
P1,接近自动线的规则/政策类候选,人工核验来源和有效状态后优先回填,54,新疆,国家能源局新疆监管办公室-通知公告,国家能源局新疆监管办公室,关于印发《新疆区域发电企业发电权交易实施细则（暂行）》的通知 2016-11-16,2016-11-16,实施细则,HTML,https://xjb.nea.gov.cn/dtyw/tzgg/202309/t20230923_116063.html,https://xjb.nea.gov.cn/dtyw/tzgg/index_41.html
P1,接近自动线的规则/政策类候选,人工核验来源和有效状态后优先回填,54,新疆,国家能源局新疆监管办公室-通知公告,国家能源局新疆监管办公室,关于印发《新疆区域新能源发电企业与燃煤 自备电厂调峰替代交易实施细则（暂行）》的通知 2016-05-16,2016-05-16,实施细则;调峰,HTML,https://xjb.nea.gov.cn/dtyw/tzgg/202309/t20230923_116031.html,https://xjb.nea.gov.cn/dtyw/tzgg/index_44.html
P1,接近自动线的规则/政策类候选,人工核验来源和有效状态后优先回填,54,新疆,国家能源局新疆监管办公室-通知公告,国家能源局新疆监管办公室,关于印发《新疆电力市场售电公司履约保函实施办法（试行）》的通知 2019-05-15,2019-05-15,电力市场,HTML,https://xjb.nea.gov.cn/dtyw/tzgg/202309/t20230923_116281.html,https://xjb.nea.gov.cn/dtyw/tzgg/index_27.html
P1,接近自动线的规则/政策类候选,人工核验来源和有效状态后优先回填,54,新疆,国家能源局新疆监管办公室-通知公告,国家能源局新疆监管办公室,关于印发《新疆电力市场结算方案（试行）》的通知 2020-12-22,2020-12-22,电力市场;结算,HTML,https://xjb.nea.gov.cn/dtyw/tzgg/202309/t20230923_116461.html,https://xjb.nea.gov.cn/dtyw/tzgg/index_15.html
P1,接近自动线的规则/政策类候选,人工核验来源和有效状态后优先回填,54,新疆,国家能源局新疆监管办公室-通知公告,国家能源局新疆监管办公室,关于印发《新疆电力市场结算调整方案（试行）》的补充规定的通知 2019-09-12,2019-09-12,电力市场;结算,HTML,https://xjb.nea.gov.cn/dtyw/tzgg/202309/t20230923_116321.html,https://xjb.nea.gov.cn/dtyw/tzgg/index_24.html
P1,接近自动线的规则/政策类候选,人工核验来源和有效状态后优先回填,54,新疆,国家能源局新疆监管办公室-通知公告,国家能源局新疆监管办公室,关于印发《新疆电力市场结算调整方案（试行）》的通知 2019-07-03,2019-07-03,电力市场;结算,HTML,https://xjb.nea.gov.cn/dtyw/tzgg/202309/t20230923_116298.html,https://xjb.nea.gov.cn/dtyw/tzgg/index_26.html
P1,接近自动线的规则/政策类候选,人工核验来源和有效状态后优先回填,54,新疆,国家能源局新疆监管办公室-通知公告,国家能源局新疆监管办公室,关于印发《新疆电力用户与发电企业直接交易实施细则（修订稿）》补充条款的通知 2017-10-17,2017-10-17,实施细则,HTML,https://xjb.nea.gov.cn/dtyw/tzgg/202309/t20230923_116143.html,https://xjb.nea.gov.cn/dtyw/tzgg/index_36.html
P1,接近自动线的规则/政策类候选,人工核验来源和有效状态后优先回填,54,新疆,国家能源局新疆监管办公室-通知公告,国家能源局新疆监管办公室,关于印发新疆电力用户与发电企业直接交易实施细则（修订稿）的通知 2016-03-28,2016-03-28,实施细则,HTML,https://xjb.nea.gov.cn/dtyw/tzgg/202309/t20230923_116026.html,https://xjb.nea.gov.cn/dtyw/tzgg/index_44.html
P1,接近自动线的规则/政策类候选,人工核验来源和有效状态后优先回填,54,新疆,国家能源局新疆监管办公室-通知公告,国家能源局新疆监管办公室,关于印发新疆电力用户与发电企业直接交易实施细则（试行）的通知 2014-11-25,2014-11-25,实施细则,HTML,https://xjb.nea.gov.cn/dtyw/tzgg/202309/t20230923_115982.html,https://xjb.nea.gov.cn/dtyw/tzgg/index_47.html
P1,接近自动线的规则/政策类候选,人工核验来源和有效状态后优先回填,54,新疆,国家能源局新疆监管办公室-通知公告,国家能源局新疆监管办公室,关于开展电网企业2018年和2019年1—6月电价执行和电费结算情况检查的通知 2019-07-04,2019-07-04,结算;电网,HTML,https://xjb.nea.gov.cn/dtyw/tzgg/202309/t20230923_116301.html,https://xjb.nea.gov.cn/dtyw/tzgg/index_26.html
P1,接近自动线的规则/政策类候选,人工核验来源和有效状态后优先回填,54,新疆,国家能源局新疆监管办公室-通知公告,国家能源局新疆监管办公室,新疆能监办启动编制《新疆区域电力 中长期交易规则（细则）》 2017-02-16,2017-02-16,交易规则;中长期,HTML,https://xjb.nea.gov.cn/dtyw/tzgg/202309/t20230923_116088.html,https://xjb.nea.gov.cn/dtyw/tzgg/index_40.html
P1,接近自动线的规则/政策类候选,人工核验来源和有效状态后优先回填,54,江苏,国家能源局江苏监管办公室-通知,国家能源局江苏监管办公室,关于举办江苏省电力中长期交易规则等政策培训班的通知 2017-11-16,2017-11-16,交易规则;中长期,HTML,https://jsb.nea.gov.cn/dtyw/tz/202309/t20230910_32080.html,https://jsb.nea.gov.cn/dtyw/tz/index_10.html
P1,接近自动线的规则/政策类候选,人工核验来源和有效状态后优先回填,54,江苏,国家能源局江苏监管办公室-通知,国家能源局江苏监管办公室,关于印发《售电公司与电力用户购售电合同（示范文本）》《江苏电力中长期交易合同（示范文本... 2021-02-05,2021-02-05,中长期,HTML,https://jsb.nea.gov.cn/dtyw/tz/202309/t20230910_32195.html,https://jsb.nea.gov.cn/dtyw/tz/index_2.html
P1,接近自动线的规则/政策类候选,人工核验来源和有效状态后优先回填,54,江苏,国家能源局江苏监管办公室-通知,国家能源局江苏监管办公室,关于印发《江苏电力辅助服务(调峰)市场建设工作方案》和《江苏电力辅助服务(调峰)市场交易规... 2018-12-04,2018-12-04,辅助服务;调峰,HTML,https://jsb.nea.gov.cn/dtyw/tz/202309/t20230910_32130.html,https://jsb.nea.gov.cn/dtyw/tz/index_7.html
P1,接近自动线的规则/政策类候选,人工核验来源和有效状态后优先回填,54,江苏,国家能源局江苏监管办公室-通知,国家能源局江苏监管办公室,关于印发江苏电力市场监管实施办法（试行）的通知 2018-08-02,2018-08-02,电力市场;市场监管,HTML,https://jsb.nea.gov.cn/dtyw/tz/202309/t20230910_32117.html,https://jsb.nea.gov.cn/dtyw/tz/index_8.html
P1,接近自动线的规则/政策类候选,人工核验来源和有效状态后优先回填,54,江苏,国家能源局江苏监管办公室-通知,国家能源局江苏监管办公室,关于转发国家能源局《关于加强电力中长期交易监管的意见》的通知 2019-09-30,2019-09-30,中长期,HTML,https://jsb.nea.gov.cn/dtyw/tz/202309/t20230910_32156.html,https://jsb.nea.gov.cn/dtyw/tz/index_5.html
P1,接近自动线的规则/政策类候选,人工核验来源和有效状态后优先回填,54,江苏,国家能源局江苏监管办公室-通知,国家能源局江苏监管办公室,江苏能源监管办关于开展电网公平开放监管工作的通知 2024-04-09,2024-04-09,电网,HTML,https://jsb.nea.gov.cn/dtyw/tz/202404/t20240409_260365.html,https://jsb.nea.gov.cn/dtyw/tz/
P1,接近自动线的规则/政策类候选,人工核验来源和有效状态后优先回填,54,浙江,国家能源局浙江监管办公室-通知公告,国家能源局浙江监管办公室,关于发布浙江电网2021年7-9月份“两个细则”运行结果的通知 2021-11-30,2021-07-09,电网,HTML,https://zjb.nea.gov.cn/dtyw/tzgg/202309/t20230914_75875.html,https://zjb.nea.gov.cn/dtyw/tzgg/index_5.html
P1,接近自动线的规则/政策类候选,人工核验来源和有效状态后优先回填,54,浙江,国家能源局浙江监管办公室-通知公告,国家能源局浙江监管办公室,关于发布浙江电网2022年1-3月“两个细则”运行结果的通知 2022-05-27,2022-01-03,电网,HTML,https://zjb.nea.gov.cn/dtyw/tzgg/202309/t20230914_75881.html,https://zjb.nea.gov.cn/dtyw/tzgg/index_4.html
P1,接近自动线的规则/政策类候选,人工核验来源和有效状态后优先回填,54,浙江,国家能源局浙江监管办公室-通知公告,国家能源局浙江监管办公室,关于发布浙江电网2022年10-12月份“两个细则”运行结果的通知 2023-03-07,2022-10-12,电网,HTML,https://zjb.nea.gov.cn/dtyw/tzgg/202309/t20230914_75887.html,https://zjb.nea.gov.cn/dtyw/tzgg/index_4.html
P1,接近自动线的规则/政策类候选,人工核验来源和有效状态后优先回填,54,浙江,国家能源局浙江监管办公室-通知公告,国家能源局浙江监管办公室,国家能源局华东监管局关于印发《华东区域并网发电厂辅助服务管理实施细则》和《华东区域发电... 2019-04-26,2019-04-26,实施细则;辅助服务,HTML,https://zjb.nea.gov.cn/dtyw/tzgg/202309/t20230914_75784.html,https://zjb.nea.gov.cn/dtyw/tzgg/index_9.html
P1,接近自动线的规则/政策类候选,人工核验来源和有效状态后优先回填,54,浙江,国家能源局浙江监管办公室-通知公告,国家能源局浙江监管办公室,国家能源局浙江监管办公室关于印发《浙江电力市场监管实施办法（试行）》的通知 2019-12-09,2019-12-09,电力市场;市场监管,HTML,https://zjb.nea.gov.cn/dtyw/tzgg/202309/t20230914_75802.html,https://zjb.nea.gov.cn/dtyw/tzgg/index_8.html
P1,接近自动线的规则/政策类候选,人工核验来源和有效状态后优先回填,54,浙江,国家能源局浙江监管办公室-通知公告,国家能源局浙江监管办公室,国家能源局浙江监管办公室关于发布浙江电网2018年10-12月份“两个细则”试运行结果的通知 2019-02-14,2018-10-12,电网,HTML,https://zjb.nea.gov.cn/dtyw/tzgg/202309/t20230914_75782.html,https://zjb.nea.gov.cn/dtyw/tzgg/index_10.html
P1,接近自动线的规则/政策类候选,人工核验来源和有效状态后优先回填,54,浙江,国家能源局浙江监管办公室-通知公告,国家能源局浙江监管办公室,国家能源局浙江监管办公室关于发布浙江电网2019年1-3月份“两个细则”试运行结果的通知 2019-05-09,2019-01-03,电网,HTML,https://zjb.nea.gov.cn/dtyw/tzgg/202309/t20230914_75788.html,https://zjb.nea.gov.cn/dtyw/tzgg/index_9.html
P1,接近自动线的规则/政策类候选,人工核验来源和有效状态后优先回填,54,浙江,国家能源局浙江监管办公室-通知公告,国家能源局浙江监管办公室,国家能源局浙江监管办公室关于发布浙江电网2019年10-12月份“两个细则”试运行结果的通知 2020-04-03,2019-10-12,电网,HTML,https://zjb.nea.gov.cn/dtyw/tzgg/202309/t20230914_75814.html,https://zjb.nea.gov.cn/dtyw/tzgg/index_8.html
P1,接近自动线的规则/政策类候选,人工核验来源和有效状态后优先回填,54,浙江,国家能源局浙江监管办公室-通知公告,国家能源局浙江监管办公室,国家能源局浙江监管办公室关于发布浙江电网2019年4-6月份“两个细则”试运行结果的通知 2019-08-06,2019-04-06,电网,HTML,https://zjb.nea.gov.cn/dtyw/tzgg/202309/t20230914_75791.html,https://zjb.nea.gov.cn/dtyw/tzgg/index_9.html
P1,接近自动线的规则/政策类候选,人工核验来源和有效状态后优先回填,54,浙江,国家能源局浙江监管办公室-通知公告,国家能源局浙江监管办公室,国家能源局浙江监管办公室关于发布浙江电网2019年7-9月份“两个细则”试运行结果的通知 2019-11-26,2019-07-09,电网,HTML,https://zjb.nea.gov.cn/dtyw/tzgg/202309/t20230914_75801.html,https://zjb.nea.gov.cn/dtyw/tzgg/index_8.html
P1,接近自动线的规则/政策类候选,人工核验来源和有效状态后优先回填,54,福建,国家能源局福建监管办公室-通知公告,国家能源局福建监管办公室,国家能源局福建监管办公室关于印发《福建省电力辅助服务（调峰）交易规则（试行）... 2017-08-18,2017-08-18,交易规则;辅助服务;调峰,HTML,https://fjb.nea.gov.cn/dtyw/tzgg/202312/t20231217_221125.html,https://fjb.nea.gov.cn/dtyw/tzgg/index_39.html
P1,接近自动线的规则/政策类候选,人工核验来源和有效状态后优先回填,54,福建,国家能源局福建监管办公室-通知公告,国家能源局福建监管办公室,福建能源监管办关于印发《福建发电机组进入及退出商业运营管理实施细则（试行）》... 2024-04-10,2024-04-10,实施细则,HTML,https://fjb.nea.gov.cn/dtyw/tzgg/202404/t20240410_260462.html,https://fjb.nea.gov.cn/dtyw/tzgg/index_8.html
P1,接近自动线的规则/政策类候选,人工核验来源和有效状态后优先回填,54,福建,国家能源局福建监管办公室-通知公告,国家能源局福建监管办公室,福建能源监管办关于转发国家能源局《关于加强电力中长期交易监管的意见》的通知 2019-10-12,2019-10-12,中长期,HTML,https://fjb.nea.gov.cn/dtyw/tzgg/202312/t20231217_221215.html,https://fjb.nea.gov.cn/dtyw/tzgg/index_28.html
P1,接近自动线的规则/政策类候选,人工核验来源和有效状态后优先回填,54,西北区域,国家能源局西北监管局-通知公告,国家能源局派出机构,关于印发《西北区域发电厂并网运行管理实施细则》及《西北区域并网发电厂辅助服务... 2015-09-17,2015-09-17,实施细则;辅助服务,HTML,https://xbj.nea.gov.cn/dtyw/tzgg/202310/t20231013_147483.html,https://xbj.nea.gov.cn/dtyw/tzgg/index_23.html
P1,接近自动线的规则/政策类候选,人工核验来源和有效状态后优先回填,54,西北区域,国家能源局西北监管局-通知公告,国家能源局派出机构,关于开展电网企业代收政府性基金及附加情况调研的通知 2018-09-28,2018-09-28,电网,HTML,https://xbj.nea.gov.cn/dtyw/tzgg/202310/t20231013_147509.html,https://xbj.nea.gov.cn/dtyw/tzgg/index_21.html
P1,接近自动线的规则/政策类候选,人工核验来源和有效状态后优先回填,54,西北区域,国家能源局西北监管局-通知公告,国家能源局派出机构,国家能源局西北监管局关于印发《西北区域发电厂并网运行管理实施细则》《西北区域... 2022-02-10,2022-02-10,实施细则,HTML,https://xbj.nea.gov.cn/dtyw/tzgg/202310/t20231013_147573.html,https://xbj.nea.gov.cn/dtyw/tzgg/index_17.html
P1,接近自动线的规则/政策类候选,人工核验来源和有效状态后优先回填,54,西北区域,国家能源局西北监管局-通知公告,国家能源局派出机构,国家能源局西北监管局关于印发《西北区域发电厂并网运行管理实施细则》及《西北区... 2018-12-25,2018-12-25,实施细则,HTML,https://xbj.nea.gov.cn/dtyw/tzgg/202310/t20231013_147511.html,https://xbj.nea.gov.cn/dtyw/tzgg/index_21.html
P1,接近自动线的规则/政策类候选,人工核验来源和有效状态后优先回填,54,西北区域,国家能源局西北监管局-通知公告,国家能源局派出机构,国家能源局西北监管局关于报送2018年度电网企业价格与成本信息的通知 2019-05-10,2019-05-10,电网,HTML,https://xbj.nea.gov.cn/dtyw/tzgg/202310/t20231013_147520.html,https://xbj.nea.gov.cn/dtyw/tzgg/index_21.html
P1,接近自动线的规则/政策类候选,人工核验来源和有效状态后优先回填,54,西北区域,国家能源局西北监管局-通知公告,国家能源局派出机构,国家能源局西北监管局关于报送2019年度电网企业价格与成本信息的通知 2020-08-18,2020-08-18,电网,HTML,https://xbj.nea.gov.cn/dtyw/tzgg/202310/t20231013_147537.html,https://xbj.nea.gov.cn/dtyw/tzgg/index_19.html
P1,接近自动线的规则/政策类候选,人工核验来源和有效状态后优先回填,54,西北区域,国家能源局西北监管局-通知公告,国家能源局派出机构,国家能源局西北监管局关于报送2020年度电网企业价格与成本信息的通知 2021-05-21,2021-05-21,电网,HTML,https://xbj.nea.gov.cn/dtyw/tzgg/202310/t20231013_147553.html,https://xbj.nea.gov.cn/dtyw/tzgg/index_18.html
P1,接近自动线的规则/政策类候选,人工核验来源和有效状态后优先回填,54,贵州,国家能源局贵州监管办公室-通知公告,国家能源局贵州监管办公室,2023年6月贵州电网并网发电厂辅助服务补偿及并网运行考核统计结果 2023-10-17,2023-10-17,辅助服务;电网,HTML,https://gzb.nea.gov.cn/dtyw/tzgg/202312/t20231222_221779.html,https://gzb.nea.gov.cn/dtyw/tzgg/index_15.html
P1,接近自动线的规则/政策类候选,人工核验来源和有效状态后优先回填,52,全国,国家发展改革委-政策通知,国家发展改革委,关于加强电网调峰储能和智能化调度能力建设的指导意见,,调峰;电网,HTML,https://www.ndrc.gov.cn/xxgk/zcfb/tz/202402/t20240227_1364257.html,https://www.ndrc.gov.cn/xxgk/zcfb/tz/index_6.html
P1,接近自动线的规则/政策类候选,人工核验来源和有效状态后优先回填,52,全国,国家发展改革委-规范性文件,国家发展改革委,关于实施农村电网巩固提升工程的指导意见(发改能源规〔2023〕920号),,电网,HTML,https://www.ndrc.gov.cn/xxgk/zcfb/ghxwj/202307/t20230714_1358371.html,https://www.ndrc.gov.cn/xxgk/zcfb/ghxwj/index_2.html
P1,接近自动线的规则/政策类候选,人工核验来源和有效状态后优先回填,50,上海,上海市发展和改革委员会-政策文件,上海市发展和改革委员会,上海市人民政府关于印发《上海市电网建设若干规定》的通知,,电网,HTML,http://fgw.sh.gov.cn/fgw_gfxwj/20230714/07d5c57d1c5d4492a1afd0d5c7267c35.html,https://fgw.sh.gov.cn/fgw_zcwjfl/index_21.html
P1,接近自动线的规则/政策类候选,人工核验来源和有效状态后优先回填,50,上海,上海市发展和改革委员会-政策文件,上海市发展和改革委员会,关于印发《优化我市非电网直供电价格政策的工作指引》的通知,,电网,HTML,http://fgw.sh.gov.cn/fgw_jggl/20250415/b70ad6c60eb54be3a3aa013a5497c372.html,https://fgw.sh.gov.cn/fgw_zcwjfl/index_8.html
P1,接近自动线的规则/政策类候选,人工核验来源和有效状态后优先回填,50,上海,上海市发展和改革委员会-政策文件,上海市发展和改革委员会,关于印发《进一步规范本市非电网直供电价格行为工作指引》的通知,,电网,HTML,http://fgw.sh.gov.cn/fgw_jggl/20211101/5113d245630147fbac492e6c1668c604.html,https://fgw.sh.gov.cn/fgw_zcwjfl/index_34.html
P1,接近自动线的规则/政策类候选,人工核验来源和有效状态后优先回填,50,上海,上海市发展和改革委员会-政策文件,上海市发展和改革委员会,关于本市电网企业代理购电工作有关事项的通知,,电网,HTML,http://fgw.sh.gov.cn/fgw_jggl/20250818/67b140dd1dc04310b5517520013d2aab.html,https://fgw.sh.gov.cn/fgw_zcwjfl/index_6.html
P1,接近自动线的规则/政策类候选,人工核验来源和有效状态后优先回填,50,上海,上海市经济和信息化委员会-政策法规,上海市经济和信息化委员会,关于降低本市一般工商业电价有关事项的通知 根据《国家发展改革委关于电网企业增值税税率调整相应降低一般工商业电价的通知》（发改价格〔2019〕559 号）要求，经市政府同意并报国家发展改革委备案，决定将电网环节增值税税率由16%降至13%等措施形成的降价资金，用于降低本市一般工商业电价 2019-04-08,2019-04-08,电网,HTML,https://www.sheitc.sh.gov.cn/01050220/20190408/0020-682130.html,https://www.sheitc.sh.gov.cn/zcfg/index_23.html
P1,接近自动线的规则/政策类候选,人工核验来源和有效状态后优先回填,50,内蒙古自治区,内蒙古自治区能源局-通知公告,内蒙古自治区能源局,关于开展2022年煤炭中长期合同签订履约专项核查工作的通知,,中长期,HTML,https://nyj.nmg.gov.cn/slh/tz/202203/t20220323_2021780.html,https://nyj.nmg.gov.cn/slh/tz/index_34.html
P1,接近自动线的规则/政策类候选,人工核验来源和有效状态后优先回填,50,内蒙古自治区,内蒙古自治区科学技术厅-通知公告,内蒙古自治区科学技术厅,关于组织申报国家重点研发计划“氢能技术”“储能与智能电网技术”重点专项2025年度项目的通知,,电网;智能电网,HTML,https://kjt.nmg.gov.cn/slb/kjdt/tzgg/202506/t20250620_2743523.html,https://kjt.nmg.gov.cn/slb/kjdt/tzgg/index_21.html
P1,接近自动线的规则/政策类候选,人工核验来源和有效状态后优先回填,50,内蒙古自治区,内蒙古自治区科学技术厅-通知公告,内蒙古自治区科学技术厅,关于组织申报智能电网国家科技重大专项2025年度公开项目的通知,,电网;智能电网,HTML,https://kjt.nmg.gov.cn/slb/kjdt/tzgg/202504/t20250416_2704011.html,https://kjt.nmg.gov.cn/slb/kjdt/tzgg/index_26.html
P1,接近自动线的规则/政策类候选,人工核验来源和有效状态后优先回填,50,内蒙古自治区,内蒙古自治区科学技术厅-通知公告,内蒙古自治区科学技术厅,关于组织申报智能电网国家科技重大专项2026年度公开项目的通知,,电网;智能电网,HTML,https://kjt.nmg.gov.cn/slb/kjdt/tzgg/202511/t20251110_2815447.html,https://kjt.nmg.gov.cn/slb/kjdt/tzgg/index_10.html
P1,接近自动线的规则/政策类候选,人工核验来源和有效状态后优先回填,50,内蒙古自治区,内蒙古自治区能源局-通知公告,内蒙古自治区能源局,内蒙古自治区能源局关于做好国家重点研发计划“氢能技术”“储能与智能电网技术”重点专项2025年度项目申报有关事宜的通知,,电网;智能电网,HTML,https://nyj.nmg.gov.cn/slh/tz/202506/t20250619_2742475.html,https://nyj.nmg.gov.cn/slh/tz/index_23.html
P1,接近自动线的规则/政策类候选,人工核验来源和有效状态后优先回填,50,内蒙古自治区,内蒙古自治区能源局-通知公告,内蒙古自治区能源局,内蒙古自治区能源局关于做好智能电网国家科技重大专项2024年度公开项目申报有关工作的通知,,电网;智能电网,HTML,https://nyj.nmg.gov.cn/slh/tz/202408/t20240815_2558699.html,https://nyj.nmg.gov.cn/slh/tz/index_25.html
P1,接近自动线的规则/政策类候选,人工核验来源和有效状态后优先回填,50,内蒙古自治区,内蒙古自治区能源局-通知公告,内蒙古自治区能源局,内蒙古自治区能源局关于做好智能电网国家科技重大专项2025年度项目申报有关事宜的通知,,电网;智能电网,HTML,https://nyj.nmg.gov.cn/slh/tz/202504/t20250415_2703177.html,https://nyj.nmg.gov.cn/slh/tz/index_23.html
P1,接近自动线的规则/政策类候选,人工核验来源和有效状态后优先回填,50,内蒙古自治区,内蒙古自治区能源局-通知公告,内蒙古自治区能源局,内蒙古自治区能源局关于印发《内蒙古自治区2024—2025年新型储能发展专项行动方案》的通知,,新型储能,HTML,https://nyj.nmg.gov.cn/slh/tz/202405/t20240520_2510881.html,https://nyj.nmg.gov.cn/slh/tz/index_25.html
P1,接近自动线的规则/政策类候选,人工核验来源和有效状态后优先回填,50,内蒙古自治区,内蒙古自治区能源局-通知公告,内蒙古自治区能源局,内蒙古自治区能源局关于印发《蒙西新型电力系统建设行动方案（1.0版）》的通知,,新型电力系统,HTML,https://nyj.nmg.gov.cn/slh/tz/202204/t20220425_2045376.html,https://nyj.nmg.gov.cn/slh/tz/index_33.html
P1,接近自动线的规则/政策类候选,人工核验来源和有效状态后优先回填,50,内蒙古自治区,内蒙古自治区能源局-通知公告,内蒙古自治区能源局,内蒙古自治区能源局转发国家能源局综合司关于征集智能电网国家科技重大专项2026年度重大研发攻关需求建议的通知,,电网;智能电网,HTML,https://nyj.nmg.gov.cn/slh/tz/202505/t20250520_2726023.html,https://nyj.nmg.gov.cn/slh/tz/index_23.html
P1,接近自动线的规则/政策类候选,人工核验来源和有效状态后优先回填,50,内蒙古自治区,内蒙古自治区能源局-通知公告,内蒙古自治区能源局,国家发展改革委办公厅关于强化中长期合同管理确保电煤质量稳定的通知,,中长期,HTML,https://nyj.nmg.gov.cn/slh/tz/202208/t20220812_2102396.html,https://nyj.nmg.gov.cn/slh/tz/index_32.html
P1,接近自动线的规则/政策类候选,人工核验来源和有效状态后优先回填,50,北京,北京市科学技术委员会中关村管委会-政策文件,北京市科学技术委员会 中关村科技园区管理委员会,关于转发智能电网国家科技重大专项2025年度公开项目申报要求文件的通知,,电网;智能电网,HTML,https://kw.beijing.gov.cn/zwgk/zcwj/202504/t20250421_4070228.html,https://kw.beijing.gov.cn/zwgk/zcwj/index_7.html
P1,接近自动线的规则/政策类候选,人工核验来源和有效状态后优先回填,50,北京,北京市科学技术委员会中关村管委会-政策文件,北京市科学技术委员会 中关村科技园区管理委员会,北京市科学技术委员会、中关村科技园区管理委员会关于转发国家重点研发计划“氢能技术”“储能与智能电网技术”重点专项2025年度项目申报要求文件的通知,,电网;智能电网,HTML,https://kw.beijing.gov.cn/zwgk/zcwj/202506/t20250605_4106748.html,https://kw.beijing.gov.cn/zwgk/zcwj/index_6.html
P1,接近自动线的规则/政策类候选,人工核验来源和有效状态后优先回填,50,北京,北京市科学技术委员会中关村管委会-政策文件,北京市科学技术委员会 中关村科技园区管理委员会,北京市科学技术委员会、中关村科技园区管理委员会关于转发智能电网国家科技重大专项2024年度公开项目申报要求文件的通知,,电网;智能电网,HTML,https://kw.beijing.gov.cn/zwgk/zcwj/202409/t20240918_3894439.html,https://kw.beijing.gov.cn/zwgk/zcwj/index_12.html
P1,接近自动线的规则/政策类候选,人工核验来源和有效状态后优先回填,50,北京,北京市科学技术委员会中关村管委会-政策文件,北京市科学技术委员会 中关村科技园区管理委员会,北京市科学技术委员会、中关村科技园区管理委员会关于转发智能电网国家科技重大专项2026年度公开项目申报要求文件的通知,,电网;智能电网,HTML,https://kw.beijing.gov.cn/zwgk/zcwj/202510/t20251031_4249185.html,https://kw.beijing.gov.cn/zwgk/zcwj/index_3.html
P1,接近自动线的规则/政策类候选,人工核验来源和有效状态后优先回填,50,南方区域,国家能源局南方监管局-通知公示,国家能源局派出机构,关于赴南方电网电力调度控制中心调研的函 2021-05-12,2021-05-12,电网,HTML,https://nfj.nea.gov.cn/xwzx/tzgg/202402/t20240208_245650.html,https://nfj.nea.gov.cn/xwzx/tzgg/index_32.html
P1,接近自动线的规则/政策类候选,人工核验来源和有效状态后优先回填,50,四川,国家能源局四川监管办公室-通知公告,国家能源局四川监管办公室,关于印发《四川电力企业应急预案管理实施细则》的通知 2015-04-13,2015-04-13,实施细则,HTML,https://scb.nea.gov.cn/dtyw/tzgg/202310/t20231009_133970.html,https://scb.nea.gov.cn/dtyw/tzgg/index_43.html
P1,接近自动线的规则/政策类候选,人工核验来源和有效状态后优先回填,50,四川,国家能源局四川监管办公室-通知公告,国家能源局四川监管办公室,关于印发《四川电力应急预案管理实施细则》的通知 2015-03-24,2015-03-24,实施细则,HTML,https://scb.nea.gov.cn/dtyw/tzgg/202310/t20231009_133967.html,https://scb.nea.gov.cn/dtyw/tzgg/index_43.html
P1,接近自动线的规则/政策类候选,人工核验来源和有效状态后优先回填,50,四川,四川省发展和改革委员会-政策文件,四川省发展和改革委员会,关于印发《四川省生活垃圾焚烧发电中长期规划（2022年修订）》的通知（川发改环资〔2022〕231号）,2022-05-16,中长期,HTML,https://fgw.sc.gov.cn/sfgw/zcwj/2022/5/16/4d40ff9cb79648018ef724f22755b408.shtml,https://fgw.sc.gov.cn/sfgw/zcwj/list_6.shtml
P1,接近自动线的规则/政策类候选,人工核验来源和有效状态后优先回填,50,四川,四川省发展和改革委员会-政策文件,四川省发展和改革委员会,关于四川电网2017—2019年输配电价 及有关事项的通知,2017-12-29,输配电价;电网,HTML,https://fgw.sc.gov.cn/sfgw/zcwj/2017/12/29/8dac3cab0ed04dbeaf16a03496c92e6a.shtml,https://fgw.sc.gov.cn/sfgw/zcwj/list_14.shtml
P1,接近自动线的规则/政策类候选,人工核验来源和有效状态后优先回填,50,四川,四川省发展和改革委员会-通知公告,四川省发展和改革委员会,关于调整地方电网目录销售电价有关事项的通知（川发改价格〔2022〕49号）,2022-02-08,电网,HTML,https://fgw.sc.gov.cn/sfgw/tzgg/2022/2/8/4de45fe7ebcd45989672df298f4c041b.shtml,https://fgw.sc.gov.cn/sfgw/tzgg/list_41.shtml
P1,接近自动线的规则/政策类候选,人工核验来源和有效状态后优先回填,50,四川,四川省发展和改革委员会-政策文件,四川省发展和改革委员会,关于进一步做好四川省电网企业代理购电工作的通知（川发改价格〔2023〕66号）,2023-02-16,电网,HTML,https://fgw.sc.gov.cn/sfgw/zcwj/2023/2/16/ffe7300627504f058efb469d8c337b2e.shtml,https://fgw.sc.gov.cn/sfgw/zcwj/list_5.shtml
P1,接近自动线的规则/政策类候选,人工核验来源和有效状态后优先回填,50,四川,四川省发展和改革委员会-通知公告,四川省发展和改革委员会,关于进一步明确地方电网代理购电有关事项的通知（川发改价格〔2022〕90号）,2022-03-07,电网,HTML,https://fgw.sc.gov.cn/sfgw/tzgg/2022/3/7/62fa452c7c3e49e8ae116dee7414ba1a.shtml,https://fgw.sc.gov.cn/sfgw/tzgg/list_40.shtml
P1,接近自动线的规则/政策类候选,人工核验来源和有效状态后优先回填,50,四川,四川省发展和改革委员会-政策文件,四川省发展和改革委员会,四川省发展和改革委员会关于2018年富余电量输配电价有关问题的通知（川发改价格〔2018〕245号）,2018-06-05,输配电价,HTML,https://fgw.sc.gov.cn/sfgw/zcwj/2018/6/5/47513843662647cb98ab92964f4bcc8d.shtml,https://fgw.sc.gov.cn/sfgw/zcwj/list_11.shtml
P1,接近自动线的规则/政策类候选,人工核验来源和有效状态后优先回填,50,四川,四川省发展和改革委员会-政策文件,四川省发展和改革委员会,四川省发展和改革委员会关于印发《四川省生活垃圾焚烧发电中长期专项规划》的通知（川发改环资〔2019〕294号...,2019-06-27,中长期,HTML,https://fgw.sc.gov.cn/sfgw/zcwj/2019/6/27/88b094c2171041bb887d1b9e6894c13b.shtml,https://fgw.sc.gov.cn/sfgw/zcwj/list_10.shtml
P1,接近自动线的规则/政策类候选,人工核验来源和有效状态后优先回填,50,四川,四川省发展和改革委员会-政策文件,四川省发展和改革委员会,四川省发展和改革委员会关于明确大数据等相关用电输配电价政策的通知（川发改价格〔2018〕416号）,2018-09-03,输配电价,HTML,https://fgw.sc.gov.cn/sfgw/zcwj/2018/9/3/dc76bae15f1346eaa54f8f86ed4fea70.shtml,https://fgw.sc.gov.cn/sfgw/zcwj/list_11.shtml
P1,接近自动线的规则/政策类候选,人工核验来源和有效状态后优先回填,50,四川,四川省发展和改革委员会-政策文件,四川省发展和改革委员会,四川省发展和改革委员会关于调整省属电网电价管理权限有关事项的通知（川发改价格〔2018〕244号）,2018-06-05,电网,HTML,https://fgw.sc.gov.cn/sfgw/zcwj/2018/6/5/98e6e165bf964be2becda7543e30d530.shtml,https://fgw.sc.gov.cn/sfgw/zcwj/list_12.shtml
P1,接近自动线的规则/政策类候选,人工核验来源和有效状态后优先回填,50,四川,四川省发展和改革委员会-政策文件,四川省发展和改革委员会,四川省发展和改革委员会关于降低省属电网一般工商业电价有关事项的通知（川发改价格〔2018〕241号）,2018-06-05,电网,HTML,https://fgw.sc.gov.cn/sfgw/zcwj/2018/6/5/856b07cb20394699afb64cf796db3381.shtml,https://fgw.sc.gov.cn/sfgw/zcwj/list_12.shtml
P1,接近自动线的规则/政策类候选,人工核验来源和有效状态后优先回填,50,天津,天津市工业和信息化局-委局文件,天津市工业和信息化局,市工业和信息化局 华北电网公司 市电力公司关于印发2024年天津市统调电厂优先发电...2024-03-20,2024-03-20,电网,HTML,https://gyxxh.tj.gov.cn/ZWGK4147/ZCWJ6355/wjwj/202403/t20240325_6569339.html,https://gyxxh.tj.gov.cn/ZWGK4147/ZCWJ6355/wjwj/index_6.html
P1,接近自动线的规则/政策类候选,人工核验来源和有效状态后优先回填,50,天津,天津市工业和信息化局-委局文件,天津市工业和信息化局,市工业和信息化局 华北电网公司 市电力公司关于印发2025年天津市统调电厂优先发电...2025-01-20,2025-01-20,电网,HTML,https://gyxxh.tj.gov.cn/ZWGK4147/ZCWJ6355/wjwj/202501/t20250120_6839409.html,https://gyxxh.tj.gov.cn/ZWGK4147/ZCWJ6355/wjwj/index_3.html
P1,接近自动线的规则/政策类候选,人工核验来源和有效状态后优先回填,50,山东,国家能源局山东监管办公室-通知公告,国家能源局派出机构,关于印发《迎接建国70周年电力安全生产专项整治行动工作方案》的通知 2019-07-02,2019-07-02,电力安全,HTML,https://sdb.nea.gov.cn/dtyw/tzgg/202309/t20230919_110399.html,https://sdb.nea.gov.cn/dtyw/tzgg/index_6.html
P1,接近自动线的规则/政策类候选,人工核验来源和有效状态后优先回填,50,山东,国家能源局山东监管办公室-通知公告,国家能源局派出机构,关于开展山东省电网安全风险管控专项行动的通知 2013-03-28,2013-03-28,电网,HTML,https://sdb.nea.gov.cn/dtyw/tzgg/202309/t20230919_110087.html,https://sdb.nea.gov.cn/dtyw/tzgg/index_27.html
P1,接近自动线的规则/政策类候选,人工核验来源和有效状态后优先回填,50,山东,国家能源局山东监管办公室-通知公告,国家能源局派出机构,关于明确山东省非电网企业存量配电项目配电区域划分有关事项的通知 2018-01-22,2018-01-22,电网,HTML,https://sdb.nea.gov.cn/dtyw/tzgg/202309/t20230919_110357.html,https://sdb.nea.gov.cn/dtyw/tzgg/index_9.html
P1,接近自动线的规则/政策类候选,人工核验来源和有效状态后优先回填,50,山东,国家能源局山东监管办公室-通知公告,国家能源局派出机构,关于组织开展2012年电网安全专项调研工作的通知 2012-03-30,2012-03-30,电网,HTML,https://sdb.nea.gov.cn/dtyw/tzgg/202309/t20230919_110040.html,https://sdb.nea.gov.cn/dtyw/tzgg/index_30.html
P1,接近自动线的规则/政策类候选,人工核验来源和有效状态后优先回填,50,山东,国家能源局山东监管办公室-通知公告,国家能源局派出机构,关于转发电监会《关于加强电力安全工作防范电网大面积停电的意见》的通知 2013-03-28,2013-03-28,电网;电力安全,HTML,https://sdb.nea.gov.cn/dtyw/tzgg/202309/t20230919_110091.html,https://sdb.nea.gov.cn/dtyw/tzgg/index_27.html
P1,接近自动线的规则/政策类候选,人工核验来源和有效状态后优先回填,50,山东,国家能源局山东监管办公室-通知公告,国家能源局派出机构,关于进一步加强市级电网大面积停电应急工作的通知 2014-07-18,2014-07-18,电网,HTML,https://sdb.nea.gov.cn/dtyw/tzgg/202309/t20230919_110170.html,https://sdb.nea.gov.cn/dtyw/tzgg/index_22.html
P1,接近自动线的规则/政策类候选,人工核验来源和有效状态后优先回填,50,山西,山西省能源局-政策文件检索电力,山西省能源局,山西省人民政府办公厅关于印发山西省进一步推进电力市场建设工作方案的通知,2020-11-09,电力市场,HTML,http://nyj.shanxi.gov.cn/zfxxgk/szfwj/202505/t20250506_9826241.shtml,https://nyj.shanxi.gov.cn/trs-search/trssearch/openSearch/getZwgkList?keywords=%E7%94%B5%E5%8A%9B&pageNum=3&siteId=60&chnId=&dockind=2&position=0&sort=1&suitability=0
P1,接近自动线的规则/政策类候选,人工核验来源和有效状态后优先回填,50,广东,广东省能源局-通知公告,广东省能源局,广东省能源局关于转发《国家能源局综合司关于征集智能电网国家科技重大专项2026年度重大研发攻关需求建议的函》的通知05-20,,电网;智能电网,HTML,https://drc.gd.gov.cn/snyj/tzgg/content/post_4713737.html,https://drc.gd.gov.cn/snyj/tzgg/mindex_7.html
P1,接近自动线的规则/政策类候选,人工核验来源和有效状态后优先回填,50,广东,广东省能源局-通知公告,广东省能源局,广东省能源局关于转发《智能电网国家科技重大专项管理办公室关于征集2027年度重大研发攻关需求建议的函》的通知04-10,,电网;智能电网,HTML,https://drc.gd.gov.cn/snyj/tzgg/content/post_4881258.html,https://drc.gd.gov.cn/snyj/tzgg/mindex.html
P1,接近自动线的规则/政策类候选,人工核验来源和有效状态后优先回填,50,广东,广东省能源局-通知公告,广东省能源局,广东省能源局转发国家能源局综合司关于征集智能电网国家科技重大专项2025年度重大攻关需求建议的通知10-29,,电网;智能电网,HTML,https://drc.gd.gov.cn/snyj/tzgg/content/post_4515619.html,https://drc.gd.gov.cn/snyj/tzgg/mindex_11.html
P1,接近自动线的规则/政策类候选,人工核验来源和有效状态后优先回填,50,新疆,国家能源局新疆监管办公室-通知公告,国家能源局新疆监管办公室,关于公布2017年8-10月新疆电网“两个细则”考核和补偿结果的通知 2018-08-09,2017-08-10,电网,HTML,https://xjb.nea.gov.cn/dtyw/tzgg/202309/t20230923_116204.html,https://xjb.nea.gov.cn/dtyw/tzgg/index_32.html
P1,接近自动线的规则/政策类候选,人工核验来源和有效状态后优先回填,50,新疆,国家能源局新疆监管办公室-通知公告,国家能源局新疆监管办公室,关于公布2022年1月、2月新疆电网、天中、吉泉直流配套电源“两个细则” 2022-12-02,2022-12-02,电网,HTML,https://xjb.nea.gov.cn/dtyw/tzgg/202309/t20230923_116563.html,https://xjb.nea.gov.cn/dtyw/tzgg/index_8.html
P1,接近自动线的规则/政策类候选,人工核验来源和有效状态后优先回填,50,新疆,国家能源局新疆监管办公室-通知公告,国家能源局新疆监管办公室,关于印发《新疆电力市场信用体系建设工作方案》的通知 2019-10-15,2019-10-15,电力市场,HTML,https://xjb.nea.gov.cn/dtyw/tzgg/202309/t20230923_116330.html,https://xjb.nea.gov.cn/dtyw/tzgg/index_24.html
P1,接近自动线的规则/政策类候选,人工核验来源和有效状态后优先回填,50,新疆,国家能源局新疆监管办公室-通知公告,国家能源局新疆监管办公室,关于印发《新疆自治区电力建设工程安全管理备案实施细则》的通知 2018-03-28,2018-03-28,实施细则,HTML,https://xjb.nea.gov.cn/dtyw/tzgg/202309/t20230923_116177.html,https://xjb.nea.gov.cn/dtyw/tzgg/index_34.html
P1,接近自动线的规则/政策类候选,人工核验来源和有效状态后优先回填,50,新疆,国家能源局新疆监管办公室-通知公告,国家能源局新疆监管办公室,关于开展电网企业2015年和2016年1-6月电价执行和电费结算情况检查的通知 2016-08-11,2016-01-06,结算;电网,HTML,https://xjb.nea.gov.cn/dtyw/tzgg/202309/t20230923_116043.html,https://xjb.nea.gov.cn/dtyw/tzgg/index_43.html
P1,接近自动线的规则/政策类候选,人工核验来源和有效状态后优先回填,50,新疆,国家能源局新疆监管办公室-通知公告,国家能源局新疆监管办公室,关于开展电网企业2016年和2017年1-4月电价执行和电费结算情况检查的通知 2017-06-08,2017-01-04,结算;电网,HTML,https://xjb.nea.gov.cn/dtyw/tzgg/202309/t20230923_116120.html,https://xjb.nea.gov.cn/dtyw/tzgg/index_38.html
P1,接近自动线的规则/政策类候选,人工核验来源和有效状态后优先回填,50,新疆,国家能源局新疆监管办公室-通知公告,国家能源局新疆监管办公室,关于开展电网企业2017年和2018年1-5月电价执行和电费结算情况检查的通知 2018-05-14,2018-01-05,结算;电网,HTML,https://xjb.nea.gov.cn/dtyw/tzgg/202309/t20230923_116188.html,https://xjb.nea.gov.cn/dtyw/tzgg/index_33.html
P1,接近自动线的规则/政策类候选,人工核验来源和有效状态后优先回填,50,新疆,国家能源局新疆监管办公室-通知公告,国家能源局新疆监管办公室,关于电网企业报送2015年度财务信息的通知(新监能综市场[2016]7号) 2016-02-01,2016-02-01,电网,HTML,https://xjb.nea.gov.cn/dtyw/tzgg/202309/t20230923_116021.html,https://xjb.nea.gov.cn/dtyw/tzgg/index_44.html
P1,接近自动线的规则/政策类候选,人工核验来源和有效状态后优先回填,50,浙江,国家能源局浙江监管办公室-通知公告,国家能源局浙江监管办公室,国家能源局浙江监管办公室关于印发2019年度浙江省部分行业放开中长期电力交易相关合同示范文... 2019-10-21,2019-10-21,电力交易;中长期,HTML,https://zjb.nea.gov.cn/dtyw/tzgg/202309/t20230914_75797.html,https://zjb.nea.gov.cn/dtyw/tzgg/index_9.html
P1,接近自动线的规则/政策类候选,人工核验来源和有效状态后优先回填,50,福建,国家能源局福建监管办公室-通知公告,国家能源局福建监管办公室,国家发展改革委办公厅 国家能源局综合司关于开展电力现货市场建设试点工作的通知 2017-09-06,2017-09-06,现货,HTML,https://fjb.nea.gov.cn/dtyw/tzgg/202312/t20231217_221128.html,https://fjb.nea.gov.cn/dtyw/tzgg/index_39.html
P1,接近自动线的规则/政策类候选,人工核验来源和有效状态后优先回填,50,福建,国家能源局福建监管办公室-通知公告,国家能源局福建监管办公室,国家发改委 国家能源局关于做好2021年电力中长期合同签订工作的通知（发改运行〔20... 2021-01-19,2021-01-19,中长期,HTML,https://fjb.nea.gov.cn/dtyw/tzgg/202312/t20231217_221248.html,https://fjb.nea.gov.cn/dtyw/tzgg/index_20.html
P1,接近自动线的规则/政策类候选,人工核验来源和有效状态后优先回填,50,福建,国家能源局福建监管办公室-通知公告,国家能源局福建监管办公室,国家能源局关于印发《电力安全监管约谈办法》的通知 国能发安全〔2018〕79号 2018-12-03,2018-12-03,电力安全,HTML,https://fjb.nea.gov.cn/dtyw/tzgg/202312/t20231217_221198.html,https://fjb.nea.gov.cn/dtyw/tzgg/index_33.html
P1,接近自动线的规则/政策类候选,人工核验来源和有效状态后优先回填,50,福建,国家能源局福建监管办公室-通知公告,国家能源局福建监管办公室,国家能源局福建监管办公室 福建省发展和改革委员会关于完善福建省电力市场中长期交... 2022-02-14,2022-02-14,电力市场;中长期,HTML,https://fjb.nea.gov.cn/dtyw/tzgg/202312/t20231217_221268.html,https://fjb.nea.gov.cn/dtyw/tzgg/index_14.html
P1,接近自动线的规则/政策类候选,人工核验来源和有效状态后优先回填,50,福建,国家能源局福建监管办公室-通知公告,国家能源局福建监管办公室,福建省电力安全专家库管理办法（试行） 2024-11-27,2024-11-27,电力安全,HTML,https://fjb.nea.gov.cn/dtyw/tzgg/202411/t20241127_272912.html,https://fjb.nea.gov.cn/dtyw/tzgg/index_5.html
P1,接近自动线的规则/政策类候选,人工核验来源和有效状态后优先回填,50,西北区域,国家能源局西北监管局-通知公告,国家能源局派出机构,关于报送2016年度电网企业价格与成本信息的通知 2017-03-28,2017-03-28,电网,HTML,https://xbj.nea.gov.cn/dtyw/tzgg/202310/t20231013_147492.html,https://xbj.nea.gov.cn/dtyw/tzgg/index_22.html
P1,接近自动线的规则/政策类候选,人工核验来源和有效状态后优先回填,50,西北区域,国家能源局西北监管局-通知公告,国家能源局派出机构,关于报送2017年度电网企业价格与成本信息的通知 2018-04-04,2018-04-04,电网,HTML,https://xbj.nea.gov.cn/dtyw/tzgg/202310/t20231013_147501.html,https://xbj.nea.gov.cn/dtyw/tzgg/index_22.html
P1,接近自动线的规则/政策类候选,人工核验来源和有效状态后优先回填,50,贵州,国家能源局贵州监管办公室-通知公告,国家能源局贵州监管办公室,关于印发《贵州省电力工程建设备案管理规定实施细则》的通知 2013-03-26,2013-03-26,实施细则,HTML,https://gzb.nea.gov.cn/dtyw/tzgg/202308/t20230821_3483.html,https://gzb.nea.gov.cn/dtyw/tzgg/index_47.html
P1,接近自动线的规则/政策类候选,人工核验来源和有效状态后优先回填,50,贵州,国家能源局贵州监管办公室-通知公告,国家能源局贵州监管办公室,关于印发《贵州省电力建设工程备案管理实施细则》的通知 2014-05-22,2014-05-22,实施细则,HTML,https://gzb.nea.gov.cn/dtyw/tzgg/202308/t20230821_3545.html,https://gzb.nea.gov.cn/dtyw/tzgg/index_43.html
P2,接近自动线但主题需确认,人工核验后决定是否入库,54,上海,上海市经济和信息化委员会-政策法规,上海市经济和信息化委员会,上海市经济信息化委关于建立上海电力供应环境可持续性关键绩效指标体系的通知 为深入推进我市电力供应绿色低碳高质量发展，我委会同国网上海市电力公司组织相关专家研究形成了《上海电力供应环境可持续性关键绩效指标体系（试行）》，按年统计发布。 2024-02-19,2024-02-19,高质量发展;绿色低碳,HTML,https://www.sheitc.sh.gov.cn/jjyx/20240219/2439b3f6b6dc4e9c9264b9786751613c.html,https://www.sheitc.sh.gov.cn/zcfg/index_4.html
P2,接近自动线但主题需确认,人工核验后决定是否入库,54,内蒙古自治区,内蒙古自治区能源局-通知公告,内蒙古自治区能源局,内蒙古自治区能源局关于实施乌兰察布中金数据低碳算力基地源网荷储一体化项目等4个市场化新能源项目的通知,,源网荷储,HTML,https://nyj.nmg.gov.cn/slh/tz/202404/t20240409_2491156.html,https://nyj.nmg.gov.cn/slh/tz/index_26.html
P2,接近自动线但主题需确认,人工核验后决定是否入库,54,内蒙古自治区,内蒙古自治区能源局-通知公告,内蒙古自治区能源局,内蒙古自治区能源局关于实施内蒙古宝丰源网荷储市场化新能源项目的通知,,源网荷储,HTML,https://nyj.nmg.gov.cn/slh/tz/202311/t20231116_2411889.html,https://nyj.nmg.gov.cn/slh/tz/index_27.html
P2,接近自动线但主题需确认,人工核验后决定是否入库,54,内蒙古自治区,内蒙古自治区能源局-通知公告,内蒙古自治区能源局,内蒙古自治区能源局关于实施内蒙古翔福新能源有限责任公司源网荷储一体化项目等10个市场化新能源项目的通知,,源网荷储,HTML,https://nyj.nmg.gov.cn/slh/tz/202312/t20231229_2434573.html,https://nyj.nmg.gov.cn/slh/tz/index_27.html
P2,征求意见类，需确认是否已有正式稿,人工确认有效状态后再入库,54,华东区域,国家能源局华东监管局-通知公告,国家能源局派出机构,关于公开征求《华东电力调峰辅助服务市场运营规则（修订稿）... 2023-12-11,2023-12-11,运营规则;辅助服务;调峰,HTML,https://hdj.nea.gov.cn/dtyw/tzgg/202402/t20240209_247776.html,https://hdj.nea.gov.cn/dtyw/tzgg/index_30.html
P2,接近自动线但主题需确认,人工核验后决定是否入库,54,华东区域,国家能源局华东监管局-通知公告,国家能源局派出机构,华东能源监管局关于印发《长三角省市间富余新能源消纳互济交... 2024-06-14,2024-06-14,新能源消纳,HTML,https://hdj.nea.gov.cn/dtyw/tzgg/202406/t20240625_265070.html,https://hdj.nea.gov.cn/dtyw/tzgg/index_24.html
P2,征求意见类，需确认是否已有正式稿,人工确认有效状态后再入库,54,华中区域,国家能源局华中监管局-通知公告,国家能源局派出机构,华中能源监管局关于《江西电力调频辅助服务市场交易规则（征求意见稿）》公开征求... 2022-06-24,2022-06-24,交易规则;辅助服务;调频,HTML,https://hzj.nea.gov.cn/dtyw/tzgg/202310/t20231021_165587.html,https://hzj.nea.gov.cn/dtyw/tzgg/index_8.html
P2,征求意见类，需确认是否已有正式稿,人工确认有效状态后再入库,54,华中区域,国家能源局华中监管局-通知公告,国家能源局派出机构,华中能源监管局关于《湖北电力调频辅助服务市场交易规则（征求意见稿）》公开征求... 2022-06-13,2022-06-13,交易规则;辅助服务;调频,HTML,https://hzj.nea.gov.cn/dtyw/tzgg/202310/t20231021_165586.html,https://hzj.nea.gov.cn/dtyw/tzgg/index_8.html
P2,征求意见类，需确认是否已有正式稿,人工确认有效状态后再入库,54,华中区域,国家能源局华中监管局-通知公告,国家能源局派出机构,华中能源监管局关于《重庆市电力中长期 交易规则（现货）（征求意见稿）》公开征求... 2022-11-04,2022-11-04,交易规则;中长期;现货,HTML,https://hzj.nea.gov.cn/dtyw/tzgg/202310/t20231021_165599.html,https://hzj.nea.gov.cn/dtyw/tzgg/index_7.html
P2,征求意见类，需确认是否已有正式稿,人工确认有效状态后再入库,54,华中区域,国家能源局华中监管局-通知公告,国家能源局派出机构,华中能源监管局关于《重庆电力调频辅助服务市场交易规则（征求意见稿）》公开征求... 2022-06-28,2022-06-28,交易规则;辅助服务;调频,HTML,https://hzj.nea.gov.cn/dtyw/tzgg/202310/t20231021_165588.html,https://hzj.nea.gov.cn/dtyw/tzgg/index_8.html
P2,征求意见类，需确认是否已有正式稿,人工确认有效状态后再入库,54,华北区域,国家能源局华北监管局-通知公告,国家能源局派出机构,华北能源监管局关于公开征求京津唐电网电力中长期交易规则意见的公告 2020-09-30,2020-09-30,交易规则;中长期;电网,HTML,https://hbj.nea.gov.cn/dtyw/tzgg/202309/t20230925_120288.html,https://hbj.nea.gov.cn/dtyw/tzgg/index_26.html
P2,征求意见类，需确认是否已有正式稿,人工确认有效状态后再入库,54,华北区域,国家能源局华北监管局-通知公告,国家能源局派出机构,华北能源监管局关于公开征求河北南部电网电力中长期交易规则意见的公告 2020-09-30,2020-09-30,交易规则;中长期;电网,HTML,https://hbj.nea.gov.cn/dtyw/tzgg/202309/t20230925_120289.html,https://hbj.nea.gov.cn/dtyw/tzgg/index_26.html
P2,公告/公示类，需确认是否为规则正文或仅为过程信息,人工确认正文性质后再入库,54,华北区域,国家能源局华北监管局-通知公告,国家能源局派出机构,华北能源监管局关于华北电力调峰辅助服务市场2019年运行情况的公告 2019-06-14,2019-06-14,辅助服务;调峰,HTML,https://hbj.nea.gov.cn/dtyw/tzgg/202309/t20230925_120234.html,https://hbj.nea.gov.cn/dtyw/tzgg/index_30.html
P2,接近自动线但主题需确认,人工核验后决定是否入库,54,华北区域,国家能源局华北监管局-通知公告,国家能源局派出机构,华北能源监管局关于开展河北南网第三方独立主体参与电力调峰辅助服务市场试点工作... 2020-11-30,2020-11-30,辅助服务;调峰,HTML,https://hbj.nea.gov.cn/dtyw/tzgg/202309/t20230925_120297.html,https://hbj.nea.gov.cn/dtyw/tzgg/index_25.html
P2,征求意见类，需确认是否已有正式稿,人工确认有效状态后再入库,54,华北区域,国家能源局华北监管局-通知公告,国家能源局派出机构,华北能源监管局关于征求《第三方独立主体参与华北电力调峰辅助服务市场试点方案（... 2019-11-15,2019-11-15,辅助服务;调峰,HTML,https://hbj.nea.gov.cn/dtyw/tzgg/202309/t20230925_120257.html,https://hbj.nea.gov.cn/dtyw/tzgg/index_28.html
P2,征求意见类，需确认是否已有正式稿,人工确认有效状态后再入库,54,华北区域,国家能源局华北监管局-通知公告,国家能源局派出机构,华北能源监管局关于征求并网主体并网运行管理规定和电力系统辅助服务管理办法意见... 2021-09-06,2021-09-06,辅助服务,HTML,https://hbj.nea.gov.cn/dtyw/tzgg/202309/t20230925_120323.html,https://hbj.nea.gov.cn/dtyw/tzgg/index_24.html
P2,接近自动线但主题需确认,人工核验后决定是否入库,54,南方区域,国家能源局南方监管局-通知公示,国家能源局派出机构,2023年1月海南电力并网运行考核和辅助服务补偿费用单 2023-06-02,2023-06-02,辅助服务,HTML,https://nfj.nea.gov.cn/xwzx/tzgg/202402/t20240208_245873.html,https://nfj.nea.gov.cn/xwzx/tzgg/index_16.html
P2,接近自动线但主题需确认,人工核验后决定是否入库,54,南方区域,国家能源局南方监管局-通知公示,国家能源局派出机构,2023年2月海南电力并网运行考核和辅助服务补偿费用单 2023-06-02,2023-06-02,辅助服务,HTML,https://nfj.nea.gov.cn/xwzx/tzgg/202402/t20240208_245872.html,https://nfj.nea.gov.cn/xwzx/tzgg/index_16.html
P2,接近自动线但主题需确认,人工核验后决定是否入库,54,南方区域,国家能源局南方监管局-通知公示,国家能源局派出机构,2023年3月海南电力并网运行考核和辅助服务补偿费用单 2023-07-05,2023-07-05,辅助服务,HTML,https://nfj.nea.gov.cn/xwzx/tzgg/202402/t20240208_245881.html,https://nfj.nea.gov.cn/xwzx/tzgg/index_16.html
P2,征求意见类，需确认是否已有正式稿,人工确认有效状态后再入库,54,南方区域,国家能源局南方监管局-通知公示,国家能源局派出机构,关于公开征求《南方区域电力备用辅助服务 市场交易规则（征求意见稿）》意见的公告 2022-02-07,2022-02-07,交易规则;辅助服务;备用,HTML,https://nfj.nea.gov.cn/xwzx/tzgg/202402/t20240208_245731.html,https://nfj.nea.gov.cn/xwzx/tzgg/index_26.html
P2,征求意见类，需确认是否已有正式稿,人工确认有效状态后再入库,54,南方区域,国家能源局南方监管局-通知公示,国家能源局派出机构,关于公开征求《南方（以广东起步）电力现货市场省间送电偏差处理办法（征求意见稿... 2022-05-26,2022-05-26,现货;省间,HTML,https://nfj.nea.gov.cn/xwzx/tzgg/202402/t20240208_245768.html,https://nfj.nea.gov.cn/xwzx/tzgg/index_24.html
P2,征求意见类，需确认是否已有正式稿,人工确认有效状态后再入库,54,南方区域,国家能源局南方监管局-通知公示,国家能源局派出机构,关于公开征求《广西电力中长期交易规则 （征求意见稿）》意见的通知 2021-09-24,2021-09-24,交易规则;中长期,HTML,https://nfj.nea.gov.cn/xwzx/tzgg/202402/t20240208_245693.html,https://nfj.nea.gov.cn/xwzx/tzgg/index_29.html
P2,征求意见类，需确认是否已有正式稿,人工确认有效状态后再入库,54,南方区域,国家能源局南方监管局-通知公示,国家能源局派出机构,关于公开征求《海南电力中长期交易规则 （征求意见稿）》意见的通知 2022-01-12,2022-01-12,交易规则;中长期,HTML,https://nfj.nea.gov.cn/xwzx/tzgg/202402/t20240208_245725.html,https://nfj.nea.gov.cn/xwzx/tzgg/index_26.html
P2,接近自动线但主题需确认,人工核验后决定是否入库,54,南方区域,国家能源局南方监管局-通知公示,国家能源局派出机构,关于加强南方区域新型储能发展应用监管工作的通知 2022-02-24,2022-02-24,新型储能,HTML,https://nfj.nea.gov.cn/xwzx/tzgg/202402/t20240208_245736.html,https://nfj.nea.gov.cn/xwzx/tzgg/index_26.html
P2,接近自动线但主题需确认,人工核验后决定是否入库,54,南方区域,国家能源局南方监管局-通知公示,国家能源局派出机构,关于印发《2022年南方区域电力市场监管工作要点》的通知 2022-03-03,2022-03-03,电力市场;市场监管,HTML,https://nfj.nea.gov.cn/xwzx/tzgg/202402/t20240208_245741.html,https://nfj.nea.gov.cn/xwzx/tzgg/index_25.html
P2,接近自动线但主题需确认,人工核验后决定是否入库,54,南方区域,国家能源局南方监管局-通知公示,国家能源局派出机构,关于发布南网总调直调电厂2020年11月并网运行考核及辅助服务补偿结果的通知 2021-01-15,2021-01-15,辅助服务,HTML,https://nfj.nea.gov.cn/xwzx/tzgg/202402/t20240208_245635.html,https://nfj.nea.gov.cn/xwzx/tzgg/index_33.html
P2,接近自动线但主题需确认,人工核验后决定是否入库,54,南方区域,国家能源局南方监管局-通知公示,国家能源局派出机构,关于发布南网总调直调电厂2020年12月并网运行考核及辅助服务补偿结果的通知 2021-02-08,2021-02-08,辅助服务,HTML,https://nfj.nea.gov.cn/xwzx/tzgg/202402/t20240208_245640.html,https://nfj.nea.gov.cn/xwzx/tzgg/index_32.html
P2,接近自动线但主题需确认,人工核验后决定是否入库,54,南方区域,国家能源局南方监管局-通知公示,国家能源局派出机构,关于发布南网总调直调电厂2021年1-2月并网运行考核及辅助服务补偿结果的通知 2021-04-12,2021-01-02,辅助服务,HTML,https://nfj.nea.gov.cn/xwzx/tzgg/202402/t20240208_245645.html,https://nfj.nea.gov.cn/xwzx/tzgg/index_32.html
P2,接近自动线但主题需确认,人工核验后决定是否入库,54,南方区域,国家能源局南方监管局-通知公示,国家能源局派出机构,关于发布南网总调直调电厂2021年10月并网运行考核及辅助服务补偿结果的通知 2021-12-16,2021-12-16,辅助服务,HTML,https://nfj.nea.gov.cn/xwzx/tzgg/202402/t20240208_245717.html,https://nfj.nea.gov.cn/xwzx/tzgg/index_27.html
P2,接近自动线但主题需确认,人工核验后决定是否入库,54,南方区域,国家能源局南方监管局-通知公示,国家能源局派出机构,关于发布南网总调直调电厂2021年3月并网运行考核及辅助服务补偿结果的通知 2021-06-09,2021-06-09,辅助服务,HTML,https://nfj.nea.gov.cn/xwzx/tzgg/202402/t20240208_245652.html,https://nfj.nea.gov.cn/xwzx/tzgg/index_31.html
P2,接近自动线但主题需确认,人工核验后决定是否入库,54,南方区域,国家能源局南方监管局-通知公示,国家能源局派出机构,关于发布南网总调直调电厂2021年4月并网运行考核及辅助服务补偿结果的通知 2021-06-24,2021-06-24,辅助服务,HTML,https://nfj.nea.gov.cn/xwzx/tzgg/202402/t20240208_245659.html,https://nfj.nea.gov.cn/xwzx/tzgg/index_31.html
P2,接近自动线但主题需确认,人工核验后决定是否入库,54,南方区域,国家能源局南方监管局-通知公示,国家能源局派出机构,关于发布南网总调直调电厂2021年5月并网运行考核及辅助服务补偿结果的通知 2021-07-13,2021-07-13,辅助服务,HTML,https://nfj.nea.gov.cn/xwzx/tzgg/202402/t20240208_245674.html,https://nfj.nea.gov.cn/xwzx/tzgg/index_30.html
P2,接近自动线但主题需确认,人工核验后决定是否入库,54,南方区域,国家能源局南方监管局-通知公示,国家能源局派出机构,关于发布南网总调直调电厂2021年6月并网运行考核及辅助服务补偿结果的通知 2021-08-17,2021-08-17,辅助服务,HTML,https://nfj.nea.gov.cn/xwzx/tzgg/202402/t20240208_245685.html,https://nfj.nea.gov.cn/xwzx/tzgg/index_29.html
P2,接近自动线但主题需确认,人工核验后决定是否入库,54,南方区域,国家能源局南方监管局-通知公示,国家能源局派出机构,关于发布南网总调直调电厂2021年8月并网运行考核及辅助服务补偿结果的通知 2021-10-18,2021-10-18,辅助服务,HTML,https://nfj.nea.gov.cn/xwzx/tzgg/202402/t20240208_245701.html,https://nfj.nea.gov.cn/xwzx/tzgg/index_28.html
P2,接近自动线但主题需确认,人工核验后决定是否入库,54,南方区域,国家能源局南方监管局-通知公示,国家能源局派出机构,关于发布南网总调直调电厂2021年9月并网运行考核及辅助服务补偿结果的通知 2021-11-15,2021-11-15,辅助服务,HTML,https://nfj.nea.gov.cn/xwzx/tzgg/202402/t20240208_245710.html,https://nfj.nea.gov.cn/xwzx/tzgg/index_27.html
P2,接近自动线但主题需确认,人工核验后决定是否入库,54,南方区域,国家能源局南方监管局-通知公示,国家能源局派出机构,关于发布南网总调直调电厂2022年10月并网运行考核及辅助服务补偿结果的通知 2023-01-16,2023-01-16,辅助服务,HTML,https://nfj.nea.gov.cn/xwzx/tzgg/202402/t20240208_245829.html,https://nfj.nea.gov.cn/xwzx/tzgg/index_19.html
P2,接近自动线但主题需确认,人工核验后决定是否入库,54,南方区域,国家能源局南方监管局-通知公示,国家能源局派出机构,关于发布南网总调直调电厂2022年11月并网运行考核及辅助服务补偿结果的通知 2023-02-07,2023-02-07,辅助服务,HTML,https://nfj.nea.gov.cn/xwzx/tzgg/202402/t20240208_245837.html,https://nfj.nea.gov.cn/xwzx/tzgg/index_19.html
P2,接近自动线但主题需确认,人工核验后决定是否入库,54,南方区域,国家能源局南方监管局-通知公示,国家能源局派出机构,关于发布南网总调直调电厂2022年12月并网运行考核及辅助服务补偿结果的通知 2023-02-21,2023-02-21,辅助服务,HTML,https://nfj.nea.gov.cn/xwzx/tzgg/202402/t20240208_245843.html,https://nfj.nea.gov.cn/xwzx/tzgg/index_18.html
P2,接近自动线但主题需确认,人工核验后决定是否入库,54,南方区域,国家能源局南方监管局-通知公示,国家能源局派出机构,关于发布南网总调直调电厂2022年8月并网运行考核及辅助服务补偿结果的通知 2022-12-09,2022-12-09,辅助服务,HTML,https://nfj.nea.gov.cn/xwzx/tzgg/202402/t20240208_245820.html,https://nfj.nea.gov.cn/xwzx/tzgg/index_20.html
P2,接近自动线但主题需确认,人工核验后决定是否入库,54,南方区域,国家能源局南方监管局-通知公示,国家能源局派出机构,关于发布南网总调直调电厂2022年9月并网运行考核及辅助服务补偿结果的通知 2023-01-16,2023-01-16,辅助服务,HTML,https://nfj.nea.gov.cn/xwzx/tzgg/202402/t20240208_245828.html,https://nfj.nea.gov.cn/xwzx/tzgg/index_19.html
P2,接近自动线但主题需确认,人工核验后决定是否入库,54,南方区域,国家能源局南方监管局-通知公示,国家能源局派出机构,关于发布广东统调电厂2020年11月 并网运行考核及辅助服务补偿结果的通知 2021-01-15,2021-01-15,辅助服务,HTML,https://nfj.nea.gov.cn/xwzx/tzgg/202402/t20240208_245636.html,https://nfj.nea.gov.cn/xwzx/tzgg/index_32.html
P2,接近自动线但主题需确认,人工核验后决定是否入库,54,南方区域,国家能源局南方监管局-通知公示,国家能源局派出机构,关于发布广东统调电厂2020年12月并网运行考核及辅助服务补偿结果的通知 2021-02-08,2021-02-08,辅助服务,HTML,https://nfj.nea.gov.cn/xwzx/tzgg/202402/t20240208_245639.html,https://nfj.nea.gov.cn/xwzx/tzgg/index_32.html
P2,接近自动线但主题需确认,人工核验后决定是否入库,54,南方区域,国家能源局南方监管局-通知公示,国家能源局派出机构,关于发布广东统调电厂2021年1-2月并网运行考核及辅助服务补偿结果的通知 2021-04-12,2021-01-02,辅助服务,HTML,https://nfj.nea.gov.cn/xwzx/tzgg/202402/t20240208_245646.html,https://nfj.nea.gov.cn/xwzx/tzgg/index_32.html
P2,接近自动线但主题需确认,人工核验后决定是否入库,54,南方区域,国家能源局南方监管局-通知公示,国家能源局派出机构,关于发布广东统调电厂2021年10月并网运行考核及辅助服务补偿结果的通知 2021-12-16,2021-12-16,辅助服务,HTML,https://nfj.nea.gov.cn/xwzx/tzgg/202402/t20240208_245716.html,https://nfj.nea.gov.cn/xwzx/tzgg/index_27.html
P2,接近自动线但主题需确认,人工核验后决定是否入库,54,南方区域,国家能源局南方监管局-通知公示,国家能源局派出机构,关于发布广东统调电厂2021年3月并网运行考核及辅助服务补偿结果的通知 2021-06-09,2021-06-09,辅助服务,HTML,https://nfj.nea.gov.cn/xwzx/tzgg/202402/t20240208_245653.html,https://nfj.nea.gov.cn/xwzx/tzgg/index_31.html
P2,接近自动线但主题需确认,人工核验后决定是否入库,54,南方区域,国家能源局南方监管局-通知公示,国家能源局派出机构,关于发布广东统调电厂2021年4-5月并网运行考核及辅助服务补偿结果的通知 2021-07-13,2021-04-05,辅助服务,HTML,https://nfj.nea.gov.cn/xwzx/tzgg/202402/t20240208_245675.html,https://nfj.nea.gov.cn/xwzx/tzgg/index_30.html
P2,接近自动线但主题需确认,人工核验后决定是否入库,54,南方区域,国家能源局南方监管局-通知公示,国家能源局派出机构,关于发布广东统调电厂2021年6月并网运行考核及辅助服务补偿结果的通知 2021-08-17,2021-08-17,辅助服务,HTML,https://nfj.nea.gov.cn/xwzx/tzgg/202402/t20240208_245686.html,https://nfj.nea.gov.cn/xwzx/tzgg/index_29.html
P2,接近自动线但主题需确认,人工核验后决定是否入库,54,南方区域,国家能源局南方监管局-通知公示,国家能源局派出机构,关于发布广东统调电厂2021年8月并网运行考核及辅助服务补偿结果的通知 2021-10-18,2021-10-18,辅助服务,HTML,https://nfj.nea.gov.cn/xwzx/tzgg/202402/t20240208_245700.html,https://nfj.nea.gov.cn/xwzx/tzgg/index_28.html
P2,接近自动线但主题需确认,人工核验后决定是否入库,54,南方区域,国家能源局南方监管局-通知公示,国家能源局派出机构,关于发布广东统调电厂2021年9月并网运行考核及辅助服务补偿结果的通知 2021-11-15,2021-11-15,辅助服务,HTML,https://nfj.nea.gov.cn/xwzx/tzgg/202402/t20240208_245709.html,https://nfj.nea.gov.cn/xwzx/tzgg/index_28.html
P2,接近自动线但主题需确认,人工核验后决定是否入库,54,南方区域,国家能源局南方监管局-通知公示,国家能源局派出机构,关于发布广东统调电厂2022年10月并网运行考核及辅助服务补偿结果的通知 2023-01-16,2023-01-16,辅助服务,HTML,https://nfj.nea.gov.cn/xwzx/tzgg/202402/t20240208_245827.html,https://nfj.nea.gov.cn/xwzx/tzgg/index_20.html
P2,接近自动线但主题需确认,人工核验后决定是否入库,54,南方区域,国家能源局南方监管局-通知公示,国家能源局派出机构,关于发布广东统调电厂2022年11月并网运行考核及辅助服务补偿结果的通知 2023-02-07,2023-02-07,辅助服务,HTML,https://nfj.nea.gov.cn/xwzx/tzgg/202402/t20240208_245836.html,https://nfj.nea.gov.cn/xwzx/tzgg/index_19.html
P2,接近自动线但主题需确认,人工核验后决定是否入库,54,南方区域,国家能源局南方监管局-通知公示,国家能源局派出机构,关于发布广东统调电厂2022年12月并网运行考核及辅助服务补偿结果的通知 2023-02-21,2023-02-21,辅助服务,HTML,https://nfj.nea.gov.cn/xwzx/tzgg/202402/t20240208_245842.html,https://nfj.nea.gov.cn/xwzx/tzgg/index_19.html
P2,接近自动线但主题需确认,人工核验后决定是否入库,54,南方区域,国家能源局南方监管局-通知公示,国家能源局派出机构,关于发布广西统调电厂2019年10月并网运行考核及辅助服务补偿结果的通知 2021-06-24,2021-06-24,辅助服务,HTML,https://nfj.nea.gov.cn/xwzx/tzgg/202402/t20240208_245663.html,https://nfj.nea.gov.cn/xwzx/tzgg/index_31.html
P2,接近自动线但主题需确认,人工核验后决定是否入库,54,南方区域,国家能源局南方监管局-通知公示,国家能源局派出机构,关于发布广西统调电厂2019年11月 并网运行考核及辅助服务补偿结果的通知 2021-06-24,2021-06-24,辅助服务,HTML,https://nfj.nea.gov.cn/xwzx/tzgg/202402/t20240208_245664.html,https://nfj.nea.gov.cn/xwzx/tzgg/index_31.html
P2,接近自动线但主题需确认,人工核验后决定是否入库,54,南方区域,国家能源局南方监管局-通知公示,国家能源局派出机构,关于发布广西统调电厂2019年12月并网运行考核及辅助服务补偿结果的通知 2021-06-24,2021-06-24,辅助服务,HTML,https://nfj.nea.gov.cn/xwzx/tzgg/202402/t20240208_245665.html,https://nfj.nea.gov.cn/xwzx/tzgg/index_31.html
P2,接近自动线但主题需确认,人工核验后决定是否入库,54,南方区域,国家能源局南方监管局-通知公示,国家能源局派出机构,关于发布广西统调电厂2019年3月并网运行考核及辅助服务补偿结果的通知 2021-06-24,2021-06-24,辅助服务,HTML,https://nfj.nea.gov.cn/xwzx/tzgg/202402/t20240208_245660.html,https://nfj.nea.gov.cn/xwzx/tzgg/index_31.html
P2,接近自动线但主题需确认,人工核验后决定是否入库,54,南方区域,国家能源局南方监管局-通知公示,国家能源局派出机构,关于发布广西统调电厂2019年7-8月 并网运行考核及辅助服务补偿结果的通知 2021-06-24,2019-07-08,辅助服务,HTML,https://nfj.nea.gov.cn/xwzx/tzgg/202402/t20240208_245661.html,https://nfj.nea.gov.cn/xwzx/tzgg/index_31.html
P2,接近自动线但主题需确认,人工核验后决定是否入库,54,南方区域,国家能源局南方监管局-通知公示,国家能源局派出机构,关于发布广西统调电厂2019年9月并网运行考核及辅助服务补偿结果的通知 2021-06-24,2021-06-24,辅助服务,HTML,https://nfj.nea.gov.cn/xwzx/tzgg/202402/t20240208_245662.html,https://nfj.nea.gov.cn/xwzx/tzgg/index_31.html
P2,接近自动线但主题需确认,人工核验后决定是否入库,54,南方区域,国家能源局南方监管局-通知公示,国家能源局派出机构,关于发布广西统调电厂2020年11月份 并网运行考核及辅助服务补偿结果的通知 2021-02-07,2021-02-07,辅助服务,HTML,https://nfj.nea.gov.cn/xwzx/tzgg/202402/t20240208_245638.html,https://nfj.nea.gov.cn/xwzx/tzgg/index_32.html
P2,接近自动线但主题需确认,人工核验后决定是否入库,54,南方区域,国家能源局南方监管局-通知公示,国家能源局派出机构,关于发布广西统调电厂2020年11月份 并网运行考核及辅助服务补偿结果的通知 2021-06-24,2021-06-24,辅助服务,HTML,https://nfj.nea.gov.cn/xwzx/tzgg/202402/t20240208_245668.html,https://nfj.nea.gov.cn/xwzx/tzgg/index_30.html
P2,接近自动线但主题需确认,人工核验后决定是否入库,54,南方区域,国家能源局南方监管局-通知公示,国家能源局派出机构,关于发布广西统调电厂2020年12月份并网运行考核及辅助服务补偿结果的通知 2021-03-08,2021-03-08,辅助服务,HTML,https://nfj.nea.gov.cn/xwzx/tzgg/202402/t20240208_245642.html,https://nfj.nea.gov.cn/xwzx/tzgg/index_32.html
P2,接近自动线但主题需确认,人工核验后决定是否入库,54,南方区域,国家能源局南方监管局-通知公示,国家能源局派出机构,关于发布广西统调电厂2020年12月份并网运行考核及辅助服务补偿结果的通知 2021-06-24,2021-06-24,辅助服务,HTML,https://nfj.nea.gov.cn/xwzx/tzgg/202402/t20240208_245669.html,https://nfj.nea.gov.cn/xwzx/tzgg/index_30.html
P2,接近自动线但主题需确认,人工核验后决定是否入库,54,南方区域,国家能源局南方监管局-通知公示,国家能源局派出机构,关于发布广西统调电厂2020年8月份并网运行考核及辅助服务补偿结果的通知 2021-06-24,2021-06-24,辅助服务,HTML,https://nfj.nea.gov.cn/xwzx/tzgg/202402/t20240208_245666.html,https://nfj.nea.gov.cn/xwzx/tzgg/index_30.html
P2,接近自动线但主题需确认,人工核验后决定是否入库,54,南方区域,国家能源局南方监管局-通知公示,国家能源局派出机构,关于发布广西统调电厂2020年9-10月份并网运行考核及辅助服务补偿结果的通知 2021-01-05,2020-09-10,辅助服务,HTML,https://nfj.nea.gov.cn/xwzx/tzgg/202402/t20240208_245632.html,https://nfj.nea.gov.cn/xwzx/tzgg/index_33.html
P2,接近自动线但主题需确认,人工核验后决定是否入库,54,南方区域,国家能源局南方监管局-通知公示,国家能源局派出机构,关于发布广西统调电厂2020年9-10月份并网运行考核及辅助服务补偿结果的通知 2021-06-24,2020-09-10,辅助服务,HTML,https://nfj.nea.gov.cn/xwzx/tzgg/202402/t20240208_245667.html,https://nfj.nea.gov.cn/xwzx/tzgg/index_30.html
P2,接近自动线但主题需确认,人工核验后决定是否入库,54,南方区域,国家能源局南方监管局-通知公示,国家能源局派出机构,关于发布广西统调电厂2021年10月份并网运行考核及辅助服务补偿结果的通知 2022-01-04,2022-01-04,辅助服务,HTML,https://nfj.nea.gov.cn/xwzx/tzgg/202402/t20240208_245722.html,https://nfj.nea.gov.cn/xwzx/tzgg/index_27.html
P2,接近自动线但主题需确认,人工核验后决定是否入库,54,南方区域,国家能源局南方监管局-通知公示,国家能源局派出机构,关于发布广西统调电厂2021年11月份并网运行考核及辅助服务补偿结果的通知 2022-03-10,2022-03-10,辅助服务,HTML,https://nfj.nea.gov.cn/xwzx/tzgg/202402/t20240208_245746.html,https://nfj.nea.gov.cn/xwzx/tzgg/index_25.html
P2,接近自动线但主题需确认,人工核验后决定是否入库,54,南方区域,国家能源局南方监管局-通知公示,国家能源局派出机构,关于发布广西统调电厂2021年1月份并网运行考核及辅助服务补偿结果的通知 2021-06-24,2021-06-24,辅助服务,HTML,https://nfj.nea.gov.cn/xwzx/tzgg/202402/t20240208_245670.html,https://nfj.nea.gov.cn/xwzx/tzgg/index_30.html
P2,接近自动线但主题需确认,人工核验后决定是否入库,54,南方区域,国家能源局南方监管局-通知公示,国家能源局派出机构,关于发布广西统调电厂2021年2、3月份并网运行考核及辅助服务补偿结果的通知 2021-06-24,2021-06-24,辅助服务,HTML,https://nfj.nea.gov.cn/xwzx/tzgg/202402/t20240208_245671.html,https://nfj.nea.gov.cn/xwzx/tzgg/index_30.html
P2,接近自动线但主题需确认,人工核验后决定是否入库,54,南方区域,国家能源局南方监管局-通知公示,国家能源局派出机构,关于发布广西统调电厂2021年4月份并网运行考核及辅助服务补偿结果的通知 2021-07-22,2021-07-22,辅助服务,HTML,https://nfj.nea.gov.cn/xwzx/tzgg/202402/t20240208_245679.html,https://nfj.nea.gov.cn/xwzx/tzgg/index_30.html
P2,接近自动线但主题需确认,人工核验后决定是否入库,54,南方区域,国家能源局南方监管局-通知公示,国家能源局派出机构,关于发布广西统调电厂2021年5月份并网运行考核及辅助服务补偿结果的通知 2021-08-17,2021-08-17,辅助服务,HTML,https://nfj.nea.gov.cn/xwzx/tzgg/202402/t20240208_245684.html,https://nfj.nea.gov.cn/xwzx/tzgg/index_29.html
P2,接近自动线但主题需确认,人工核验后决定是否入库,54,南方区域,国家能源局南方监管局-通知公示,国家能源局派出机构,关于发布广西统调电厂2021年6、7月份并网运行考核及辅助服务补偿结果的通知 2021-10-19,2021-10-19,辅助服务,HTML,https://nfj.nea.gov.cn/xwzx/tzgg/202402/t20240208_245702.html,https://nfj.nea.gov.cn/xwzx/tzgg/index_28.html
P2,接近自动线但主题需确认,人工核验后决定是否入库,54,南方区域,国家能源局南方监管局-通知公示,国家能源局派出机构,关于发布广西统调电厂2021年8、9月份并网运行考核及辅助服务补偿结果的通知 2021-12-17,2021-12-17,辅助服务,HTML,https://nfj.nea.gov.cn/xwzx/tzgg/202402/t20240208_245718.html,https://nfj.nea.gov.cn/xwzx/tzgg/index_27.html
P2,接近自动线但主题需确认,人工核验后决定是否入库,54,南方区域,国家能源局南方监管局-通知公示,国家能源局派出机构,关于发布广西统调电厂2022年1-6月份并网运行考核及辅助服务补偿结果的通知 2022-12-09,2022-01-06,辅助服务,HTML,https://nfj.nea.gov.cn/xwzx/tzgg/202402/t20240208_245818.html,https://nfj.nea.gov.cn/xwzx/tzgg/index_20.html
P2,接近自动线但主题需确认,人工核验后决定是否入库,54,南方区域,国家能源局南方监管局-通知公示,国家能源局派出机构,关于发布广西统调电厂2022年10月份并网运行考核及辅助服务补偿结果的通知 2023-01-16,2023-01-16,辅助服务,HTML,https://nfj.nea.gov.cn/xwzx/tzgg/202402/t20240208_245832.html,https://nfj.nea.gov.cn/xwzx/tzgg/index_19.html
P2,接近自动线但主题需确认,人工核验后决定是否入库,54,南方区域,国家能源局南方监管局-通知公示,国家能源局派出机构,关于发布广西统调电厂2022年11月份并网运行考核及辅助服务补偿结果的通知 2023-02-08,2023-02-08,辅助服务,HTML,https://nfj.nea.gov.cn/xwzx/tzgg/202402/t20240208_245838.html,https://nfj.nea.gov.cn/xwzx/tzgg/index_19.html
P2,接近自动线但主题需确认,人工核验后决定是否入库,54,南方区域,国家能源局南方监管局-通知公示,国家能源局派出机构,关于发布广西统调电厂2022年12月份并网运行考核及辅助服务补偿结果的通知 2023-03-06,2023-03-06,辅助服务,HTML,https://nfj.nea.gov.cn/xwzx/tzgg/202402/t20240208_245846.html,https://nfj.nea.gov.cn/xwzx/tzgg/index_18.html
P2,接近自动线但主题需确认,人工核验后决定是否入库,54,南方区域,国家能源局南方监管局-通知公示,国家能源局派出机构,关于发布广西统调电厂2022年7月份并网运行考核及辅助服务补偿结果的通知 2022-12-09,2022-12-09,辅助服务,HTML,https://nfj.nea.gov.cn/xwzx/tzgg/202402/t20240208_245819.html,https://nfj.nea.gov.cn/xwzx/tzgg/index_20.html
P2,接近自动线但主题需确认,人工核验后决定是否入库,54,南方区域,国家能源局南方监管局-通知公示,国家能源局派出机构,关于发布广西统调电厂2022年8月份并网运行考核及辅助服务补偿结果的通知 2023-01-16,2023-01-16,辅助服务,HTML,https://nfj.nea.gov.cn/xwzx/tzgg/202402/t20240208_245830.html,https://nfj.nea.gov.cn/xwzx/tzgg/index_19.html
P2,接近自动线但主题需确认,人工核验后决定是否入库,54,南方区域,国家能源局南方监管局-通知公示,国家能源局派出机构,关于发布广西统调电厂2022年9月份并网运行考核及辅助服务补偿结果的通知 2023-01-16,2023-01-16,辅助服务,HTML,https://nfj.nea.gov.cn/xwzx/tzgg/202402/t20240208_245831.html,https://nfj.nea.gov.cn/xwzx/tzgg/index_19.html
P2,接近自动线但主题需确认,人工核验后决定是否入库,54,南方区域,国家能源局南方监管局-通知公示,国家能源局派出机构,关于发布海南统调电厂2020年11月并网运行考核及辅助服务补偿结果的通知 2021-01-05,2021-01-05,辅助服务,HTML,https://nfj.nea.gov.cn/xwzx/tzgg/202402/t20240208_245633.html,https://nfj.nea.gov.cn/xwzx/tzgg/index_33.html
P2,接近自动线但主题需确认,人工核验后决定是否入库,54,南方区域,国家能源局南方监管局-通知公示,国家能源局派出机构,关于发布海南统调电厂2021年10月并网运行考核及辅助服务补偿结果的通知 2022-02-11,2022-02-11,辅助服务,HTML,https://nfj.nea.gov.cn/xwzx/tzgg/202402/t20240208_245733.html,https://nfj.nea.gov.cn/xwzx/tzgg/index_26.html
P2,接近自动线但主题需确认,人工核验后决定是否入库,54,南方区域,国家能源局南方监管局-通知公示,国家能源局派出机构,关于发布海南统调电厂2021年11、12月并网运行考核及辅助服务补偿结果的通知 2022-02-25,2022-02-25,辅助服务,HTML,https://nfj.nea.gov.cn/xwzx/tzgg/202402/t20240208_245738.html,https://nfj.nea.gov.cn/xwzx/tzgg/index_26.html
P2,接近自动线但主题需确认,人工核验后决定是否入库,54,南方区域,国家能源局南方监管局-通知公示,国家能源局派出机构,关于发布海南统调电厂2021年8月并网运行考核及辅助服务补偿结果的通知 2021-10-25,2021-10-25,辅助服务,HTML,https://nfj.nea.gov.cn/xwzx/tzgg/202402/t20240208_245704.html,https://nfj.nea.gov.cn/xwzx/tzgg/index_28.html
P2,接近自动线但主题需确认,人工核验后决定是否入库,54,南方区域,国家能源局南方监管局-通知公示,国家能源局派出机构,关于发布海南统调电厂2021年9月并网运行考核及辅助服务补偿结果的通知 2021-11-22,2021-11-22,辅助服务,HTML,https://nfj.nea.gov.cn/xwzx/tzgg/202402/t20240208_245712.html,https://nfj.nea.gov.cn/xwzx/tzgg/index_27.html
P2,接近自动线但主题需确认,人工核验后决定是否入库,54,南方区域,国家能源局南方监管局-通知公示,国家能源局派出机构,关于发布海南统调电厂2022年1月并网运行考核及辅助服务补偿结果的通知 2022-04-18,2022-04-18,辅助服务,HTML,https://nfj.nea.gov.cn/xwzx/tzgg/202402/t20240208_245759.html,https://nfj.nea.gov.cn/xwzx/tzgg/index_24.html
P2,接近自动线但主题需确认,人工核验后决定是否入库,54,南方区域,国家能源局南方监管局-通知公示,国家能源局派出机构,关于发布海南统调电厂2022年2月并网运行考核及辅助服务补偿结果的通知 2022-05-19,2022-05-19,辅助服务,HTML,https://nfj.nea.gov.cn/xwzx/tzgg/202402/t20240208_245764.html,https://nfj.nea.gov.cn/xwzx/tzgg/index_24.html
P2,接近自动线但主题需确认,人工核验后决定是否入库,54,南方区域,国家能源局南方监管局-通知公示,国家能源局派出机构,关于发布海南统调电厂2022年3月并网运行考核及辅助服务补偿结果的通知 2022-06-07,2022-06-07,辅助服务,HTML,https://nfj.nea.gov.cn/xwzx/tzgg/202402/t20240208_245771.html,https://nfj.nea.gov.cn/xwzx/tzgg/index_23.html
P2,接近自动线但主题需确认,人工核验后决定是否入库,54,南方区域,国家能源局南方监管局-通知公示,国家能源局派出机构,关于发布海南统调电厂2022年4月并网运行考核及辅助服务补偿结果的通知 2022-07-13,2022-07-13,辅助服务,HTML,https://nfj.nea.gov.cn/xwzx/tzgg/202402/t20240208_245782.html,https://nfj.nea.gov.cn/xwzx/tzgg/index_23.html
P2,接近自动线但主题需确认,人工核验后决定是否入库,54,南方区域,国家能源局南方监管局-通知公示,国家能源局派出机构,关于发布海南统调电厂2022年5月并网运行考核及辅助服务补偿结果的通知 2022-07-21,2022-07-21,辅助服务,HTML,https://nfj.nea.gov.cn/xwzx/tzgg/202402/t20240208_245786.html,https://nfj.nea.gov.cn/xwzx/tzgg/index_22.html
P2,接近自动线但主题需确认,人工核验后决定是否入库,54,南方区域,国家能源局南方监管局-通知公示,国家能源局派出机构,关于发布海南统调电厂2022年6月并网运行考核及辅助服务补偿结果的通知 2022-08-29,2022-08-29,辅助服务,HTML,https://nfj.nea.gov.cn/xwzx/tzgg/202402/t20240208_245795.html,https://nfj.nea.gov.cn/xwzx/tzgg/index_22.html
P2,接近自动线但主题需确认,人工核验后决定是否入库,54,南方区域,国家能源局南方监管局-通知公示,国家能源局派出机构,关于发布海南统调电厂2022年6月并网运行考核及辅助服务补偿结果的通知 2022-09-02,2022-09-02,辅助服务,HTML,https://nfj.nea.gov.cn/xwzx/tzgg/202402/t20240208_245797.html,https://nfj.nea.gov.cn/xwzx/tzgg/index_22.html
P2,接近自动线但主题需确认,人工核验后决定是否入库,54,南方区域,国家能源局南方监管局-通知公示,国家能源局派出机构,关于发布海南统调电厂2022年7月并网运行考核及辅助服务补偿结果的通知 2022-10-11,2022-10-11,辅助服务,HTML,https://nfj.nea.gov.cn/xwzx/tzgg/202402/t20240208_245805.html,https://nfj.nea.gov.cn/xwzx/tzgg/index_21.html
P2,接近自动线但主题需确认,人工核验后决定是否入库,54,南方区域,国家能源局南方监管局-通知公示,国家能源局派出机构,关于发布海南统调电厂2022年8-12月份并网运行考核及辅助服务补偿结果的通知 2023-05-31,2022-08-12,辅助服务,HTML,https://nfj.nea.gov.cn/xwzx/tzgg/202402/t20240208_245865.html,https://nfj.nea.gov.cn/xwzx/tzgg/index_17.html
P2,征求意见类，需确认是否已有正式稿,人工确认有效状态后再入库,54,南方区域,国家能源局南方监管局-通知公示,国家能源局派出机构,关于征求《海南电力中长期交易规则 （征求意见稿）》意见的通知 2022-01-12,2022-01-12,交易规则;中长期,HTML,https://nfj.nea.gov.cn/xwzx/tzgg/202402/t20240208_245726.html,https://nfj.nea.gov.cn/xwzx/tzgg/index_26.html
P2,征求意见类，需确认是否已有正式稿,人工确认有效状态后再入库,54,南方区域,国家能源局南方监管局-通知公示,国家能源局派出机构,关于征求南方区域备用辅助服务市场建设方案意见的函 2021-09-14,2021-09-14,辅助服务;备用,HTML,https://nfj.nea.gov.cn/xwzx/tzgg/202402/t20240208_245691.html,https://nfj.nea.gov.cn/xwzx/tzgg/index_29.html
P2,接近自动线但主题需确认,人工核验后决定是否入库,54,南方区域,国家能源局南方监管局-通知公示,国家能源局派出机构,南方能源监管局加强监管 保障辖区内2024年年度交易顺利完成 2024-01-26,2024-01-26,年度交易,HTML,https://nfj.nea.gov.cn/xwzx/tzgg/202402/t20240208_245958.html,https://nfj.nea.gov.cn/xwzx/tzgg/index_11.html
P2,接近自动线但主题需确认,人工核验后决定是否入库,54,南方区域,国家能源局南方监管局-通知公示,国家能源局派出机构,转发国家能源局综合司关于做好岁末年初、迎峰度冬期间电力建设工程施工安全工作的通知 2023-12-06,2023-12-06,迎峰度冬,HTML,https://nfj.nea.gov.cn/xwzx/tzgg/202402/t20240208_245937.html,https://nfj.nea.gov.cn/xwzx/tzgg/index_12.html
P2,接近自动线但主题需确认,人工核验后决定是否入库,54,四川,国家能源局四川监管办公室-通知公告,国家能源局四川监管办公室,关于公布2023年1月四川省直调发电厂辅助服务补偿及并网运行考核情况的通知 2023-06-15,2023-06-15,辅助服务,HTML,https://scb.nea.gov.cn/dtyw/tzgg/202310/t20231009_134396.html,https://scb.nea.gov.cn/dtyw/tzgg/index_16.html
P2,接近自动线但主题需确认,人工核验后决定是否入库,54,四川,国家能源局四川监管办公室-通知公告,国家能源局四川监管办公室,关于公布2023年2月四川省直调发电厂辅助服务补偿及并网运行考核情况的通知 2023-09-06,2023-09-06,辅助服务,HTML,https://scb.nea.gov.cn/dtyw/tzgg/202310/t20231009_134404.html,https://scb.nea.gov.cn/dtyw/tzgg/index_15.html
P2,征求意见类，需确认是否已有正式稿,人工确认有效状态后再入库,54,四川,国家能源局四川监管办公室-通知公告,国家能源局四川监管办公室,关于公开征求《四川电力中长期交易规则（2024年修订版征求意见稿）》意见的通知 2024-11-08,2024-11-08,交易规则;中长期,PDF,https://scb.nea.gov.cn/dtyw/tzgg/202411/P020241108651338855917.pdf,https://scb.nea.gov.cn/dtyw/tzgg/index_9.html
P2,征求意见类，需确认是否已有正式稿,人工确认有效状态后再入库,54,四川,国家能源局四川监管办公室-通知公告,国家能源局四川监管办公室,关于公开征求《四川负荷侧调峰辅助服务市场交易细则（征求意见稿）》意见的通知 2023-04-19,2023-04-19,辅助服务;调峰,HTML,https://scb.nea.gov.cn/dtyw/tzgg/202310/t20231009_134378.html,https://scb.nea.gov.cn/dtyw/tzgg/index_17.html
P2,接近自动线但主题需确认,人工核验后决定是否入库,54,四川,四川省发展和改革委员会-通知公告,四川省发展和改革委员会,关于印发《四川省新型储能电站安全管理工作导则（暂行）》的通知（川发改能源〔2025〕63号）,2025-02-20,新型储能,HTML,https://fgw.sc.gov.cn/sfgw/tzgg/2025/2/20/e9aa1978982a444a9b72afb3ee856872.shtml,https://fgw.sc.gov.cn/sfgw/tzgg/list_13.shtml
P2,接近自动线但主题需确认,人工核验后决定是否入库,54,四川,国家能源局四川监管办公室-通知公告,国家能源局四川监管办公室,关于将储能设施纳入四川自动发电控制辅助服务市场试运行的通知 2021-03-19,2021-03-19,辅助服务,HTML,https://scb.nea.gov.cn/dtyw/tzgg/202310/t20231009_134244.html,https://scb.nea.gov.cn/dtyw/tzgg/index_25.html
P2,接近自动线但主题需确认,人工核验后决定是否入库,54,四川,四川省发展和改革委员会-通知公告,四川省发展和改革委员会,关于开展四川电力市场2024年保底售电服务有关工作的通知（川发改能源〔2024〕95号）,2024-03-22,电力市场,HTML,https://fgw.sc.gov.cn/sfgw/c106096/2024/3/22/8f969784932d4c29a4f1e6d6b1a9e8b6.shtml,https://fgw.sc.gov.cn/sfgw/tzgg/list_22.shtml
P2,接近自动线但主题需确认,人工核验后决定是否入库,54,四川,四川省发展和改革委员会-通知公告,四川省发展和改革委员会,关于明确四川电力市场2024年保底售电公司的通知（川发改能源〔2024〕135号）,2024-04-26,电力市场,HTML,https://fgw.sc.gov.cn/sfgw/tzgg/2024/4/26/e3c95a8153df4d388d0050aa9dfdeb3f.shtml,https://fgw.sc.gov.cn/sfgw/tzgg/list_20.shtml
P2,接近自动线但主题需确认,人工核验后决定是否入库,54,四川,四川省发展和改革委员会-通知公告,四川省发展和改革委员会,关于贯彻落实《国家发展改革委 国家能源局关于建立煤电容量电价机制的通知》的通知（川发改价格〔2024〕24号...,2024-01-19,容量电价,HTML,https://fgw.sc.gov.cn/sfgw/tzgg/2024/1/19/22753ed83506404f9cdd02af75e258ca.shtml,https://fgw.sc.gov.cn/sfgw/tzgg/list_22.shtml
P2,接近自动线但主题需确认,人工核验后决定是否入库,54,四川,四川省发展和改革委员会-通知公告,四川省发展和改革委员会,关于进一步完善新型储能价格机制的通知(川发改价格〔2025〕14号),2025-03-07,新型储能,HTML,https://fgw.sc.gov.cn/sfgw/tzgg/2025/3/7/6cc70ce84eb64e40b0bc543f715f9861.shtml,https://fgw.sc.gov.cn/sfgw/tzgg/list_13.shtml
P2,接近自动线但主题需确认,人工核验后决定是否入库,54,山东,国家能源局山东监管办公室-通知公告,国家能源局派出机构,关于填报2011年电力交易与市场秩序有关数据的通知 2012-02-03,2012-02-03,电力交易,HTML,https://sdb.nea.gov.cn/dtyw/tzgg/202309/t20230919_110034.html,https://sdb.nea.gov.cn/dtyw/tzgg/index_31.html
P2,征求意见类，需确认是否已有正式稿,人工确认有效状态后再入库,54,山东,国家能源局山东监管办公室-通知公告,国家能源局派出机构,关于征求《山东省电力中长期交易规则(试行)》意见的函 2017-01-20,2017-01-20,交易规则;中长期,HTML,https://sdb.nea.gov.cn/dtyw/tzgg/202309/t20230919_110317.html,https://sdb.nea.gov.cn/dtyw/tzgg/index_12.html
P2,征求意见类，需确认是否已有正式稿,人工确认有效状态后再入库,54,山东,国家能源局山东监管办公室-通知公告,国家能源局派出机构,山东能源监管办关于征求《山东省发电厂并网运行管理实施细则(2022年修订版)》等六个规范性文... 2022-10-10,2022-10-10,实施细则,HTML,https://sdb.nea.gov.cn/dtyw/tzgg/202309/t20230919_110470.html,https://sdb.nea.gov.cn/dtyw/tzgg/index_2.html
P2,征求意见类，需确认是否已有正式稿,人工确认有效状态后再入库,54,山东,国家能源局山东监管办公室-通知公告,国家能源局派出机构,山东能源监管办关于征求《山东省电力并网运行管理实施细则(2023年修订版)》《山东省电力辅助... 2023-03-08,2023-03-08,实施细则,HTML,https://sdb.nea.gov.cn/dtyw/tzgg/202309/t20230919_110472.html,https://sdb.nea.gov.cn/dtyw/tzgg/index_2.html
P2,接近自动线但主题需确认,人工核验后决定是否入库,54,山西,山西省能源局-政策文件检索电力,山西省能源局,关于滚动调整新型储能项目建设库的通知,2023-05-08,新型储能,HTML,http://nyj.shanxi.gov.cn/zfxxgk/fdzdgknr/sjwj/202311/t20231129_9435605.shtml,https://nyj.shanxi.gov.cn/trs-search/trssearch/openSearch/getZwgkList?keywords=%E7%94%B5%E5%8A%9B&pageNum=6&siteId=60&chnId=&dockind=2&position=0&sort=1&suitability=0
P2,接近自动线但主题需确认,人工核验后决定是否入库,54,山西,山西省能源局-政策文件检索电力,山西省能源局,山西省能源局关于推动能源领域科技装备高质量发展的通知,2023-12-01,高质量发展,HTML,http://nyj.shanxi.gov.cn/zfxxgk/fdzdgknr/sjwj/202312/t20231208_9441893.shtml,https://nyj.shanxi.gov.cn/trs-search/trssearch/openSearch/getZwgkList?keywords=%E7%94%B5%E5%8A%9B&pageNum=9&siteId=60&chnId=&dockind=2&position=0&sort=1&suitability=0
P2,接近自动线但主题需确认,人工核验后决定是否入库,54,广东,广东省能源局-通知公告,广东省能源局,广东省能源局 国家能源局南方监管局关于2025年电力市场交易有关事项的通知11-22,,电力市场,HTML,https://drc.gd.gov.cn/snyj/tzgg/content/post_4582745.html,https://drc.gd.gov.cn/snyj/tzgg/mindex_10.html
P2,征求意见类，需确认是否已有正式稿,人工确认有效状态后再入库,54,新疆,国家能源局新疆监管办公室-通知公告,国家能源局新疆监管办公室,关于公开征求《<新疆电力中长期交易实施细则>部分条款修订稿》意见的通知 2025-04-20,2025-04-20,实施细则;中长期,HTML,https://xjb.nea.gov.cn/dtyw/tzgg/202504/t20250421_279829.html,https://xjb.nea.gov.cn/dtyw/tzgg/index_2.html
P2,征求意见类，需确认是否已有正式稿,人工确认有效状态后再入库,54,新疆,国家能源局新疆监管办公室-通知公告,国家能源局新疆监管办公室,关于公开征求《新疆电力辅助服务市场运营规则（征求意见稿）》意见的通知 2025-04-20,2025-04-20,运营规则;辅助服务,HTML,https://xjb.nea.gov.cn/dtyw/tzgg/202504/t20250421_279828.html,https://xjb.nea.gov.cn/dtyw/tzgg/index_2.html
P2,公告/公示类，需确认是否为规则正文或仅为过程信息,人工确认正文性质后再入库,54,新疆,国家能源局新疆监管办公室-通知公告,国家能源局新疆监管办公室,关于公示2018年10月份新疆电网“两个细则”考核补偿情况的通知 2018-11-21,2018-11-21,电网,HTML,https://xjb.nea.gov.cn/dtyw/tzgg/202309/t20230923_116231.html,https://xjb.nea.gov.cn/dtyw/tzgg/index_30.html
P2,公告/公示类，需确认是否为规则正文或仅为过程信息,人工确认正文性质后再入库,54,新疆,国家能源局新疆监管办公室-通知公告,国家能源局新疆监管办公室,关于公示2018年11月份新疆电网“两个细则”考核补偿情况的通知 2019-01-02,2019-01-02,电网,HTML,https://xjb.nea.gov.cn/dtyw/tzgg/202309/t20230923_116248.html,https://xjb.nea.gov.cn/dtyw/tzgg/index_29.html
P2,公告/公示类，需确认是否为规则正文或仅为过程信息,人工确认正文性质后再入库,54,新疆,国家能源局新疆监管办公室-通知公告,国家能源局新疆监管办公室,关于公示2018年12月份新疆电网“两个细则”考核和补偿情况的通知 2019-01-24,2019-01-24,电网,HTML,https://xjb.nea.gov.cn/dtyw/tzgg/202309/t20230923_116258.html,https://xjb.nea.gov.cn/dtyw/tzgg/index_28.html
P2,公告/公示类，需确认是否为规则正文或仅为过程信息,人工确认正文性质后再入库,54,新疆,国家能源局新疆监管办公室-通知公告,国家能源局新疆监管办公室,关于公示2018年1、2月份新疆电网“两个细则” 考核补偿情况的通知 2018-05-18,2018-05-18,电网,HTML,https://xjb.nea.gov.cn/dtyw/tzgg/202309/t20230923_116190.html,https://xjb.nea.gov.cn/dtyw/tzgg/index_33.html
P2,公告/公示类，需确认是否为规则正文或仅为过程信息,人工确认正文性质后再入库,54,新疆,国家能源局新疆监管办公室-通知公告,国家能源局新疆监管办公室,关于公示2018年3月、4月、5月新疆电网“两个细则”考核补偿情况的通知 2018-07-20,2018-07-20,电网,HTML,https://xjb.nea.gov.cn/dtyw/tzgg/202309/t20230923_116199.html,https://xjb.nea.gov.cn/dtyw/tzgg/index_32.html
P2,公告/公示类，需确认是否为规则正文或仅为过程信息,人工确认正文性质后再入库,54,新疆,国家能源局新疆监管办公室-通知公告,国家能源局新疆监管办公室,关于公示2018年6月份新疆电网“两个细则”考核补偿情况的通知 2018-10-09,2018-10-09,电网,HTML,https://xjb.nea.gov.cn/dtyw/tzgg/202309/t20230923_116216.html,https://xjb.nea.gov.cn/dtyw/tzgg/index_31.html
P2,公告/公示类，需确认是否为规则正文或仅为过程信息,人工确认正文性质后再入库,54,新疆,国家能源局新疆监管办公室-通知公告,国家能源局新疆监管办公室,关于公示2018年7月份新疆电网“两个细则”考核补偿情况的通知 2018-10-09,2018-10-09,电网,HTML,https://xjb.nea.gov.cn/dtyw/tzgg/202309/t20230923_116217.html,https://xjb.nea.gov.cn/dtyw/tzgg/index_31.html
P2,公告/公示类，需确认是否为规则正文或仅为过程信息,人工确认正文性质后再入库,54,新疆,国家能源局新疆监管办公室-通知公告,国家能源局新疆监管办公室,关于公示2018年8月份新疆电网“两个细则”考核补偿情况的通知 2018-10-09,2018-10-09,电网,HTML,https://xjb.nea.gov.cn/dtyw/tzgg/202309/t20230923_116218.html,https://xjb.nea.gov.cn/dtyw/tzgg/index_31.html
P2,公告/公示类，需确认是否为规则正文或仅为过程信息,人工确认正文性质后再入库,54,新疆,国家能源局新疆监管办公室-通知公告,国家能源局新疆监管办公室,关于公示2018年9月份新疆电网“两个细则”考核补偿情况的通知 2018-11-13,2018-11-13,电网,HTML,https://xjb.nea.gov.cn/dtyw/tzgg/202309/t20230923_116228.html,https://xjb.nea.gov.cn/dtyw/tzgg/index_30.html
P2,公告/公示类，需确认是否为规则正文或仅为过程信息,人工确认正文性质后再入库,54,新疆,国家能源局新疆监管办公室-通知公告,国家能源局新疆监管办公室,关于公示2019年10月新疆电网“两个细则”考核补偿情况的通知 2019-11-27,2019-11-27,电网,HTML,https://xjb.nea.gov.cn/dtyw/tzgg/202309/t20230923_116355.html,https://xjb.nea.gov.cn/dtyw/tzgg/index_22.html
P2,公告/公示类，需确认是否为规则正文或仅为过程信息,人工确认正文性质后再入库,54,新疆,国家能源局新疆监管办公室-通知公告,国家能源局新疆监管办公室,关于公示2019年11月新疆电网“两个细则”考核补偿情况的通知 2019-12-23,2019-12-23,电网,HTML,https://xjb.nea.gov.cn/dtyw/tzgg/202309/t20230923_116360.html,https://xjb.nea.gov.cn/dtyw/tzgg/index_22.html
P2,公告/公示类，需确认是否为规则正文或仅为过程信息,人工确认正文性质后再入库,54,新疆,国家能源局新疆监管办公室-通知公告,国家能源局新疆监管办公室,关于公示2019年12月份新疆电网“两个细则”考核补偿情况的通知 2020-01-19,2020-01-19,电网,HTML,https://xjb.nea.gov.cn/dtyw/tzgg/202309/t20230923_116380.html,https://xjb.nea.gov.cn/dtyw/tzgg/index_20.html
P2,公告/公示类，需确认是否为规则正文或仅为过程信息,人工确认正文性质后再入库,54,新疆,国家能源局新疆监管办公室-通知公告,国家能源局新疆监管办公室,关于公示2019年1月份新疆电网“两个细则”考核补偿情况的通知 2019-05-22,2019-05-22,电网,HTML,https://xjb.nea.gov.cn/dtyw/tzgg/202309/t20230923_116286.html,https://xjb.nea.gov.cn/dtyw/tzgg/index_27.html
P2,公告/公示类，需确认是否为规则正文或仅为过程信息,人工确认正文性质后再入库,54,新疆,国家能源局新疆监管办公室-通知公告,国家能源局新疆监管办公室,关于公示2019年2月份新疆电网“两个细则”考核补偿情况的通知 2019-05-22,2019-05-22,电网,HTML,https://xjb.nea.gov.cn/dtyw/tzgg/202309/t20230923_116287.html,https://xjb.nea.gov.cn/dtyw/tzgg/index_27.html
P2,公告/公示类，需确认是否为规则正文或仅为过程信息,人工确认正文性质后再入库,54,新疆,国家能源局新疆监管办公室-通知公告,国家能源局新疆监管办公室,关于公示2019年3月份新疆电网“两个细则”考核补偿情况的通知 2019-06-06,2019-06-06,电网,HTML,https://xjb.nea.gov.cn/dtyw/tzgg/202309/t20230923_116291.html,https://xjb.nea.gov.cn/dtyw/tzgg/index_26.html
P2,公告/公示类，需确认是否为规则正文或仅为过程信息,人工确认正文性质后再入库,54,新疆,国家能源局新疆监管办公室-通知公告,国家能源局新疆监管办公室,关于公示2019年4月新疆电网“两个细则”考核补偿情况的通知 2019-06-26,2019-06-26,电网,HTML,https://xjb.nea.gov.cn/dtyw/tzgg/202309/t20230923_116295.html,https://xjb.nea.gov.cn/dtyw/tzgg/index_26.html
P2,公告/公示类，需确认是否为规则正文或仅为过程信息,人工确认正文性质后再入库,54,新疆,国家能源局新疆监管办公室-通知公告,国家能源局新疆监管办公室,关于公示2019年5月份新疆电网“两个细则”考核补偿情况的通知 2019-07-17,2019-07-17,电网,HTML,https://xjb.nea.gov.cn/dtyw/tzgg/202309/t20230923_116305.html,https://xjb.nea.gov.cn/dtyw/tzgg/index_25.html
P2,公告/公示类，需确认是否为规则正文或仅为过程信息,人工确认正文性质后再入库,54,新疆,国家能源局新疆监管办公室-通知公告,国家能源局新疆监管办公室,关于公示2019年6月份新疆电网“两个细则”考核补偿情况的通知 2019-08-16,2019-08-16,电网,HTML,https://xjb.nea.gov.cn/dtyw/tzgg/202309/t20230923_116315.html,https://xjb.nea.gov.cn/dtyw/tzgg/index_25.html
P2,公告/公示类，需确认是否为规则正文或仅为过程信息,人工确认正文性质后再入库,54,新疆,国家能源局新疆监管办公室-通知公告,国家能源局新疆监管办公室,关于公示2019年7月新疆电网“两个细则”考核补偿情况的通知 2019-10-24,2019-10-24,电网,HTML,https://xjb.nea.gov.cn/dtyw/tzgg/202309/t20230923_116339.html,https://xjb.nea.gov.cn/dtyw/tzgg/index_23.html
P2,公告/公示类，需确认是否为规则正文或仅为过程信息,人工确认正文性质后再入库,54,新疆,国家能源局新疆监管办公室-通知公告,国家能源局新疆监管办公室,关于公示2019年8月新疆电网“两个细则”考核补偿情况的通知 2019-10-24,2019-10-24,电网,HTML,https://xjb.nea.gov.cn/dtyw/tzgg/202309/t20230923_116340.html,https://xjb.nea.gov.cn/dtyw/tzgg/index_23.html
P2,公告/公示类，需确认是否为规则正文或仅为过程信息,人工确认正文性质后再入库,54,新疆,国家能源局新疆监管办公室-通知公告,国家能源局新疆监管办公室,关于公示2019年9月新疆电网“两个细则”考核补偿情况的通知 2019-10-31,2019-10-31,电网,HTML,https://xjb.nea.gov.cn/dtyw/tzgg/202309/t20230923_116342.html,https://xjb.nea.gov.cn/dtyw/tzgg/index_23.html
P2,公告/公示类，需确认是否为规则正文或仅为过程信息,人工确认正文性质后再入库,54,新疆,国家能源局新疆监管办公室-通知公告,国家能源局新疆监管办公室,关于公示2020年10月新疆电网、天中、吉泉直流配套电源“两个细则”考核和补偿结果的通知 2020-12-11,2020-12-11,电网,HTML,https://xjb.nea.gov.cn/dtyw/tzgg/202309/t20230923_116455.html,https://xjb.nea.gov.cn/dtyw/tzgg/index_15.html
P2,公告/公示类，需确认是否为规则正文或仅为过程信息,人工确认正文性质后再入库,54,新疆,国家能源局新疆监管办公室-通知公告,国家能源局新疆监管办公室,关于公示2020年11月新疆电网、天中、吉泉直流配套电源“两个细则”考核补偿结果的通知 2021-01-04,2021-01-04,电网,HTML,https://xjb.nea.gov.cn/dtyw/tzgg/202309/t20230923_116462.html,https://xjb.nea.gov.cn/dtyw/tzgg/index_15.html
P2,公告/公示类，需确认是否为规则正文或仅为过程信息,人工确认正文性质后再入库,54,新疆,国家能源局新疆监管办公室-通知公告,国家能源局新疆监管办公室,关于公示2020年12月新疆电网、天中、吉泉直流配套电源“两个细则”考核和补偿结果的通知 2021-02-19,2021-02-19,电网,HTML,https://xjb.nea.gov.cn/dtyw/tzgg/202309/t20230923_116468.html,https://xjb.nea.gov.cn/dtyw/tzgg/index_14.html
P2,公告/公示类，需确认是否为规则正文或仅为过程信息,人工确认正文性质后再入库,54,新疆,国家能源局新疆监管办公室-通知公告,国家能源局新疆监管办公室,关于公示2020年1月新疆电网、天中、吉泉直流配套电源“两个细则”考核和补偿结果的通知 2020-04-15,2020-04-15,电网,HTML,https://xjb.nea.gov.cn/dtyw/tzgg/202309/t20230923_116392.html,https://xjb.nea.gov.cn/dtyw/tzgg/index_20.html
P2,公告/公示类，需确认是否为规则正文或仅为过程信息,人工确认正文性质后再入库,54,新疆,国家能源局新疆监管办公室-通知公告,国家能源局新疆监管办公室,关于公示2020年2月新疆电网“两个细则”考核和补偿结果的通知 2020-05-18,2020-05-18,电网,HTML,https://xjb.nea.gov.cn/dtyw/tzgg/202309/t20230923_116401.html,https://xjb.nea.gov.cn/dtyw/tzgg/index_19.html
P2,公告/公示类，需确认是否为规则正文或仅为过程信息,人工确认正文性质后再入库,54,新疆,国家能源局新疆监管办公室-通知公告,国家能源局新疆监管办公室,关于公示2020年3月新疆电网、天中、吉泉直流配套电源“两个细则”考核和补偿结果的通知 2020-06-05,2020-06-05,电网,HTML,https://xjb.nea.gov.cn/dtyw/tzgg/202309/t20230923_116408.html,https://xjb.nea.gov.cn/dtyw/tzgg/index_18.html
P2,公告/公示类，需确认是否为规则正文或仅为过程信息,人工确认正文性质后再入库,54,新疆,国家能源局新疆监管办公室-通知公告,国家能源局新疆监管办公室,关于公示2020年4月新疆电网“两个细则”考核和补偿结果的通知 2020-06-05,2020-06-05,电网,HTML,https://xjb.nea.gov.cn/dtyw/tzgg/202309/t20230923_116410.html,https://xjb.nea.gov.cn/dtyw/tzgg/index_18.html
P2,公告/公示类，需确认是否为规则正文或仅为过程信息,人工确认正文性质后再入库,54,新疆,国家能源局新疆监管办公室-通知公告,国家能源局新疆监管办公室,关于公示2020年5月新疆电网“两个细则”考核和补偿结果的通知 2020-06-12,2020-06-12,电网,HTML,https://xjb.nea.gov.cn/dtyw/tzgg/202309/t20230923_116411.html,https://xjb.nea.gov.cn/dtyw/tzgg/index_18.html
P2,公告/公示类，需确认是否为规则正文或仅为过程信息,人工确认正文性质后再入库,54,新疆,国家能源局新疆监管办公室-通知公告,国家能源局新疆监管办公室,关于公示2020年6月新疆电网、天中、吉泉直流配套电源“两个细则”考核补偿结果的通知 2020-09-25,2020-09-25,电网,HTML,https://xjb.nea.gov.cn/dtyw/tzgg/202309/t20230923_116432.html,https://xjb.nea.gov.cn/dtyw/tzgg/index_17.html
P2,公告/公示类，需确认是否为规则正文或仅为过程信息,人工确认正文性质后再入库,54,新疆,国家能源局新疆监管办公室-通知公告,国家能源局新疆监管办公室,关于公示2020年7月新疆电网、天中、吉泉直流配套电源“两个细则”考核和补偿结果的通知 2020-10-13,2020-10-13,电网,HTML,https://xjb.nea.gov.cn/dtyw/tzgg/202309/t20230923_116436.html,https://xjb.nea.gov.cn/dtyw/tzgg/index_17.html
P2,公告/公示类，需确认是否为规则正文或仅为过程信息,人工确认正文性质后再入库,54,新疆,国家能源局新疆监管办公室-通知公告,国家能源局新疆监管办公室,关于公示2020年8月新疆电网、天中、吉泉直流配套电源“两个细则”考核和补偿结果的通知 2020-11-13,2020-11-13,电网,HTML,https://xjb.nea.gov.cn/dtyw/tzgg/202309/t20230923_116444.html,https://xjb.nea.gov.cn/dtyw/tzgg/index_16.html
P2,公告/公示类，需确认是否为规则正文或仅为过程信息,人工确认正文性质后再入库,54,新疆,国家能源局新疆监管办公室-通知公告,国家能源局新疆监管办公室,关于公示2020年9月新疆电网、天中、吉泉直流配套电源“两个细则”考核补偿结果的通知 2020-12-02,2020-12-02,电网,HTML,https://xjb.nea.gov.cn/dtyw/tzgg/202309/t20230923_116448.html,https://xjb.nea.gov.cn/dtyw/tzgg/index_16.html
P2,公告/公示类，需确认是否为规则正文或仅为过程信息,人工确认正文性质后再入库,54,新疆,国家能源局新疆监管办公室-通知公告,国家能源局新疆监管办公室,关于公示2021年10月新疆电网、天中、吉泉直流配套电源“两个细则”考核和补偿结果的通知 2021-12-15,2021-12-15,电网,HTML,https://xjb.nea.gov.cn/dtyw/tzgg/202309/t20230923_116521.html,https://xjb.nea.gov.cn/dtyw/tzgg/index_11.html
P2,公告/公示类，需确认是否为规则正文或仅为过程信息,人工确认正文性质后再入库,54,新疆,国家能源局新疆监管办公室-通知公告,国家能源局新疆监管办公室,关于公示2021年11月新疆电网、天中、吉泉直流配套电源“两个细则”考核补偿结果的通知 2022-01-25,2022-01-25,电网,HTML,https://xjb.nea.gov.cn/dtyw/tzgg/202309/t20230923_116534.html,https://xjb.nea.gov.cn/dtyw/tzgg/index_10.html
P2,公告/公示类，需确认是否为规则正文或仅为过程信息,人工确认正文性质后再入库,54,新疆,国家能源局新疆监管办公室-通知公告,国家能源局新疆监管办公室,关于公示2021年12月新疆电网、天中、吉泉直流配套电源“两个细则”考核补偿结果的通知 2022-05-19,2022-05-19,电网,HTML,https://xjb.nea.gov.cn/dtyw/tzgg/202309/t20230923_116553.html,https://xjb.nea.gov.cn/dtyw/tzgg/index_9.html
P2,公告/公示类，需确认是否为规则正文或仅为过程信息,人工确认正文性质后再入库,54,新疆,国家能源局新疆监管办公室-通知公告,国家能源局新疆监管办公室,关于公示2021年1月新疆电网、天中、吉泉直流配套电源“两个细则”考核补偿结果的通知 2021-04-23,2021-04-23,电网,HTML,https://xjb.nea.gov.cn/dtyw/tzgg/202309/t20230923_116477.html,https://xjb.nea.gov.cn/dtyw/tzgg/index_14.html
P2,公告/公示类，需确认是否为规则正文或仅为过程信息,人工确认正文性质后再入库,54,新疆,国家能源局新疆监管办公室-通知公告,国家能源局新疆监管办公室,关于公示2021年2月新疆电网、天中、吉泉直流配套电源“两个细则”考核补偿结果的通知 2021-04-28,2021-04-28,电网,HTML,https://xjb.nea.gov.cn/dtyw/tzgg/202309/t20230923_116479.html,https://xjb.nea.gov.cn/dtyw/tzgg/index_14.html
P2,公告/公示类，需确认是否为规则正文或仅为过程信息,人工确认正文性质后再入库,54,新疆,国家能源局新疆监管办公室-通知公告,国家能源局新疆监管办公室,关于公示2021年3月新疆电网、天中、吉泉直流配套电源“两个细则”考核补偿结果的通知 2021-05-17,2021-05-17,电网,HTML,https://xjb.nea.gov.cn/dtyw/tzgg/202309/t20230923_116484.html,https://xjb.nea.gov.cn/dtyw/tzgg/index_13.html
P2,公告/公示类，需确认是否为规则正文或仅为过程信息,人工确认正文性质后再入库,54,新疆,国家能源局新疆监管办公室-通知公告,国家能源局新疆监管办公室,关于公示2021年4月新疆电网、天中、吉泉直流配套电源“两个细则”考核和补偿结果的通知 2021-07-08,2021-07-08,电网,HTML,https://xjb.nea.gov.cn/dtyw/tzgg/202309/t20230923_116496.html,https://xjb.nea.gov.cn/dtyw/tzgg/index_13.html
P2,公告/公示类，需确认是否为规则正文或仅为过程信息,人工确认正文性质后再入库,54,新疆,国家能源局新疆监管办公室-通知公告,国家能源局新疆监管办公室,关于公示2021年5月新疆电网、天中、吉泉直流配套电源“两个细则”考核补偿结果的通知 2021-07-29,2021-07-29,电网,HTML,https://xjb.nea.gov.cn/dtyw/tzgg/202309/t20230923_116497.html,https://xjb.nea.gov.cn/dtyw/tzgg/index_13.html
P2,公告/公示类，需确认是否为规则正文或仅为过程信息,人工确认正文性质后再入库,54,新疆,国家能源局新疆监管办公室-通知公告,国家能源局新疆监管办公室,关于公示2021年6月新疆电网、天中、吉泉直流配套电源“两个细则”考核补偿结果的通知 2021-09-17,2021-09-17,电网,HTML,https://xjb.nea.gov.cn/dtyw/tzgg/202309/t20230923_116504.html,https://xjb.nea.gov.cn/dtyw/tzgg/index_12.html
P2,公告/公示类，需确认是否为规则正文或仅为过程信息,人工确认正文性质后再入库,54,新疆,国家能源局新疆监管办公室-通知公告,国家能源局新疆监管办公室,关于公示2021年7月新疆电网、天中、吉泉直流配套电源“两个细则”考核补偿结果的通知 2021-10-29,2021-10-29,电网,HTML,https://xjb.nea.gov.cn/dtyw/tzgg/202309/t20230923_116512.html,https://xjb.nea.gov.cn/dtyw/tzgg/index_12.html
P2,公告/公示类，需确认是否为规则正文或仅为过程信息,人工确认正文性质后再入库,54,新疆,国家能源局新疆监管办公室-通知公告,国家能源局新疆监管办公室,关于公示2021年8月新疆电网、天中、吉泉直流配套电源“两个细则”考核和补偿结果的通知 2021-11-11,2021-11-11,电网,HTML,https://xjb.nea.gov.cn/dtyw/tzgg/202309/t20230923_116515.html,https://xjb.nea.gov.cn/dtyw/tzgg/index_11.html
P2,公告/公示类，需确认是否为规则正文或仅为过程信息,人工确认正文性质后再入库,54,新疆,国家能源局新疆监管办公室-通知公告,国家能源局新疆监管办公室,关于公示2021年9月新疆电网、天中、吉泉直流配套电源“两个细则”考核和补偿结果的通知 2021-11-24,2021-11-24,电网,HTML,https://xjb.nea.gov.cn/dtyw/tzgg/202309/t20230923_116516.html,https://xjb.nea.gov.cn/dtyw/tzgg/index_11.html
P2,接近自动线但主题需确认,人工核验后决定是否入库,54,新疆,国家能源局新疆监管办公室-通知公告,国家能源局新疆监管办公室,关于转发《国家能源局关于进一步加强电力市场管理委员会规范运作的指导意见》的通知 2023-09-28,2023-09-28,电力市场,HTML,https://xjb.nea.gov.cn/dtyw/tzgg/202401/t20240129_230959.html,https://xjb.nea.gov.cn/dtyw/tzgg/index_5.html
P2,接近自动线但主题需确认,人工核验后决定是否入库,54,江苏,国家能源局江苏监管办公室-通知,国家能源局江苏监管办公室,关于做好辅助服务（调峰）市场试运行有关工作的通知 2019-02-02,2019-02-02,辅助服务;调峰,HTML,https://jsb.nea.gov.cn/dtyw/tz/202309/t20230910_32133.html,https://jsb.nea.gov.cn/dtyw/tz/index_7.html
P2,接近自动线但主题需确认,人工核验后决定是否入库,54,江苏,国家能源局江苏监管办公室-通知,国家能源局江苏监管办公室,关于开展2019年电力交易与市场秩序约访约谈工作的通知 2019-02-19,2019-02-19,电力交易,HTML,https://jsb.nea.gov.cn/dtyw/tz/202309/t20230910_32134.html,https://jsb.nea.gov.cn/dtyw/tz/index_7.html
P2,接近自动线但主题需确认,人工核验后决定是否入库,54,江苏,国家能源局江苏监管办公室-通知,国家能源局江苏监管办公室,关于开展2022年电力交易与市场秩序约访约谈工作的通知 2022-02-15,2022-02-15,电力交易,HTML,https://jsb.nea.gov.cn/dtyw/tz/202309/t20230910_32206.html,https://jsb.nea.gov.cn/dtyw/tz/index_2.html
P2,接近自动线但主题需确认,人工核验后决定是否入库,54,江苏,国家能源局江苏监管办公室-通知,国家能源局江苏监管办公室,关于开展江苏电力交易与市场秩序专项监管工作的通知 2020-06-19,2020-06-19,电力交易,HTML,https://jsb.nea.gov.cn/dtyw/tz/202309/t20230910_32183.html,https://jsb.nea.gov.cn/dtyw/tz/index_3.html
P2,征求意见类，需确认是否已有正式稿,人工确认有效状态后再入库,54,江苏,国家能源局江苏监管办公室-通知,国家能源局江苏监管办公室,江苏能源监管办关于《江苏电力辅助服务（调频）市场交易规则》公开征求意见的公告 2023-12-29,2023-12-29,交易规则;辅助服务;调频,HTML,https://jsb.nea.gov.cn/dtyw/tz/202401/t20240116_226941.html,https://jsb.nea.gov.cn/dtyw/tz/index_1.html
P2,征求意见类，需确认是否已有正式稿,人工确认有效状态后再入库,54,江苏,国家能源局江苏监管办公室-公告,国家能源局江苏监管办公室,江苏能源监管办关于公开征求《江苏省电力中长期市场实施细则（征求意见稿）》意见的公告 2026-01-23,2026-01-23,实施细则;中长期,HTML,https://jsb.nea.gov.cn/dtyw/gg/202601/t20260123_294692.html,https://jsb.nea.gov.cn/dtyw/gg/index_2.html
P2,征求意见类，需确认是否已有正式稿,人工确认有效状态后再入库,54,浙江,国家能源局浙江监管办公室-通知公告,国家能源局浙江监管办公室,关于征求2024年浙江省绿色电力交易合同示范文本意见的函 2024-05-24,2024-05-24,电力交易,PDF,https://zjb.nea.gov.cn/dtyw/tzgg/202405/P020240524630635108190.pdf,https://zjb.nea.gov.cn/dtyw/tzgg/index_3.html
P2,征求意见类，需确认是否已有正式稿,人工确认有效状态后再入库,54,浙江,国家能源局浙江监管办公室-通知公告,国家能源局浙江监管办公室,浙江能源监管办关于征求《关于贯彻落实电力市场信息披露基本规则有关事项的通知（征求意见稿... 2025-11-12,2025-11-12,电力市场,HTML,https://zjb.nea.gov.cn/dtyw/tzgg/202511/t20251112_290334.html,https://zjb.nea.gov.cn/dtyw/tzgg/
P2,公告/公示类，需确认是否为规则正文或仅为过程信息,人工确认正文性质后再入库,54,福建,国家能源局福建监管办公室-通知公告,国家能源局福建监管办公室,关于征集福建省电力市场秩序突出问题线索的公告 2025-05-29,2025-05-29,电力市场,HTML,https://fjb.nea.gov.cn/dtyw/tzgg/202505/t20250529_281828.html,https://fjb.nea.gov.cn/dtyw/tzgg/index_3.html
P2,接近自动线但主题需确认,人工核验后决定是否入库,54,福建,国家能源局福建监管办公室-通知公告,国家能源局福建监管办公室,国家能源局福建监管办公室关于印发福建省电力市场交易相关合同示范文本的通知（闽... 2018-11-30,2018-11-30,电力市场,HTML,https://fjb.nea.gov.cn/dtyw/tzgg/202312/t20231217_221197.html,https://fjb.nea.gov.cn/dtyw/tzgg/index_33.html
P2,接近自动线但主题需确认,人工核验后决定是否入库,54,福建,国家能源局福建监管办公室-通知公告,国家能源局福建监管办公室,国家能源局福建监管办公室关于福建省电力调频辅助服务市场启动运行有关工作的通知... 2018-12-22,2018-12-22,辅助服务;调频,HTML,https://fjb.nea.gov.cn/dtyw/tzgg/202312/t20231217_221203.html,https://fjb.nea.gov.cn/dtyw/tzgg/index_32.html
P2,接近自动线但主题需确认,人工核验后决定是否入库,54,福建,国家能源局福建监管办公室-通知公告,国家能源局福建监管办公室,福建能源监管办关于同意启动福建电力辅助服务市场交易平台试运行的通知（闽监能市... 2017-09-21,2017-09-21,辅助服务,HTML,https://fjb.nea.gov.cn/dtyw/tzgg/202312/t20231217_221130.html,https://fjb.nea.gov.cn/dtyw/tzgg/index_38.html
P2,接近自动线但主题需确认,人工核验后决定是否入库,54,福建,国家能源局福建监管办公室-通知公告,国家能源局福建监管办公室,福建能源监管办关于福建调频辅助服务市场正式运行的通知（闽监能市场〔2020〕20 号） 2020-04-01,2020-04-01,辅助服务;调频,HTML,https://fjb.nea.gov.cn/dtyw/tzgg/202312/t20231217_221228.html,https://fjb.nea.gov.cn/dtyw/tzgg/index_25.html
P2,接近自动线但主题需确认,人工核验后决定是否入库,54,福建,国家能源局福建监管办公室-通知公告,国家能源局福建监管办公室,福建能源监管办关于转发《国家能源局综合司关于进一步规范电力市场交易行为有关事... 2024-11-14,2024-11-14,电力市场,HTML,https://fjb.nea.gov.cn/dtyw/tzgg/202411/t20241114_272323.html,https://fjb.nea.gov.cn/dtyw/tzgg/index_5.html
P2,征求意见类，需确认是否已有正式稿,人工确认有效状态后再入库,54,西北区域,国家能源局西北监管局-通知公告,国家能源局派出机构,关于公开征求《宁夏回族自治区电力中长期交易规则（征求意见稿）》意见建议的通知 2021-12-01,2021-12-01,交易规则;中长期,HTML,https://xbj.nea.gov.cn/dtyw/tzgg/202310/t20231013_147567.html,https://xbj.nea.gov.cn/dtyw/tzgg/index_17.html
P2,征求意见类，需确认是否已有正式稿,人工确认有效状态后再入库,54,西北区域,国家能源局西北监管局-通知公告,国家能源局派出机构,关于公开征求《西北区域备用辅助服务市场运营规则（征求意见稿）》意见建议的通知 2022-10-17,2022-10-17,运营规则;辅助服务;备用,HTML,https://xbj.nea.gov.cn/dtyw/tzgg/202310/t20231013_147592.html,https://xbj.nea.gov.cn/dtyw/tzgg/index_16.html
P2,征求意见类，需确认是否已有正式稿,人工确认有效状态后再入库,54,西北区域,国家能源局西北监管局-通知公告,国家能源局派出机构,关于公开征求《西北区域省间调峰辅助服务市场运营规则》补充修订条款（征求意见稿... 2022-03-02,2022-03-02,运营规则;辅助服务;调峰;省间,HTML,https://xbj.nea.gov.cn/dtyw/tzgg/202310/t20231013_147575.html,https://xbj.nea.gov.cn/dtyw/tzgg/index_17.html
P2,征求意见类，需确认是否已有正式稿,人工确认有效状态后再入库,54,西北区域,国家能源局西北监管局-通知公告,国家能源局派出机构,关于公开征求《西北电网灵活调节容量市场运营规则（征求意见稿）》意见建议的通知 2022-12-01,2022-12-01,运营规则;电网,HTML,https://xbj.nea.gov.cn/dtyw/tzgg/202310/t20231013_147596.html,https://xbj.nea.gov.cn/dtyw/tzgg/index_16.html
P2,征求意见类，需确认是否已有正式稿,人工确认有效状态后再入库,54,西北区域,国家能源局西北监管局-通知公告,国家能源局派出机构,关于公开征求《陕西省电力中长期交易规则（征求意见稿）》意见建议的通知 2021-12-01,2021-12-01,交易规则;中长期,HTML,https://xbj.nea.gov.cn/dtyw/tzgg/202310/t20231013_147568.html,https://xbj.nea.gov.cn/dtyw/tzgg/index_17.html
P2,征求意见类，需确认是否已有正式稿,人工确认有效状态后再入库,54,西北区域,国家能源局西北监管局-通知公告,国家能源局派出机构,关于征求《宁夏电力辅助服务市场运营规则（征求意见稿）》意见建议的通知 2021-05-06,2021-05-06,运营规则;辅助服务,HTML,https://xbj.nea.gov.cn/dtyw/tzgg/202310/t20231013_147550.html,https://xbj.nea.gov.cn/dtyw/tzgg/index_19.html
P2,征求意见类，需确认是否已有正式稿,人工确认有效状态后再入库,54,西北区域,国家能源局西北监管局-通知公告,国家能源局派出机构,关于征求《青海省电力中长期交易规则（征求意见稿）》意见建议的通知 2021-03-24,2021-03-24,交易规则;中长期,HTML,https://xbj.nea.gov.cn/dtyw/tzgg/202310/t20231013_147548.html,https://xbj.nea.gov.cn/dtyw/tzgg/index_19.html
P2,接近自动线但主题需确认,人工核验后决定是否入库,54,西北区域,国家能源局西北监管局-通知公告,国家能源局派出机构,国家能源局西北监管局 宁夏回族自治区发展改革委 关于印发《宁夏电力辅助服务市场... 2022-03-22,2022-03-22,辅助服务,HTML,https://xbj.nea.gov.cn/dtyw/tzgg/202310/t20231013_147576.html,https://xbj.nea.gov.cn/dtyw/tzgg/index_17.html
P2,征求意见类，需确认是否已有正式稿,人工确认有效状态后再入库,54,西北区域,国家能源局西北监管局-通知公告,国家能源局派出机构,国家能源局西北监管局关于公开征求 《陕西电力调频辅助服务市场实施细则（暂行）（... 2024-12-10,2024-12-10,实施细则;辅助服务;调频,HTML,https://xbj.nea.gov.cn/dtyw/tzgg/202412/t20241210_273718.html,https://xbj.nea.gov.cn/dtyw/tzgg/index_10.html
P2,征求意见类，需确认是否已有正式稿,人工确认有效状态后再入库,54,西北区域,国家能源局西北监管局-通知公告,国家能源局派出机构,国家能源局西北监管局关于征求《陕西省火力发电机组深度调峰能力认定及管理办法（... 2023-10-25,2023-10-25,调峰,HTML,https://xbj.nea.gov.cn/dtyw/tzgg/202312/t20231214_220693.html,https://xbj.nea.gov.cn/dtyw/tzgg/index_14.html
P2,接近自动线但主题需确认,人工核验后决定是否入库,54,西北区域,国家能源局西北监管局-通知公告,国家能源局派出机构,西北监能市场〔2019〕28号-国家能源局西北监管局关于印发《青海电力辅助服务市场运... 2022-05-07,2022-05-07,辅助服务,HTML,https://xbj.nea.gov.cn/dtyw/tzgg/202310/t20231013_147578.html,https://xbj.nea.gov.cn/dtyw/tzgg/index_17.html
P2,接近自动线但主题需确认,人工核验后决定是否入库,54,西北区域,国家能源局西北监管局-通知公告,国家能源局派出机构,西北监能市场〔2020〕8号-国家能源局西北监管局关于印发《西北区域省间调峰辅助服... 2022-05-07,2022-05-07,调峰;省间,HTML,https://xbj.nea.gov.cn/dtyw/tzgg/202310/t20231013_147579.html,https://xbj.nea.gov.cn/dtyw/tzgg/index_17.html
P2,接近自动线但主题需确认,人工核验后决定是否入库,54,贵州,国家能源局贵州监管办公室-通知公告,国家能源局贵州监管办公室,关于公布贵州统调电厂2023年1月并网运行考核及辅助服务补偿结果的通知 2023-06-21,2023-06-21,辅助服务,HTML,https://gzb.nea.gov.cn/dtyw/tzgg/202308/t20230821_3926.html,https://gzb.nea.gov.cn/dtyw/tzgg/index_18.html
P2,征求意见类，需确认是否已有正式稿,人工确认有效状态后再入库,54,贵州,国家能源局贵州监管办公室-通知公告,国家能源局贵州监管办公室,关于征求《贵州电力爬坡辅助服务市场交易规则（征求意见稿）》意见的函 2024-08-30,2024-08-30,交易规则;辅助服务,HTML,https://gzb.nea.gov.cn/dtyw/tzgg/202408/t20240830_268668.html,https://gzb.nea.gov.cn/dtyw/tzgg/index_11.html
P2,征求意见类，需确认是否已有正式稿,人工确认有效状态后再入库,54,贵州,国家能源局贵州监管办公室-通知公告,国家能源局贵州监管办公室,关于贵州电力调峰和黑启动辅助服务市场交易规则（征求意见）公开征求意见的通知 2020-01-20,2020-01-20,交易规则;辅助服务;调峰,HTML,https://gzb.nea.gov.cn/dtyw/tzgg/202308/t20230821_3731.html,https://gzb.nea.gov.cn/dtyw/tzgg/index_31.html
P2,征求意见类，需确认是否已有正式稿,人工确认有效状态后再入库,54,贵州,国家能源局贵州监管办公室-通知公告,国家能源局贵州监管办公室,关于贵州电力调峰和黑启动辅助服务市场交易规则（征求意见）公开征求意见的通知 2020-01-20,2020-01-20,交易规则;辅助服务;调峰,HTML,https://gzb.nea.gov.cn/dtyw/tzgg/202308/t20230821_3730.html,https://gzb.nea.gov.cn/dtyw/tzgg/index_31.html
P2,接近自动线但主题需确认,人工核验后决定是否入库,52,全国,国家发展改革委-政策通知,国家发展改革委,关于2021年新能源上网电价政策有关事项的通知(发改价格〔2021〕833号),,上网电价;新能源上网,HTML,https://www.ndrc.gov.cn/xxgk/zcfb/tz/202106/t20210611_1283088.html,https://www.ndrc.gov.cn/xxgk/zcfb/tz/index_16.html
P2,接近自动线但主题需确认,人工核验后决定是否入库,52,全国,国家发展改革委-政策通知,国家发展改革委,关于加快建设全国统一电力市场体系的指导意见(发改体改〔2022〕118号),,电力市场,HTML,https://www.ndrc.gov.cn/xxgk/zcfb/tz/202201/t20220128_1313653.html,https://www.ndrc.gov.cn/xxgk/zcfb/tz/index_12.html
P2,接近自动线但主题需确认,人工核验后决定是否入库,52,全国,国家发展改革委-规范性文件,国家发展改革委,关于加快推动新型储能发展的指导意见(发改能源规〔2021〕1051号),,新型储能,HTML,https://www.ndrc.gov.cn/xxgk/zcfb/ghxwj/202107/t20210723_1291321.html,https://www.ndrc.gov.cn/xxgk/zcfb/ghxwj/index_3.html
P2,接近自动线但主题需确认,人工核验后决定是否入库,52,全国,国家发展改革委-政策通知,国家发展改革委,关于鼓励可再生能源发电企业自建或购买调峰能力增加并网规模的通知(发改运行〔2021〕1138号),,调峰,HTML,https://www.ndrc.gov.cn/xxgk/zcfb/tz/202108/t20210810_1293396.html,https://www.ndrc.gov.cn/xxgk/zcfb/tz/index_16.html
P2,接近自动线但主题需确认,人工核验后决定是否入库,50,上海,上海市发展和改革委员会-政策文件,上海市发展和改革委员会,上海市发展改革委关于调整跨省区核电、水电上网电价有关事项的通知,,跨省;上网电价,HTML,http://fgw.sh.gov.cn/fgw_jggl/20211101/6a649d3d7285439f8546ec3f5c9ce2ff.html,https://fgw.sh.gov.cn/fgw_zcwjfl/index_48.html
P2,接近自动线但主题需确认,人工核验后决定是否入库,50,上海,上海市发展和改革委员会-政策文件,上海市发展和改革委员会,关于上海市贯彻落实新能源上网电价市场化改革有关事项的通知,,上网电价;新能源上网,HTML,http://fgw.sh.gov.cn/fgw_jggl/20250804/dabf972a3f494bf79a8774dc786e8b7d.html,https://fgw.sh.gov.cn/fgw_zcwjfl/index_6.html
P2,接近自动线但主题需确认,人工核验后决定是否入库,50,上海,上海市发展和改革委员会-政策文件,上海市发展和改革委员会,关于转发《国家发展改革委关于进一步深化燃煤发电上网电价市场化改革的通知》的通知,,上网电价,HTML,http://fgw.sh.gov.cn/fgw_jggl/20211101/43d3d6f44dac49c594f6a0b26732ec39.html,https://fgw.sh.gov.cn/fgw_zcwjfl/index_33.html
P2,接近自动线但主题需确认,人工核验后决定是否入库,50,上海,上海市发展和改革委员会-政策文件,上海市发展和改革委员会,关于转发《国家能源局关于组织开展新型电力系统建设第一批试点工作的通知》的通知,,新型电力系统,HTML,http://fgw.sh.gov.cn/fgw_ny/20250619/b579065e88f74e23921dcbf93099e7d3.html,https://fgw.sh.gov.cn/fgw_zcwjfl/index_6.html
P2,接近自动线但主题需确认,人工核验后决定是否入库,50,上海,上海市发展和改革委员会-政策文件,上海市发展和改革委员会,关于转发《国家能源局综合司关于开展新型储能试点示范工作的通知》的通知,,新型储能,HTML,http://fgw.sh.gov.cn/fgw_ny/20230628/b95293af2e944bc19cd31576cc970c1c.html,https://fgw.sh.gov.cn/fgw_zcwjfl/index_21.html
P2,接近自动线但主题需确认,人工核验后决定是否入库,50,内蒙古自治区,内蒙古自治区科学技术厅-通知公告,内蒙古自治区科学技术厅,关于发布2024年科技“突围”工程储能与新型电力系统领域成果转化类“揭榜挂帅”技术榜单的通知,,新型电力系统,HTML,https://kjt.nmg.gov.cn/slb/kjdt/tzgg/202406/t20240607_2520606.html,https://kjt.nmg.gov.cn/slb/kjdt/tzgg/index_41.html
P2,接近自动线但主题需确认,人工核验后决定是否入库,50,内蒙古自治区,内蒙古自治区科学技术厅-通知公告,内蒙古自治区科学技术厅,关于发布2025年自治区科技“突围”工程“储能与新型电力系统”专项“揭榜挂帅”项目技术榜单的通知,,新型电力系统,HTML,https://kjt.nmg.gov.cn/slb/kjdt/tzgg/202504/t20250408_2695039.html,https://kjt.nmg.gov.cn/slb/kjdt/tzgg/index_27.html
P2,接近自动线但主题需确认,人工核验后决定是否入库,50,内蒙古自治区,内蒙古自治区科学技术厅-通知公告,内蒙古自治区科学技术厅,关于发布2026年内蒙古自治区科技重大专项人工智能+和氢能（第二批）、储能和新型电力系统项目申报指南的通知,,新型电力系统,HTML,https://kjt.nmg.gov.cn/slb/kjdt/tzgg/202604/t20260429_2896883.html,https://kjt.nmg.gov.cn/slb/kjdt/tzgg/
P2,接近自动线但主题需确认,人工核验后决定是否入库,50,内蒙古自治区,内蒙古自治区能源局-通知公告,内蒙古自治区能源局,内蒙古自治区能源局关于2022年源网荷储一体化项目申报的通知,,源网荷储,HTML,https://nyj.nmg.gov.cn/slh/tz/202207/t20220728_2094982.html,https://nyj.nmg.gov.cn/slh/tz/index_33.html
P2,公告/公示类，需确认是否为规则正文或仅为过程信息,人工确认正文性质后再入库,50,内蒙古自治区,内蒙古自治区能源局-通知公告,内蒙古自治区能源局,内蒙古自治区能源局关于兴安盟经济技术开发区高新技术产业园增量配电网项目配电区域的公示,,电网;配电网,HTML,https://nyj.nmg.gov.cn/slh/tz/202512/t20251211_2832976.html,https://nyj.nmg.gov.cn/slh/tz/index_3.html
P2,接近自动线但主题需确认,人工核验后决定是否入库,50,内蒙古自治区,内蒙古自治区能源局-通知公告,内蒙古自治区能源局,内蒙古自治区能源局关于印发2025年第三批独立新型储能建设项目清单的通知,,新型储能,HTML,https://nyj.nmg.gov.cn/slh/tz/202507/t20250730_2766748.html,https://nyj.nmg.gov.cn/slh/tz/index_22.html
P2,接近自动线但主题需确认,人工核验后决定是否入库,50,内蒙古自治区,内蒙古自治区能源局-通知公告,内蒙古自治区能源局,内蒙古自治区能源局关于印发实施2022年源网荷储一体化项目的通知,,源网荷储,HTML,https://nyj.nmg.gov.cn/slh/tz/202209/t20220928_2142597.html,https://nyj.nmg.gov.cn/slh/tz/index_32.html
P2,接近自动线但主题需确认,人工核验后决定是否入库,50,内蒙古自治区,内蒙古自治区能源局-通知公告,内蒙古自治区能源局,内蒙古自治区能源局关于规范独立新型储能电站管理有关事宜的通知,,新型储能,HTML,https://nyj.nmg.gov.cn/slh/tz/202511/t20251110_2815497.html,https://nyj.nmg.gov.cn/slh/tz/index_4.html
P2,接近自动线但主题需确认,人工核验后决定是否入库,50,北京,北京市经济和信息化局-政策文件,北京市经济和信息化局,北京市经济和信息化局关于印发《北京市关于支持新型储能产业发展的若干政策措施》的通知,,新型储能,HTML,https://jxj.beijing.gov.cn/zwgk/2024zcwj/202406/t20240607_3707284.html,https://jxj.beijing.gov.cn/zwgk/2024zcwj/index_9.html
P2,接近自动线但主题需确认,人工核验后决定是否入库,50,华东区域,国家能源局华东监管局-通知公告,国家能源局派出机构,关于调整上海市电力安全生产委员会成员单位和组成人员的通知 2023-04-04,2023-04-04,电力安全,HTML,https://hdj.nea.gov.cn/dtyw/tzgg/202402/t20240209_247662.html,https://hdj.nea.gov.cn/dtyw/tzgg/index_38.html
P2,征求意见类，需确认是否已有正式稿,人工确认有效状态后再入库,50,华东区域,国家能源局华东监管局-通知公告,国家能源局派出机构,华东能源监管局关于公开征求《安徽电力调峰辅助服务市场运营... 2024-03-13,2024-03-13,辅助服务;调峰,PDF,https://hdj.nea.gov.cn/dtyw/tzgg/202403/P020240313602359106975.pdf,https://hdj.nea.gov.cn/dtyw/tzgg/index_27.html
P2,公告/公示类，需确认是否为规则正文或仅为过程信息,人工确认正文性质后再入库,50,华东区域,国家能源局华东监管局-通知公告,国家能源局派出机构,华东能源监管局电力安全备案公示（2024年1月） 2024-02-04,2024-02-04,电力安全,HTML,https://hdj.nea.gov.cn/dtyw/tzgg/202402/t20240204_238798.html,https://hdj.nea.gov.cn/dtyw/tzgg/index_28.html
P2,公告/公示类，需确认是否为规则正文或仅为过程信息,人工确认正文性质后再入库,50,华东区域,国家能源局华东监管局-通知公告,国家能源局派出机构,华东能源监管局电力安全备案公示（2024年3月） 2024-04-10,2024-04-10,电力安全,PDF,https://hdj.nea.gov.cn/xxgk/fdzdgknr/jgsx/dlaqjg/202404/P020240410478539805789.pdf,https://hdj.nea.gov.cn/dtyw/tzgg/index_26.html
P2,接近自动线但主题需确认,人工核验后决定是否入库,50,华中区域,国家能源局华中监管局-通知公告,国家能源局派出机构,关于进一步加强岁末年初和元旦春节期间电力安全生产工作的通知 2019-01-02,2019-01-02,电力安全,HTML,https://hzj.nea.gov.cn/dtyw/tzgg/202310/t20231021_165530.html,https://hzj.nea.gov.cn/dtyw/tzgg/index_11.html
P2,征求意见类，需确认是否已有正式稿,人工确认有效状态后再入库,50,华中区域,国家能源局华中监管局-通知公告,国家能源局派出机构,华中能源监管局关于《川渝一体化电力调峰辅助服务市场运营规则（征求意见稿）》公... 2021-07-30,2021-07-30,运营规则;辅助服务;调峰,HTML,https://hzj.nea.gov.cn/dtyw/tzgg/202310/t20231021_165559.html,https://hzj.nea.gov.cn/dtyw/tzgg/index_9.html
P2,征求意见类，需确认是否已有正式稿,人工确认有效状态后再入库,50,华中区域,国家能源局华中监管局-通知公告,国家能源局派出机构,华中能源监管局关于《西藏自治区电力中长期交易规则（征求意见稿）》公开征求意见... 2021-06-08,2021-06-08,交易规则;中长期,HTML,https://hzj.nea.gov.cn/dtyw/tzgg/202310/t20231021_165556.html,https://hzj.nea.gov.cn/dtyw/tzgg/index_10.html
P2,征求意见类，需确认是否已有正式稿,人工确认有效状态后再入库,50,华中区域,国家能源局华中监管局-通知公告,国家能源局派出机构,华中能源监管局关于公开征求《新型主体参与华中电力调峰辅助服务市场规则（征求意... 2021-08-18,2021-08-18,辅助服务;调峰,HTML,https://hzj.nea.gov.cn/dtyw/tzgg/202310/t20231021_165560.html,https://hzj.nea.gov.cn/dtyw/tzgg/index_9.html
P2,征求意见类，需确认是否已有正式稿,人工确认有效状态后再入库,50,华中区域,国家能源局华中监管局-通知公告,国家能源局派出机构,华中能源监管局关于公开征求《江西省电力辅助服务市场运营规则（暂行）》（征求意... 2020-08-03,2020-08-03,运营规则;辅助服务,HTML,https://hzj.nea.gov.cn/dtyw/tzgg/202310/t20231021_165546.html,https://hzj.nea.gov.cn/dtyw/tzgg/index_10.html
P2,征求意见类，需确认是否已有正式稿,人工确认有效状态后再入库,50,华中区域,国家能源局华中监管局-通知公告,国家能源局派出机构,华中能源监管局关于征求《华中区域电力辅助服务管理实施细则（征求意见稿）》《华... 2023-05-18,2023-05-18,实施细则;辅助服务,HTML,https://hzj.nea.gov.cn/dtyw/tzgg/202310/t20231021_165614.html,https://hzj.nea.gov.cn/dtyw/tzgg/index_6.html
P2,征求意见类，需确认是否已有正式稿,人工确认有效状态后再入库,50,华中区域,国家能源局华中监管局-通知公告,国家能源局派出机构,国家能源局华中监管局关于《江西省电力中长期交易实施细则（征求意见稿）》公开征... 2022-05-26,2022-05-26,实施细则;中长期,HTML,https://hzj.nea.gov.cn/dtyw/tzgg/202310/t20231021_165582.html,https://hzj.nea.gov.cn/dtyw/tzgg/index_8.html
P2,征求意见类，需确认是否已有正式稿,人工确认有效状态后再入库,50,华中区域,国家能源局华中监管局-通知公告,国家能源局派出机构,国家能源局华中监管局关于《湖北省电力中长期交易实施细则（征求意见稿）》公开征... 2022-05-09,2022-05-09,实施细则;中长期,HTML,https://hzj.nea.gov.cn/dtyw/tzgg/202310/t20231021_165576.html,https://hzj.nea.gov.cn/dtyw/tzgg/index_8.html
P2,征求意见类，需确认是否已有正式稿,人工确认有效状态后再入库,50,华中区域,国家能源局华中监管局-通知公告,国家能源局派出机构,国家能源局华中监管局关于《重庆市电力中长期交易规则（征求意见稿）》公开征求意... 2022-05-30,2022-05-30,交易规则;中长期,HTML,https://hzj.nea.gov.cn/dtyw/tzgg/202310/t20231021_165583.html,https://hzj.nea.gov.cn/dtyw/tzgg/index_8.html
P2,公告/公示类，需确认是否为规则正文或仅为过程信息,人工确认正文性质后再入库,50,华北区域,国家能源局华北监管局-通知公告,国家能源局派出机构,关于5月30日白天停电网站停运的公告 2021-05-28,2021-05-28,电网,HTML,https://hbj.nea.gov.cn/dtyw/tzgg/202309/t20230925_120316.html,https://hbj.nea.gov.cn/dtyw/tzgg/index_24.html
P2,接近自动线但主题需确认,人工核验后决定是否入库,50,华北区域,国家能源局华北监管局-通知公告,国家能源局派出机构,华北能源监管局关于做好2018年中秋、国庆“两节”期间电力安全生产工作的通知 2018-09-19,2018-09-19,电力安全,HTML,https://hbj.nea.gov.cn/dtyw/tzgg/202309/t20230925_120189.html,https://hbj.nea.gov.cn/dtyw/tzgg/index_33.html
P2,征求意见类，需确认是否已有正式稿,人工确认有效状态后再入库,50,华北区域,国家能源局华北监管局-通知公告,国家能源局派出机构,华北能源监管局关于征求《华北区域电力并网运行管理实施细则》《华北区域电力辅助... 2022-07-01,2022-07-01,实施细则,HTML,https://hbj.nea.gov.cn/dtyw/tzgg/202309/t20230925_120354.html,https://hbj.nea.gov.cn/dtyw/tzgg/index_22.html
P2,接近自动线但主题需确认,人工核验后决定是否入库,50,华北区域,国家能源局华北监管局-通知公告,国家能源局派出机构,华北能源监管局关于明确电力安全监管约谈情形的通知 2019-03-18,2019-03-18,电力安全,HTML,https://hbj.nea.gov.cn/dtyw/tzgg/202309/t20230925_120213.html,https://hbj.nea.gov.cn/dtyw/tzgg/index_31.html
P2,接近自动线但主题需确认,人工核验后决定是否入库,50,华北区域,国家能源局华北监管局-通知公告,国家能源局派出机构,国家能源局综合司关于做好2021年元旦春节期间电力安全生产工作的通知【转载】 2020-12-31,2020-12-31,电力安全,HTML,https://hbj.nea.gov.cn/dtyw/tzgg/202309/t20230925_120300.html,https://hbj.nea.gov.cn/dtyw/tzgg/index_25.html
P2,接近自动线但主题需确认,人工核验后决定是否入库,50,南方区域,国家能源局南方监管局-通知公示,国家能源局派出机构,全面深化南方区域市场建设 《2022年南方区域电力市场监管工作要点》印发 2022-03-10,2022-03-10,电力市场;市场监管,HTML,https://nfj.nea.gov.cn/xwzx/tzgg/202402/t20240208_245745.html,https://nfj.nea.gov.cn/xwzx/tzgg/index_25.html
P2,征求意见类，需确认是否已有正式稿,人工确认有效状态后再入库,50,南方区域,国家能源局南方监管局-通知公示,国家能源局派出机构,关于公开征求《南方区域备用辅助服务市场建设方案（征求意见稿）》意见的通知 2021-09-24,2021-09-24,辅助服务;备用,HTML,https://nfj.nea.gov.cn/xwzx/tzgg/202402/t20240208_245694.html,https://nfj.nea.gov.cn/xwzx/tzgg/index_29.html
P2,征求意见类，需确认是否已有正式稿,人工确认有效状态后再入库,50,南方区域,国家能源局南方监管局-通知公示,国家能源局派出机构,关于公开征求《南方区域电力市场监管实施办法》意见的通知 2021-06-11,2021-06-11,电力市场;市场监管,HTML,https://nfj.nea.gov.cn/xwzx/tzgg/202402/t20240208_245655.html,https://nfj.nea.gov.cn/xwzx/tzgg/index_31.html
P2,征求意见类，需确认是否已有正式稿,人工确认有效状态后再入库,50,南方区域,国家能源局南方监管局-通知公示,国家能源局派出机构,关于公开征求《南方区域电力市场运营规则（试行）（征求意见稿）》意见的通告 2023-06-02,2023-06-02,电力市场;运营规则,HTML,https://nfj.nea.gov.cn/xwzx/tzgg/202402/t20240208_245870.html,https://nfj.nea.gov.cn/xwzx/tzgg/index_17.html
P2,征求意见类，需确认是否已有正式稿,人工确认有效状态后再入库,50,南方区域,国家能源局南方监管局-通知公示,国家能源局派出机构,关于公开征求广东电力市场系列规则意见的通知 2021-10-09,2021-10-09,电力市场,HTML,https://nfj.nea.gov.cn/xwzx/tzgg/202402/t20240208_245697.html,https://nfj.nea.gov.cn/xwzx/tzgg/index_28.html
P2,征求意见类，需确认是否已有正式稿,人工确认有效状态后再入库,50,南方区域,国家能源局南方监管局-通知公示,国家能源局派出机构,关于公开征求废止《南方区域跨省（区）电力应急调度暂行规定》意见的公告 2026-03-12,2026-03-12,跨省,HTML,https://nfj.nea.gov.cn/xwzx/tzgg/202603/t20260312_297785.html,https://nfj.nea.gov.cn/xwzx/tzgg/
P2,接近自动线但主题需确认,人工核验后决定是否入库,50,南方区域,国家能源局南方监管局-通知公示,国家能源局派出机构,关于持续做好2023年南方区域能源安全供应保障工作的通知 2023-03-28,2023-03-28,能源安全,HTML,https://nfj.nea.gov.cn/xwzx/tzgg/202402/t20240208_245852.html,https://nfj.nea.gov.cn/xwzx/tzgg/index_18.html
P2,征求意见类，需确认是否已有正式稿,人工确认有效状态后再入库,50,南方区域,国家能源局南方监管局-通知公示,国家能源局派出机构,南方区域电力市场运营规则（试行）（征求意见稿）-公开 2023-06-02,2023-06-02,电力市场;运营规则,HTML,https://nfj.nea.gov.cn/xwzx/tzgg/202402/t20240208_245871.html,https://nfj.nea.gov.cn/xwzx/tzgg/index_17.html
P2,接近自动线但主题需确认,人工核验后决定是否入库,50,南方区域,国家能源局南方监管局-通知公示,国家能源局派出机构,南方能源监管局组织赴贵州调研交流区域电力市场建设 2023-04-20,2023-04-20,电力市场,HTML,https://nfj.nea.gov.cn/xwzx/tzgg/202402/t20240208_245859.html,https://nfj.nea.gov.cn/xwzx/tzgg/index_17.html
P2,接近自动线但主题需确认,人工核验后决定是否入库,50,南方区域,国家能源局南方监管局-通知公示,国家能源局派出机构,南方能源监管局采取“三举措”夯实绿证核发数据基础 2025-02-20,2025-02-20,绿证,HTML,https://nfj.nea.gov.cn/xwzx/tzgg/202502/t20250220_276965.html,https://nfj.nea.gov.cn/xwzx/tzgg/index_5.html
P2,接近自动线但主题需确认,人工核验后决定是否入库,50,南方区域,国家能源局南方监管局-通知公示,国家能源局派出机构,转发《电力安全隐患治理监督管理规定》《重大电力安全隐患判定标准（试行）》的通知 2023-03-08,2023-03-08,电力安全,HTML,https://nfj.nea.gov.cn/xwzx/tzgg/202402/t20240208_245847.html,https://nfj.nea.gov.cn/xwzx/tzgg/index_18.html
P2,接近自动线但主题需确认,人工核验后决定是否入库,50,南方区域,国家能源局南方监管局-通知公示,国家能源局派出机构,转发国家能源局综合司关于加强春节后复工复产和春季检修期间电力安全生产工作的通知 2023-02-10,2023-02-10,电力安全,HTML,https://nfj.nea.gov.cn/xwzx/tzgg/202402/t20240208_245839.html,https://nfj.nea.gov.cn/xwzx/tzgg/index_19.html
P2,接近自动线但主题需确认,人工核验后决定是否入库,50,南方区域,国家能源局南方监管局-通知公示,国家能源局派出机构,转发国家能源局综合司关于开展电力安全生产专项督导检查的通知 2021-10-26,2021-10-26,电力安全,HTML,https://nfj.nea.gov.cn/xwzx/tzgg/202310/t20231009_140072.html,https://nfj.nea.gov.cn/xwzx/tzgg/index_28.html
P2,接近自动线但主题需确认,人工核验后决定是否入库,50,南方区域,国家能源局南方监管局-通知公示,国家能源局派出机构,转发国家能源局综合司关于开展电力安全生产专项督导检查的通知 2021-10-26,2021-10-26,电力安全,HTML,https://nfj.nea.gov.cn/xwzx/tzgg/202402/t20240208_245708.html,https://nfj.nea.gov.cn/xwzx/tzgg/index_28.html
P2,公告/公示类，需确认是否为规则正文或仅为过程信息,人工确认正文性质后再入库,50,四川,四川省发展和改革委员会-通知公告,四川省发展和改革委员会,“四川新型储能调度运行优化和成本疏导策略研究”课题比选公告,2025-04-08,新型储能,HTML,https://fgw.sc.gov.cn/sfgw/tzgg/2025/4/8/aabffb94083a476a963db6c6381aa249.shtml,https://fgw.sc.gov.cn/sfgw/tzgg/list_11.shtml
P2,接近自动线但主题需确认,人工核验后决定是否入库,50,四川,国家能源局四川监管办公室-通知公告,国家能源局四川监管办公室,关于公布2022年10月四川省直调发电厂辅助服务补偿及并网运行考核情况的通知 2023-02-06,2023-02-06,辅助服务,HTML,https://scb.nea.gov.cn/dtyw/tzgg/202310/t20231009_134361.html,https://scb.nea.gov.cn/dtyw/tzgg/index_18.html
P2,接近自动线但主题需确认,人工核验后决定是否入库,50,四川,国家能源局四川监管办公室-通知公告,国家能源局四川监管办公室,关于公布2022年11月四川省直调发电厂辅助服务补偿及并网运行考核情况的通知 2023-03-22,2023-03-22,辅助服务,HTML,https://scb.nea.gov.cn/dtyw/tzgg/202310/t20231009_134365.html,https://scb.nea.gov.cn/dtyw/tzgg/index_18.html
P2,接近自动线但主题需确认,人工核验后决定是否入库,50,四川,国家能源局四川监管办公室-通知公告,国家能源局四川监管办公室,关于公布2022年12月四川省直调发电厂辅助服务补偿及并网运行考核情况的通知 2023-03-22,2023-03-22,辅助服务,HTML,https://scb.nea.gov.cn/dtyw/tzgg/202310/t20231009_134366.html,https://scb.nea.gov.cn/dtyw/tzgg/index_17.html
P2,接近自动线但主题需确认,人工核验后决定是否入库,50,四川,国家能源局四川监管办公室-通知公告,国家能源局四川监管办公室,关于公布2022年3月四川省直调发电厂辅助服务补偿及并网运行考核情况的通知 2022-08-09,2022-08-09,辅助服务,HTML,https://scb.nea.gov.cn/dtyw/tzgg/202310/t20231009_134310.html,https://scb.nea.gov.cn/dtyw/tzgg/index_21.html
P2,接近自动线但主题需确认,人工核验后决定是否入库,50,四川,国家能源局四川监管办公室-通知公告,国家能源局四川监管办公室,关于公布2022年4月四川省直调发电厂辅助服务补偿及并网运行考核情况的通知 2022-10-10,2022-10-10,辅助服务,HTML,https://scb.nea.gov.cn/dtyw/tzgg/202310/t20231009_134317.html,https://scb.nea.gov.cn/dtyw/tzgg/index_20.html
P2,接近自动线但主题需确认,人工核验后决定是否入库,50,四川,国家能源局四川监管办公室-通知公告,国家能源局四川监管办公室,关于公布2022年5月四川省直调发电厂辅助服务补偿及并网运行考核情况的通知 2022-10-10,2022-10-10,辅助服务,HTML,https://scb.nea.gov.cn/dtyw/tzgg/202310/t20231009_134316.html,https://scb.nea.gov.cn/dtyw/tzgg/index_21.html
P2,接近自动线但主题需确认,人工核验后决定是否入库,50,四川,国家能源局四川监管办公室-通知公告,国家能源局四川监管办公室,关于公布2022年6月四川省直调发电厂辅助服务补偿及并网运行考核情况的通知 2022-11-15,2022-11-15,辅助服务,HTML,https://scb.nea.gov.cn/dtyw/tzgg/202310/t20231009_134324.html,https://scb.nea.gov.cn/dtyw/tzgg/index_20.html
P2,接近自动线但主题需确认,人工核验后决定是否入库,50,四川,国家能源局四川监管办公室-通知公告,国家能源局四川监管办公室,关于公布2022年7月四川省直调发电厂辅助服务补偿及并网运行考核情况的通知 2022-12-26,2022-12-26,辅助服务,HTML,https://scb.nea.gov.cn/dtyw/tzgg/202310/t20231009_134341.html,https://scb.nea.gov.cn/dtyw/tzgg/index_19.html
P2,接近自动线但主题需确认,人工核验后决定是否入库,50,四川,国家能源局四川监管办公室-通知公告,国家能源局四川监管办公室,关于公布2022年8月四川省直调发电厂辅助服务补偿及并网运行考核情况的通知 2022-12-26,2022-12-26,辅助服务,HTML,https://scb.nea.gov.cn/dtyw/tzgg/202310/t20231009_134342.html,https://scb.nea.gov.cn/dtyw/tzgg/index_19.html
P2,接近自动线但主题需确认,人工核验后决定是否入库,50,四川,国家能源局四川监管办公室-通知公告,国家能源局四川监管办公室,关于公布2022年9月四川省直调发电厂辅助服务补偿及并网运行考核情况的通知 2023-01-17,2023-01-17,辅助服务,HTML,https://scb.nea.gov.cn/dtyw/tzgg/202310/t20231009_134358.html,https://scb.nea.gov.cn/dtyw/tzgg/index_18.html
P2,征求意见类，需确认是否已有正式稿,人工确认有效状态后再入库,50,四川,国家能源局四川监管办公室-通知公告,国家能源局四川监管办公室,关于公开征求《四川电力中长期及现货市场信息披露管理办法（征求意见稿）》 意见的... 2021-11-30,2021-11-30,中长期;现货,HTML,https://scb.nea.gov.cn/dtyw/tzgg/202310/t20231009_134269.html,https://scb.nea.gov.cn/dtyw/tzgg/index_23.html
P2,征求意见类，需确认是否已有正式稿,人工确认有效状态后再入库,50,四川,国家能源局四川监管办公室-通知公告,国家能源局四川监管办公室,关于公开征求《四川省电力辅助服务管理实施细则（征求意见稿）》《四川省电力并网... 2026-02-14,2026-02-14,实施细则;辅助服务,HTML,https://scb.nea.gov.cn/dtyw/tzgg/202602/t20260214_296099.html,https://scb.nea.gov.cn/dtyw/tzgg/index_1.html
P2,征求意见类，需确认是否已有正式稿,人工确认有效状态后再入库,50,四川,国家能源局四川监管办公室-通知公告,国家能源局四川监管办公室,关于公开征求《四川省短期发电及启停调峰辅助服务市场交易细则（征求意见稿）》意... 2023-04-19,2023-04-19,辅助服务;调峰,HTML,https://scb.nea.gov.cn/dtyw/tzgg/202310/t20231009_134377.html,https://scb.nea.gov.cn/dtyw/tzgg/index_17.html
P2,接近自动线但主题需确认,人工核验后决定是否入库,50,四川,国家能源局四川监管办公室-通知公告,国家能源局四川监管办公室,关于切实做好2023年中秋国庆期间电力安全工作的通知 2023-09-27,2023-09-27,电力安全,HTML,https://scb.nea.gov.cn/dtyw/tzgg/202401/t20240119_227875.html,https://scb.nea.gov.cn/dtyw/tzgg/index_15.html
P2,接近自动线但主题需确认,人工核验后决定是否入库,50,四川,国家能源局四川监管办公室-通知公告,国家能源局四川监管办公室,关于切实做好“五一”期间电力安全生产工作的通知 2024-04-30,2024-04-30,电力安全,HTML,https://scb.nea.gov.cn/dtyw/tzgg/202404/t20240430_261619.html,https://scb.nea.gov.cn/dtyw/tzgg/index_11.html
P2,接近自动线但主题需确认,人工核验后决定是否入库,50,四川,国家能源局四川监管办公室-通知公告,国家能源局四川监管办公室,关于印发《2020年四川电力交易指导意见》的通知 2020-03-05,2020-03-05,电力交易,HTML,https://scb.nea.gov.cn/dtyw/tzgg/202310/t20231009_134209.html,https://scb.nea.gov.cn/dtyw/tzgg/index_27.html
P2,接近自动线但主题需确认,人工核验后决定是否入库,50,四川,国家能源局四川监管办公室-通知公告,国家能源局四川监管办公室,关于印发《2021年四川电力交易指导意见》的通知 2021-02-10,2021-02-10,电力交易,HTML,https://scb.nea.gov.cn/dtyw/tzgg/202310/t20231009_134238.html,https://scb.nea.gov.cn/dtyw/tzgg/index_25.html
P2,接近自动线但主题需确认,人工核验后决定是否入库,50,四川,国家能源局四川监管办公室-通知公告,国家能源局四川监管办公室,关于印发《2021年四川电力交易指导意见》的通知 2021-02-10,2021-02-10,电力交易,HTML,https://scb.nea.gov.cn/dtyw/tzgg/202310/t20231009_134237.html,https://scb.nea.gov.cn/dtyw/tzgg/index_25.html
P2,公告/公示类，需确认是否为规则正文或仅为过程信息,人工确认正文性质后再入库,50,四川,国家能源局四川监管办公室-通知公告,国家能源局四川监管办公室,关于对《四川省直调发电厂2018年10月辅助服务补偿及并网运行考核情况》进行公示的通知 2018-12-03,2018-12-03,辅助服务,HTML,https://scb.nea.gov.cn/dtyw/tzgg/202310/t20231009_134172.html,https://scb.nea.gov.cn/dtyw/tzgg/index_30.html
P2,公告/公示类，需确认是否为规则正文或仅为过程信息,人工确认正文性质后再入库,50,四川,国家能源局四川监管办公室-通知公告,国家能源局四川监管办公室,关于对《四川省直调发电厂2018年11月辅助服务补偿及并网运行考核情况》进行公示的通知 2018-12-29,2018-12-29,辅助服务,HTML,https://scb.nea.gov.cn/dtyw/tzgg/202310/t20231009_134173.html,https://scb.nea.gov.cn/dtyw/tzgg/index_29.html
P2,公告/公示类，需确认是否为规则正文或仅为过程信息,人工确认正文性质后再入库,50,四川,国家能源局四川监管办公室-通知公告,国家能源局四川监管办公室,关于对《四川省直调发电厂2018年12月辅助服务补偿及并网运行考核情况》进行公示的通知 2019-02-15,2019-02-15,辅助服务,HTML,https://scb.nea.gov.cn/dtyw/tzgg/202310/t20231009_134184.html,https://scb.nea.gov.cn/dtyw/tzgg/index_29.html
P2,公告/公示类，需确认是否为规则正文或仅为过程信息,人工确认正文性质后再入库,50,四川,国家能源局四川监管办公室-通知公告,国家能源局四川监管办公室,关于对《四川省直调发电厂2018年4月辅助服务补偿及并网运行考核情况》进行公示的通知 2018-06-05,2018-06-05,辅助服务,HTML,https://scb.nea.gov.cn/dtyw/tzgg/202310/t20231009_134158.html,https://scb.nea.gov.cn/dtyw/tzgg/index_30.html
P2,公告/公示类，需确认是否为规则正文或仅为过程信息,人工确认正文性质后再入库,50,四川,国家能源局四川监管办公室-通知公告,国家能源局四川监管办公室,关于对《四川省直调发电厂2018年5月辅助服务补偿及并网运行考核情况》进行公示的通知 2018-07-04,2018-07-04,辅助服务,HTML,https://scb.nea.gov.cn/dtyw/tzgg/202310/t20231009_134159.html,https://scb.nea.gov.cn/dtyw/tzgg/index_30.html
P2,公告/公示类，需确认是否为规则正文或仅为过程信息,人工确认正文性质后再入库,50,四川,国家能源局四川监管办公室-通知公告,国家能源局四川监管办公室,关于对《四川省直调发电厂2018年6月辅助服务补偿及并网运行考核情况》进行公示的通知 2018-08-07,2018-08-07,辅助服务,HTML,https://scb.nea.gov.cn/dtyw/tzgg/202310/t20231009_134160.html,https://scb.nea.gov.cn/dtyw/tzgg/index_30.html
P2,公告/公示类，需确认是否为规则正文或仅为过程信息,人工确认正文性质后再入库,50,四川,国家能源局四川监管办公室-通知公告,国家能源局四川监管办公室,关于对《四川省直调发电厂2018年7月辅助服务补偿及并网运行考核情况》进行公示的通知 2018-09-07,2018-09-07,辅助服务,HTML,https://scb.nea.gov.cn/dtyw/tzgg/202310/t20231009_134161.html,https://scb.nea.gov.cn/dtyw/tzgg/index_30.html
P2,公告/公示类，需确认是否为规则正文或仅为过程信息,人工确认正文性质后再入库,50,四川,国家能源局四川监管办公室-通知公告,国家能源局四川监管办公室,关于对《四川省直调发电厂2018年8月辅助服务补偿及并网运行考核情况》进行公示的通知 2018-11-06,2018-11-06,辅助服务,HTML,https://scb.nea.gov.cn/dtyw/tzgg/202310/t20231009_134163.html,https://scb.nea.gov.cn/dtyw/tzgg/index_30.html
P2,公告/公示类，需确认是否为规则正文或仅为过程信息,人工确认正文性质后再入库,50,四川,国家能源局四川监管办公室-通知公告,国家能源局四川监管办公室,关于对《四川省直调发电厂2018年9月辅助服务补偿及并网运行考核情况》进行公示的通知 2018-11-07,2018-11-07,辅助服务,HTML,https://scb.nea.gov.cn/dtyw/tzgg/202310/t20231009_134164.html,https://scb.nea.gov.cn/dtyw/tzgg/index_30.html
P2,公告/公示类，需确认是否为规则正文或仅为过程信息,人工确认正文性质后再入库,50,四川,国家能源局四川监管办公室-通知公告,国家能源局四川监管办公室,关于对《四川省直调发电厂2019年10月辅助服务补偿及并网运行考核情况》进行公示的通知 2019-11-29,2019-11-29,辅助服务,HTML,https://scb.nea.gov.cn/dtyw/tzgg/202310/t20231009_134202.html,https://scb.nea.gov.cn/dtyw/tzgg/index_28.html
P2,公告/公示类，需确认是否为规则正文或仅为过程信息,人工确认正文性质后再入库,50,四川,国家能源局四川监管办公室-通知公告,国家能源局四川监管办公室,关于对《四川省直调发电厂2019年11月辅助服务补偿及并网运行考核情况》进行公示的通知 2020-01-06,2020-01-06,辅助服务,HTML,https://scb.nea.gov.cn/dtyw/tzgg/202310/t20231009_134206.html,https://scb.nea.gov.cn/dtyw/tzgg/index_27.html
P2,公告/公示类，需确认是否为规则正文或仅为过程信息,人工确认正文性质后再入库,50,四川,国家能源局四川监管办公室-通知公告,国家能源局四川监管办公室,关于对《四川省直调发电厂2019年12月辅助服务补偿及并网运行考核情况》进行公示的通知 2020-02-05,2020-02-05,辅助服务,HTML,https://scb.nea.gov.cn/dtyw/tzgg/202310/t20231009_134208.html,https://scb.nea.gov.cn/dtyw/tzgg/index_27.html
P2,公告/公示类，需确认是否为规则正文或仅为过程信息,人工确认正文性质后再入库,50,四川,国家能源局四川监管办公室-通知公告,国家能源局四川监管办公室,关于对《四川省直调发电厂2019年1月辅助服务补偿及并网运行考核情况》进行公示的通知 2019-03-06,2019-03-06,辅助服务,HTML,https://scb.nea.gov.cn/dtyw/tzgg/202310/t20231009_134185.html,https://scb.nea.gov.cn/dtyw/tzgg/index_29.html
P2,公告/公示类，需确认是否为规则正文或仅为过程信息,人工确认正文性质后再入库,50,四川,国家能源局四川监管办公室-通知公告,国家能源局四川监管办公室,关于对《四川省直调发电厂2019年2月辅助服务补偿及并网运行考核情况》进行公示的通知 2019-04-01,2019-04-01,辅助服务,HTML,https://scb.nea.gov.cn/dtyw/tzgg/202310/t20231009_134187.html,https://scb.nea.gov.cn/dtyw/tzgg/index_29.html
P2,公告/公示类，需确认是否为规则正文或仅为过程信息,人工确认正文性质后再入库,50,四川,国家能源局四川监管办公室-通知公告,国家能源局四川监管办公室,关于对《四川省直调发电厂2019年3月辅助服务补偿及并网运行考核情况》进行公示的通知 2019-04-22,2019-04-22,辅助服务,HTML,https://scb.nea.gov.cn/dtyw/tzgg/202310/t20231009_134188.html,https://scb.nea.gov.cn/dtyw/tzgg/index_28.html
P2,公告/公示类，需确认是否为规则正文或仅为过程信息,人工确认正文性质后再入库,50,四川,国家能源局四川监管办公室-通知公告,国家能源局四川监管办公室,关于对《四川省直调发电厂2019年4月辅助服务补偿及并网运行考核情况》进行公示的通知 2019-05-27,2019-05-27,辅助服务,HTML,https://scb.nea.gov.cn/dtyw/tzgg/202310/t20231009_134189.html,https://scb.nea.gov.cn/dtyw/tzgg/index_28.html
P2,公告/公示类，需确认是否为规则正文或仅为过程信息,人工确认正文性质后再入库,50,四川,国家能源局四川监管办公室-通知公告,国家能源局四川监管办公室,关于对《四川省直调发电厂2019年5月辅助服务补偿及并网运行考核情况》进行公示的通知 2019-07-12,2019-07-12,辅助服务,HTML,https://scb.nea.gov.cn/dtyw/tzgg/202310/t20231009_134191.html,https://scb.nea.gov.cn/dtyw/tzgg/index_28.html
P2,公告/公示类，需确认是否为规则正文或仅为过程信息,人工确认正文性质后再入库,50,四川,国家能源局四川监管办公室-通知公告,国家能源局四川监管办公室,关于对《四川省直调发电厂2019年6月辅助服务补偿及并网运行考核情况》进行公示的通知 2019-08-05,2019-08-05,辅助服务,HTML,https://scb.nea.gov.cn/dtyw/tzgg/202310/t20231009_134192.html,https://scb.nea.gov.cn/dtyw/tzgg/index_28.html
P2,公告/公示类，需确认是否为规则正文或仅为过程信息,人工确认正文性质后再入库,50,四川,国家能源局四川监管办公室-通知公告,国家能源局四川监管办公室,关于对《四川省直调发电厂2019年7月辅助服务补偿及并网运行考核情况》进行公示的通知 2019-08-29,2019-08-29,辅助服务,HTML,https://scb.nea.gov.cn/dtyw/tzgg/202310/t20231009_134194.html,https://scb.nea.gov.cn/dtyw/tzgg/index_28.html
P2,公告/公示类，需确认是否为规则正文或仅为过程信息,人工确认正文性质后再入库,50,四川,国家能源局四川监管办公室-通知公告,国家能源局四川监管办公室,关于对《四川省直调发电厂2019年8月辅助服务补偿及并网运行考核情况》进行公示的通知 2019-10-10,2019-10-10,辅助服务,HTML,https://scb.nea.gov.cn/dtyw/tzgg/202310/t20231009_134197.html,https://scb.nea.gov.cn/dtyw/tzgg/index_28.html
P2,公告/公示类，需确认是否为规则正文或仅为过程信息,人工确认正文性质后再入库,50,四川,国家能源局四川监管办公室-通知公告,国家能源局四川监管办公室,关于对《四川省直调发电厂2019年9月辅助服务补偿及并网运行考核情况》进行公示的通知 2019-10-29,2019-10-29,辅助服务,HTML,https://scb.nea.gov.cn/dtyw/tzgg/202310/t20231009_134199.html,https://scb.nea.gov.cn/dtyw/tzgg/index_28.html
P2,公告/公示类，需确认是否为规则正文或仅为过程信息,人工确认正文性质后再入库,50,四川,国家能源局四川监管办公室-通知公告,国家能源局四川监管办公室,关于对《四川省直调发电厂2020年10月辅助服务补偿及并网运行考核情况》进行公示的通知 2021-01-06,2021-01-06,辅助服务,HTML,https://scb.nea.gov.cn/dtyw/tzgg/202310/t20231009_134231.html,https://scb.nea.gov.cn/dtyw/tzgg/index_26.html
P2,公告/公示类，需确认是否为规则正文或仅为过程信息,人工确认正文性质后再入库,50,四川,国家能源局四川监管办公室-通知公告,国家能源局四川监管办公室,关于对《四川省直调发电厂2020年11月辅助服务补偿及并网运行考核情况》进行公示的通知 2021-02-01,2021-02-01,辅助服务,HTML,https://scb.nea.gov.cn/dtyw/tzgg/202310/t20231009_134233.html,https://scb.nea.gov.cn/dtyw/tzgg/index_25.html
P2,公告/公示类，需确认是否为规则正文或仅为过程信息,人工确认正文性质后再入库,50,四川,国家能源局四川监管办公室-通知公告,国家能源局四川监管办公室,关于对《四川省直调发电厂2020年12月辅助服务补偿及并网运行考核情况》进行公示的通知 2021-03-09,2021-03-09,辅助服务,HTML,https://scb.nea.gov.cn/dtyw/tzgg/202310/t20231009_134243.html,https://scb.nea.gov.cn/dtyw/tzgg/index_25.html
P2,公告/公示类，需确认是否为规则正文或仅为过程信息,人工确认正文性质后再入库,50,四川,国家能源局四川监管办公室-通知公告,国家能源局四川监管办公室,关于对《四川省直调发电厂2020年1月辅助服务补偿及并网运行考核情况》进行公示的通知 2020-04-03,2020-04-03,辅助服务,HTML,https://scb.nea.gov.cn/dtyw/tzgg/202310/t20231009_134211.html,https://scb.nea.gov.cn/dtyw/tzgg/index_27.html
P2,公告/公示类，需确认是否为规则正文或仅为过程信息,人工确认正文性质后再入库,50,四川,国家能源局四川监管办公室-通知公告,国家能源局四川监管办公室,关于对《四川省直调发电厂2020年2月辅助服务补偿及并网运行考核情况》进行公示的通知 2020-04-27,2020-04-27,辅助服务,HTML,https://scb.nea.gov.cn/dtyw/tzgg/202310/t20231009_134212.html,https://scb.nea.gov.cn/dtyw/tzgg/index_27.html
P2,公告/公示类，需确认是否为规则正文或仅为过程信息,人工确认正文性质后再入库,50,四川,国家能源局四川监管办公室-通知公告,国家能源局四川监管办公室,关于对《四川省直调发电厂2020年3月辅助服务补偿及并网运行考核情况》进行公示的通知 2020-05-26,2020-05-26,辅助服务,HTML,https://scb.nea.gov.cn/dtyw/tzgg/202310/t20231009_134214.html,https://scb.nea.gov.cn/dtyw/tzgg/index_27.html
P2,公告/公示类，需确认是否为规则正文或仅为过程信息,人工确认正文性质后再入库,50,四川,国家能源局四川监管办公室-通知公告,国家能源局四川监管办公室,关于对《四川省直调发电厂2020年4月辅助服务补偿及并网运行考核情况》进行公示的通知 2020-06-23,2020-06-23,辅助服务,HTML,https://scb.nea.gov.cn/dtyw/tzgg/202310/t20231009_134216.html,https://scb.nea.gov.cn/dtyw/tzgg/index_27.html
P2,公告/公示类，需确认是否为规则正文或仅为过程信息,人工确认正文性质后再入库,50,四川,国家能源局四川监管办公室-通知公告,国家能源局四川监管办公室,关于对《四川省直调发电厂2020年5月辅助服务补偿及并网运行考核情况》进行公示的通知 2020-07-27,2020-07-27,辅助服务,HTML,https://scb.nea.gov.cn/dtyw/tzgg/202310/t20231009_134220.html,https://scb.nea.gov.cn/dtyw/tzgg/index_26.html
P2,公告/公示类，需确认是否为规则正文或仅为过程信息,人工确认正文性质后再入库,50,四川,国家能源局四川监管办公室-通知公告,国家能源局四川监管办公室,关于对《四川省直调发电厂2020年6月辅助服务补偿及并网运行考核情况》进行公示的通知 2020-08-27,2020-08-27,辅助服务,HTML,https://scb.nea.gov.cn/dtyw/tzgg/202310/t20231009_134222.html,https://scb.nea.gov.cn/dtyw/tzgg/index_26.html
P2,公告/公示类，需确认是否为规则正文或仅为过程信息,人工确认正文性质后再入库,50,四川,国家能源局四川监管办公室-通知公告,国家能源局四川监管办公室,关于对《四川省直调发电厂2020年7月辅助服务补偿及并网运行考核情况》进行公示的通知 2020-09-24,2020-09-24,辅助服务,HTML,https://scb.nea.gov.cn/dtyw/tzgg/202310/t20231009_134225.html,https://scb.nea.gov.cn/dtyw/tzgg/index_26.html
P2,公告/公示类，需确认是否为规则正文或仅为过程信息,人工确认正文性质后再入库,50,四川,国家能源局四川监管办公室-通知公告,国家能源局四川监管办公室,关于对《四川省直调发电厂2020年8月辅助服务补偿及并网运行考核情况》进行公示的通知 2020-10-23,2020-10-23,辅助服务,HTML,https://scb.nea.gov.cn/dtyw/tzgg/202310/t20231009_134226.html,https://scb.nea.gov.cn/dtyw/tzgg/index_26.html
P2,公告/公示类，需确认是否为规则正文或仅为过程信息,人工确认正文性质后再入库,50,四川,国家能源局四川监管办公室-通知公告,国家能源局四川监管办公室,关于对《四川省直调发电厂2020年9月辅助服务补偿及并网运行考核情况》进行公示的通知 2020-11-24,2020-11-24,辅助服务,HTML,https://scb.nea.gov.cn/dtyw/tzgg/202310/t20231009_134227.html,https://scb.nea.gov.cn/dtyw/tzgg/index_26.html
P2,公告/公示类，需确认是否为规则正文或仅为过程信息,人工确认正文性质后再入库,50,四川,国家能源局四川监管办公室-通知公告,国家能源局四川监管办公室,关于对《四川省直调发电厂2021年1月辅助服务补偿及并网运行考核情况》进行公示的通知 2021-04-02,2021-04-02,辅助服务,HTML,https://scb.nea.gov.cn/dtyw/tzgg/202310/t20231009_134245.html,https://scb.nea.gov.cn/dtyw/tzgg/index_25.html
P2,公告/公示类，需确认是否为规则正文或仅为过程信息,人工确认正文性质后再入库,50,四川,国家能源局四川监管办公室-通知公告,国家能源局四川监管办公室,关于对《四川省直调发电厂2021年2月辅助服务补偿及并网运行考核情况》进行公示的通知 2021-05-13,2021-05-13,辅助服务,HTML,https://scb.nea.gov.cn/dtyw/tzgg/202310/t20231009_134252.html,https://scb.nea.gov.cn/dtyw/tzgg/index_24.html
P2,公告/公示类，需确认是否为规则正文或仅为过程信息,人工确认正文性质后再入库,50,四川,国家能源局四川监管办公室-通知公告,国家能源局四川监管办公室,关于对《四川省直调发电厂2021年3月辅助服务补偿及并网运行考核情况》进行公示的通知 2021-06-17,2021-06-17,辅助服务,HTML,https://scb.nea.gov.cn/dtyw/tzgg/202310/t20231009_134254.html,https://scb.nea.gov.cn/dtyw/tzgg/index_24.html
P2,公告/公示类，需确认是否为规则正文或仅为过程信息,人工确认正文性质后再入库,50,四川,国家能源局四川监管办公室-通知公告,国家能源局四川监管办公室,关于对《四川省直调发电厂2021年4月辅助服务补偿及并网运行考核情况》进行公示的通知 2021-07-01,2021-07-01,辅助服务,HTML,https://scb.nea.gov.cn/dtyw/tzgg/202310/t20231009_134255.html,https://scb.nea.gov.cn/dtyw/tzgg/index_24.html
P2,公告/公示类，需确认是否为规则正文或仅为过程信息,人工确认正文性质后再入库,50,四川,国家能源局四川监管办公室-通知公告,国家能源局四川监管办公室,关于对《四川省直调发电厂2021年5月辅助服务补偿及并网运行考核情况》进行公示的通知 2021-08-09,2021-08-09,辅助服务,HTML,https://scb.nea.gov.cn/dtyw/tzgg/202310/t20231009_134259.html,https://scb.nea.gov.cn/dtyw/tzgg/index_24.html
P2,公告/公示类，需确认是否为规则正文或仅为过程信息,人工确认正文性质后再入库,50,四川,国家能源局四川监管办公室-通知公告,国家能源局四川监管办公室,关于对《四川省直调发电厂2021年6月辅助服务补偿及并网运行考核情况》进行公示的通知 2021-08-30,2021-08-30,辅助服务,HTML,https://scb.nea.gov.cn/dtyw/tzgg/202310/t20231009_134260.html,https://scb.nea.gov.cn/dtyw/tzgg/index_24.html
P2,公告/公示类，需确认是否为规则正文或仅为过程信息,人工确认正文性质后再入库,50,四川,国家能源局四川监管办公室-通知公告,国家能源局四川监管办公室,关于对《四川省直调发电厂2021年7月辅助服务补偿及并网运行考核情况》进行公示的通知 2021-09-29,2021-09-29,辅助服务,HTML,https://scb.nea.gov.cn/dtyw/tzgg/202310/t20231009_134262.html,https://scb.nea.gov.cn/dtyw/tzgg/index_24.html
P2,公告/公示类，需确认是否为规则正文或仅为过程信息,人工确认正文性质后再入库,50,四川,国家能源局四川监管办公室-通知公告,国家能源局四川监管办公室,关于对《四川省直调发电厂2021年8月辅助服务补偿及并网运行考核情况》进行公示的通知 2021-12-14,2021-12-14,辅助服务,HTML,https://scb.nea.gov.cn/dtyw/tzgg/202310/t20231009_134272.html,https://scb.nea.gov.cn/dtyw/tzgg/index_23.html
P2,接近自动线但主题需确认,人工核验后决定是否入库,50,四川,国家能源局四川监管办公室-通知公告,国家能源局四川监管办公室,关于对《四川省直调发电厂2022年1月辅助服务补偿及并网运行考核情况》进行公布的通知 2022-07-01,2022-07-01,辅助服务,HTML,https://scb.nea.gov.cn/dtyw/tzgg/202310/t20231009_134298.html,https://scb.nea.gov.cn/dtyw/tzgg/index_21.html
P2,接近自动线但主题需确认,人工核验后决定是否入库,50,四川,国家能源局四川监管办公室-通知公告,国家能源局四川监管办公室,关于对《四川省直调发电厂2022年2月辅助服务补偿及并网运行考核情况》进行公布的通知 2022-08-03,2022-08-03,辅助服务,HTML,https://scb.nea.gov.cn/dtyw/tzgg/202310/t20231009_134309.html,https://scb.nea.gov.cn/dtyw/tzgg/index_21.html
P2,公告/公示类，需确认是否为规则正文或仅为过程信息,人工确认正文性质后再入库,50,四川,国家能源局四川监管办公室-通知公告,国家能源局四川监管办公室,关于对四川省直调发电厂2021年9月辅助服务补偿及并网运行考核情况进行公示的通知 2021-12-27,2021-12-27,辅助服务,HTML,https://scb.nea.gov.cn/dtyw/tzgg/202310/t20231009_134276.html,https://scb.nea.gov.cn/dtyw/tzgg/index_23.html
P2,接近自动线但主题需确认,人工核验后决定是否入库,50,四川,国家能源局四川监管办公室-通知公告,国家能源局四川监管办公室,关于开展四川电力行业2023年迎峰度夏和成都大运会电力安全保障交叉检查的通知 2023-05-15,2023-05-15,迎峰度夏;电力安全,HTML,https://scb.nea.gov.cn/dtyw/tzgg/202310/t20231009_134382.html,https://scb.nea.gov.cn/dtyw/tzgg/index_17.html
P2,接近自动线但主题需确认,人工核验后决定是否入库,50,四川,四川省发展和改革委员会-政策文件,四川省发展和改革委员会,关于新投产发电机组调试运行期上网电价有关事项的通知（川发改价格〔2024〕45号）,2024-02-04,上网电价,HTML,https://fgw.sc.gov.cn/sfgw/qtwj/2024/2/4/281fdd46a55841b6a51418896cb56186.shtml,https://fgw.sc.gov.cn/sfgw/zcwj/list_4.shtml
P2,接近自动线但主题需确认,人工核验后决定是否入库,50,四川,国家能源局四川监管办公室-通知公告,国家能源局四川监管办公室,关于明确2022年四川电力交易意见的通知 2022-01-19,2022-01-19,电力交易,HTML,https://scb.nea.gov.cn/dtyw/tzgg/202310/t20231009_134280.html,https://scb.nea.gov.cn/dtyw/tzgg/index_22.html
P2,接近自动线但主题需确认,人工核验后决定是否入库,50,四川,四川省发展和改革委员会-通知公告,四川省发展和改革委员会,关于明确四川电力市场2022年保底售电公司的通知（川发改能源〔2022〕429号）,2022-08-12,电力市场,HTML,https://fgw.sc.gov.cn/sfgw/tzgg/2022/8/12/b217c1c3639d423ebabe3aff9069765c.shtml,https://fgw.sc.gov.cn/sfgw/tzgg/list_34.shtml
P2,接近自动线但主题需确认,人工核验后决定是否入库,50,四川,四川省发展和改革委员会-通知公告,四川省发展和改革委员会,关于明确四川电力市场2023年保底售电公司的通知（川发改能源〔2023〕132号）,2023-03-28,电力市场,HTML,https://fgw.sc.gov.cn/sfgw/tzgg/2023/3/28/e946308cdcc747f8b35d74495b46002e.shtml,https://fgw.sc.gov.cn/sfgw/tzgg/list_30.shtml
P2,接近自动线但主题需确认,人工核验后决定是否入库,50,四川,四川省发展和改革委员会-通知公告,四川省发展和改革委员会,关于生物质发电上网电价有关事项的通知（川发改价格〔2025〕27号）,2025-02-12,上网电价,HTML,https://fgw.sc.gov.cn/sfgw/tzgg/2025/2/12/593b928c6edf482e8b21a73a74ed9140.shtml,https://fgw.sc.gov.cn/sfgw/tzgg/list_13.shtml
P2,接近自动线但主题需确认,人工核验后决定是否入库,50,四川,四川省发展和改革委员会-通知公告,四川省发展和改革委员会,关于转发《国家发展改革委关于进一步深化燃煤发电上网电价市场化改革的通知》的通知（川发改价格〔2021〕38...,2021-10-20,上网电价,HTML,https://fgw.sc.gov.cn/sfgw/tzgg/2021/10/20/5aa8cd591a1846649b849f307632f0bd.shtml,https://fgw.sc.gov.cn/sfgw/tzgg/list_44.shtml
P2,公告/公示类，需确认是否为规则正文或仅为过程信息,人工确认正文性质后再入库,50,四川,四川省发展和改革委员会-通知公告,四川省发展和改革委员会,四川负荷密集型城市群220千伏电网发展思路研究课题比选公告,2023-05-04,电网,HTML,https://fgw.sc.gov.cn/sfgw/tzgg/2023/5/4/13983fd918ee4ff0b9330999ec9f2d2c.shtml,https://fgw.sc.gov.cn/sfgw/tzgg/list_28.shtml
P2,接近自动线但主题需确认,人工核验后决定是否入库,50,山东,国家能源局山东监管办公室-通知公告,国家能源局派出机构,关于做好岁末年初和春节两会期间电力安全保障工作的通知 2019-01-10,2019-01-10,电力安全,HTML,https://sdb.nea.gov.cn/dtyw/tzgg/202309/t20230919_110388.html,https://sdb.nea.gov.cn/dtyw/tzgg/index_7.html
P2,征求意见类，需确认是否已有正式稿,人工确认有效状态后再入库,50,山东,国家能源局山东监管办公室-通知公告,国家能源局派出机构,关于公开征求《山东发电机组进入及退出商业运营管理实施细则(征求意见稿)》意见的通知 2023-08-11,2023-08-11,实施细则,HTML,https://sdb.nea.gov.cn/dtyw/tzgg/202309/t20230919_110476.html,https://sdb.nea.gov.cn/dtyw/tzgg/index_1.html
P2,接近自动线但主题需确认,人工核验后决定是否入库,50,山东,国家能源局山东监管办公室-通知公告,国家能源局派出机构,关于进一步加强电力安全信息报送工作的通知 2020-07-13,2020-07-13,电力安全,HTML,https://sdb.nea.gov.cn/dtyw/tzgg/202309/t20230919_110425.html,https://sdb.nea.gov.cn/dtyw/tzgg/index_5.html
P2,接近自动线但主题需确认,人工核验后决定是否入库,50,山东,国家能源局山东监管办公室-通知公告,国家能源局派出机构,转发国家电监会关于报送2010年度电价执行和电费结算情况的通知 2011-03-17,2011-03-17,结算,HTML,https://sdb.nea.gov.cn/dtyw/tzgg/202309/t20230919_110005.html,https://sdb.nea.gov.cn/dtyw/tzgg/index_33.html
P2,接近自动线但主题需确认,人工核验后决定是否入库,50,山西,山西省能源局-政策文件检索电力,山西省能源局,关于下发新型储能第一批入库项目的通知,2023-02-28,新型储能,HTML,http://nyj.shanxi.gov.cn/zfxxgk/fdzdgknr/sjwj/202311/t20231129_9435593.shtml,https://nyj.shanxi.gov.cn/trs-search/trssearch/openSearch/getZwgkList?keywords=%E7%94%B5%E5%8A%9B&pageNum=11&siteId=60&chnId=&dockind=2&position=0&sort=1&suitability=0
P2,接近自动线但主题需确认,人工核验后决定是否入库,50,山西,山西省能源局-政策文件检索电力,山西省能源局,山西省能源局关于做好2023年迎峰度夏期间全省电力供应保障工作的通知,2023-05-30,迎峰度夏,HTML,http://nyj.shanxi.gov.cn/zfxxgk/fdzdgknr/sjwj/202309/t20230925_9418433.shtml,https://nyj.shanxi.gov.cn/trs-search/trssearch/openSearch/getZwgkList?keywords=%E7%94%B5%E5%8A%9B&pageNum=1&siteId=60&chnId=&dockind=2&position=0&sort=1&suitability=0
P2,接近自动线但主题需确认,人工核验后决定是否入库,50,广东,广东省能源局-通知公告,广东省能源局,广东省发展改革委 广东省能源局关于印发广东省促进新型储能电站发展若干措施的通知06-05,,新型储能,HTML,https://drc.gd.gov.cn/snyj/tzgg/content/post_4192560.html,https://drc.gd.gov.cn/snyj/tzgg/mindex_23.html
P2,接近自动线但主题需确认,人工核验后决定是否入库,50,广东,广东省能源局-通知公告,广东省能源局,广东省能源局关于加强新型储能电站规范管理的通知07-04,,新型储能,HTML,https://drc.gd.gov.cn/snyj/tzgg/content/post_4211887.html,https://drc.gd.gov.cn/snyj/tzgg/mindex_21.html
P2,接近自动线但主题需确认,人工核验后决定是否入库,50,广东,广东省能源局-通知公告,广东省能源局,广东省能源局关于发布《广东省新型电力系统技术创新研究指南》及开展项目申报的通知07-04,,新型电力系统,HTML,https://drc.gd.gov.cn/snyj/tzgg/content/post_4211873.html,https://drc.gd.gov.cn/snyj/tzgg/mindex_21.html
P2,接近自动线但主题需确认,人工核验后决定是否入库,50,广东,广东省能源局-通知公告,广东省能源局,广东省能源局关于广东省新型电力系统技术创新项目立项的通知12-13,,新型电力系统,HTML,https://drc.gd.gov.cn/snyj/tzgg/content/post_4300450.html,https://drc.gd.gov.cn/snyj/tzgg/mindex_18.html
P2,接近自动线但主题需确认,人工核验后决定是否入库,50,广东,广东省能源局-通知公告,广东省能源局,广东省能源局转发国家能源局关于开展新型储能试点示范工作的通知06-26,,新型储能,HTML,https://drc.gd.gov.cn/snyj/tzgg/content/post_4206854.html,https://drc.gd.gov.cn/snyj/tzgg/mindex_22.html
P2,征求意见类，需确认是否已有正式稿,人工确认有效状态后再入库,50,新疆,国家能源局新疆监管办公室-通知公告,国家能源局新疆监管办公室,关于公开征求《新疆电力市场监管实施办法 （征求意见稿）》意见的通知 2025-01-15,2025-01-15,电力市场;市场监管,HTML,https://xjb.nea.gov.cn/dtyw/tzgg/202501/t20250115_275380.html,https://xjb.nea.gov.cn/dtyw/tzgg/index_3.html
P2,公告/公示类，需确认是否为规则正文或仅为过程信息,人工确认正文性质后再入库,50,新疆,国家能源局新疆监管办公室-通知公告,国家能源局新疆监管办公室,关于公示2016年一季度新疆电网 “两个细则”考核补偿情况的通知 2016-08-05,2016-08-05,电网,HTML,https://xjb.nea.gov.cn/dtyw/tzgg/202309/t20230923_116041.html,https://xjb.nea.gov.cn/dtyw/tzgg/index_43.html
P2,公告/公示类，需确认是否为规则正文或仅为过程信息,人工确认正文性质后再入库,50,新疆,国家能源局新疆监管办公室-通知公告,国家能源局新疆监管办公室,关于公示2016年二、三季度新疆电网 “两个细则”考核补偿情况的通知 2016-11-25,2016-11-25,电网,HTML,https://xjb.nea.gov.cn/dtyw/tzgg/202309/t20230923_116068.html,https://xjb.nea.gov.cn/dtyw/tzgg/index_41.html
P2,公告/公示类，需确认是否为规则正文或仅为过程信息,人工确认正文性质后再入库,50,新疆,国家能源局新疆监管办公室-通知公告,国家能源局新疆监管办公室,关于公示2016年四季度新疆电网 “两个细则”考核补偿有关情况的通知 2017-04-11,2017-04-11,电网,HTML,https://xjb.nea.gov.cn/dtyw/tzgg/202309/t20230923_116101.html,https://xjb.nea.gov.cn/dtyw/tzgg/index_39.html
P2,公告/公示类，需确认是否为规则正文或仅为过程信息,人工确认正文性质后再入库,50,新疆,国家能源局新疆监管办公室-通知公告,国家能源局新疆监管办公室,关于公示2017年10月份新疆电网“两个细则” 考核补偿情况的通知 2018-02-09,2018-02-09,电网,HTML,https://xjb.nea.gov.cn/dtyw/tzgg/202309/t20230923_116167.html,https://xjb.nea.gov.cn/dtyw/tzgg/index_35.html
P2,公告/公示类，需确认是否为规则正文或仅为过程信息,人工确认正文性质后再入库,50,新疆,国家能源局新疆监管办公室-通知公告,国家能源局新疆监管办公室,关于公示2017年11、12月份新疆电网“两个细则”考核补偿情况的通知 2018-04-20,2018-04-20,电网,HTML,https://xjb.nea.gov.cn/dtyw/tzgg/202309/t20230923_116182.html,https://xjb.nea.gov.cn/dtyw/tzgg/index_34.html
P2,公告/公示类，需确认是否为规则正文或仅为过程信息,人工确认正文性质后再入库,50,新疆,国家能源局新疆监管办公室-通知公告,国家能源局新疆监管办公室,关于公示2017年7月份新疆电网 “两个细则”考核补偿情况的通知 2017-10-31,2017-10-31,电网,HTML,https://xjb.nea.gov.cn/dtyw/tzgg/202309/t20230923_116149.html,https://xjb.nea.gov.cn/dtyw/tzgg/index_36.html
P2,公告/公示类，需确认是否为规则正文或仅为过程信息,人工确认正文性质后再入库,50,新疆,国家能源局新疆监管办公室-通知公告,国家能源局新疆监管办公室,关于公示2017年9月份新疆电网“两个细则”考核补偿情况的通知 2018-01-30,2018-01-30,电网,HTML,https://xjb.nea.gov.cn/dtyw/tzgg/202309/t20230923_116163.html,https://xjb.nea.gov.cn/dtyw/tzgg/index_35.html
P2,公告/公示类，需确认是否为规则正文或仅为过程信息,人工确认正文性质后再入库,50,新疆,国家能源局新疆监管办公室-通知公告,国家能源局新疆监管办公室,关于公示2017年一季度新疆电网 “两个细则”考核补偿情况的通知 2017-07-12,2017-07-12,电网,HTML,https://xjb.nea.gov.cn/dtyw/tzgg/202309/t20230923_116128.html,https://xjb.nea.gov.cn/dtyw/tzgg/index_37.html
P2,公告/公示类，需确认是否为规则正文或仅为过程信息,人工确认正文性质后再入库,50,新疆,国家能源局新疆监管办公室-通知公告,国家能源局新疆监管办公室,关于公示2017年二季度新疆电网 “两个细则”考核补偿情况的通知 2017-09-14,2017-09-14,电网,HTML,https://xjb.nea.gov.cn/dtyw/tzgg/202309/t20230923_116138.html,https://xjb.nea.gov.cn/dtyw/tzgg/index_36.html
P2,公告/公示类，需确认是否为规则正文或仅为过程信息,人工确认正文性质后再入库,50,新疆,国家能源局新疆监管办公室-通知公告,国家能源局新疆监管办公室,关于公示2018-2019年度新疆电网供暖期公用火电机组最小运行方式的通知 2018-09-26,2018-09-26,电网,HTML,https://xjb.nea.gov.cn/dtyw/tzgg/202309/t20230923_116215.html,https://xjb.nea.gov.cn/dtyw/tzgg/index_31.html
P2,接近自动线但主题需确认,人工核验后决定是否入库,50,新疆,国家能源局新疆监管办公室-通知公告,国家能源局新疆监管办公室,关于加强和规范新疆电力市场秩序的通知 2020-01-15,2020-01-15,电力市场,HTML,https://xjb.nea.gov.cn/dtyw/tzgg/202309/t20230923_116371.html,https://xjb.nea.gov.cn/dtyw/tzgg/index_21.html
P2,接近自动线但主题需确认,人工核验后决定是否入库,50,新疆,国家能源局新疆监管办公室-通知公告,国家能源局新疆监管办公室,关于印发《新疆电力市场售电公司与电力用户代理协议标准文本（试行）》的通知 2020-09-29,2020-09-29,电力市场,HTML,https://xjb.nea.gov.cn/dtyw/tzgg/202309/t20230923_116434.html,https://xjb.nea.gov.cn/dtyw/tzgg/index_17.html
P2,征求意见类，需确认是否已有正式稿,人工确认有效状态后再入库,50,新疆,国家能源局新疆监管办公室-通知公告,国家能源局新疆监管办公室,关于对《新疆电力辅助服务市场运营规则（征求意见稿》征求意见的通知 2023-04-28,2023-04-28,运营规则;辅助服务,HTML,https://xjb.nea.gov.cn/dtyw/tzgg/202309/t20230923_116583.html,https://xjb.nea.gov.cn/dtyw/tzgg/index_7.html
P2,征求意见类，需确认是否已有正式稿,人工确认有效状态后再入库,50,新疆,国家能源局新疆监管办公室-通知公告,国家能源局新疆监管办公室,关于征求《天中直流配套新能源发电企业与新疆区域燃煤自备电厂调峰替代交易实施细则（征求意... 2019-06-12,2019-06-12,实施细则;调峰,HTML,https://xjb.nea.gov.cn/dtyw/tzgg/202309/t20230923_116293.html,https://xjb.nea.gov.cn/dtyw/tzgg/index_26.html
P2,征求意见类，需确认是否已有正式稿,人工确认有效状态后再入库,50,新疆,国家能源局新疆监管办公室-通知公告,国家能源局新疆监管办公室,关于征求《新疆电力中长期交易实施细则 （征求意见稿）》意见的通知 2021-09-29,2021-09-29,实施细则;中长期,HTML,https://xjb.nea.gov.cn/dtyw/tzgg/202309/t20230923_116507.html,https://xjb.nea.gov.cn/dtyw/tzgg/index_12.html
P2,征求意见类，需确认是否已有正式稿,人工确认有效状态后再入库,50,新疆,国家能源局新疆监管办公室-通知公告,国家能源局新疆监管办公室,关于征求《新疆电力中长期交易实施细则（征求意见稿）》意见的通知 2020-09-08,2020-09-08,实施细则;中长期,HTML,https://xjb.nea.gov.cn/dtyw/tzgg/202309/t20230923_116421.html,https://xjb.nea.gov.cn/dtyw/tzgg/index_18.html
P2,征求意见类，需确认是否已有正式稿,人工确认有效状态后再入库,50,新疆,国家能源局新疆监管办公室-通知公告,国家能源局新疆监管办公室,关于征求《新疆电力市场交易信用评价及评定管理办法（征求意见稿）》意见的通知 2020-05-29,2020-05-29,电力市场,HTML,https://xjb.nea.gov.cn/dtyw/tzgg/202309/t20230923_116405.html,https://xjb.nea.gov.cn/dtyw/tzgg/index_19.html
P2,接近自动线但主题需确认,人工核验后决定是否入库,50,新疆,国家能源局新疆监管办公室-通知公告,国家能源局新疆监管办公室,关于成立新疆电力市场信用体系建设工作小组的通知 2019-10-15,2019-10-15,电力市场,HTML,https://xjb.nea.gov.cn/dtyw/tzgg/202309/t20230923_116329.html,https://xjb.nea.gov.cn/dtyw/tzgg/index_24.html
P2,接近自动线但主题需确认,人工核验后决定是否入库,50,江苏,国家能源局江苏监管办公室-通知,国家能源局江苏监管办公室,关于下达2017年江苏统调发电企业辅助服务补偿结果的通知 2018-08-08,2018-08-08,辅助服务,HTML,https://jsb.nea.gov.cn/dtyw/tz/202309/t20230910_32118.html,https://jsb.nea.gov.cn/dtyw/tz/index_8.html
P2,接近自动线但主题需确认,人工核验后决定是否入库,50,江苏,国家能源局江苏监管办公室-通知,国家能源局江苏监管办公室,关于印发2018年下半年江苏统调发电企业辅助服务补偿结果的通知 2019-07-30,2019-07-30,辅助服务,HTML,https://jsb.nea.gov.cn/dtyw/tz/202309/t20230910_32151.html,https://jsb.nea.gov.cn/dtyw/tz/index_5.html
P2,接近自动线但主题需确认,人工核验后决定是否入库,50,江苏,国家能源局江苏监管办公室-通知,国家能源局江苏监管办公室,关于印发2019年上半年江苏统调发电企业辅助服务补偿结果的通知 2019-10-25,2019-10-25,辅助服务,HTML,https://jsb.nea.gov.cn/dtyw/tz/202309/t20230910_32159.html,https://jsb.nea.gov.cn/dtyw/tz/index_5.html
P2,接近自动线但主题需确认,人工核验后决定是否入库,50,江苏,国家能源局江苏监管办公室-通知,国家能源局江苏监管办公室,关于印发2019年下半年江苏统调发电企业辅助服务补偿结果的通知 2020-04-17,2020-04-17,辅助服务,HTML,https://jsb.nea.gov.cn/dtyw/tz/202309/t20230910_32180.html,https://jsb.nea.gov.cn/dtyw/tz/index_3.html
P2,接近自动线但主题需确认,人工核验后决定是否入库,50,江苏,国家能源局江苏监管办公室-通知,国家能源局江苏监管办公室,关于印发2020年上半年江苏统调发电企业辅助服务补偿结果的通知 2020-10-08,2020-10-08,辅助服务,HTML,https://jsb.nea.gov.cn/dtyw/tz/202309/t20230910_32187.html,https://jsb.nea.gov.cn/dtyw/tz/index_3.html
P2,接近自动线但主题需确认,人工核验后决定是否入库,50,江苏,国家能源局江苏监管办公室-通知,国家能源局江苏监管办公室,关于印发2020年下半年江苏统调发电企业辅助服务补偿结果的通知 2021-04-22,2021-04-22,辅助服务,HTML,https://jsb.nea.gov.cn/dtyw/tz/202309/t20230910_32198.html,https://jsb.nea.gov.cn/dtyw/tz/index_2.html
P2,接近自动线但主题需确认,人工核验后决定是否入库,50,江苏,国家能源局江苏监管办公室-通知,国家能源局江苏监管办公室,关于印发2021年江苏统调发电企业辅助服务补偿结果的通知 2022-08-05,2022-08-05,辅助服务,HTML,https://jsb.nea.gov.cn/dtyw/tz/202309/t20230910_32208.html,https://jsb.nea.gov.cn/dtyw/tz/index_2.html
P2,公告/公示类，需确认是否为规则正文或仅为过程信息,人工确认正文性质后再入库,50,江苏,国家能源局江苏监管办公室-公告,国家能源局江苏监管办公室,电网公平开放专项监管问题征集公告 2024-04-18,2024-04-18,电网,HTML,https://jsb.nea.gov.cn/dtyw/gg/202404/t20240418_260876.html,https://jsb.nea.gov.cn/dtyw/gg/index_12.html
P2,征求意见类，需确认是否已有正式稿,人工确认有效状态后再入库,50,浙江,国家能源局浙江监管办公室-通知公告,国家能源局浙江监管办公室,关于征求《华东区域跨省电力中长期交易规则（征求意见稿）》意见的函 2020-07-21,2020-07-21,交易规则;中长期;跨省,HTML,https://zjb.nea.gov.cn/dtyw/tzgg/202309/t20230914_75837.html,https://zjb.nea.gov.cn/dtyw/tzgg/index_7.html
P2,征求意见类，需确认是否已有正式稿,人工确认有效状态后再入库,50,浙江,国家能源局浙江监管办公室-通知公告,国家能源局浙江监管办公室,关于征求《浙江省第三方独立主体参与电力辅助服务市场交易规则（试行）（征求意见稿）》意见的函 2021-05-20,2021-05-20,交易规则;辅助服务,HTML,https://zjb.nea.gov.cn/dtyw/tzgg/202309/t20230914_75868.html,https://zjb.nea.gov.cn/dtyw/tzgg/index_5.html
P2,接近自动线但主题需确认,人工核验后决定是否入库,50,浙江,国家能源局浙江监管办公室-通知公告,国家能源局浙江监管办公室,国家能源局浙江监管办公室 浙江省能源局关于印发《浙江省分布式可再生能源发电项目绿证核发工... 2025-11-07,2025-11-07,绿证,PDF,https://zjb.nea.gov.cn/dtyw/tzgg/202511/P020251107588626158604.pdf,https://zjb.nea.gov.cn/dtyw/tzgg/index_1.html
P2,征求意见类，需确认是否已有正式稿,人工确认有效状态后再入库,50,浙江,国家能源局浙江监管办公室-通知公告,国家能源局浙江监管办公室,国家能源局浙江监管办公室关于征求2019年度浙江省部分行业放开中长期电力交易相关合同示范文... 2019-10-10,2019-10-10,电力交易;中长期,HTML,https://zjb.nea.gov.cn/dtyw/tzgg/202309/t20230914_75795.html,https://zjb.nea.gov.cn/dtyw/tzgg/index_9.html
P2,征求意见类，需确认是否已有正式稿,人工确认有效状态后再入库,50,浙江,国家能源局浙江监管办公室-通知公告,国家能源局浙江监管办公室,国家能源局浙江监管办公室关于征求《浙江省售电市场监管办法（试行）》意见的函 2019-04-26,2019-04-26,市场监管,HTML,https://zjb.nea.gov.cn/dtyw/tzgg/202309/t20230914_75785.html,https://zjb.nea.gov.cn/dtyw/tzgg/index_9.html
P2,征求意见类，需确认是否已有正式稿,人工确认有效状态后再入库,50,浙江,国家能源局浙江监管办公室-通知公告,国家能源局浙江监管办公室,国家能源局浙江监管办公室关于征求《浙江省电力交易机构监管办法（试行）》意见的函 2018-12-07,2018-12-07,电力交易,HTML,https://zjb.nea.gov.cn/dtyw/tzgg/202309/t20230914_75780.html,https://zjb.nea.gov.cn/dtyw/tzgg/index_10.html
P2,接近自动线但主题需确认,人工核验后决定是否入库,50,浙江,国家能源局浙江监管办公室-通知公告,国家能源局浙江监管办公室,浙江省能源监管办关于开展浙江省电力市场监管专家调整推荐工作的通知 2020-05-12,2020-05-12,电力市场;市场监管,HTML,https://zjb.nea.gov.cn/dtyw/tzgg/202309/t20230914_75824.html,https://zjb.nea.gov.cn/dtyw/tzgg/index_8.html
P2,征求意见类，需确认是否已有正式稿,人工确认有效状态后再入库,50,浙江,国家能源局浙江监管办公室-通知公告,国家能源局浙江监管办公室,浙江能源监管办关于征求2022年浙江省电力中长期交易合同示范文本意见的函 2021-12-11,2021-12-11,中长期,HTML,https://zjb.nea.gov.cn/dtyw/tzgg/202309/t20230914_75876.html,https://zjb.nea.gov.cn/dtyw/tzgg/index_4.html
P2,接近自动线但主题需确认,人工核验后决定是否入库,50,福建,国家能源局福建监管办公室-通知公告,国家能源局福建监管办公室,国家能源局福建监管办公室 福建省发展和改革委员会关于印发《福建电力市场运行基本... 2025-02-28,2025-02-28,电力市场,PDF,https://fjb.nea.gov.cn/dtyw/tzgg/202502/P020250228317033550447.pdf,https://fjb.nea.gov.cn/dtyw/tzgg/index_4.html
P2,接近自动线但主题需确认,人工核验后决定是否入库,50,福建,国家能源局福建监管办公室-通知公告,国家能源局福建监管办公室,国家能源局福建监管办公室关于印发福建省电力市场交易相关合同示范文本的通知（闽... 2018-03-21,2018-03-21,电力市场,HTML,https://fjb.nea.gov.cn/dtyw/tzgg/202312/t20231217_221156.html,https://fjb.nea.gov.cn/dtyw/tzgg/index_36.html
P2,征求意见类，需确认是否已有正式稿,人工确认有效状态后再入库,50,福建,国家能源局福建监管办公室-通知公告,国家能源局福建监管办公室,福建能源监管办关于征求《福建省电力市场交易规则（试行）》修改意见的函（闽监能... 2017-12-27,2017-12-27,电力市场;交易规则,HTML,https://fjb.nea.gov.cn/dtyw/tzgg/202312/t20231217_221148.html,https://fjb.nea.gov.cn/dtyw/tzgg/index_37.html
P2,征求意见类，需确认是否已有正式稿,人工确认有效状态后再入库,50,西北区域,国家能源局西北监管局-通知公告,国家能源局派出机构,关于征求《宁夏电力中长期交易规则（暂行）》（征求意见稿）意见建议的通知 2017-03-21,2017-03-21,交易规则;中长期,HTML,https://xbj.nea.gov.cn/dtyw/tzgg/202310/t20231013_147489.html,https://xbj.nea.gov.cn/dtyw/tzgg/index_23.html
P2,征求意见类，需确认是否已有正式稿,人工确认有效状态后再入库,50,西北区域,国家能源局西北监管局-通知公告,国家能源局派出机构,关于征求《青海省电力中长期交易规则（暂行）》（征求意见稿）意见建议的通知 2017-03-20,2017-03-20,交易规则;中长期,HTML,https://xbj.nea.gov.cn/dtyw/tzgg/202310/t20231013_147488.html,https://xbj.nea.gov.cn/dtyw/tzgg/index_23.html
P2,征求意见类，需确认是否已有正式稿,人工确认有效状态后再入库,50,西北区域,国家能源局西北监管局-通知公告,国家能源局派出机构,国家能源局西北监管局关于公开征求《储能、负荷侧等市场主体参与陕西电网调峰、顶... 2023-08-25,2023-08-25,调峰;电网,HTML,https://xbj.nea.gov.cn/dtyw/tzgg/202312/t20231208_220599.html,https://xbj.nea.gov.cn/dtyw/tzgg/index_14.html
P2,征求意见类，需确认是否已有正式稿,人工确认有效状态后再入库,50,西北区域,国家能源局西北监管局-通知公告,国家能源局派出机构,国家能源局西北监管局关于公开征求《储能、负荷侧等市场主体参与陕西电网调峰、顶... 2023-08-28,2023-08-28,调峰;电网,HTML,https://xbj.nea.gov.cn/dtyw/tzgg/202310/t20231013_147615.html,https://xbj.nea.gov.cn/dtyw/tzgg/index_14.html
P2,征求意见类，需确认是否已有正式稿,人工确认有效状态后再入库,50,西北区域,国家能源局西北监管局-通知公告,国家能源局派出机构,国家能源局西北监管局关于再次公开征求《西北区域灵活调节资源容量市场运营规则（... 2024-11-15,2024-11-15,运营规则,HTML,https://xbj.nea.gov.cn/dtyw/tzgg/202411/t20241115_272394.html,https://xbj.nea.gov.cn/dtyw/tzgg/index_10.html
P2,接近自动线但主题需确认,人工核验后决定是否入库,50,西北区域,国家能源局西北监管局-通知公告,国家能源局派出机构,国家能源局西北监管局关于印发《陕宁青三省（区）火电机组深度调峰能力认定及供热... 2024-10-18,2024-10-18,调峰,HTML,https://xbj.nea.gov.cn/dtyw/tzgg/202410/t20241018_271011.html,https://xbj.nea.gov.cn/dtyw/tzgg/index_11.html
P2,征求意见类，需确认是否已有正式稿,人工确认有效状态后再入库,50,西北区域,国家能源局西北监管局-通知公告,国家能源局派出机构,国家能源局西北监管局关于征求《火电机组深度调峰能力认定及供热调峰能力核定管理... 2024-03-26,2024-03-26,调峰,HTML,https://xbj.nea.gov.cn/dtyw/tzgg/202403/t20240326_259655.html,https://xbj.nea.gov.cn/dtyw/tzgg/index_13.html
P2,征求意见类，需确认是否已有正式稿,人工确认有效状态后再入库,50,西北区域,国家能源局西北监管局-通知公告,国家能源局派出机构,国家能源局西北监管局关于征求《陕西省电力中长期交易规则》（征求意见稿）意见建... 2019-11-18,2019-11-18,交易规则;中长期,HTML,https://xbj.nea.gov.cn/dtyw/tzgg/202310/t20231013_147525.html,https://xbj.nea.gov.cn/dtyw/tzgg/index_20.html
P2,征求意见类，需确认是否已有正式稿,人工确认有效状态后再入库,50,西北区域,国家能源局西北监管局-通知公告,国家能源局派出机构,国家能源局西北监管局关于征求《青海省电力辅助服务市场运营规则》（征求意见稿）... 2020-12-01,2020-12-01,运营规则;辅助服务,HTML,https://xbj.nea.gov.cn/dtyw/tzgg/202310/t20231013_147545.html,https://xbj.nea.gov.cn/dtyw/tzgg/index_19.html
P2,接近自动线但主题需确认,人工核验后决定是否入库,50,西北区域,国家能源局西北监管局-通知公告,国家能源局派出机构,国家能源局西北监管局关于推荐西北（陕宁青）电力安全专家委员会委员人选的通知 2019-04-24,2019-04-24,电力安全,HTML,https://xbj.nea.gov.cn/dtyw/tzgg/202310/t20231013_147517.html,https://xbj.nea.gov.cn/dtyw/tzgg/index_21.html
P2,接近自动线但主题需确认,人工核验后决定是否入库,50,贵州,国家能源局贵州监管办公室-通知公告,国家能源局贵州监管办公室,关于公布贵州省统调电厂2017年12月并网运行考核及辅助服务补偿结果的通知 2018-07-12,2018-07-12,辅助服务,HTML,https://gzb.nea.gov.cn/dtyw/tzgg/202308/t20230821_3668.html,https://gzb.nea.gov.cn/dtyw/tzgg/index_35.html
P2,接近自动线但主题需确认,人工核验后决定是否入库,50,贵州,国家能源局贵州监管办公室-通知公告,国家能源局贵州监管办公室,关于公布贵州省统调电厂2018年12月并网运行考核及辅助服务补偿结果的通知 2019-05-15,2019-05-15,辅助服务,HTML,https://gzb.nea.gov.cn/dtyw/tzgg/202308/t20230821_3701.html,https://gzb.nea.gov.cn/dtyw/tzgg/index_33.html
P2,接近自动线但主题需确认,人工核验后决定是否入库,50,贵州,国家能源局贵州监管办公室-通知公告,国家能源局贵州监管办公室,关于公布贵州省统调电厂2018年4月并网运行考核及辅助服务补偿结果的通知 2018-08-20,2018-08-20,辅助服务,HTML,https://gzb.nea.gov.cn/dtyw/tzgg/202308/t20230821_3673.html,https://gzb.nea.gov.cn/dtyw/tzgg/index_35.html
P2,接近自动线但主题需确认,人工核验后决定是否入库,50,贵州,国家能源局贵州监管办公室-通知公告,国家能源局贵州监管办公室,关于公布贵州省统调电厂2018年5-6月并网运行考核及辅助服务补偿结果的通知 2018-09-07,2018-05-06,辅助服务,HTML,https://gzb.nea.gov.cn/dtyw/tzgg/202308/t20230821_3677.html,https://gzb.nea.gov.cn/dtyw/tzgg/index_34.html
P2,接近自动线但主题需确认,人工核验后决定是否入库,50,贵州,国家能源局贵州监管办公室-通知公告,国家能源局贵州监管办公室,关于公布贵州省统调电厂2018年7月并网运行考核及辅助服务补偿结果的通知 2019-03-07,2019-03-07,辅助服务,HTML,https://gzb.nea.gov.cn/dtyw/tzgg/202308/t20230821_3691.html,https://gzb.nea.gov.cn/dtyw/tzgg/index_33.html
P2,接近自动线但主题需确认,人工核验后决定是否入库,50,贵州,国家能源局贵州监管办公室-通知公告,国家能源局贵州监管办公室,关于公布贵州省统调电厂2018年8-11月并网运行考核及辅助服务补偿结果的通知 2019-04-12,2018-08-11,辅助服务,HTML,https://gzb.nea.gov.cn/dtyw/tzgg/202308/t20230821_3697.html,https://gzb.nea.gov.cn/dtyw/tzgg/index_33.html
P2,接近自动线但主题需确认,人工核验后决定是否入库,50,贵州,国家能源局贵州监管办公室-通知公告,国家能源局贵州监管办公室,关于公布贵州省统调电厂2019年10月并网运行考核及辅助服务补偿结果的通知 2019-12-31,2019-12-31,辅助服务,HTML,https://gzb.nea.gov.cn/dtyw/tzgg/202308/t20230821_3725.html,https://gzb.nea.gov.cn/dtyw/tzgg/index_31.html
P2,接近自动线但主题需确认,人工核验后决定是否入库,50,贵州,国家能源局贵州监管办公室-通知公告,国家能源局贵州监管办公室,关于公布贵州省统调电厂2019年1月并网运行考核及辅助服务补偿结果的通知 2019-08-13,2019-08-13,辅助服务,HTML,https://gzb.nea.gov.cn/dtyw/tzgg/202308/t20230821_3708.html,https://gzb.nea.gov.cn/dtyw/tzgg/index_32.html
P2,接近自动线但主题需确认,人工核验后决定是否入库,50,贵州,国家能源局贵州监管办公室-通知公告,国家能源局贵州监管办公室,关于公布贵州省统调电厂2019年2月并网运行考核及辅助服务补偿结果的通知 2019-09-19,2019-09-19,辅助服务,HTML,https://gzb.nea.gov.cn/dtyw/tzgg/202308/t20230821_3712.html,https://gzb.nea.gov.cn/dtyw/tzgg/index_32.html
P2,接近自动线但主题需确认,人工核验后决定是否入库,50,贵州,国家能源局贵州监管办公室-通知公告,国家能源局贵州监管办公室,关于公布贵州省统调电厂2019年3月并网运行考核及辅助服务补偿结果的通知 2019-10-11,2019-10-11,辅助服务,HTML,https://gzb.nea.gov.cn/dtyw/tzgg/202308/t20230821_3714.html,https://gzb.nea.gov.cn/dtyw/tzgg/index_32.html
P2,接近自动线但主题需确认,人工核验后决定是否入库,50,贵州,国家能源局贵州监管办公室-通知公告,国家能源局贵州监管办公室,关于公布贵州省统调电厂2019年4月并网运行考核及辅助服务补偿结果的通知 2019-11-08,2019-11-08,辅助服务,HTML,https://gzb.nea.gov.cn/dtyw/tzgg/202308/t20230821_3716.html,https://gzb.nea.gov.cn/dtyw/tzgg/index_32.html
P2,接近自动线但主题需确认,人工核验后决定是否入库,50,贵州,国家能源局贵州监管办公室-通知公告,国家能源局贵州监管办公室,关于公布贵州省统调电厂2019年5-6月并网运行考核及辅助服务补偿结果的通知 2019-11-08,2019-05-06,辅助服务,HTML,https://gzb.nea.gov.cn/dtyw/tzgg/202308/t20230821_3717.html,https://gzb.nea.gov.cn/dtyw/tzgg/index_32.html
P2,接近自动线但主题需确认,人工核验后决定是否入库,50,贵州,国家能源局贵州监管办公室-通知公告,国家能源局贵州监管办公室,关于公布贵州省统调电厂2019年7月并网运行考核及辅助服务补偿结果的通知 2019-11-09,2019-11-09,辅助服务,HTML,https://gzb.nea.gov.cn/dtyw/tzgg/202308/t20230821_3718.html,https://gzb.nea.gov.cn/dtyw/tzgg/index_32.html
P2,接近自动线但主题需确认,人工核验后决定是否入库,50,贵州,国家能源局贵州监管办公室-通知公告,国家能源局贵州监管办公室,关于公布贵州省统调电厂2019年8-9月并网运行考核及辅助服务补偿结果的通知 2019-12-31,2019-08-09,辅助服务,HTML,https://gzb.nea.gov.cn/dtyw/tzgg/202308/t20230821_3724.html,https://gzb.nea.gov.cn/dtyw/tzgg/index_31.html
P2,接近自动线但主题需确认,人工核验后决定是否入库,50,贵州,国家能源局贵州监管办公室-通知公告,国家能源局贵州监管办公室,关于公布贵州省统调电厂2020年5月并网运行考核及辅助服务补偿结果的通知 2020-10-22,2020-10-22,辅助服务,HTML,https://gzb.nea.gov.cn/dtyw/tzgg/202308/t20230821_3761.html,https://gzb.nea.gov.cn/dtyw/tzgg/index_29.html
P2,接近自动线但主题需确认,人工核验后决定是否入库,50,贵州,国家能源局贵州监管办公室-通知公告,国家能源局贵州监管办公室,关于公布贵州省统调电厂2020年6月并网运行考核及辅助服务补偿结果的通知 2020-10-22,2020-10-22,辅助服务,HTML,https://gzb.nea.gov.cn/dtyw/tzgg/202308/t20230821_3762.html,https://gzb.nea.gov.cn/dtyw/tzgg/index_29.html
P2,接近自动线但主题需确认,人工核验后决定是否入库,50,贵州,国家能源局贵州监管办公室-通知公告,国家能源局贵州监管办公室,关于公布贵州统调电厂2019年11-12月并网运行考核及辅助服务补偿结果的通知 2020-05-28,2019-11-12,辅助服务,HTML,https://gzb.nea.gov.cn/dtyw/tzgg/202308/t20230821_3741.html,https://gzb.nea.gov.cn/dtyw/tzgg/index_30.html
P2,接近自动线但主题需确认,人工核验后决定是否入库,50,贵州,国家能源局贵州监管办公室-通知公告,国家能源局贵州监管办公室,关于公布贵州统调电厂2020年1-2月并网运行考核及辅助服务补偿结果的通知 2020-05-28,2020-01-02,辅助服务,HTML,https://gzb.nea.gov.cn/dtyw/tzgg/202308/t20230821_3742.html,https://gzb.nea.gov.cn/dtyw/tzgg/index_30.html
P2,接近自动线但主题需确认,人工核验后决定是否入库,50,贵州,国家能源局贵州监管办公室-通知公告,国家能源局贵州监管办公室,关于公布贵州统调电厂2020年10月并网运行考核及辅助服务补偿结果的通知 2021-02-18,2021-02-18,辅助服务,HTML,https://gzb.nea.gov.cn/dtyw/tzgg/202308/t20230821_3773.html,https://gzb.nea.gov.cn/dtyw/tzgg/index_28.html
P2,接近自动线但主题需确认,人工核验后决定是否入库,50,贵州,国家能源局贵州监管办公室-通知公告,国家能源局贵州监管办公室,关于公布贵州统调电厂2020年11月并网运行考核及辅助服务补偿结果的通知 2021-02-18,2021-02-18,辅助服务,HTML,https://gzb.nea.gov.cn/dtyw/tzgg/202308/t20230821_3772.html,https://gzb.nea.gov.cn/dtyw/tzgg/index_28.html
P2,接近自动线但主题需确认,人工核验后决定是否入库,50,贵州,国家能源局贵州监管办公室-通知公告,国家能源局贵州监管办公室,关于公布贵州统调电厂2020年12月并网运行考核及辅助服务补偿结果的通知 2021-03-17,2021-03-17,辅助服务,HTML,https://gzb.nea.gov.cn/dtyw/tzgg/202308/t20230821_3776.html,https://gzb.nea.gov.cn/dtyw/tzgg/index_28.html
P2,接近自动线但主题需确认,人工核验后决定是否入库,50,贵州,国家能源局贵州监管办公室-通知公告,国家能源局贵州监管办公室,关于公布贵州统调电厂2020年3月并网运行考核及辅助服务补偿结果的通知 2020-06-15,2020-06-15,辅助服务,HTML,https://gzb.nea.gov.cn/dtyw/tzgg/202308/t20230821_3744.html,https://gzb.nea.gov.cn/dtyw/tzgg/index_30.html
P2,接近自动线但主题需确认,人工核验后决定是否入库,50,贵州,国家能源局贵州监管办公室-通知公告,国家能源局贵州监管办公室,关于公布贵州统调电厂2020年3月并网运行考核及辅助服务补偿结果的通知 2020-06-15,2020-06-15,辅助服务,HTML,https://gzb.nea.gov.cn/dtyw/tzgg/202308/t20230821_3743.html,https://gzb.nea.gov.cn/dtyw/tzgg/index_30.html
P2,接近自动线但主题需确认,人工核验后决定是否入库,50,贵州,国家能源局贵州监管办公室-通知公告,国家能源局贵州监管办公室,关于公布贵州统调电厂2020年4月并网运行考核及辅助服务补偿结果的通知 2020-08-10,2020-08-10,辅助服务,HTML,https://gzb.nea.gov.cn/dtyw/tzgg/202308/t20230821_3752.html,https://gzb.nea.gov.cn/dtyw/tzgg/index_29.html
P2,接近自动线但主题需确认,人工核验后决定是否入库,50,贵州,国家能源局贵州监管办公室-通知公告,国家能源局贵州监管办公室,关于公布贵州统调电厂2020年7月并网运行考核及辅助服务补偿结果的通知 2020-12-22,2020-12-22,辅助服务,HTML,https://gzb.nea.gov.cn/dtyw/tzgg/202308/t20230821_3766.html,https://gzb.nea.gov.cn/dtyw/tzgg/index_28.html
P2,接近自动线但主题需确认,人工核验后决定是否入库,50,贵州,国家能源局贵州监管办公室-通知公告,国家能源局贵州监管办公室,关于公布贵州统调电厂2020年8月并网运行考核及辅助服务补偿结果的通知 2020-12-30,2020-12-30,辅助服务,HTML,https://gzb.nea.gov.cn/dtyw/tzgg/202308/t20230821_3768.html,https://gzb.nea.gov.cn/dtyw/tzgg/index_28.html
P2,接近自动线但主题需确认,人工核验后决定是否入库,50,贵州,国家能源局贵州监管办公室-通知公告,国家能源局贵州监管办公室,关于公布贵州统调电厂2020年9月并网运行考核及辅助服务补偿结果的通知 2020-12-30,2020-12-30,辅助服务,HTML,https://gzb.nea.gov.cn/dtyw/tzgg/202308/t20230821_3769.html,https://gzb.nea.gov.cn/dtyw/tzgg/index_28.html
P2,接近自动线但主题需确认,人工核验后决定是否入库,50,贵州,国家能源局贵州监管办公室-通知公告,国家能源局贵州监管办公室,关于公布贵州统调电厂2021年1月并网运行考核及辅助服务补偿结果的通知 2021-04-16,2021-04-16,辅助服务,HTML,https://gzb.nea.gov.cn/dtyw/tzgg/202308/t20230821_3779.html,https://gzb.nea.gov.cn/dtyw/tzgg/index_27.html
P2,接近自动线但主题需确认,人工核验后决定是否入库,50,贵州,国家能源局贵州监管办公室-通知公告,国家能源局贵州监管办公室,关于公布贵州统调电厂2021年2月并网运行考核及辅助服务补偿结果的通知 2021-06-03,2021-06-03,辅助服务,HTML,https://gzb.nea.gov.cn/dtyw/tzgg/202308/t20230821_3782.html,https://gzb.nea.gov.cn/dtyw/tzgg/index_27.html
P2,接近自动线但主题需确认,人工核验后决定是否入库,50,贵州,国家能源局贵州监管办公室-通知公告,国家能源局贵州监管办公室,关于公布贵州统调电厂2021年3月并网运行考核及辅助服务补偿结果的通知 2021-06-29,2021-06-29,辅助服务,HTML,https://gzb.nea.gov.cn/dtyw/tzgg/202308/t20230821_3784.html,https://gzb.nea.gov.cn/dtyw/tzgg/index_27.html
P2,接近自动线但主题需确认,人工核验后决定是否入库,50,贵州,国家能源局贵州监管办公室-通知公告,国家能源局贵州监管办公室,关于公布贵州统调电厂2022年1-5月并网运行考核及辅助服务补偿结果的通知 2022-09-08,2022-01-05,辅助服务,HTML,https://gzb.nea.gov.cn/dtyw/tzgg/202308/t20230821_3871.html,https://gzb.nea.gov.cn/dtyw/tzgg/index_21.html
P2,接近自动线但主题需确认,人工核验后决定是否入库,50,贵州,国家能源局贵州监管办公室-通知公告,国家能源局贵州监管办公室,关于公布贵州统调电厂2022年6月并网运行考核及辅助服务补偿结果的通知 2022-10-31,2022-10-31,辅助服务,HTML,https://gzb.nea.gov.cn/dtyw/tzgg/202308/t20230821_3877.html,https://gzb.nea.gov.cn/dtyw/tzgg/index_21.html
P2,接近自动线但主题需确认,人工核验后决定是否入库,50,贵州,国家能源局贵州监管办公室-通知公告,国家能源局贵州监管办公室,关于公布贵州统调电厂2022年7月并网运行考核及辅助服务补偿结果的通知 2022-11-07,2022-11-07,辅助服务,HTML,https://gzb.nea.gov.cn/dtyw/tzgg/202308/t20230821_3879.html,https://gzb.nea.gov.cn/dtyw/tzgg/index_21.html
P2,接近自动线但主题需确认,人工核验后决定是否入库,50,贵州,国家能源局贵州监管办公室-通知公告,国家能源局贵州监管办公室,关于公布贵州统调电厂2022年8月并网运行考核及辅助服务补偿结果的通知 2022-12-14,2022-12-14,辅助服务,HTML,https://gzb.nea.gov.cn/dtyw/tzgg/202308/t20230821_3889.html,https://gzb.nea.gov.cn/dtyw/tzgg/index_20.html
P2,接近自动线但主题需确认,人工核验后决定是否入库,50,贵州,国家能源局贵州监管办公室-通知公告,国家能源局贵州监管办公室,关于公布贵州统调电厂2022年9-12月并网运行考核及辅助服务补偿结果的通知 2023-04-24,2022-09-12,辅助服务,HTML,https://gzb.nea.gov.cn/dtyw/tzgg/202308/t20230821_3911.html,https://gzb.nea.gov.cn/dtyw/tzgg/index_19.html
P2,接近自动线但主题需确认,人工核验后决定是否入库,50,贵州,国家能源局贵州监管办公室-通知公告,国家能源局贵州监管办公室,关于公布贵州统调电厂2023年2-3月并网运行考核及辅助服务补偿结果的通知 2023-08-02,2023-02-03,辅助服务,HTML,https://gzb.nea.gov.cn/dtyw/tzgg/202308/t20230821_3937.html,https://gzb.nea.gov.cn/dtyw/tzgg/index_17.html
P2,接近自动线但主题需确认,人工核验后决定是否入库,50,贵州,国家能源局贵州监管办公室-通知公告,国家能源局贵州监管办公室,关于公布贵州统调电厂2023年4-5月并网运行考核及辅助服务补偿结果的通知 2023-09-11,2023-04-05,辅助服务,HTML,https://gzb.nea.gov.cn/dtyw/tzgg/202312/t20231222_221765.html,https://gzb.nea.gov.cn/dtyw/tzgg/index_16.html
P2,征求意见类，需确认是否已有正式稿,人工确认有效状态后再入库,50,贵州,国家能源局贵州监管办公室-通知公告,国家能源局贵州监管办公室,关于公开征求《贵州电力调峰辅助服务市场交易规则（征求意见稿）》的函 2022-11-25,2022-11-25,交易规则;辅助服务;调峰,HTML,https://gzb.nea.gov.cn/dtyw/tzgg/202308/t20230821_3884.html,https://gzb.nea.gov.cn/dtyw/tzgg/index_20.html
P2,公告/公示类，需确认是否为规则正文或仅为过程信息,人工确认正文性质后再入库,50,贵州,国家能源局贵州监管办公室-通知公告,国家能源局贵州监管办公室,关于华能贵州能源销售有限责任公司注册成为贵州省电力自主交易市场主体相关信息的公示 2019-04-03,2019-04-03,注册,HTML,https://gzb.nea.gov.cn/dtyw/tzgg/202308/t20230821_3695.html,https://gzb.nea.gov.cn/dtyw/tzgg/index_33.html
P2,公告/公示类，需确认是否为规则正文或仅为过程信息,人工确认正文性质后再入库,50,贵州,国家能源局贵州监管办公室-通知公告,国家能源局贵州监管办公室,关于贵州思瑞珂售电有限公司注册成为贵州省电力自主交易市场主体相关信息的公示 2018-07-23,2018-07-23,注册,HTML,https://gzb.nea.gov.cn/dtyw/tzgg/202308/t20230821_3670.html,https://gzb.nea.gov.cn/dtyw/tzgg/index_35.html
P2,接近自动线但主题需确认,人工核验后决定是否入库,50,贵州,国家能源局贵州监管办公室-通知公告,国家能源局贵州监管办公室,关于贵州省统调电厂2021年4-12月并网运行考核及辅助服务补偿结果的通知 2022-06-24,2021-04-12,辅助服务,HTML,https://gzb.nea.gov.cn/dtyw/tzgg/202308/t20230821_3853.html,https://gzb.nea.gov.cn/dtyw/tzgg/index_23.html
P2,公告/公示类，需确认是否为规则正文或仅为过程信息,人工确认正文性质后再入库,50,贵州,国家能源局贵州监管办公室-通知公告,国家能源局贵州监管办公室,关于贵州金元织金金碧配售电有限公司注册成为贵州省电力自主交易市场主体相关信息的公示 2018-12-19,2018-12-19,注册,HTML,https://gzb.nea.gov.cn/dtyw/tzgg/202308/t20230821_3688.html,https://gzb.nea.gov.cn/dtyw/tzgg/index_34.html
P3,解读/说明类，只能作为辅助资料,放入解读资料或辅助索引,54,新疆,国家能源局新疆监管办公室-通知公告,国家能源局新疆监管办公室,关于印发《<新疆电力市场售电公司履约保函实施办法（试行）>补充说明》的通知 2020-11-24,2020-11-24,电力市场,HTML,https://xjb.nea.gov.cn/dtyw/tzgg/202309/t20230923_116446.html,https://xjb.nea.gov.cn/dtyw/tzgg/index_16.html
P3,解读/说明类，只能作为辅助资料,放入解读资料或辅助索引,54,新疆,国家能源局新疆监管办公室-通知公告,国家能源局新疆监管办公室,关于印发《新疆电力市场售电公司履约保函实施办法（试行）补充说明》的通知 2020-01-08,2020-01-08,电力市场,HTML,https://xjb.nea.gov.cn/dtyw/tzgg/202309/t20230923_116367.html,https://xjb.nea.gov.cn/dtyw/tzgg/index_21.html
P3,解读/说明类，只能作为辅助资料,放入解读资料或辅助索引,54,福建,国家能源局福建监管办公室-通知公告,国家能源局福建监管办公室,《福建电力市场运行基本规则》（2025年修订版）解读 2025-02-28,2025-02-28,电力市场,HTML,https://fjb.nea.gov.cn/dtyw/tzgg/202502/t20250228_277284.html,https://fjb.nea.gov.cn/dtyw/tzgg/index_4.html
