抓取批次,候选编号,来源编号,来源层级,地区,来源栏目,发布部门,文件标题,发布日期,命中关键词,文档类型,质量分,入库状态,建议动作,原文链接,来源列表页
20260501_235114,CAND-B85D7DD04E45,SRC-N-002,国家级,全国,国家发展改革委-规范性文件,国家发展改革委,关于印发《省级电网输配电价定价办法》的通知(发改价格规〔2020〕101号),,输配电价;电网,HTML,64,新增候选,建议回填待采集,https://www.ndrc.gov.cn/xxgk/zcfb/ghxwj/202002/t20200205_1219961.html,https://www.ndrc.gov.cn/xxgk/zcfb/ghxwj/index_4.html
20260501_235114,CAND-F19174E368BE,SRC-PR-004,省级监管,福建,国家能源局福建监管办公室-通知公告,国家能源局福建监管办公室,关于印发《福建省电力市场中长期交易规则》补充修订内容的通知 2021-03-19,2021-03-19,电力市场;交易规则;中长期,HTML,62,新增候选,建议回填待采集,https://fjb.nea.gov.cn/dtyw/tzgg/202312/t20231217_221253.html,https://fjb.nea.gov.cn/dtyw/tzgg/index_18.html
20260501_235114,CAND-0628D0B13F0E,SRC-PR-006,省级监管,贵州,国家能源局贵州监管办公室-通知公告,国家能源局贵州监管办公室,关于印发《贵州电力调峰辅助服务市场交易规则》的通知 2023-03-31,2023-03-31,交易规则;辅助服务;调峰,HTML,62,新增候选,建议回填待采集,https://gzb.nea.gov.cn/dtyw/tzgg/202308/t20230821_3907.html,https://gzb.nea.gov.cn/dtyw/tzgg/index_19.html
20260501_235114,CAND-32DD0BDC619E,SRC-R-006,区域监管,西北区域,国家能源局西北监管局-通知公告,国家能源局派出机构,国家能源局西北监管局关于做好2025年迎峰度夏能源保供工作的通知（西北监能市场[20... 2025-07-01,2025-07-01,迎峰度夏,HTML,62,新增候选,建议回填待采集,https://xbj.nea.gov.cn/dtyw/tzgg/202507/t20250701_283700.html,https://xbj.nea.gov.cn/dtyw/tzgg/index_5.html
20260501_235114,CAND-C1292B6683ED,SRC-R-006,区域监管,西北区域,国家能源局西北监管局-通知公告,国家能源局派出机构,国家能源局西北监管局关于做好2025年迎峰度冬能源保供工作的通知（西北监能市场〔2... 2025-11-20,2025-11-20,迎峰度冬,HTML,62,新增候选,建议回填待采集,https://xbj.nea.gov.cn/dtyw/tzgg/202511/t20251120_290811.html,https://xbj.nea.gov.cn/dtyw/tzgg/index_2.html
20260501_235114,CAND-5CEF5F55EC4E,SRC-MU-008,直辖市,上海,上海市经济和信息化委员会-政策法规,上海市经济和信息化委员会,上海市经济信息化委关于印发《上海市促进高成长企业加快发展管理实施细则（试行）》的通知 有关单位： 为加快构建本市高成长企业梯度培育体系，促进高成长企业实现高质量发展，现将《上海市促进高成长企业加快发展管理实施细则（试行）》印发给你们，请按照执行。 上海市经济和信息化委员会 2025年12月19日 上海市促进高成长企业加快发展管理实施细则 （试行） 第一章 总 则​ 第一条 为加快构建本市... 2025-12-22,2025-12-19,实施细则;高质量发展,HTML,62,新增候选,建议回填待采集,https://www.sheitc.sh.gov.cn/sjxwxgwj/20251222/c34dda241a744ce399d9489e8c4c1ac7.html,https://www.sheitc.sh.gov.cn/zcfg/
20260501_235114,CAND-EEB962109255,SRC-MU-008,直辖市,上海,上海市经济和信息化委员会-政策法规,上海市经济和信息化委员会,关于印发《上海市化工园区认定管理实施细则》的通知 有关单位： 为规范本市化工园区建设和认定管理，提升化工园区本质安全和绿色发展水平，实现产业可持续高质量发展，现将《上海市化工园区认定管理实施细则》印发给你们，请按照执行。 上海市经济和信息化委员会 上海市发展和改革委员会 上海市规划和自然资源局 上海市生态环境局 上海市住房和城乡建设管理委... 2026-02-01,2026-02-01,实施细则;高质量发展,HTML,62,新增候选,建议回填待采集,https://www.sheitc.sh.gov.cn/sjxwxgwj/20260227/262d2436b08e45a88998a8c53dd2e43e.html,https://www.sheitc.sh.gov.cn/zcfg/
20260501_235114,CAND-00B3EE367ACF,SRC-N-001,国家级,全国,国家发展改革委-政策通知,国家发展改革委,关于印发《“十四五”支持老工业城市和资源型城市产业转型升级示范区高质量发展实施方案》的通知(发改振兴〔2021〕1618号),,高质量发展,HTML,60,新增候选,建议回填待采集,https://www.ndrc.gov.cn/xxgk/zcfb/tz/202111/t20211130_1306223.html,https://www.ndrc.gov.cn/xxgk/zcfb/tz/index_13.html
20260501_235114,CAND-EE25AD8C7911,SRC-N-002,国家级,全国,国家发展改革委-规范性文件,国家发展改革委,关于印发《区域电网输电价格定价办法》的通知(发改价格规〔2020〕100号),,电网,HTML,60,新增候选,建议回填待采集,https://www.ndrc.gov.cn/xxgk/zcfb/ghxwj/202002/t20200205_1219960.html,https://www.ndrc.gov.cn/xxgk/zcfb/ghxwj/index_4.html
20260501_235114,CAND-977426D08F8D,SRC-N-001,国家级,全国,国家发展改革委-政策通知,国家发展改革委,关于印发《推进资源型地区高质量发展“十四五”实施方案》的通知(发改振兴〔2021〕1559号),,高质量发展,HTML,60,新增候选,建议回填待采集,https://www.ndrc.gov.cn/xxgk/zcfb/tz/202111/t20211112_1303790.html,https://www.ndrc.gov.cn/xxgk/zcfb/tz/index_14.html
20260501_235114,CAND-87670FF2CA30,SRC-N-001,国家级,全国,国家发展改革委-政策通知,国家发展改革委,关于印发《支持宁夏建设黄河流域生态保护和高质量发展先行区实施方案》的通知(发改地区〔2022〕654号),,高质量发展,HTML,60,新增候选,建议回填待采集,https://www.ndrc.gov.cn/xxgk/zcfb/tz/202204/t20220428_1323776.html,https://www.ndrc.gov.cn/xxgk/zcfb/tz/index_11.html
20260501_235114,CAND-41B5660D3657,SRC-N-001,国家级,全国,国家发展改革委-政策通知,国家发展改革委,关于印发《贯彻落实碳达峰碳中和目标要求 推动数据中心和5G等新型基础设施绿色高质量发展实施方案》的通知(发改高技〔2021〕1742号),,高质量发展;碳达峰;碳中和,HTML,60,新增候选,建议回填待采集,https://www.ndrc.gov.cn/xxgk/zcfb/tz/202112/t20211208_1307104.html,https://www.ndrc.gov.cn/xxgk/zcfb/tz/index_13.html
20260501_235114,CAND-943059CFA31B,SRC-N-001,国家级,全国,国家发展改革委-政策通知,国家发展改革委,关于振作工业经济运行 推动工业高质量发展的实施方案的通知(发改产业〔2021〕1780号),,高质量发展,HTML,60,新增候选,建议回填待采集,https://www.ndrc.gov.cn/xxgk/zcfb/tz/202112/t20211214_1307766.html,https://www.ndrc.gov.cn/xxgk/zcfb/tz/index_13.html
20260501_235114,CAND-820795681D36,SRC-N-001,国家级,全国,国家发展改革委-政策通知,国家发展改革委,关于推动原料药产业高质量发展实施方案的通知(发改产业〔2021〕1523号),,高质量发展,HTML,60,新增候选,建议回填待采集,https://www.ndrc.gov.cn/xxgk/zcfb/tz/202111/t20211109_1303461.html,https://www.ndrc.gov.cn/xxgk/zcfb/tz/index_14.html
20260501_235114,CAND-67AB5EB68FE8,SRC-N-002,国家级,全国,国家发展改革委-规范性文件,国家发展改革委,关于核定2020～2022年省级电网输配电价的通知(发改价格规〔2020〕1508号),,输配电价;电网,HTML,60,新增候选,建议回填待采集,https://www.ndrc.gov.cn/xxgk/zcfb/ghxwj/202009/t20200930_1243682.html,https://www.ndrc.gov.cn/xxgk/zcfb/ghxwj/index_4.html
20260501_235114,CAND-9C5CF5AFC73C,SRC-N-001,国家级,全国,国家发展改革委-政策通知,国家发展改革委,关于第三监管周期省级电网输配电价及有关事项的通知(发改价格〔2023〕526号),,输配电价;电网,HTML,60,新增候选,建议回填待采集,https://www.ndrc.gov.cn/xxgk/zcfb/tz/202305/t20230515_1355747.html,https://www.ndrc.gov.cn/xxgk/zcfb/tz/index_8.html
20260501_235114,CAND-CA3E4C4B017A,SRC-R-002,区域监管,华中区域,国家能源局华中监管局-通知公告,国家能源局派出机构,关于印发《湖北电网非统调发电企业辅助服务管理实施细则（试行）》的通知 2012-12-14,2012-12-14,实施细则;辅助服务;电网,HTML,58,新增候选,建议回填待采集,https://hzj.nea.gov.cn/dtyw/tzgg/202310/t20231021_165494.html,https://hzj.nea.gov.cn/dtyw/tzgg/index_14.html
20260501_235114,CAND-2F839964D5AB,SRC-R-002,区域监管,华中区域,国家能源局华中监管局-通知公告,国家能源局派出机构,关于印发《湖北电网非统调发电企业辅助服务管理实施细则（试行）》的通知 2013-01-14,2013-01-14,实施细则;辅助服务;电网,HTML,58,新增候选,建议回填待采集,https://hzj.nea.gov.cn/dtyw/tzgg/202310/t20231021_165495.html,https://hzj.nea.gov.cn/dtyw/tzgg/index_14.html
20260501_235114,CAND-AC14F2D45A01,SRC-R-003,区域监管,山东,国家能源局山东监管办公室-通知公告,国家能源局派出机构,关于印发《山东省新建电源接入电网监管暂行办法实施细则(试行)》的通知 2014-07-14,2014-07-14,实施细则;电网,HTML,58,新增候选,建议回填待采集,https://sdb.nea.gov.cn/dtyw/tzgg/202309/t20230919_110167.html,https://sdb.nea.gov.cn/dtyw/tzgg/index_22.html
20260501_235114,CAND-938C076F5847,SRC-PR-007,省级监管,新疆,国家能源局新疆监管办公室-通知公告,国家能源局新疆监管办公室,关于印发《新疆电力辅助服务市场运营规则》的通知 2020-01-16,2020-01-16,运营规则;辅助服务,HTML,58,新增候选,建议回填待采集,https://xjb.nea.gov.cn/dtyw/tzgg/202309/t20230923_116373.html,https://xjb.nea.gov.cn/dtyw/tzgg/index_21.html
20260501_235114,CAND-53881076C72A,SRC-PR-007,省级监管,新疆,国家能源局新疆监管办公室-通知公告,国家能源局新疆监管办公室,关于转发《国家发改委 国家能源局关于印发电力中长期交易基本规则的通知》 2020-09-09,2020-09-09,中长期,HTML,58,新增候选,建议回填待采集,https://xjb.nea.gov.cn/dtyw/tzgg/202309/t20230923_116428.html,https://xjb.nea.gov.cn/dtyw/tzgg/index_17.html
20260501_235114,CAND-2EA2D2C696C2,SRC-PR-007,省级监管,新疆,国家能源局新疆监管办公室-通知公告,国家能源局新疆监管办公室,关于印发《新疆电力市场交易信用评价及评定管理办法（试行）》的通知 2020-09-22,2020-09-22,电力市场,HTML,58,新增候选,建议回填待采集,https://xjb.nea.gov.cn/dtyw/tzgg/202309/t20230923_116431.html,https://xjb.nea.gov.cn/dtyw/tzgg/index_17.html
20260501_235114,CAND-AC00442207A1,SRC-PR-001,省级监管,江苏,国家能源局江苏监管办公室-通知,国家能源局江苏监管办公室,关于印发《江苏分布式发电市场化交易及电网企业输配电服务三方合同（示范文本）》的通知 2020-12-10,2020-12-10,市场化交易;电网,HTML,58,新增候选,建议回填待采集,https://jsb.nea.gov.cn/dtyw/tz/202309/t20230910_32192.html,https://jsb.nea.gov.cn/dtyw/tz/index_3.html
20260501_235114,CAND-F9194BABA694,SRC-PR-004,省级监管,福建,国家能源局福建监管办公室-通知公告,国家能源局福建监管办公室,福建能源监管办关于转发国家能源局《电力现货市场信息披露办法（暂行）》的通知 2020-12-14,2020-12-14,现货,HTML,58,新增候选,建议回填待采集,https://fjb.nea.gov.cn/dtyw/tzgg/202312/t20231217_221245.html,https://fjb.nea.gov.cn/dtyw/tzgg/index_20.html
20260501_235114,CAND-4DA9E89D907B,SRC-PR-003,省级监管,浙江,国家能源局浙江监管办公室-通知公告,国家能源局浙江监管办公室,关于转发《发电企业与电网企业电费结算办法》的通知 2021-01-18,2021-01-18,结算;电网,HTML,58,新增候选,建议回填待采集,https://zjb.nea.gov.cn/dtyw/tzgg/202309/t20230914_75861.html,https://zjb.nea.gov.cn/dtyw/tzgg/index_5.html
20260501_235114,CAND-151D70D93EB2,SRC-PR-004,省级监管,福建,国家能源局福建监管办公室-通知公告,国家能源局福建监管办公室,关于征求《福建电力市场中长期交易规则》补充修订意见的函 2021-01-19,2021-01-19,电力市场;交易规则;中长期,HTML,58,新增候选,建议回填待采集,https://fjb.nea.gov.cn/dtyw/tzgg/202312/t20231217_221247.html,https://fjb.nea.gov.cn/dtyw/tzgg/index_20.html
20260501_235114,CAND-51C3E7A2FCD4,SRC-PR-004,省级监管,福建,国家能源局福建监管办公室-通知公告,国家能源局福建监管办公室,福建能源监管办关于转发国家能源局《发电企业与电网企业电费结算办法》的通知（闽... 2021-02-19,2021-02-19,结算;电网,HTML,58,新增候选,建议回填待采集,https://fjb.nea.gov.cn/dtyw/tzgg/202312/t20231217_221251.html,https://fjb.nea.gov.cn/dtyw/tzgg/index_19.html
20260501_235114,CAND-63CC94BB353B,SRC-PR-004,省级监管,福建,国家能源局福建监管办公室-通知公告,国家能源局福建监管办公室,福建能源监管办关于征求《关于完善福建省电力市场中长期交易规则的若干意见》（征... 2021-12-29,2021-12-29,电力市场;交易规则;中长期,HTML,58,新增候选,建议回填待采集,https://fjb.nea.gov.cn/dtyw/tzgg/202312/t20231217_221266.html,https://fjb.nea.gov.cn/dtyw/tzgg/index_14.html
20260501_235114,CAND-249D43FE0F88,SRC-R-004,区域监管,华北区域,国家能源局华北监管局-通知公告,国家能源局派出机构,关于印发《京津唐电网燃煤发电机组灵活性改造能力验收监管暂行办法》的通知 2021-12-31,2021-12-31,电网,HTML,58,新增候选,建议回填待采集,https://hbj.nea.gov.cn/dtyw/tzgg/202309/t20230925_120344.html,https://hbj.nea.gov.cn/dtyw/tzgg/index_22.html
20260501_235114,CAND-0CE4A6EDB855,SRC-PR-004,省级监管,福建,国家能源局福建监管办公室-通知公告,国家能源局福建监管办公室,关于征求《福建省电力调频辅助服务市场交易规则（试行）（2022年修订版）》（征求... 2022-01-21,2022-01-21,交易规则;辅助服务;调频,HTML,58,新增候选,建议回填待采集,https://fjb.nea.gov.cn/dtyw/tzgg/202312/t20231217_221267.html,https://fjb.nea.gov.cn/dtyw/tzgg/index_14.html
20260501_235114,CAND-5990BDF80F68,SRC-PR-004,省级监管,福建,国家能源局福建监管办公室-通知公告,国家能源局福建监管办公室,国家能源局福建监管办公室关于印发《福建省电力调频辅助服务市场交易规则（试行）... 2022-04-29,2022-04-29,交易规则;辅助服务;调频,HTML,58,新增候选,建议回填待采集,https://fjb.nea.gov.cn/xxgk/zcfg/202311/t20231114_217701.html,https://fjb.nea.gov.cn/dtyw/tzgg/index_13.html
20260501_235114,CAND-3381A48EFB87,SRC-R-003,区域监管,山东,国家能源局山东监管办公室-通知公告,国家能源局派出机构,关于征求《山东电网地方公用电厂并网运行管理实施细则》意见的通知 2022-05-05,2022-05-05,实施细则;电网,HTML,58,新增候选,建议回填待采集,https://sdb.nea.gov.cn/dtyw/tzgg/202309/t20230919_110465.html,https://sdb.nea.gov.cn/dtyw/tzgg/index_2.html
20260501_235114,CAND-15FCD6349915,SRC-MU-008,直辖市,上海,上海市经济和信息化委员会-政策法规,上海市经济和信息化委员会,上海市经济和信息化委员会关于印发《上海市优质中小企业梯度培育管理实施细则》的通知 为贯彻落实《优质中小企业梯度培育管理暂行办法》（工信部企业〔2022〕63号），进一步加强本市优质中小企业梯度培育工作，推动中小企业高质量发展，我们制定了《上海市优质中小企业梯度培育管理实施细则》。现印发给你们，请认真贯彻执行。 2022-11-11,2022-11-11,实施细则;高质量发展,HTML,58,新增候选,建议回填待采集,https://www.sheitc.sh.gov.cn/sjxwxgwj/20221111/c5fdea64b8504e60afc58e06e49d3ef1.html,https://www.sheitc.sh.gov.cn/zcfg/index_8.html
20260501_235114,CAND-B58BD846B2CB,SRC-PR-007,省级监管,新疆,国家能源局新疆监管办公室-通知公告,国家能源局新疆监管办公室,关于公布2022年6月新疆电网、 天中、吉泉直流配套电源“两个细则” 考核补偿结果的通知 2023-06-05,2023-06-05,电网,HTML,58,新增候选,建议回填待采集,https://xjb.nea.gov.cn/dtyw/tzgg/202309/t20230923_116589.html,https://xjb.nea.gov.cn/dtyw/tzgg/index_6.html
20260501_235114,CAND-528AAED7BFE6,SRC-R-001,区域监管,南方区域,国家能源局南方监管局-通知公示,国家能源局派出机构,广西电网中调直调电厂辅助服务补偿及并网运行考核清单（2023年1月份） 2023-06-20,2023-06-20,辅助服务;电网,HTML,58,新增候选,建议回填待采集,https://nfj.nea.gov.cn/xwzx/tzgg/202402/t20240208_245877.html,https://nfj.nea.gov.cn/xwzx/tzgg/index_16.html
20260501_235114,CAND-4BDB59627AE3,SRC-R-001,区域监管,南方区域,国家能源局南方监管局-通知公示,国家能源局派出机构,广西电网中调直调电厂辅助服务补偿及并网运行考核清单（2023年2月份） 2023-06-20,2023-06-20,辅助服务;电网,HTML,58,新增候选,建议回填待采集,https://nfj.nea.gov.cn/xwzx/tzgg/202402/t20240208_245878.html,https://nfj.nea.gov.cn/xwzx/tzgg/index_16.html
20260501_235114,CAND-5D0F7AD380B3,SRC-PR-007,省级监管,新疆,国家能源局新疆监管办公室-通知公告,国家能源局新疆监管办公室,关于公布2022年7、8月新疆电网、 天中、吉泉直流配套电源“两个细则” 考核补偿结果的通知 2023-07-12,2023-07-12,电网,HTML,58,新增候选,建议回填待采集,https://xjb.nea.gov.cn/dtyw/tzgg/202309/t20230923_116593.html,https://xjb.nea.gov.cn/dtyw/tzgg/index_6.html
20260501_235114,CAND-88B328ADCC2F,SRC-MU-011,直辖市,重庆,重庆市经济和信息化委员会-行政规范性文件,重庆市经济和信息化委员会,重庆市经济和信息化委员会 重庆市财政局 重庆市地方金融监督管理局 中国人民银行重庆营业管理部 国家金融监督管理总局重庆监管局关于印发重庆市先进制造业高质量发展 “技改专项贷”实施方案（2023—2027年）的通知 (发文字号：渝经信规范〔2023〕10号成文日期 ：2023年07月21日),2023-07-21,高质量发展,HTML,58,新增候选,建议回填待采集,https://jjxxw.cq.gov.cn/zwgk_213/zcwj/xzgfxwj/202307/t20230726_12187159.html,https://jjxxw.cq.gov.cn/zwgk_213/zcwj/xzgfxwj/index_3.html
20260501_235114,CAND-1C4010163CFB,SRC-PR-007,省级监管,新疆,国家能源局新疆监管办公室-通知公告,国家能源局新疆监管办公室,关于公布2022年9、10月新疆电网、天中、吉泉直流配套电源“两个细则”考核补偿结果的通知 2023-08-18,2023-08-18,电网,HTML,58,新增候选,建议回填待采集,https://xjb.nea.gov.cn/dtyw/tzgg/202309/t20230923_116596.html,https://xjb.nea.gov.cn/dtyw/tzgg/index_6.html
20260501_235114,CAND-D6CB36261357,SRC-PR-003,省级监管,浙江,国家能源局浙江监管办公室-通知公告,国家能源局浙江监管办公室,国家能源局浙江监管办公室关于发布浙江电网2023年10-12月份“两个细则”运行结果的通知 2024-03-11,2023-10-12,电网,PDF,58,新增候选,建议回填待采集,https://zjb.nea.gov.cn/dtyw/tzgg/202403/P020240312502449455497.pdf,https://zjb.nea.gov.cn/dtyw/tzgg/index_3.html
20260501_235114,CAND-B08237570017,SRC-PR-007,省级监管,新疆,国家能源局新疆监管办公室-通知公告,国家能源局新疆监管办公室,关于公布2023年1、2月新疆电网、 天中、吉泉直流配套电源“两个细则” 考核补偿结果的通知 2023-11-13,2023-11-13,电网,HTML,58,新增候选,建议回填待采集,https://xjb.nea.gov.cn/dtyw/tzgg/202401/t20240129_230964.html,https://xjb.nea.gov.cn/dtyw/tzgg/index_5.html
20260501_235114,CAND-2DEB917D91E2,SRC-PR-005,省级监管,四川,国家能源局四川监管办公室-通知公告,国家能源局四川监管办公室,关于印发《四川新建电源接入电网监管实施细则》的通知 2023-11-27,2023-11-27,实施细则;电网,HTML,58,新增候选,建议回填待采集,https://scb.nea.gov.cn/dtyw/tzgg/202401/t20240119_227904.html,https://scb.nea.gov.cn/dtyw/tzgg/index_13.html
20260501_235114,CAND-D745981CF25E,SRC-PR-003,省级监管,浙江,国家能源局浙江监管办公室-通知公告,国家能源局浙江监管办公室,国家能源局浙江监管办公室关于发布浙江电网2024年1-3月份“两个细则”运行结果的通知 2024-06-05,2024-01-03,电网,PDF,58,新增候选,建议回填待采集,https://zjb.nea.gov.cn/dtyw/tzgg/202406/P020240605312300114902.pdf,https://zjb.nea.gov.cn/dtyw/tzgg/index_3.html
20260501_235114,CAND-84CFE51CF324,SRC-PR-007,省级监管,新疆,国家能源局新疆监管办公室-通知公告,国家能源局新疆监管办公室,关于公布2023年3、4月新疆电网、 天中、吉泉直流配套电源“两个细则” 考核补偿结果的通知 2024-01-17,2024-01-17,电网,HTML,58,新增候选,建议回填待采集,https://xjb.nea.gov.cn/dtyw/tzgg/202401/t20240129_230969.html,https://xjb.nea.gov.cn/dtyw/tzgg/index_4.html
20260501_235114,CAND-7F6A0EC8C584,SRC-P-013,省级,四川,四川省发展和改革委员会-政策文件,四川省发展和改革委员会,关于印发《四川省两项改革涉改乡镇农村电网巩固提升项目省级预算内基本建设投资补助管理办法》的通知（川发...,2024-02-18,电网,HTML,58,新增候选,建议回填待采集,https://fgw.sc.gov.cn/sfgw/qtwj/2024/2/18/4f66289b5f2e401db846852a083ae46e.shtml,https://fgw.sc.gov.cn/sfgw/zcwj/list_4.shtml
20260501_235114,CAND-C3BAD1E1A268,SRC-MU-008,直辖市,上海,上海市经济和信息化委员会-政策法规,上海市经济和信息化委员会,上海市经济信息化委关于印发《上海市促进中小企业特色产业集群发展管理办法》的通知 有关单位： 为提升中小企业产业集群专业化、特色化、集约化发展水平，推动中小企业高质量发展，现将《上海市促进中小企业特色产业集群发展管理办法》印发给你们，请按照执行。 2024-02-22,2024-02-22,高质量发展,HTML,58,新增候选,建议回填待采集,https://www.sheitc.sh.gov.cn/sjxwxgwj/20240223/17cb17bde7a44a7980aef46943991fde.html,https://www.sheitc.sh.gov.cn/zcfg/index_4.html
20260501_235114,CAND-04A8BBEF373F,SRC-PR-005,省级监管,四川,国家能源局四川监管办公室-通知公告,国家能源局四川监管办公室,关于印发《四川省电力辅助服务管理实施细则》和《四川省电力并网管理实施细则》的通知 2024-03-01,2024-03-01,实施细则;辅助服务,PDF,58,新增候选,建议回填待采集,https://scb.nea.gov.cn/dtyw/tzgg/202403/P020240301582216887470.pdf,https://scb.nea.gov.cn/dtyw/tzgg/index_12.html
20260501_235114,CAND-82D7DD7E71C5,SRC-PR-007,省级监管,新疆,国家能源局新疆监管办公室-通知公告,国家能源局新疆监管办公室,关于公布2023年5月、6月新疆电网、 天中、吉泉直流配套电源“两个细则” 考核补偿结果的通知 2024-03-15,2024-03-15,电网,HTML,58,新增候选,建议回填待采集,https://xjb.nea.gov.cn/dtyw/tzgg/202403/t20240315_259050.html,https://xjb.nea.gov.cn/dtyw/tzgg/index_4.html
20260501_235114,CAND-AC38FC825D5E,SRC-PR-007,省级监管,新疆,国家能源局新疆监管办公室-通知公告,国家能源局新疆监管办公室,关于公布2023年7月、8月新疆电网、 天中、吉泉直流配套电源“两个细则” 考核补偿结果的通知 2024-03-15,2024-03-15,电网,HTML,58,新增候选,建议回填待采集,https://xjb.nea.gov.cn/dtyw/tzgg/202403/t20240315_259051.html,https://xjb.nea.gov.cn/dtyw/tzgg/index_4.html
20260501_235114,CAND-12D273D83841,SRC-PR-007,省级监管,新疆,国家能源局新疆监管办公室-通知公告,国家能源局新疆监管办公室,关于公布2023年11月、12月新疆电网、天中、吉泉直流配套电源“两个细则”考核补偿结果的通知 2024-04-09,2024-04-09,电网,HTML,58,新增候选,建议回填待采集,https://xjb.nea.gov.cn/dtyw/tzgg/202404/t20240409_260373.html,https://xjb.nea.gov.cn/dtyw/tzgg/index_4.html
20260501_235114,CAND-95AA629F4717,SRC-PR-007,省级监管,新疆,国家能源局新疆监管办公室-通知公告,国家能源局新疆监管办公室,关于公布2023年9月、10月新疆电网、 天中、吉泉直流配套电源“两个细则” 考核补偿结果的通知 2024-04-09,2024-04-09,电网,HTML,58,新增候选,建议回填待采集,https://xjb.nea.gov.cn/dtyw/tzgg/202404/t20240409_260370.html,https://xjb.nea.gov.cn/dtyw/tzgg/index_4.html
20260501_235114,CAND-D2E612383AB3,SRC-MU-008,直辖市,上海,上海市经济和信息化委员会-政策法规,上海市经济和信息化委员会,上海市经济信息化委关于发布 《上海电力供应环境可持续性关键绩效指标报告 （2023年度）》的通知 为深入贯彻落实国家和我市关于碳达峰、碳中和的重大战略决策，扎实推进我市能源绿色低碳转型，加快构建新型电力系统，推动可持续高质量发展，我委会同相关部门和单位编写了《上海电力供应环境可持续性关键绩效指标报告（2023年度）》，现予以发布。 2024-04-30,2024-04-30,高质量发展;新型电力系统;绿色低碳;碳达峰;碳中和,HTML,58,新增候选,建议回填待采集,https://www.sheitc.sh.gov.cn/jjyx/20240430/8cd8e51540534c908c2d69565bf41c63.html,https://www.sheitc.sh.gov.cn/zcfg/index_4.html
20260501_235114,CAND-78C667A7476D,SRC-R-006,区域监管,西北区域,国家能源局西北监管局-通知公告,国家能源局派出机构,国家能源局西北监管局关于报送2023年度电网企业和发电企业价格与成本信息的通知 2024-05-16,2024-05-16,电网,HTML,58,新增候选,建议回填待采集,https://xbj.nea.gov.cn/dtyw/tzgg/202405/t20240516_262978.html,https://xbj.nea.gov.cn/dtyw/tzgg/index_13.html
20260501_235114,CAND-99BECE515C4C,SRC-PR-005,省级监管,四川,国家能源局四川监管办公室-通知公告,国家能源局四川监管办公室,关于印发《四川省电力市场秩序突出问题专项监管实施方案》的通知 2024-06-17,2024-06-17,电力市场,PDF,58,新增候选,建议回填待采集,https://scb.nea.gov.cn/dtyw/tzgg/202406/P020240617609699992969.pdf,https://scb.nea.gov.cn/dtyw/tzgg/index_10.html
20260501_235114,CAND-6712165152F7,SRC-PR-003,省级监管,浙江,国家能源局浙江监管办公室-通知公告,国家能源局浙江监管办公室,国家能源局浙江监管办公室关于发布浙江电网2024年7-9月份“两个细则”运行结果的通知 2024-12-18,2024-07-09,电网,PDF,58,新增候选,建议回填待采集,https://zjb.nea.gov.cn/dtyw/tzgg/202412/P020241218296060584394.pdf,https://zjb.nea.gov.cn/dtyw/tzgg/index_2.html
20260501_235114,CAND-6AF7FE592618,SRC-PR-003,省级监管,浙江,国家能源局浙江监管办公室-通知公告,国家能源局浙江监管办公室,国家能源局浙江监管办公室关于发布浙江电网2024年10-12月份“两个细则”运行结果的通知 2025-04-15,2024-10-12,电网,HTML,58,新增候选,建议回填待采集,https://zjb.nea.gov.cn/dtyw/tzgg/202504/t20250415_279621.html,https://zjb.nea.gov.cn/dtyw/tzgg/index_2.html
20260501_235114,CAND-755A9B598EAE,SRC-PR-003,省级监管,浙江,国家能源局浙江监管办公室-通知公告,国家能源局浙江监管办公室,国家能源局浙江监管办公室关于发布浙江电网2025年1-3月份“两个细则”运行结果的通知 2025-07-02,2025-01-03,电网,HTML,58,新增候选,建议回填待采集,https://zjb.nea.gov.cn/dtyw/tzgg/202509/t20250903_286732.html,https://zjb.nea.gov.cn/dtyw/tzgg/index_1.html
20260501_235114,CAND-EA3CB8F3CF30,SRC-PR-003,省级监管,浙江,国家能源局浙江监管办公室-通知公告,国家能源局浙江监管办公室,国家能源局浙江监管办公室关于发布浙江电网2025年1-3月份“两个细则”运行结果的通知 2025-07-02,2025-01-03,电网,HTML,58,新增候选,建议回填待采集,https://zjb.nea.gov.cn/dtyw/tzgg/202509/t20250903_286729.html,https://zjb.nea.gov.cn/dtyw/tzgg/index_1.html
20260501_235114,CAND-60B47C167CDC,SRC-PR-003,省级监管,浙江,国家能源局浙江监管办公室-通知公告,国家能源局浙江监管办公室,国家能源局浙江监管办公室关于发布浙江电网2025年1-3月份“两个细则”运行结果的通知 2025-09-04,2025-01-03,电网,HTML,58,新增候选,建议回填待采集,https://zjb.nea.gov.cn/dtyw/tzgg/202509/t20250904_286796.html,https://zjb.nea.gov.cn/dtyw/tzgg/index_1.html
20260501_235114,CAND-E6C404A9A8CB,SRC-PR-003,省级监管,浙江,国家能源局浙江监管办公室-通知公告,国家能源局浙江监管办公室,浙江能源监管办关于认真贯彻落实《电网安全风险管控办法》的通知 2025-01-07,2025-01-07,电网,PDF,58,新增候选,建议回填待采集,https://zjb.nea.gov.cn/dtyw/tzgg/202501/P020250107549924784163.pdf,https://zjb.nea.gov.cn/dtyw/tzgg/index_2.html
20260501_235114,CAND-3623F08B0E5D,SRC-PR-003,省级监管,浙江,国家能源局浙江监管办公室-通知公告,国家能源局浙江监管办公室,国家能源局浙江监管办公室关于发布浙江电网2025年4-6月份“两个细则”运行结果的通知 2025-09-04,2025-04-06,电网,HTML,58,新增候选,建议回填待采集,https://zjb.nea.gov.cn/dtyw/tzgg/202509/t20250904_286799.html,https://zjb.nea.gov.cn/dtyw/tzgg/index_1.html
20260501_235114,CAND-E67230368EEE,SRC-P-036,省级,四川,四川省发展和改革委员会-通知公告,四川省发展和改革委员会,四川省能源局关于征集智能电网国家科技重大专项2026年度重大研发攻关需求建议的通知,2025-05-22,电网;智能电网,HTML,58,新增候选,建议回填待采集,https://fgw.sc.gov.cn/sfgw/tzgg/2025/5/22/e1643cf3ba8e401281d7ea38b446587e.shtml,https://fgw.sc.gov.cn/sfgw/tzgg/list_9.shtml
20260501_235114,CAND-CC5993655627,SRC-P-036,省级,四川,四川省发展和改革委员会-通知公告,四川省发展和改革委员会,关于印发《四川省电网侧新型储能项目清单（2025年度）》的通知(川发改能源〔2025〕309号),2025-07-11,新型储能;电网,HTML,58,新增候选,建议回填待采集,https://fgw.sc.gov.cn/sfgw/tzgg/2025/7/11/61db13aa9e1f45758288959fadc9f1ea.shtml,https://fgw.sc.gov.cn/sfgw/tzgg/list_8.shtml
20260501_235114,CAND-717F87002183,SRC-P-036,省级,四川,四川省发展和改革委员会-通知公告,四川省发展和改革委员会,四川省能源局 国家能源局四川监管办公室关于进一步加强我省电网建设项目质量监督和启动验收管理的通知,2025-07-22,电网,HTML,58,新增候选,建议回填待采集,https://fgw.sc.gov.cn/sfgw/tzgg/2025/7/22/1a1489dd90a54210b40dcb2e23bb9e15.shtml,https://fgw.sc.gov.cn/sfgw/tzgg/list_7.shtml
20260501_235114,CAND-8B017B6B7FB3,SRC-P-037,省级,山西,山西省能源局-政策文件检索电力,山西省能源局,山西省能源局 国家能源局山西监管办公室 国网山西省电力有限公司关于进一步加强新能源配套送出工程管理推动新能源高质量发展的通知,2025-08-18,高质量发展,HTML,58,新增候选,建议回填待采集,http://nyj.shanxi.gov.cn/zfxxgk/fdzdgknr/sjwj/202509/t20250901_9949161.shtml,https://nyj.shanxi.gov.cn/trs-search/trssearch/openSearch/getZwgkList?keywords=%E7%94%B5%E5%8A%9B&pageNum=2&siteId=60&chnId=&dockind=2&position=0&sort=1&suitability=0
20260501_235114,CAND-F3F5060517AD,SRC-P-036,省级,四川,四川省发展和改革委员会-通知公告,四川省发展和改革委员会,四川省发展和改革委员会关于地方电网居民生活用电执行低谷电价政策有关事项的通知,2025-08-27,电网,HTML,58,新增候选,建议回填待采集,https://fgw.sc.gov.cn/sfgw/tzgg/2025/8/27/e63ab79fc8f941b1abce01e3e88a7b46.shtml,https://fgw.sc.gov.cn/sfgw/tzgg/list_7.shtml
20260501_235114,CAND-A3BBD3204648,SRC-P-036,省级,四川,四川省发展和改革委员会-通知公告,四川省发展和改革委员会,关于印发《四川省电网侧新型储能项目清单（2025年第二批）》的通知(川发改能源〔2025〕518号),2025-10-24,新型储能;电网,HTML,58,新增候选,建议回填待采集,https://fgw.sc.gov.cn/sfgw/tzgg/2025/10/24/eb0c9a1c30f544fe9264c9be874f056e.shtml,https://fgw.sc.gov.cn/sfgw/tzgg/list_6.shtml
20260501_235114,CAND-3002F93743BF,SRC-P-013,省级,四川,四川省发展和改革委员会-政策文件,四川省发展和改革委员会,关于印发《关于支持数字经济高质量发展的若干政策措施》的通知（川发改数据〔2026〕4号）,2026-01-13,高质量发展,HTML,58,新增候选,建议回填待采集,https://fgw.sc.gov.cn/sfgw/qtwj/2026/1/13/737c5b423df6427b88a54dd9dddf0424.shtml,https://fgw.sc.gov.cn/sfgw/zcwj/list.shtml
20260501_235114,CAND-B841DF866720,SRC-R-002,区域监管,华中区域,国家能源局华中监管局-通知公告,国家能源局派出机构,华中能源监管局关于公开征求《川渝藏省间电力互济交易实施细则（征求意见稿）》意... 2026-04-30,2026-04-30,实施细则;省间,HTML,58,新增候选,建议回填待采集,https://hzj.nea.gov.cn/dtyw/tzgg/202604/t20260430_300476.html,https://hzj.nea.gov.cn/dtyw/tzgg/
20260501_235114,CAND-94192CD7A5D8,SRC-N-001,国家级,全国,国家发展改革委-政策通知,国家发展改革委,关于促进可再生能源绿色电力证书市场高质量发展的意见(发改能源〔2025〕262号),,高质量发展,HTML,56,新增候选,建议回填待采集,https://www.ndrc.gov.cn/xxgk/zcfb/tz/202503/t20250318_1396627.html,https://www.ndrc.gov.cn/xxgk/zcfb/tz/index_2.html
20260501_235114,CAND-9C1051AE3A15,SRC-N-001,国家级,全国,国家发展改革委-政策通知,国家发展改革委,关于促进电网高质量发展的指导意见(发改能源〔2025〕1710号),,高质量发展;电网,HTML,56,新增候选,建议回填待采集,https://www.ndrc.gov.cn/xxgk/zcfb/tz/202512/t20251231_1402949.html,https://www.ndrc.gov.cn/xxgk/zcfb/tz/
20260501_235114,CAND-11A59453A9AE,SRC-N-002,国家级,全国,国家发展改革委-规范性文件,国家发展改革委,关于加强和规范电网规划投资管理工作的通知(发改能源规〔2020〕816号),,电网;电网规划,HTML,56,新增候选,建议回填待采集,https://www.ndrc.gov.cn/xxgk/zcfb/ghxwj/202006/t20200608_1230930.html,https://www.ndrc.gov.cn/xxgk/zcfb/ghxwj/index_4.html
20260501_235114,CAND-C9FF0BDB39D5,SRC-N-001,国家级,全国,国家发展改革委-政策通知,国家发展改革委,关于印发《促进普惠养老服务高质量发展的若干措施》的通知(发改体改〔2025〕211号),,高质量发展,HTML,56,新增候选,建议回填待采集,https://www.ndrc.gov.cn/xxgk/zcfb/tz/202502/t20250228_1396346.html,https://www.ndrc.gov.cn/xxgk/zcfb/tz/index_2.html
20260501_235114,CAND-A406C4F62533,SRC-N-001,国家级,全国,国家发展改革委-政策通知,国家发展改革委,关于印发《加快构建新型电力系统行动方案(2024—2027年)》的通知(发改能源〔2024〕1128号),,新型电力系统,HTML,56,新增候选,建议回填待采集,https://www.ndrc.gov.cn/xxgk/zcfb/tz/202408/t20240806_1392258.html,https://www.ndrc.gov.cn/xxgk/zcfb/tz/index_4.html
20260501_235114,CAND-585954349D4F,SRC-N-001,国家级,全国,国家发展改革委-政策通知,国家发展改革委,关于印发《推动毕节高质量发展规划》的通知(发改地区〔2022〕1060号),,高质量发展,HTML,56,新增候选,建议回填待采集,https://www.ndrc.gov.cn/xxgk/zcfb/tz/202207/t20220715_1330759.html,https://www.ndrc.gov.cn/xxgk/zcfb/tz/index_10.html
20260501_235114,CAND-A1793B0D1B96,SRC-N-001,国家级,全国,国家发展改革委-政策通知,国家发展改革委,关于印发《推动热泵行业高质量发展行动方案》的通知(发改环资〔2025〕313号),,高质量发展,HTML,56,新增候选,建议回填待采集,https://www.ndrc.gov.cn/xxgk/zcfb/tz/202504/t20250402_1396954.html,https://www.ndrc.gov.cn/xxgk/zcfb/tz/index_2.html
20260501_235114,CAND-79DF3DB1AEBD,SRC-N-001,国家级,全国,国家发展改革委-政策通知,国家发展改革委,关于印发《新发展阶段浙江嘉善县域高质量发展示范点建设方案》的通知(发改地区〔2022〕1529号),,高质量发展,HTML,56,新增候选,建议回填待采集,https://www.ndrc.gov.cn/xxgk/zcfb/tz/202211/t20221101_1340661.html,https://www.ndrc.gov.cn/xxgk/zcfb/tz/index_9.html
20260501_235114,CAND-9EC10FE4914A,SRC-N-001,国家级,全国,国家发展改革委-政策通知,国家发展改革委,关于印发《赣州革命老区高质量发展示范区建设方案》的通知(发改振兴〔2022〕423号),,高质量发展,HTML,56,新增候选,建议回填待采集,https://www.ndrc.gov.cn/xxgk/zcfb/tz/202204/t20220413_1321982.html,https://www.ndrc.gov.cn/xxgk/zcfb/tz/index_11.html
20260501_235114,CAND-6EA9EAEDA7A6,SRC-N-001,国家级,全国,国家发展改革委-政策通知,国家发展改革委,关于印发《辽宁沿海经济带高质量发展规划》的通知(发改地区〔2021〕1382号),,高质量发展,HTML,56,新增候选,建议回填待采集,https://www.ndrc.gov.cn/xxgk/zcfb/tz/202110/t20211026_1300858.html,https://www.ndrc.gov.cn/xxgk/zcfb/tz/index_14.html
20260501_235114,CAND-A1CE6CDCFB99,SRC-N-001,国家级,全国,国家发展改革委-政策通知,国家发展改革委,关于印发《锅炉绿色低碳高质量发展行动方案》的通知(发改环资〔2023〕1638号),,高质量发展;绿色低碳,HTML,56,新增候选,建议回填待采集,https://www.ndrc.gov.cn/xxgk/zcfb/tz/202312/t20231219_1362772.html,https://www.ndrc.gov.cn/xxgk/zcfb/tz/index_6.html
20260501_235114,CAND-A3B17C040C6C,SRC-N-001,国家级,全国,国家发展改革委-政策通知,国家发展改革委,关于印发《闽西革命老区高质量发展示范区建设方案》的通知(发改振兴〔2022〕424号),,高质量发展,HTML,56,新增候选,建议回填待采集,https://www.ndrc.gov.cn/xxgk/zcfb/tz/202204/t20220413_1321984.html,https://www.ndrc.gov.cn/xxgk/zcfb/tz/index_11.html
20260501_235114,CAND-B76BBBBBAFF4,SRC-N-001,国家级,全国,国家发展改革委-政策通知,国家发展改革委,关于印发浙江、安徽、湖北、四川等省深化投资项目审批制度改革促进投资高质量发展典型经验的通知(发改办投资〔2022〕977号),,高质量发展,HTML,56,新增候选,建议回填待采集,https://www.ndrc.gov.cn/xxgk/zcfb/tz/202212/t20221227_1343935.html,https://www.ndrc.gov.cn/xxgk/zcfb/tz/index_9.html
20260501_235114,CAND-C72AC9CEAA5E,SRC-N-001,国家级,全国,国家发展改革委-政策通知,国家发展改革委,关于印发浙江嘉善县域高质量发展示范点建设经验清单的通知(发改办区域〔2024〕205号),,高质量发展,HTML,56,新增候选,建议回填待采集,https://www.ndrc.gov.cn/xxgk/zcfb/tz/202404/t20240403_1365439.html,https://www.ndrc.gov.cn/xxgk/zcfb/tz/index_5.html
20260501_235114,CAND-8048C25AD9F3,SRC-N-001,国家级,全国,国家发展改革委-政策通知,国家发展改革委,关于印发浙江省嘉善县推进高质量发展第二批经验清单的通知(发改办区域〔2025〕755号),,高质量发展,HTML,56,新增候选,建议回填待采集,https://www.ndrc.gov.cn/xxgk/zcfb/tz/202509/t20250902_1400221.html,https://www.ndrc.gov.cn/xxgk/zcfb/tz/index_1.html
20260501_235114,CAND-826659736824,SRC-N-001,国家级,全国,国家发展改革委-政策通知,国家发展改革委,关于印发浙江高质量发展建设共同富裕示范区第一批典型经验的通知(发改就业〔2023〕252号),,高质量发展,HTML,56,新增候选,建议回填待采集,https://www.ndrc.gov.cn/xxgk/zcfb/tz/202303/t20230323_1351675.html,https://www.ndrc.gov.cn/xxgk/zcfb/tz/index_8.html
20260501_235114,CAND-230E983F53DF,SRC-N-001,国家级,全国,国家发展改革委-政策通知,国家发展改革委,关于印发浙江高质量发展建设共同富裕示范区第二批典型经验的通知(发改办就业〔2024〕266号),,高质量发展,HTML,56,新增候选,建议回填待采集,https://www.ndrc.gov.cn/xxgk/zcfb/tz/202404/t20240403_1365489.html,https://www.ndrc.gov.cn/xxgk/zcfb/tz/index_5.html
20260501_235114,CAND-3306A6FC7E15,SRC-N-001,国家级,全国,国家发展改革委-政策通知,国家发展改革委,关于支持内蒙古绿色低碳高质量发展若干政策措施的通知(发改环资〔2024〕379号),,高质量发展;绿色低碳,HTML,56,新增候选,建议回填待采集,https://www.ndrc.gov.cn/xxgk/zcfb/tz/202404/t20240403_1365474.html,https://www.ndrc.gov.cn/xxgk/zcfb/tz/index_5.html
20260501_235114,CAND-8FBE71AB3FF0,SRC-N-001,国家级,全国,国家发展改革委-政策通知,国家发展改革委,关于新形势下配电网高质量发展的指导意见(发改能源〔2024〕187号),,高质量发展;电网;配电网,HTML,56,新增候选,建议回填待采集,https://www.ndrc.gov.cn/xxgk/zcfb/tz/202403/t20240301_1364313.html,https://www.ndrc.gov.cn/xxgk/zcfb/tz/index_6.html
20260501_235114,CAND-135D10C5E682,SRC-N-002,国家级,全国,国家发展改革委-规范性文件,国家发展改革委,关于核定2020～2022年区域电网输电价格的通知(发改价格规〔2020〕1441号),,电网,HTML,56,新增候选,建议回填待采集,https://www.ndrc.gov.cn/xxgk/zcfb/ghxwj/202009/t20200930_1243683.html,https://www.ndrc.gov.cn/xxgk/zcfb/ghxwj/index_4.html
20260501_235114,CAND-F1C425146146,SRC-N-001,国家级,全国,国家发展改革委-政策通知,国家发展改革委,关于第三监管周期区域电网输电价格及有关事项的通知(发改价格〔2023〕532号),,电网,HTML,56,新增候选,建议回填待采集,https://www.ndrc.gov.cn/xxgk/zcfb/tz/202305/t20230515_1355741.html,https://www.ndrc.gov.cn/xxgk/zcfb/tz/index_8.html
20260501_235114,CAND-3F932A6BA534,SRC-N-001,国家级,全国,国家发展改革委-政策通知,国家发展改革委,关于组织开展电网企业代理购电工作有关事项的通知(发改办价格〔2021〕809号),,电网,HTML,56,新增候选,建议回填待采集,https://www.ndrc.gov.cn/xxgk/zcfb/tz/202110/t20211026_1300892.html,https://www.ndrc.gov.cn/xxgk/zcfb/tz/index_14.html
20260501_235114,CAND-A3DEF637650A,SRC-N-001,国家级,全国,国家发展改革委-政策通知,国家发展改革委,关于跨电网经营区常态化电力交易机制方案的复函(发改体改〔2025〕915号),,电力交易;电网,HTML,56,新增候选,建议回填待采集,https://www.ndrc.gov.cn/xxgk/zcfb/tz/202507/t20250711_1399134.html,https://www.ndrc.gov.cn/xxgk/zcfb/tz/index_1.html
20260501_235114,CAND-EC360A7FC34D,SRC-N-001,国家级,全国,国家发展改革委-政策通知,国家发展改革委,关于进一步做好电网企业代理购电工作的通知(发改办价格〔2022〕1047号),,电网,HTML,56,新增候选,建议回填待采集,https://www.ndrc.gov.cn/xxgk/zcfb/tz/202301/t20230110_1346271.html,https://www.ndrc.gov.cn/xxgk/zcfb/tz/index_9.html
20260501_235114,CAND-8F611517B8FC,SRC-MU-007,直辖市,上海,上海市发展和改革委员会-政策文件,上海市发展和改革委员会,关于印发《上海市新型电力系统调节能力奖励资金管理办法》的通知,,新型电力系统,HTML,54,低分候选,暂不回填,http://fgw.sh.gov.cn/fgw_gfxwj/20250519/463852516eb64060b6962fb68c2b75fb.html,https://fgw.sh.gov.cn/fgw_zcwjfl/index_7.html
20260501_235114,CAND-ABF8F264A533,SRC-MU-007,直辖市,上海,上海市发展和改革委员会-政策文件,上海市发展和改革委员会,关于印发《上海市绿色电力交易实施方案》的通知,,电力交易,HTML,54,低分候选,暂不回填,http://fgw.sh.gov.cn/fgw_ny/20241017/a747867686704cccabc12e3e46956f27.html,https://fgw.sh.gov.cn/fgw_zcwjfl/index_12.html
20260501_235114,CAND-70D4C9F4D73B,SRC-MU-007,直辖市,上海,上海市发展和改革委员会-政策文件,上海市发展和改革委员会,关于印发《上海市配电网升级改造三年行动计划 （2023－2025年）实施方案》的通知,,电网;配电网,HTML,54,低分候选,暂不回填,http://fgw.sh.gov.cn/fgw_ny/20230201/ae09ea0f7995432182a70ec5560c70dc.html,https://fgw.sh.gov.cn/fgw_zcwjfl/index_24.html
20260501_235114,CAND-35862D6B8493,SRC-MU-007,直辖市,上海,上海市发展和改革委员会-政策文件,上海市发展和改革委员会,关于转发《国家发展改革委关于第三监管周期省级电网输配电价及有关事项的通知》的通知,,输配电价;电网,HTML,54,低分候选,暂不回填,http://fgw.sh.gov.cn/fgw_jggl/20230526/4b9fb8e9b852473899c791b22367bcbc.html,https://fgw.sh.gov.cn/fgw_zcwjfl/index_22.html
20260501_235114,CAND-570F289F2B2E,SRC-P-033,省级,内蒙古自治区,内蒙古自治区能源局-通知公告,内蒙古自治区能源局,内蒙古自治区能源局 国家能源局华北监管局 内蒙古自治区发展改革委关于蒙西电力现货市场由试运行转入正式运行的通知,,现货,HTML,54,低分候选,暂不回填,https://nyj.nmg.gov.cn/slh/tz/202502/t20250224_2671670.html,https://nyj.nmg.gov.cn/slh/tz/index_23.html
20260501_235114,CAND-E48E6583D41F,SRC-MU-003,直辖市,北京,北京市科学技术委员会中关村管委会-政策文件,北京市科学技术委员会 中关村科技园区管理委员会,北京市科学技术委员会、中关村科技园区管理委员会 北京市财政局关于印发《中关村国家自主创新示范区促进园区高质量发展支持资金管理办法》的通知,,高质量发展,HTML,54,低分候选,暂不回填,https://kw.beijing.gov.cn/zwgk/zcwj/202409/t20240930_3910337.html,https://kw.beijing.gov.cn/zwgk/zcwj/index_10.html
20260501_235114,CAND-71E051CEF9B1,SRC-MU-002,直辖市,北京,北京市经济和信息化局-政策文件,北京市经济和信息化局,北京市经济和信息化局 北京市文化和旅游局关于印发《北京市推动工业旅游高质量发展的 实施方案（2025—2027年）》的通知,,高质量发展,HTML,54,低分候选,暂不回填,https://jxj.beijing.gov.cn/zwgk/2024zcwj/202510/t20251011_4221263.html,https://jxj.beijing.gov.cn/zwgk/2024zcwj/index_3.html
20260501_235114,CAND-8A0EC6A770DD,SRC-MU-002,直辖市,北京,北京市经济和信息化局-政策文件,北京市经济和信息化局,北京市经济和信息化局等五部门关于印发《北京市时尚产业高质量发展实施方案（2025—2027年）》的通知,,高质量发展,HTML,54,低分候选,暂不回填,https://jxj.beijing.gov.cn/zwgk/2024zcwj/202506/t20250609_4109180.html,https://jxj.beijing.gov.cn/zwgk/2024zcwj/index_5.html
20260501_235114,CAND-B80AED659E0D,SRC-P-002,省级,广东,广东省能源局-通知公告,广东省能源局,广东省能源局 国家能源局南方监管局关于2025年电力市场交易有关事项的通知11-22,,电力市场,HTML,54,低分候选,暂不回填,https://drc.gd.gov.cn/snyj/tzgg/content/post_4582745.html,https://drc.gd.gov.cn/snyj/tzgg/mindex_10.html
20260501_235114,CAND-C970B071A737,SRC-P-002,省级,广东,广东省能源局-通知公告,广东省能源局,广东省能源局关于印发广东省推进能源高质量发展实施方案的通知05-24,,高质量发展,HTML,54,低分候选,暂不回填,https://drc.gd.gov.cn/snyj/tzgg/content/post_4186275.html,https://drc.gd.gov.cn/snyj/tzgg/mindex_24.html
20260501_235114,CAND-9702A2D235B7,SRC-MU-003,直辖市,北京,北京市科学技术委员会中关村管委会-政策文件,北京市科学技术委员会 中关村科技园区管理委员会,（已失效）北京市科学技术委员会、中关村科技园区管理委员会关于印发《中关村国家自主创新示范区促进园区高质量发展支持资金管理办法（试行）》的通知,,高质量发展,HTML,54,低分候选,暂不回填,https://kw.beijing.gov.cn/zwgk/zcwj/202409/t20240918_3894382.html,https://kw.beijing.gov.cn/zwgk/zcwj/index_16.html
20260501_235114,CAND-E1726B94F24B,SRC-R-003,区域监管,山东,国家能源局山东监管办公室-通知公告,国家能源局派出机构,关于转发《电网安全风险管控办法(试行)》的通知 2014-05-27,2014-05-27,电网,HTML,54,低分候选,暂不回填,https://sdb.nea.gov.cn/dtyw/tzgg/202309/t20230919_110156.html,https://sdb.nea.gov.cn/dtyw/tzgg/index_23.html
20260501_235114,CAND-8836090C52E8,SRC-R-003,区域监管,山东,国家能源局山东监管办公室-通知公告,国家能源局派出机构,关于修订《山东省电力用户与发电企业直接交易规则》的通知 2015-12-29,2015-12-29,交易规则,HTML,54,低分候选,暂不回填,https://sdb.nea.gov.cn/dtyw/tzgg/202309/t20230919_110249.html,https://sdb.nea.gov.cn/dtyw/tzgg/index_16.html
20260501_235114,CAND-0B6FB50E634E,SRC-R-003,区域监管,山东,国家能源局山东监管办公室-通知公告,国家能源局派出机构,关于修订山东电网“两个细则”AGC、调峰和一次调频有关条款的通知 2016-09-02,2016-09-02,调峰;调频;电网,HTML,54,低分候选,暂不回填,https://sdb.nea.gov.cn/dtyw/tzgg/202309/t20230919_110296.html,https://sdb.nea.gov.cn/dtyw/tzgg/index_13.html
20260501_235114,CAND-BFD1FA0E18FC,SRC-R-003,区域监管,山东,国家能源局山东监管办公室-通知公告,国家能源局派出机构,关于征求《山东省电力中长期交易规则(试行)》意见的函 2017-01-20,2017-01-20,交易规则;中长期,HTML,54,低分候选,暂不回填,https://sdb.nea.gov.cn/dtyw/tzgg/202309/t20230919_110317.html,https://sdb.nea.gov.cn/dtyw/tzgg/index_12.html
20260501_235114,CAND-82EA1B2BDB99,SRC-R-003,区域监管,山东,国家能源局山东监管办公室-通知公告,国家能源局派出机构,关于修订2017年电力直接交易规则的通知 2017-03-09,2017-03-09,交易规则,HTML,54,低分候选,暂不回填,https://sdb.nea.gov.cn/dtyw/tzgg/202309/t20230919_110325.html,https://sdb.nea.gov.cn/dtyw/tzgg/index_11.html
20260501_235114,CAND-FA7CD9D7CDE3,SRC-R-003,区域监管,山东,国家能源局山东监管办公室-通知公告,国家能源局派出机构,山东省电力中长期交易规则(试行) 2017-07-18,2017-07-18,交易规则;中长期,HTML,54,低分候选,暂不回填,https://sdb.nea.gov.cn/dtyw/tzgg/202309/t20230919_110345.html,https://sdb.nea.gov.cn/dtyw/tzgg/index_10.html
20260501_235114,CAND-D4AAD508AA2C,SRC-PR-001,省级监管,江苏,国家能源局江苏监管办公室-通知,国家能源局江苏监管办公室,关于印发《江苏省电力中长期交易规则（暂行）》的通知 2017-11-02,2017-11-02,交易规则;中长期,HTML,54,低分候选,暂不回填,https://jsb.nea.gov.cn/dtyw/tz/202309/t20230910_32079.html,https://jsb.nea.gov.cn/dtyw/tz/index_10.html
20260501_235114,CAND-85D2AF31ADCC,SRC-PR-001,省级监管,江苏,国家能源局江苏监管办公室-通知,国家能源局江苏监管办公室,关于举办江苏省电力中长期交易规则等政策培训班的通知 2017-11-16,2017-11-16,交易规则;中长期,HTML,54,低分候选,暂不回填,https://jsb.nea.gov.cn/dtyw/tz/202309/t20230910_32080.html,https://jsb.nea.gov.cn/dtyw/tz/index_10.html
20260501_235114,CAND-AF442ABFE33E,SRC-R-003,区域监管,山东,国家能源局山东监管办公室-通知公告,国家能源局派出机构,关于印发《山东省电力市场监管办法（试行）》的通知 2017-12-08,2017-12-08,电力市场;市场监管,HTML,54,低分候选,暂不回填,https://sdb.nea.gov.cn/dtyw/tzgg/202309/t20230919_110352.html,https://sdb.nea.gov.cn/dtyw/tzgg/index_10.html
20260501_235114,CAND-20BEE75629C6,SRC-PR-001,省级监管,江苏,国家能源局江苏监管办公室-通知,国家能源局江苏监管办公室,关于印发江苏电力市场监管实施办法（试行）的通知 2018-08-02,2018-08-02,电力市场;市场监管,HTML,54,低分候选,暂不回填,https://jsb.nea.gov.cn/dtyw/tz/202309/t20230910_32117.html,https://jsb.nea.gov.cn/dtyw/tz/index_8.html
20260501_235114,CAND-E3D615DBA537,SRC-R-006,区域监管,西北区域,国家能源局西北监管局-通知公告,国家能源局派出机构,关于开展电网企业代收政府性基金及附加情况调研的通知 2018-09-28,2018-09-28,电网,HTML,54,低分候选,暂不回填,https://xbj.nea.gov.cn/dtyw/tzgg/202310/t20231013_147509.html,https://xbj.nea.gov.cn/dtyw/tzgg/index_21.html
20260501_235114,CAND-9BFF261750FE,SRC-PR-003,省级监管,浙江,国家能源局浙江监管办公室-通知公告,国家能源局浙江监管办公室,国家能源局浙江监管办公室关于发布浙江电网2018年10-12月份“两个细则”试运行结果的通知 2019-02-14,2018-10-12,电网,HTML,54,低分候选,暂不回填,https://zjb.nea.gov.cn/dtyw/tzgg/202309/t20230914_75782.html,https://zjb.nea.gov.cn/dtyw/tzgg/index_10.html
20260501_235114,CAND-936B478D1F13,SRC-PR-001,省级监管,江苏,国家能源局江苏监管办公室-通知,国家能源局江苏监管办公室,关于做好2019年电力市场化交易注册绑定有关工作的通知 2018-10-29,2018-10-29,电力市场;市场化交易;注册,HTML,54,低分候选,暂不回填,https://jsb.nea.gov.cn/dtyw/tz/202309/t20230910_32126.html,https://jsb.nea.gov.cn/dtyw/tz/index_7.html
20260501_235114,CAND-2AEF5BDCB563,SRC-PR-001,省级监管,江苏,国家能源局江苏监管办公室-通知,国家能源局江苏监管办公室,关于印发《江苏电力辅助服务(调峰)市场建设工作方案》和《江苏电力辅助服务(调峰)市场交易规... 2018-12-04,2018-12-04,辅助服务;调峰,HTML,54,低分候选,暂不回填,https://jsb.nea.gov.cn/dtyw/tz/202309/t20230910_32130.html,https://jsb.nea.gov.cn/dtyw/tz/index_7.html
20260501_235114,CAND-26D2DD1F293B,SRC-PR-003,省级监管,浙江,国家能源局浙江监管办公室-通知公告,国家能源局浙江监管办公室,国家能源局浙江监管办公室关于发布浙江电网2019年1-3月份“两个细则”试运行结果的通知 2019-05-09,2019-01-03,电网,HTML,54,低分候选,暂不回填,https://zjb.nea.gov.cn/dtyw/tzgg/202309/t20230914_75788.html,https://zjb.nea.gov.cn/dtyw/tzgg/index_9.html
20260501_235114,CAND-63FCD6AA8079,SRC-PR-001,省级监管,江苏,国家能源局江苏监管办公室-通知,国家能源局江苏监管办公室,关于做好辅助服务（调峰）市场试运行有关工作的通知 2019-02-02,2019-02-02,辅助服务;调峰,HTML,54,低分候选,暂不回填,https://jsb.nea.gov.cn/dtyw/tz/202309/t20230910_32133.html,https://jsb.nea.gov.cn/dtyw/tz/index_7.html
20260501_235114,CAND-22448D8582F6,SRC-PR-001,省级监管,江苏,国家能源局江苏监管办公室-通知,国家能源局江苏监管办公室,关于开展2019年电力交易与市场秩序约访约谈工作的通知 2019-02-19,2019-02-19,电力交易,HTML,54,低分候选,暂不回填,https://jsb.nea.gov.cn/dtyw/tz/202309/t20230910_32134.html,https://jsb.nea.gov.cn/dtyw/tz/index_7.html
20260501_235114,CAND-9267DB66D5C7,SRC-PR-003,省级监管,浙江,国家能源局浙江监管办公室-通知公告,国家能源局浙江监管办公室,国家能源局浙江监管办公室关于发布浙江电网2019年4-6月份“两个细则”试运行结果的通知 2019-08-06,2019-04-06,电网,HTML,54,低分候选,暂不回填,https://zjb.nea.gov.cn/dtyw/tzgg/202309/t20230914_75791.html,https://zjb.nea.gov.cn/dtyw/tzgg/index_9.html
20260501_235114,CAND-F67E0AF46B18,SRC-R-003,区域监管,山东,国家能源局山东监管办公室-通知公告,国家能源局派出机构,山东能源监管办关于征求风电场并网管理运行管理实施细则修订意见的通知 2019-04-10,2019-04-10,实施细则,HTML,54,低分候选,暂不回填,https://sdb.nea.gov.cn/dtyw/tzgg/202309/t20230919_110394.html,https://sdb.nea.gov.cn/dtyw/tzgg/index_7.html
20260501_235114,CAND-EACD49AB2571,SRC-R-006,区域监管,西北区域,国家能源局西北监管局-通知公告,国家能源局派出机构,国家能源局西北监管局关于报送2018年度电网企业价格与成本信息的通知 2019-05-10,2019-05-10,电网,HTML,54,低分候选,暂不回填,https://xbj.nea.gov.cn/dtyw/tzgg/202310/t20231013_147520.html,https://xbj.nea.gov.cn/dtyw/tzgg/index_21.html
20260501_235114,CAND-149E70099C94,SRC-PR-003,省级监管,浙江,国家能源局浙江监管办公室-通知公告,国家能源局浙江监管办公室,国家能源局浙江监管办公室关于发布浙江电网2019年7-9月份“两个细则”试运行结果的通知 2019-11-26,2019-07-09,电网,HTML,54,低分候选,暂不回填,https://zjb.nea.gov.cn/dtyw/tzgg/202309/t20230914_75801.html,https://zjb.nea.gov.cn/dtyw/tzgg/index_8.html
20260501_235114,CAND-A5FCCFEF665C,SRC-PR-007,省级监管,新疆,国家能源局新疆监管办公室-通知公告,国家能源局新疆监管办公室,关于印发《新疆电力市场结算调整方案（试行）》的补充规定的通知 2019-09-12,2019-09-12,电力市场;结算,HTML,54,低分候选,暂不回填,https://xjb.nea.gov.cn/dtyw/tzgg/202309/t20230923_116321.html,https://xjb.nea.gov.cn/dtyw/tzgg/index_24.html
20260501_235114,CAND-80021EBA93B4,SRC-PR-001,省级监管,江苏,国家能源局江苏监管办公室-通知,国家能源局江苏监管办公室,关于转发国家能源局《关于加强电力中长期交易监管的意见》的通知 2019-09-30,2019-09-30,中长期,HTML,54,低分候选,暂不回填,https://jsb.nea.gov.cn/dtyw/tz/202309/t20230910_32156.html,https://jsb.nea.gov.cn/dtyw/tz/index_5.html
20260501_235114,CAND-B348876B2BBC,SRC-PR-003,省级监管,浙江,国家能源局浙江监管办公室-通知公告,国家能源局浙江监管办公室,国家能源局浙江监管办公室关于发布浙江电网2019年10-12月份“两个细则”试运行结果的通知 2020-04-03,2019-10-12,电网,HTML,54,低分候选,暂不回填,https://zjb.nea.gov.cn/dtyw/tzgg/202309/t20230914_75814.html,https://zjb.nea.gov.cn/dtyw/tzgg/index_8.html
20260501_235114,CAND-74BB45580210,SRC-PR-007,省级监管,新疆,国家能源局新疆监管办公室-通知公告,国家能源局新疆监管办公室,关于公布2019年6月新疆电网“两个细则”考核和补偿结果的通知 2019-10-17,2019-10-17,电网,HTML,54,低分候选,暂不回填,https://xjb.nea.gov.cn/dtyw/tzgg/202309/t20230923_116333.html,https://xjb.nea.gov.cn/dtyw/tzgg/index_23.html
20260501_235114,CAND-B97F28D8E9B7,SRC-PR-007,省级监管,新疆,国家能源局新疆监管办公室-通知公告,国家能源局新疆监管办公室,关于公示2019年7月新疆电网“两个细则”考核补偿情况的通知 2019-10-24,2019-10-24,电网,HTML,54,低分候选,暂不回填,https://xjb.nea.gov.cn/dtyw/tzgg/202309/t20230923_116339.html,https://xjb.nea.gov.cn/dtyw/tzgg/index_23.html
20260501_235114,CAND-EA35F63C88E3,SRC-PR-007,省级监管,新疆,国家能源局新疆监管办公室-通知公告,国家能源局新疆监管办公室,关于公示2019年8月新疆电网“两个细则”考核补偿情况的通知 2019-10-24,2019-10-24,电网,HTML,54,低分候选,暂不回填,https://xjb.nea.gov.cn/dtyw/tzgg/202309/t20230923_116340.html,https://xjb.nea.gov.cn/dtyw/tzgg/index_23.html
20260501_235114,CAND-68686499369C,SRC-PR-007,省级监管,新疆,国家能源局新疆监管办公室-通知公告,国家能源局新疆监管办公室,关于公示2019年9月新疆电网“两个细则”考核补偿情况的通知 2019-10-31,2019-10-31,电网,HTML,54,低分候选,暂不回填,https://xjb.nea.gov.cn/dtyw/tzgg/202309/t20230923_116342.html,https://xjb.nea.gov.cn/dtyw/tzgg/index_23.html
20260501_235114,CAND-06DCC5D1AE2C,SRC-PR-007,省级监管,新疆,国家能源局新疆监管办公室-通知公告,国家能源局新疆监管办公室,关于公布2019年7月新疆电网“两个细则”考核补偿结果的通知 2019-11-19,2019-11-19,电网,HTML,54,低分候选,暂不回填,https://xjb.nea.gov.cn/dtyw/tzgg/202309/t20230923_116351.html,https://xjb.nea.gov.cn/dtyw/tzgg/index_22.html
20260501_235114,CAND-9FC86B375365,SRC-PR-007,省级监管,新疆,国家能源局新疆监管办公室-通知公告,国家能源局新疆监管办公室,关于公布2019年8月新疆电网“两个细则”考核补偿结果的通知 2019-11-19,2019-11-19,电网,HTML,54,低分候选,暂不回填,https://xjb.nea.gov.cn/dtyw/tzgg/202309/t20230923_116352.html,https://xjb.nea.gov.cn/dtyw/tzgg/index_22.html
20260501_235114,CAND-0B9AA884383D,SRC-PR-007,省级监管,新疆,国家能源局新疆监管办公室-通知公告,国家能源局新疆监管办公室,关于公布2019年9月新疆电网“两个细则”考核补偿结果的通知 2019-11-26,2019-11-26,电网,HTML,54,低分候选,暂不回填,https://xjb.nea.gov.cn/dtyw/tzgg/202309/t20230923_116354.html,https://xjb.nea.gov.cn/dtyw/tzgg/index_22.html
20260501_235114,CAND-51A3E73CAB3E,SRC-PR-007,省级监管,新疆,国家能源局新疆监管办公室-通知公告,国家能源局新疆监管办公室,关于公示2019年10月新疆电网“两个细则”考核补偿情况的通知 2019-11-27,2019-11-27,电网,HTML,54,低分候选,暂不回填,https://xjb.nea.gov.cn/dtyw/tzgg/202309/t20230923_116355.html,https://xjb.nea.gov.cn/dtyw/tzgg/index_22.html
20260501_235114,CAND-734D37926EAD,SRC-PR-003,省级监管,浙江,国家能源局浙江监管办公室-通知公告,国家能源局浙江监管办公室,国家能源局浙江监管办公室关于印发《浙江电力市场监管实施办法（试行）》的通知 2019-12-09,2019-12-09,电力市场;市场监管,HTML,54,低分候选,暂不回填,https://zjb.nea.gov.cn/dtyw/tzgg/202309/t20230914_75802.html,https://zjb.nea.gov.cn/dtyw/tzgg/index_8.html
20260501_235114,CAND-E75B508DEB21,SRC-PR-007,省级监管,新疆,国家能源局新疆监管办公室-通知公告,国家能源局新疆监管办公室,关于公示2019年11月新疆电网“两个细则”考核补偿情况的通知 2019-12-23,2019-12-23,电网,HTML,54,低分候选,暂不回填,https://xjb.nea.gov.cn/dtyw/tzgg/202309/t20230923_116360.html,https://xjb.nea.gov.cn/dtyw/tzgg/index_22.html
20260501_235114,CAND-B0BD03664171,SRC-PR-007,省级监管,新疆,国家能源局新疆监管办公室-通知公告,国家能源局新疆监管办公室,关于转发《国家能源局印发关于加强电力中长期交易监管的意见的通知》的通知 2019-12-26,2019-12-26,中长期,HTML,54,低分候选,暂不回填,https://xjb.nea.gov.cn/dtyw/tzgg/202309/t20230923_116363.html,https://xjb.nea.gov.cn/dtyw/tzgg/index_21.html
20260501_235114,CAND-F4C93C1FCDF1,SRC-PR-007,省级监管,新疆,国家能源局新疆监管办公室-通知公告,国家能源局新疆监管办公室,关于印发《新疆电力市场售电公司履约保函实施办法（试行）补充说明》的通知 2020-01-08,2020-01-08,电力市场,HTML,54,低分候选,暂不回填,https://xjb.nea.gov.cn/dtyw/tzgg/202309/t20230923_116367.html,https://xjb.nea.gov.cn/dtyw/tzgg/index_21.html
20260501_235114,CAND-3A4FC8AD949C,SRC-PR-007,省级监管,新疆,国家能源局新疆监管办公室-通知公告,国家能源局新疆监管办公室,关于公布2019年10月新疆电网“两个细则”考核和补偿结果的通知 2020-01-09,2020-01-09,电网,HTML,54,低分候选,暂不回填,https://xjb.nea.gov.cn/dtyw/tzgg/202309/t20230923_116370.html,https://xjb.nea.gov.cn/dtyw/tzgg/index_21.html
20260501_235114,CAND-897825268A96,SRC-PR-007,省级监管,新疆,国家能源局新疆监管办公室-通知公告,国家能源局新疆监管办公室,关于公布2019年11月新疆电网“两个细则”考核和补偿结果的通知 2020-01-17,2020-01-17,电网,HTML,54,低分候选,暂不回填,https://xjb.nea.gov.cn/dtyw/tzgg/202309/t20230923_116374.html,https://xjb.nea.gov.cn/dtyw/tzgg/index_21.html
20260501_235114,CAND-FEBA606042BF,SRC-PR-007,省级监管,新疆,国家能源局新疆监管办公室-通知公告,国家能源局新疆监管办公室,关于公示2019年12月份新疆电网“两个细则”考核补偿情况的通知 2020-01-19,2020-01-19,电网,HTML,54,低分候选,暂不回填,https://xjb.nea.gov.cn/dtyw/tzgg/202309/t20230923_116380.html,https://xjb.nea.gov.cn/dtyw/tzgg/index_20.html
20260501_235114,CAND-978EBCF0258C,SRC-PR-007,省级监管,新疆,国家能源局新疆监管办公室-通知公告,国家能源局新疆监管办公室,关于公布2019年12月新疆电网、天中、吉泉直流配套电源“两个细则”考核和补偿结果的通知 2020-04-09,2020-04-09,电网,HTML,54,低分候选,暂不回填,https://xjb.nea.gov.cn/dtyw/tzgg/202309/t20230923_116390.html,https://xjb.nea.gov.cn/dtyw/tzgg/index_20.html
20260501_235114,CAND-91F27D9B7D17,SRC-PR-007,省级监管,新疆,国家能源局新疆监管办公室-通知公告,国家能源局新疆监管办公室,关于印发《新疆电力市场信息报送实施细则（试行）》的通知 2020-04-14,2020-04-14,电力市场;实施细则,HTML,54,低分候选,暂不回填,https://xjb.nea.gov.cn/dtyw/tzgg/202309/t20230923_116391.html,https://xjb.nea.gov.cn/dtyw/tzgg/index_20.html
20260501_235114,CAND-F3783A18DA2F,SRC-PR-007,省级监管,新疆,国家能源局新疆监管办公室-通知公告,国家能源局新疆监管办公室,关于公示2020年1月新疆电网、天中、吉泉直流配套电源“两个细则”考核和补偿结果的通知 2020-04-15,2020-04-15,电网,HTML,54,低分候选,暂不回填,https://xjb.nea.gov.cn/dtyw/tzgg/202309/t20230923_116392.html,https://xjb.nea.gov.cn/dtyw/tzgg/index_20.html
20260501_235114,CAND-522B39EC4EB9,SRC-PR-007,省级监管,新疆,国家能源局新疆监管办公室-通知公告,国家能源局新疆监管办公室,关于公布2020年1月新疆电网、天中、吉泉直流配套电源“两个细则”考核和补偿结果的通知 2020-05-18,2020-05-18,电网,HTML,54,低分候选,暂不回填,https://xjb.nea.gov.cn/dtyw/tzgg/202309/t20230923_116400.html,https://xjb.nea.gov.cn/dtyw/tzgg/index_19.html
20260501_235114,CAND-CFA379352A3D,SRC-PR-007,省级监管,新疆,国家能源局新疆监管办公室-通知公告,国家能源局新疆监管办公室,关于公示2020年2月新疆电网“两个细则”考核和补偿结果的通知 2020-05-18,2020-05-18,电网,HTML,54,低分候选,暂不回填,https://xjb.nea.gov.cn/dtyw/tzgg/202309/t20230923_116401.html,https://xjb.nea.gov.cn/dtyw/tzgg/index_19.html
20260501_235114,CAND-975B75285DAF,SRC-PR-004,省级监管,福建,国家能源局福建监管办公室-通知公告,国家能源局福建监管办公室,福建能源监管办关于征求《福建省电力调峰辅助服务交易规则（试行）（2020年修订版... 2020-05-28,2020-05-28,交易规则;辅助服务;调峰,HTML,54,低分候选,暂不回填,https://fjb.nea.gov.cn/dtyw/tzgg/202312/t20231217_221232.html,https://fjb.nea.gov.cn/dtyw/tzgg/index_24.html
20260501_235114,CAND-09326E85ECA2,SRC-PR-007,省级监管,新疆,国家能源局新疆监管办公室-通知公告,国家能源局新疆监管办公室,关于公示2020年3月新疆电网、天中、吉泉直流配套电源“两个细则”考核和补偿结果的通知 2020-06-05,2020-06-05,电网,HTML,54,低分候选,暂不回填,https://xjb.nea.gov.cn/dtyw/tzgg/202309/t20230923_116408.html,https://xjb.nea.gov.cn/dtyw/tzgg/index_18.html
20260501_235114,CAND-45FE48A3729B,SRC-PR-007,省级监管,新疆,国家能源局新疆监管办公室-通知公告,国家能源局新疆监管办公室,关于公示2020年4月新疆电网“两个细则”考核和补偿结果的通知 2020-06-05,2020-06-05,电网,HTML,54,低分候选,暂不回填,https://xjb.nea.gov.cn/dtyw/tzgg/202309/t20230923_116410.html,https://xjb.nea.gov.cn/dtyw/tzgg/index_18.html
20260501_235114,CAND-3F21091FAE4E,SRC-PR-007,省级监管,新疆,国家能源局新疆监管办公室-通知公告,国家能源局新疆监管办公室,关于公示2020年5月新疆电网“两个细则”考核和补偿结果的通知 2020-06-12,2020-06-12,电网,HTML,54,低分候选,暂不回填,https://xjb.nea.gov.cn/dtyw/tzgg/202309/t20230923_116411.html,https://xjb.nea.gov.cn/dtyw/tzgg/index_18.html
20260501_235114,CAND-B3DA25A5C91A,SRC-PR-001,省级监管,江苏,国家能源局江苏监管办公室-通知,国家能源局江苏监管办公室,关于开展江苏电力交易与市场秩序专项监管工作的通知 2020-06-19,2020-06-19,电力交易,HTML,54,低分候选,暂不回填,https://jsb.nea.gov.cn/dtyw/tz/202309/t20230910_32183.html,https://jsb.nea.gov.cn/dtyw/tz/index_3.html
20260501_235114,CAND-3BF8700E79BC,SRC-PR-004,省级监管,福建,国家能源局福建监管办公室-通知公告,国家能源局福建监管办公室,国家能源局福建监管办公室关于印发《福建省电力调峰辅助服务交易规则(试行)(2020年... 2020-06-30,2020-06-30,交易规则;辅助服务;调峰,HTML,54,低分候选,暂不回填,https://fjb.nea.gov.cn/dtyw/tzgg/202312/t20231217_221236.html,https://fjb.nea.gov.cn/dtyw/tzgg/index_24.html
20260501_235114,CAND-7D502DD1A23E,SRC-PR-007,省级监管,新疆,国家能源局新疆监管办公室-通知公告,国家能源局新疆监管办公室,关于公布2020年2月新疆电网“两个细则”考核和补偿结果的通知 2020-07-15,2020-07-15,电网,HTML,54,低分候选,暂不回填,https://xjb.nea.gov.cn/dtyw/tzgg/202309/t20230923_116416.html,https://xjb.nea.gov.cn/dtyw/tzgg/index_18.html
20260501_235114,CAND-A5C4D1189CE9,SRC-PR-007,省级监管,新疆,国家能源局新疆监管办公室-通知公告,国家能源局新疆监管办公室,关于公布2020年3月新疆电网“两个细则”考核和补偿结果的通知 2020-07-15,2020-07-15,电网,HTML,54,低分候选,暂不回填,https://xjb.nea.gov.cn/dtyw/tzgg/202309/t20230923_116417.html,https://xjb.nea.gov.cn/dtyw/tzgg/index_18.html
20260501_235114,CAND-814FAF44C92E,SRC-R-006,区域监管,西北区域,国家能源局西北监管局-通知公告,国家能源局派出机构,国家能源局西北监管局关于报送2019年度电网企业价格与成本信息的通知 2020-08-18,2020-08-18,电网,HTML,54,低分候选,暂不回填,https://xbj.nea.gov.cn/dtyw/tzgg/202310/t20231013_147537.html,https://xbj.nea.gov.cn/dtyw/tzgg/index_19.html
20260501_235114,CAND-A765E1CC441B,SRC-R-002,区域监管,华中区域,国家能源局华中监管局-通知公告,国家能源局派出机构,国家能源局华中监管局关于印发《华中区域并网发电厂辅助服务管理实施细则》和《华... 2020-09-07,2020-09-07,实施细则;辅助服务,HTML,54,低分候选,暂不回填,https://hzj.nea.gov.cn/dtyw/tzgg/202310/t20231021_165548.html,https://hzj.nea.gov.cn/dtyw/tzgg/index_10.html
20260501_235114,CAND-836EBE13BBB4,SRC-PR-007,省级监管,新疆,国家能源局新疆监管办公室-通知公告,国家能源局新疆监管办公室,关于公布2020年4月新疆电网“两个细则”考核和补偿结果的通知 2020-09-08,2020-09-08,电网,HTML,54,低分候选,暂不回填,https://xjb.nea.gov.cn/dtyw/tzgg/202309/t20230923_116425.html,https://xjb.nea.gov.cn/dtyw/tzgg/index_17.html
20260501_235114,CAND-4914E58D0D20,SRC-PR-007,省级监管,新疆,国家能源局新疆监管办公室-通知公告,国家能源局新疆监管办公室,关于公布2020年5月新疆电网“两个细则”考核和补偿结果的通知 2020-09-08,2020-09-08,电网,HTML,54,低分候选,暂不回填,https://xjb.nea.gov.cn/dtyw/tzgg/202309/t20230923_116427.html,https://xjb.nea.gov.cn/dtyw/tzgg/index_17.html
20260501_235114,CAND-8112DE2DCE42,SRC-PR-007,省级监管,新疆,国家能源局新疆监管办公室-通知公告,国家能源局新疆监管办公室,关于公示2020年6月新疆电网、天中、吉泉直流配套电源“两个细则”考核补偿结果的通知 2020-09-25,2020-09-25,电网,HTML,54,低分候选,暂不回填,https://xjb.nea.gov.cn/dtyw/tzgg/202309/t20230923_116432.html,https://xjb.nea.gov.cn/dtyw/tzgg/index_17.html
20260501_235114,CAND-899086BE1117,SRC-PR-007,省级监管,新疆,国家能源局新疆监管办公室-通知公告,国家能源局新疆监管办公室,关于公示2020年7月新疆电网、天中、吉泉直流配套电源“两个细则”考核和补偿结果的通知 2020-10-13,2020-10-13,电网,HTML,54,低分候选,暂不回填,https://xjb.nea.gov.cn/dtyw/tzgg/202309/t20230923_116436.html,https://xjb.nea.gov.cn/dtyw/tzgg/index_17.html
20260501_235114,CAND-C5DC114E629E,SRC-PR-007,省级监管,新疆,国家能源局新疆监管办公室-通知公告,国家能源局新疆监管办公室,关于公布2020年6月新疆电网、天中、吉泉直流配套电源“两个细则”考核补偿结果的通知 2020-10-21,2020-10-21,电网,HTML,54,低分候选,暂不回填,https://xjb.nea.gov.cn/dtyw/tzgg/202309/t20230923_116438.html,https://xjb.nea.gov.cn/dtyw/tzgg/index_16.html
20260501_235114,CAND-37C634B2E6D9,SRC-PR-007,省级监管,新疆,国家能源局新疆监管办公室-通知公告,国家能源局新疆监管办公室,关于公布2020年7月新疆电网、天中、吉泉直流配套电源“两个细则”考核和补偿结果的通知 2020-11-13,2020-11-13,电网,HTML,54,低分候选,暂不回填,https://xjb.nea.gov.cn/dtyw/tzgg/202309/t20230923_116442.html,https://xjb.nea.gov.cn/dtyw/tzgg/index_16.html
20260501_235114,CAND-334F70D67912,SRC-PR-007,省级监管,新疆,国家能源局新疆监管办公室-通知公告,国家能源局新疆监管办公室,关于公示2020年8月新疆电网、天中、吉泉直流配套电源“两个细则”考核和补偿结果的通知 2020-11-13,2020-11-13,电网,HTML,54,低分候选,暂不回填,https://xjb.nea.gov.cn/dtyw/tzgg/202309/t20230923_116444.html,https://xjb.nea.gov.cn/dtyw/tzgg/index_16.html
20260501_235114,CAND-F4BBEBA148B6,SRC-PR-007,省级监管,新疆,国家能源局新疆监管办公室-通知公告,国家能源局新疆监管办公室,关于印发《<新疆电力市场售电公司履约保函实施办法（试行）>补充说明》的通知 2020-11-24,2020-11-24,电力市场,HTML,54,低分候选,暂不回填,https://xjb.nea.gov.cn/dtyw/tzgg/202309/t20230923_116446.html,https://xjb.nea.gov.cn/dtyw/tzgg/index_16.html
20260501_235114,CAND-654BFC57E11F,SRC-PR-007,省级监管,新疆,国家能源局新疆监管办公室-通知公告,国家能源局新疆监管办公室,关于公示2020年9月新疆电网、天中、吉泉直流配套电源“两个细则”考核补偿结果的通知 2020-12-02,2020-12-02,电网,HTML,54,低分候选,暂不回填,https://xjb.nea.gov.cn/dtyw/tzgg/202309/t20230923_116448.html,https://xjb.nea.gov.cn/dtyw/tzgg/index_16.html
20260501_235114,CAND-CAF90BF6BC92,SRC-P-037,省级,山西,山西省能源局-政策文件检索电力,山西省能源局,关于印发《2021年全省电力市场交易组织方案》的通知,2020-12-09,电力市场,HTML,54,低分候选,暂不回填,http://nyj.shanxi.gov.cn/zfxxgk/fdzdgknr/sjwj/202310/t20231003_9418403.shtml,https://nyj.shanxi.gov.cn/trs-search/trssearch/openSearch/getZwgkList?keywords=%E7%94%B5%E5%8A%9B&pageNum=1&siteId=60&chnId=&dockind=2&position=0&sort=1&suitability=0
20260501_235114,CAND-8DAE0D729A46,SRC-PR-007,省级监管,新疆,国家能源局新疆监管办公室-通知公告,国家能源局新疆监管办公室,关于公布2020年8月新疆电网、天中、吉泉直流配套电源“两个细则”考核和补偿结果的通知 2020-12-11,2020-12-11,电网,HTML,54,低分候选,暂不回填,https://xjb.nea.gov.cn/dtyw/tzgg/202309/t20230923_116454.html,https://xjb.nea.gov.cn/dtyw/tzgg/index_15.html
20260501_235114,CAND-A68F6EA082B8,SRC-PR-007,省级监管,新疆,国家能源局新疆监管办公室-通知公告,国家能源局新疆监管办公室,关于公示2020年10月新疆电网、天中、吉泉直流配套电源“两个细则”考核和补偿结果的通知 2020-12-11,2020-12-11,电网,HTML,54,低分候选,暂不回填,https://xjb.nea.gov.cn/dtyw/tzgg/202309/t20230923_116455.html,https://xjb.nea.gov.cn/dtyw/tzgg/index_15.html
20260501_235114,CAND-CDDF89D51207,SRC-PR-007,省级监管,新疆,国家能源局新疆监管办公室-通知公告,国家能源局新疆监管办公室,关于印发《新疆电力市场结算方案（试行）》的通知 2020-12-22,2020-12-22,电力市场;结算,HTML,54,低分候选,暂不回填,https://xjb.nea.gov.cn/dtyw/tzgg/202309/t20230923_116461.html,https://xjb.nea.gov.cn/dtyw/tzgg/index_15.html
20260501_235114,CAND-36D32B38779E,SRC-PR-007,省级监管,新疆,国家能源局新疆监管办公室-通知公告,国家能源局新疆监管办公室,关于公示2020年11月新疆电网、天中、吉泉直流配套电源“两个细则”考核补偿结果的通知 2021-01-04,2021-01-04,电网,HTML,54,低分候选,暂不回填,https://xjb.nea.gov.cn/dtyw/tzgg/202309/t20230923_116462.html,https://xjb.nea.gov.cn/dtyw/tzgg/index_15.html
20260501_235114,CAND-4368A9A67F1D,SRC-PR-007,省级监管,新疆,国家能源局新疆监管办公室-通知公告,国家能源局新疆监管办公室,关于公布2020年9月新疆电网、天中、吉泉直流配套电源“两个细则”考核和补偿结果的通知 2021-01-22,2021-01-22,电网,HTML,54,低分候选,暂不回填,https://xjb.nea.gov.cn/dtyw/tzgg/202309/t20230923_116463.html,https://xjb.nea.gov.cn/dtyw/tzgg/index_15.html
20260501_235114,CAND-FCC28F95A893,SRC-PR-007,省级监管,新疆,国家能源局新疆监管办公室-通知公告,国家能源局新疆监管办公室,关于公布2020年10月新疆电网、天中、吉泉直流配套电源“两个细则”考核补偿结果的通知 2021-02-07,2021-02-07,电网,HTML,54,低分候选,暂不回填,https://xjb.nea.gov.cn/dtyw/tzgg/202309/t20230923_116466.html,https://xjb.nea.gov.cn/dtyw/tzgg/index_15.html
20260501_235114,CAND-9F730595424E,SRC-PR-007,省级监管,新疆,国家能源局新疆监管办公室-通知公告,国家能源局新疆监管办公室,关于公示2020年12月新疆电网、天中、吉泉直流配套电源“两个细则”考核和补偿结果的通知 2021-02-19,2021-02-19,电网,HTML,54,低分候选,暂不回填,https://xjb.nea.gov.cn/dtyw/tzgg/202309/t20230923_116468.html,https://xjb.nea.gov.cn/dtyw/tzgg/index_14.html
20260501_235114,CAND-CC877E70CA26,SRC-PR-007,省级监管,新疆,国家能源局新疆监管办公室-通知公告,国家能源局新疆监管办公室,关于公布2020年11月新疆电网、天中、吉泉直流配套电源“两个细则”考核和补偿结果的通知 2021-03-17,2021-03-17,电网,HTML,54,低分候选,暂不回填,https://xjb.nea.gov.cn/dtyw/tzgg/202309/t20230923_116470.html,https://xjb.nea.gov.cn/dtyw/tzgg/index_14.html
20260501_235114,CAND-1F80BF6EE89A,SRC-R-006,区域监管,西北区域,国家能源局西北监管局-通知公告,国家能源局派出机构,关于征求《青海省电力中长期交易规则（征求意见稿）》意见建议的通知 2021-03-24,2021-03-24,交易规则;中长期,HTML,54,低分候选,暂不回填,https://xbj.nea.gov.cn/dtyw/tzgg/202310/t20231013_147548.html,https://xbj.nea.gov.cn/dtyw/tzgg/index_19.html
20260501_235114,CAND-2D7356EB4C7B,SRC-PR-007,省级监管,新疆,国家能源局新疆监管办公室-通知公告,国家能源局新疆监管办公室,关于公布2020年12月新疆电网、天中、 吉泉直流配套电源“两个细则” 考核补偿结果的通知 2021-03-30,2021-03-30,电网,HTML,54,低分候选,暂不回填,https://xjb.nea.gov.cn/dtyw/tzgg/202309/t20230923_116474.html,https://xjb.nea.gov.cn/dtyw/tzgg/index_14.html
20260501_235114,CAND-B5A5A1AEE9CF,SRC-PR-007,省级监管,新疆,国家能源局新疆监管办公室-通知公告,国家能源局新疆监管办公室,关于公布2021年4-6月新疆电网、天中、 吉泉直流配套电源“两个细则” 考核补偿结果的通知 2021-11-09,2021-04-06,电网,HTML,54,低分候选,暂不回填,https://xjb.nea.gov.cn/dtyw/tzgg/202309/t20230923_116513.html,https://xjb.nea.gov.cn/dtyw/tzgg/index_11.html
20260501_235114,CAND-5B50E1CD339A,SRC-PR-007,省级监管,新疆,国家能源局新疆监管办公室-通知公告,国家能源局新疆监管办公室,关于公示2021年1月新疆电网、天中、吉泉直流配套电源“两个细则”考核补偿结果的通知 2021-04-23,2021-04-23,电网,HTML,54,低分候选,暂不回填,https://xjb.nea.gov.cn/dtyw/tzgg/202309/t20230923_116477.html,https://xjb.nea.gov.cn/dtyw/tzgg/index_14.html
20260501_235114,CAND-C69460967278,SRC-PR-007,省级监管,新疆,国家能源局新疆监管办公室-通知公告,国家能源局新疆监管办公室,关于公示2021年2月新疆电网、天中、吉泉直流配套电源“两个细则”考核补偿结果的通知 2021-04-28,2021-04-28,电网,HTML,54,低分候选,暂不回填,https://xjb.nea.gov.cn/dtyw/tzgg/202309/t20230923_116479.html,https://xjb.nea.gov.cn/dtyw/tzgg/index_14.html
20260501_235114,CAND-3B8E9D713263,SRC-R-006,区域监管,西北区域,国家能源局西北监管局-通知公告,国家能源局派出机构,关于征求《宁夏电力辅助服务市场运营规则（征求意见稿）》意见建议的通知 2021-05-06,2021-05-06,运营规则;辅助服务,HTML,54,低分候选,暂不回填,https://xbj.nea.gov.cn/dtyw/tzgg/202310/t20231013_147550.html,https://xbj.nea.gov.cn/dtyw/tzgg/index_19.html
20260501_235114,CAND-A31938EA77DC,SRC-PR-007,省级监管,新疆,国家能源局新疆监管办公室-通知公告,国家能源局新疆监管办公室,关于公示2021年3月新疆电网、天中、吉泉直流配套电源“两个细则”考核补偿结果的通知 2021-05-17,2021-05-17,电网,HTML,54,低分候选,暂不回填,https://xjb.nea.gov.cn/dtyw/tzgg/202309/t20230923_116484.html,https://xjb.nea.gov.cn/dtyw/tzgg/index_13.html
20260501_235114,CAND-2ED063159A77,SRC-R-006,区域监管,西北区域,国家能源局西北监管局-通知公告,国家能源局派出机构,国家能源局西北监管局关于报送2020年度电网企业价格与成本信息的通知 2021-05-21,2021-05-21,电网,HTML,54,低分候选,暂不回填,https://xbj.nea.gov.cn/dtyw/tzgg/202310/t20231013_147553.html,https://xbj.nea.gov.cn/dtyw/tzgg/index_18.html
20260501_235114,CAND-6CBED557C491,SRC-PR-007,省级监管,新疆,国家能源局新疆监管办公室-通知公告,国家能源局新疆监管办公室,关于公布2021年1月新疆电网、天中、 吉泉直流配套电源“两个细则” 考核补偿结果的通知 2021-06-04,2021-06-04,电网,HTML,54,低分候选,暂不回填,https://xjb.nea.gov.cn/dtyw/tzgg/202309/t20230923_116490.html,https://xjb.nea.gov.cn/dtyw/tzgg/index_13.html
20260501_235114,CAND-813E5341497A,SRC-PR-007,省级监管,新疆,国家能源局新疆监管办公室-通知公告,国家能源局新疆监管办公室,关于公布2021年2月新疆电网、天中、吉泉直流配套电源“两个细则”考核补偿结果的通知 2021-07-08,2021-07-08,电网,HTML,54,低分候选,暂不回填,https://xjb.nea.gov.cn/dtyw/tzgg/202309/t20230923_116494.html,https://xjb.nea.gov.cn/dtyw/tzgg/index_13.html
20260501_235114,CAND-ECD93571B2BF,SRC-PR-007,省级监管,新疆,国家能源局新疆监管办公室-通知公告,国家能源局新疆监管办公室,关于公布2021年3月新疆电网、天中、吉泉直流配套电源“两个细则”考核补偿结果的通知 2021-07-08,2021-07-08,电网,HTML,54,低分候选,暂不回填,https://xjb.nea.gov.cn/dtyw/tzgg/202309/t20230923_116495.html,https://xjb.nea.gov.cn/dtyw/tzgg/index_13.html
20260501_235114,CAND-DCDF9379FFA4,SRC-PR-007,省级监管,新疆,国家能源局新疆监管办公室-通知公告,国家能源局新疆监管办公室,关于公示2021年4月新疆电网、天中、吉泉直流配套电源“两个细则”考核和补偿结果的通知 2021-07-08,2021-07-08,电网,HTML,54,低分候选,暂不回填,https://xjb.nea.gov.cn/dtyw/tzgg/202309/t20230923_116496.html,https://xjb.nea.gov.cn/dtyw/tzgg/index_13.html
20260501_235114,CAND-4A0E5A7E879C,SRC-PR-003,省级监管,浙江,国家能源局浙江监管办公室-通知公告,国家能源局浙江监管办公室,关于发布浙江电网2021年7-9月份“两个细则”运行结果的通知 2021-11-30,2021-07-09,电网,HTML,54,低分候选,暂不回填,https://zjb.nea.gov.cn/dtyw/tzgg/202309/t20230914_75875.html,https://zjb.nea.gov.cn/dtyw/tzgg/index_5.html
20260501_235114,CAND-AC72ABD7E1E9,SRC-PR-007,省级监管,新疆,国家能源局新疆监管办公室-通知公告,国家能源局新疆监管办公室,关于公示2021年5月新疆电网、天中、吉泉直流配套电源“两个细则”考核补偿结果的通知 2021-07-29,2021-07-29,电网,HTML,54,低分候选,暂不回填,https://xjb.nea.gov.cn/dtyw/tzgg/202309/t20230923_116497.html,https://xjb.nea.gov.cn/dtyw/tzgg/index_13.html
20260501_235114,CAND-5CC91A59CDBF,SRC-R-004,区域监管,华北区域,国家能源局华北监管局-通知公告,国家能源局派出机构,华北能源监管局关于征求并网主体并网运行管理规定和电力系统辅助服务管理办法意见... 2021-09-06,2021-09-06,辅助服务,HTML,54,低分候选,暂不回填,https://hbj.nea.gov.cn/dtyw/tzgg/202309/t20230925_120323.html,https://hbj.nea.gov.cn/dtyw/tzgg/index_24.html
20260501_235114,CAND-C561726DF713,SRC-R-002,区域监管,华中区域,国家能源局华中监管局-通知公告,国家能源局派出机构,国家能源局华中监管局 西藏自治区能源局关于印发《西藏自治区电力中长期交易实施细... 2021-09-10,2021-09-10,中长期,HTML,54,低分候选,暂不回填,https://hzj.nea.gov.cn/dtyw/tzgg/202310/t20231021_165562.html,https://hzj.nea.gov.cn/dtyw/tzgg/index_9.html
20260501_235114,CAND-7A854062056F,SRC-PR-007,省级监管,新疆,国家能源局新疆监管办公室-通知公告,国家能源局新疆监管办公室,关于公示2021年6月新疆电网、天中、吉泉直流配套电源“两个细则”考核补偿结果的通知 2021-09-17,2021-09-17,电网,HTML,54,低分候选,暂不回填,https://xjb.nea.gov.cn/dtyw/tzgg/202309/t20230923_116504.html,https://xjb.nea.gov.cn/dtyw/tzgg/index_12.html
20260501_235114,CAND-86362ED854BC,SRC-PR-007,省级监管,新疆,国家能源局新疆监管办公室-通知公告,国家能源局新疆监管办公室,关于公示2021年7月新疆电网、天中、吉泉直流配套电源“两个细则”考核补偿结果的通知 2021-10-29,2021-10-29,电网,HTML,54,低分候选,暂不回填,https://xjb.nea.gov.cn/dtyw/tzgg/202309/t20230923_116512.html,https://xjb.nea.gov.cn/dtyw/tzgg/index_12.html
20260501_235114,CAND-163A4C0E0CAD,SRC-PR-007,省级监管,新疆,国家能源局新疆监管办公室-通知公告,国家能源局新疆监管办公室,关于公示2021年8月新疆电网、天中、吉泉直流配套电源“两个细则”考核和补偿结果的通知 2021-11-11,2021-11-11,电网,HTML,54,低分候选,暂不回填,https://xjb.nea.gov.cn/dtyw/tzgg/202309/t20230923_116515.html,https://xjb.nea.gov.cn/dtyw/tzgg/index_11.html
20260501_235114,CAND-60FCCFEF3852,SRC-R-004,区域监管,华北区域,国家能源局华北监管局-通知公告,国家能源局派出机构,华北能源监管局关于印发京津唐电网火电机组供热最小运行方式（2021版）的通知 2021-11-15,2021-11-15,电网,HTML,54,低分候选,暂不回填,https://hbj.nea.gov.cn/dtyw/tzgg/202309/t20230925_120336.html,https://hbj.nea.gov.cn/dtyw/tzgg/index_23.html
20260501_235114,CAND-645A73ABAC55,SRC-R-004,区域监管,华北区域,国家能源局华北监管局-通知公告,国家能源局派出机构,华北能源监管局关于印发河北南部电网火电机组供热最小运行方式（2021版）的通知 2021-11-18,2021-11-18,电网,HTML,54,低分候选,暂不回填,https://hbj.nea.gov.cn/dtyw/tzgg/202309/t20230925_120339.html,https://hbj.nea.gov.cn/dtyw/tzgg/index_23.html
20260501_235114,CAND-EC608B9A7114,SRC-R-004,区域监管,华北区域,国家能源局华北监管局-通知公告,国家能源局派出机构,华北能源监管局关于印发蒙西电网火电机组供热最小运行方式（2021版）的通知 2021-11-18,2021-11-18,电网,HTML,54,低分候选,暂不回填,https://hbj.nea.gov.cn/dtyw/tzgg/202309/t20230925_120338.html,https://hbj.nea.gov.cn/dtyw/tzgg/index_23.html
20260501_235114,CAND-0AE631A00F6F,SRC-PR-007,省级监管,新疆,国家能源局新疆监管办公室-通知公告,国家能源局新疆监管办公室,关于公示2021年9月新疆电网、天中、吉泉直流配套电源“两个细则”考核和补偿结果的通知 2021-11-24,2021-11-24,电网,HTML,54,低分候选,暂不回填,https://xjb.nea.gov.cn/dtyw/tzgg/202309/t20230923_116516.html,https://xjb.nea.gov.cn/dtyw/tzgg/index_11.html
20260501_235114,CAND-15793195964A,SRC-R-006,区域监管,西北区域,国家能源局西北监管局-通知公告,国家能源局派出机构,关于公开征求《宁夏回族自治区电力中长期交易规则（征求意见稿）》意见建议的通知 2021-12-01,2021-12-01,交易规则;中长期,HTML,54,低分候选,暂不回填,https://xbj.nea.gov.cn/dtyw/tzgg/202310/t20231013_147567.html,https://xbj.nea.gov.cn/dtyw/tzgg/index_17.html
20260501_235114,CAND-60DC1E280BD2,SRC-R-006,区域监管,西北区域,国家能源局西北监管局-通知公告,国家能源局派出机构,关于公开征求《陕西省电力中长期交易规则（征求意见稿）》意见建议的通知 2021-12-01,2021-12-01,交易规则;中长期,HTML,54,低分候选,暂不回填,https://xbj.nea.gov.cn/dtyw/tzgg/202310/t20231013_147568.html,https://xbj.nea.gov.cn/dtyw/tzgg/index_17.html
20260501_235114,CAND-564BA45B8756,SRC-PR-007,省级监管,新疆,国家能源局新疆监管办公室-通知公告,国家能源局新疆监管办公室,关于公布2021年7月新疆电网、天中、吉泉直流配套电源“两个细则”考核补偿结果的通知 2021-12-08,2021-12-08,电网,HTML,54,低分候选,暂不回填,https://xjb.nea.gov.cn/dtyw/tzgg/202309/t20230923_116520.html,https://xjb.nea.gov.cn/dtyw/tzgg/index_11.html
20260501_235114,CAND-4FA6D858AAB6,SRC-PR-007,省级监管,新疆,国家能源局新疆监管办公室-通知公告,国家能源局新疆监管办公室,关于公示2021年10月新疆电网、天中、吉泉直流配套电源“两个细则”考核和补偿结果的通知 2021-12-15,2021-12-15,电网,HTML,54,低分候选,暂不回填,https://xjb.nea.gov.cn/dtyw/tzgg/202309/t20230923_116521.html,https://xjb.nea.gov.cn/dtyw/tzgg/index_11.html
20260501_235114,CAND-E0C129041587,SRC-PR-003,省级监管,浙江,国家能源局浙江监管办公室-通知公告,国家能源局浙江监管办公室,浙江能源监管办关于印发2022年浙江省电力中长期交易相关合同示范文本的通知 2021-12-17,2021-12-17,中长期,HTML,54,低分候选,暂不回填,https://zjb.nea.gov.cn/dtyw/tzgg/202309/t20230914_75877.html,https://zjb.nea.gov.cn/dtyw/tzgg/index_4.html
20260501_235114,CAND-10954479ADD0,SRC-MU-005,直辖市,天津,天津市工业和信息化局-委局文件,天津市工业和信息化局,市工业和信息化局关于做好天津市2022年电力市场化交易工作的通知2021-12-20,2021-12-20,电力市场;市场化交易,HTML,54,低分候选,暂不回填,https://gyxxh.tj.gov.cn/ZWGK4147/ZCWJ6355/wjwj/202112/t20211220_5755278.html,https://gyxxh.tj.gov.cn/ZWGK4147/ZCWJ6355/wjwj/index_14.html
20260501_235114,CAND-92921AD87674,SRC-P-037,省级,山西,山西省能源局-政策文件检索电力,山西省能源局,关于印发《2022年电力市场交易组织方案》的通知,2021-12-27,电力市场,HTML,54,低分候选,暂不回填,http://nyj.shanxi.gov.cn/zfxxgk/fdzdgknr/sjwj/202310/t20231019_9418371.shtml,https://nyj.shanxi.gov.cn/trs-search/trssearch/openSearch/getZwgkList?keywords=%E7%94%B5%E5%8A%9B&pageNum=1&siteId=60&chnId=&dockind=2&position=0&sort=1&suitability=0
20260501_235114,CAND-411E4D5D0F13,SRC-PR-007,省级监管,新疆,国家能源局新疆监管办公室-通知公告,国家能源局新疆监管办公室,关于公布2021年8月新疆电网、天中、 吉泉直流配套电源“两个细则” 考核补偿结果的通知 2021-12-31,2021-12-31,电网,HTML,54,低分候选,暂不回填,https://xjb.nea.gov.cn/dtyw/tzgg/202309/t20230923_116528.html,https://xjb.nea.gov.cn/dtyw/tzgg/index_10.html
20260501_235114,CAND-A912FEA4912C,SRC-PR-003,省级监管,浙江,国家能源局浙江监管办公室-通知公告,国家能源局浙江监管办公室,关于发布浙江电网2022年1-3月“两个细则”运行结果的通知 2022-05-27,2022-01-03,电网,HTML,54,低分候选,暂不回填,https://zjb.nea.gov.cn/dtyw/tzgg/202309/t20230914_75881.html,https://zjb.nea.gov.cn/dtyw/tzgg/index_4.html
20260501_235114,CAND-01D571914751,SRC-R-001,区域监管,南方区域,国家能源局南方监管局-通知公示,国家能源局派出机构,关于发布广西统调电厂2022年1-6月份并网运行考核及辅助服务补偿结果的通知 2022-12-09,2022-01-06,辅助服务,HTML,54,低分候选,暂不回填,https://nfj.nea.gov.cn/xwzx/tzgg/202402/t20240208_245818.html,https://nfj.nea.gov.cn/xwzx/tzgg/index_20.html
20260501_235114,CAND-E94056F3733A,SRC-PR-007,省级监管,新疆,国家能源局新疆监管办公室-通知公告,国家能源局新疆监管办公室,关于公示2021年11月新疆电网、天中、吉泉直流配套电源“两个细则”考核补偿结果的通知 2022-01-25,2022-01-25,电网,HTML,54,低分候选,暂不回填,https://xjb.nea.gov.cn/dtyw/tzgg/202309/t20230923_116534.html,https://xjb.nea.gov.cn/dtyw/tzgg/index_10.html
20260501_235114,CAND-5126C2CFD240,SRC-PR-007,省级监管,新疆,国家能源局新疆监管办公室-通知公告,国家能源局新疆监管办公室,关于公布2021年9月新疆电网、天中、吉泉直流配套电源“两个细则”考核补偿结果的通知 2022-02-11,2022-02-11,电网,HTML,54,低分候选,暂不回填,https://xjb.nea.gov.cn/dtyw/tzgg/202309/t20230923_116536.html,https://xjb.nea.gov.cn/dtyw/tzgg/index_10.html
20260501_235114,CAND-454B3FC877A2,SRC-PR-001,省级监管,江苏,国家能源局江苏监管办公室-通知,国家能源局江苏监管办公室,关于开展2022年电力交易与市场秩序约访约谈工作的通知 2022-02-15,2022-02-15,电力交易,HTML,54,低分候选,暂不回填,https://jsb.nea.gov.cn/dtyw/tz/202309/t20230910_32206.html,https://jsb.nea.gov.cn/dtyw/tz/index_2.html
20260501_235114,CAND-72B6C0B0DAF7,SRC-R-006,区域监管,西北区域,国家能源局西北监管局-通知公告,国家能源局派出机构,关于公开征求《西北区域省间调峰辅助服务市场运营规则》补充修订条款（征求意见稿... 2022-03-02,2022-03-02,运营规则;辅助服务;调峰;省间,HTML,54,低分候选,暂不回填,https://xbj.nea.gov.cn/dtyw/tzgg/202310/t20231013_147575.html,https://xbj.nea.gov.cn/dtyw/tzgg/index_17.html
20260501_235114,CAND-10EE3313E6A7,SRC-PR-007,省级监管,新疆,国家能源局新疆监管办公室-通知公告,国家能源局新疆监管办公室,关于公布2021年10月新疆电网、天中、吉泉直流配套电源“两个细则”考核补偿结果的通知 2022-03-17,2022-03-17,电网,HTML,54,低分候选,暂不回填,https://xjb.nea.gov.cn/dtyw/tzgg/202309/t20230923_116544.html,https://xjb.nea.gov.cn/dtyw/tzgg/index_9.html
20260501_235114,CAND-37814089718F,SRC-R-006,区域监管,西北区域,国家能源局西北监管局-通知公告,国家能源局派出机构,国家能源局西北监管局 宁夏回族自治区发展改革委 关于印发《宁夏电力辅助服务市场... 2022-03-22,2022-03-22,辅助服务,HTML,54,低分候选,暂不回填,https://xbj.nea.gov.cn/dtyw/tzgg/202310/t20231013_147576.html,https://xbj.nea.gov.cn/dtyw/tzgg/index_17.html
20260501_235114,CAND-3870171AA12C,SRC-R-001,区域监管,南方区域,国家能源局南方监管局-通知公示,国家能源局派出机构,关于发布海南统调电厂2022年1月并网运行考核及辅助服务补偿结果的通知 2022-04-18,2022-04-18,辅助服务,HTML,54,低分候选,暂不回填,https://nfj.nea.gov.cn/xwzx/tzgg/202402/t20240208_245759.html,https://nfj.nea.gov.cn/xwzx/tzgg/index_24.html
20260501_235114,CAND-1E9DBD66C04F,SRC-R-006,区域监管,西北区域,国家能源局西北监管局-通知公告,国家能源局派出机构,西北监能市场〔2019〕28号-国家能源局西北监管局关于印发《青海电力辅助服务市场运... 2022-05-07,2022-05-07,辅助服务,HTML,54,低分候选,暂不回填,https://xbj.nea.gov.cn/dtyw/tzgg/202310/t20231013_147578.html,https://xbj.nea.gov.cn/dtyw/tzgg/index_17.html
20260501_235114,CAND-5F651E74796E,SRC-R-006,区域监管,西北区域,国家能源局西北监管局-通知公告,国家能源局派出机构,西北监能市场〔2020〕8号-国家能源局西北监管局关于印发《西北区域省间调峰辅助服... 2022-05-07,2022-05-07,调峰;省间,HTML,54,低分候选,暂不回填,https://xbj.nea.gov.cn/dtyw/tzgg/202310/t20231013_147579.html,https://xbj.nea.gov.cn/dtyw/tzgg/index_17.html
20260501_235114,CAND-FD123A41787D,SRC-PR-007,省级监管,新疆,国家能源局新疆监管办公室-通知公告,国家能源局新疆监管办公室,关于公示2021年12月新疆电网、天中、吉泉直流配套电源“两个细则”考核补偿结果的通知 2022-05-19,2022-05-19,电网,HTML,54,低分候选,暂不回填,https://xjb.nea.gov.cn/dtyw/tzgg/202309/t20230923_116553.html,https://xjb.nea.gov.cn/dtyw/tzgg/index_9.html
20260501_235114,CAND-0D08E06BCC68,SRC-R-001,区域监管,南方区域,国家能源局南方监管局-通知公示,国家能源局派出机构,关于发布海南统调电厂2022年2月并网运行考核及辅助服务补偿结果的通知 2022-05-19,2022-05-19,辅助服务,HTML,54,低分候选,暂不回填,https://nfj.nea.gov.cn/xwzx/tzgg/202402/t20240208_245764.html,https://nfj.nea.gov.cn/xwzx/tzgg/index_24.html
20260501_235114,CAND-FBC92E0EBE9E,SRC-R-001,区域监管,南方区域,国家能源局南方监管局-通知公示,国家能源局派出机构,关于公开征求《南方（以广东起步）电力现货市场省间送电偏差处理办法（征求意见稿... 2022-05-26,2022-05-26,现货;省间,HTML,54,低分候选,暂不回填,https://nfj.nea.gov.cn/xwzx/tzgg/202402/t20240208_245768.html,https://nfj.nea.gov.cn/xwzx/tzgg/index_24.html
20260501_235114,CAND-AB8817DBFA22,SRC-PR-007,省级监管,新疆,国家能源局新疆监管办公室-通知公告,国家能源局新疆监管办公室,关于公布2021年11月新疆电网、天中、吉泉直流配套电源“两个细则”考核补偿结果的通知 2022-06-02,2022-06-02,电网,HTML,54,低分候选,暂不回填,https://xjb.nea.gov.cn/dtyw/tzgg/202309/t20230923_116556.html,https://xjb.nea.gov.cn/dtyw/tzgg/index_9.html
20260501_235114,CAND-244AEB1F7D8C,SRC-PR-007,省级监管,新疆,国家能源局新疆监管办公室-通知公告,国家能源局新疆监管办公室,关于公布2021年12月新疆电网、天中、吉泉直流配套电源“两个细则”考核补偿结果的通知 2022-06-02,2022-06-02,电网,HTML,54,低分候选,暂不回填,https://xjb.nea.gov.cn/dtyw/tzgg/202309/t20230923_116557.html,https://xjb.nea.gov.cn/dtyw/tzgg/index_9.html
20260501_235114,CAND-2F58DC628979,SRC-R-001,区域监管,南方区域,国家能源局南方监管局-通知公示,国家能源局派出机构,关于发布海南统调电厂2022年3月并网运行考核及辅助服务补偿结果的通知 2022-06-07,2022-06-07,辅助服务,HTML,54,低分候选,暂不回填,https://nfj.nea.gov.cn/xwzx/tzgg/202402/t20240208_245771.html,https://nfj.nea.gov.cn/xwzx/tzgg/index_23.html
20260501_235114,CAND-0FBB03FA6C2C,SRC-R-001,区域监管,南方区域,国家能源局南方监管局-通知公示,国家能源局派出机构,关于印发《南方区域电力并网运行管理实施细则》《南方区域电力辅助服务管理实施细... 2022-06-13,2022-06-13,实施细则;辅助服务,HTML,54,低分候选,暂不回填,https://nfj.nea.gov.cn/xwzx/tzgg/202310/t20231009_140145.html,https://nfj.nea.gov.cn/xwzx/tzgg/index_23.html
20260501_235114,CAND-0091704D9DB6,SRC-R-002,区域监管,华中区域,国家能源局华中监管局-通知公告,国家能源局派出机构,华中能源监管局关于《湖北电力调频辅助服务市场交易规则（征求意见稿）》公开征求... 2022-06-13,2022-06-13,交易规则;辅助服务;调频,HTML,54,低分候选,暂不回填,https://hzj.nea.gov.cn/dtyw/tzgg/202310/t20231021_165586.html,https://hzj.nea.gov.cn/dtyw/tzgg/index_8.html
20260501_235114,CAND-D5309C86BF3A,SRC-R-002,区域监管,华中区域,国家能源局华中监管局-通知公告,国家能源局派出机构,华中能源监管局关于《江西电力调频辅助服务市场交易规则（征求意见稿）》公开征求... 2022-06-24,2022-06-24,交易规则;辅助服务;调频,HTML,54,低分候选,暂不回填,https://hzj.nea.gov.cn/dtyw/tzgg/202310/t20231021_165587.html,https://hzj.nea.gov.cn/dtyw/tzgg/index_8.html
20260501_235114,CAND-D01D2E5D8AEF,SRC-R-002,区域监管,华中区域,国家能源局华中监管局-通知公告,国家能源局派出机构,华中能源监管局关于《重庆电力调频辅助服务市场交易规则（征求意见稿）》公开征求... 2022-06-28,2022-06-28,交易规则;辅助服务;调频,HTML,54,低分候选,暂不回填,https://hzj.nea.gov.cn/dtyw/tzgg/202310/t20231021_165588.html,https://hzj.nea.gov.cn/dtyw/tzgg/index_8.html
20260501_235114,CAND-B3BC33834641,SRC-R-001,区域监管,南方区域,国家能源局南方监管局-通知公示,国家能源局派出机构,关于发布海南统调电厂2022年4月并网运行考核及辅助服务补偿结果的通知 2022-07-13,2022-07-13,辅助服务,HTML,54,低分候选,暂不回填,https://nfj.nea.gov.cn/xwzx/tzgg/202402/t20240208_245782.html,https://nfj.nea.gov.cn/xwzx/tzgg/index_23.html
20260501_235114,CAND-EBE841CE7F71,SRC-R-001,区域监管,南方区域,国家能源局南方监管局-通知公示,国家能源局派出机构,关于发布海南统调电厂2022年5月并网运行考核及辅助服务补偿结果的通知 2022-07-21,2022-07-21,辅助服务,HTML,54,低分候选,暂不回填,https://nfj.nea.gov.cn/xwzx/tzgg/202402/t20240208_245786.html,https://nfj.nea.gov.cn/xwzx/tzgg/index_22.html
20260501_235114,CAND-C9353A3B5B7D,SRC-PR-001,省级监管,江苏,国家能源局江苏监管办公室-通知,国家能源局江苏监管办公室,关于印发《江苏电力并网运行管理实施细则》《江苏电力辅助服务管理实施细则》的通知 2022-08-12,2022-08-12,实施细则;辅助服务,HTML,54,低分候选,暂不回填,https://jsb.nea.gov.cn/dtyw/tz/202309/t20230910_32209.html,https://jsb.nea.gov.cn/dtyw/tz/index_2.html
20260501_235114,CAND-C6AA8B426925,SRC-R-001,区域监管,南方区域,国家能源局南方监管局-通知公示,国家能源局派出机构,关于发布海南统调电厂2022年8-12月份并网运行考核及辅助服务补偿结果的通知 2023-05-31,2022-08-12,辅助服务,HTML,54,低分候选,暂不回填,https://nfj.nea.gov.cn/xwzx/tzgg/202402/t20240208_245865.html,https://nfj.nea.gov.cn/xwzx/tzgg/index_17.html
20260501_235114,CAND-072C8D71929B,SRC-R-001,区域监管,南方区域,国家能源局南方监管局-通知公示,国家能源局派出机构,关于发布海南统调电厂2022年6月并网运行考核及辅助服务补偿结果的通知 2022-08-29,2022-08-29,辅助服务,HTML,54,低分候选,暂不回填,https://nfj.nea.gov.cn/xwzx/tzgg/202402/t20240208_245795.html,https://nfj.nea.gov.cn/xwzx/tzgg/index_22.html
20260501_235114,CAND-503476819A1A,SRC-R-001,区域监管,南方区域,国家能源局南方监管局-通知公示,国家能源局派出机构,关于发布海南统调电厂2022年6月并网运行考核及辅助服务补偿结果的通知 2022-09-02,2022-09-02,辅助服务,HTML,54,低分候选,暂不回填,https://nfj.nea.gov.cn/xwzx/tzgg/202402/t20240208_245797.html,https://nfj.nea.gov.cn/xwzx/tzgg/index_22.html
20260501_235114,CAND-FA35AB20E172,SRC-PR-005,省级监管,四川,国家能源局四川监管办公室-通知公告,国家能源局四川监管办公室,关于免除2022年8月、9月水电企业电力中长期交易偏差考核的通知 2022-10-10,2022-10-10,中长期,HTML,54,低分候选,暂不回填,https://scb.nea.gov.cn/dtyw/tzgg/202310/t20231009_134315.html,https://scb.nea.gov.cn/dtyw/tzgg/index_21.html
20260501_235114,CAND-33906B4379A3,SRC-R-001,区域监管,南方区域,国家能源局南方监管局-通知公示,国家能源局派出机构,关于发布海南统调电厂2022年7月并网运行考核及辅助服务补偿结果的通知 2022-10-11,2022-10-11,辅助服务,HTML,54,低分候选,暂不回填,https://nfj.nea.gov.cn/xwzx/tzgg/202402/t20240208_245805.html,https://nfj.nea.gov.cn/xwzx/tzgg/index_21.html
20260501_235114,CAND-A21A8073902F,SRC-PR-003,省级监管,浙江,国家能源局浙江监管办公室-通知公告,国家能源局浙江监管办公室,关于发布浙江电网2022年10-12月份“两个细则”运行结果的通知 2023-03-07,2022-10-12,电网,HTML,54,低分候选,暂不回填,https://zjb.nea.gov.cn/dtyw/tzgg/202309/t20230914_75887.html,https://zjb.nea.gov.cn/dtyw/tzgg/index_4.html
20260501_235114,CAND-C4764B737CCF,SRC-R-006,区域监管,西北区域,国家能源局西北监管局-通知公告,国家能源局派出机构,关于公开征求《西北区域备用辅助服务市场运营规则（征求意见稿）》意见建议的通知 2022-10-17,2022-10-17,运营规则;辅助服务;备用,HTML,54,低分候选,暂不回填,https://xbj.nea.gov.cn/dtyw/tzgg/202310/t20231013_147592.html,https://xbj.nea.gov.cn/dtyw/tzgg/index_16.html
20260501_235114,CAND-9B8545D7E5D8,SRC-R-002,区域监管,华中区域,国家能源局华中监管局-通知公告,国家能源局派出机构,华中能源监管局关于《重庆市电力中长期 交易规则（现货）（征求意见稿）》公开征求... 2022-11-04,2022-11-04,交易规则;中长期;现货,HTML,54,低分候选,暂不回填,https://hzj.nea.gov.cn/dtyw/tzgg/202310/t20231021_165599.html,https://hzj.nea.gov.cn/dtyw/tzgg/index_7.html
20260501_235114,CAND-59A8BD2C04C4,SRC-MU-008,直辖市,上海,上海市经济和信息化委员会-政策法规,上海市经济和信息化委员会,《上海市优质中小企业梯度培育管理实施细则》解读 近日，为贯彻落实《优质中小企业梯度培育管理暂行办法》（工信部企业〔2022〕63号），进一步加强本市优质中小企业梯度培育工作，推动中小企业高质量发展，上海市经济和信息化委员会印发了《上海市优质中小企业梯度培育管理实施细则》（下称《细则》），为便于理解《细则》，做好贯彻实施工作，现就相关内容解读如下。 2022-11-11,2022-11-11,实施细则;高质量发展,HTML,54,低分候选,暂不回填,https://www.sheitc.sh.gov.cn/sjxwxgzcjd/20221111/51fa21f1ff574906a74d8f2af0d2c8ab.html,https://www.sheitc.sh.gov.cn/zcfg/index_8.html
20260501_235114,CAND-9C84377B0F56,SRC-PR-007,省级监管,新疆,国家能源局新疆监管办公室-通知公告,国家能源局新疆监管办公室,关于公布2022年11-12月新疆电网、天中、吉泉直流配套电源“两个细则”考核补偿结果的通知 2023-10-10,2022-11-12,电网,HTML,54,低分候选,暂不回填,https://xjb.nea.gov.cn/dtyw/tzgg/202401/t20240129_230960.html,https://xjb.nea.gov.cn/dtyw/tzgg/index_5.html
20260501_235114,CAND-DEF04B1A766F,SRC-MU-005,直辖市,天津,天津市工业和信息化局-委局文件,天津市工业和信息化局,市工业和信息化局关于做好天津市2023年电力市场化交易工作的通知2022-11-16,2022-11-16,电力市场;市场化交易,HTML,54,低分候选,暂不回填,https://gyxxh.tj.gov.cn/ZWGK4147/ZCWJ6355/wjwj/202211/t20221116_6035225.html,https://gyxxh.tj.gov.cn/ZWGK4147/ZCWJ6355/wjwj/index_11.html
20260501_235114,CAND-01A264B784EE,SRC-R-006,区域监管,西北区域,国家能源局西北监管局-通知公告,国家能源局派出机构,关于公开征求《西北电网灵活调节容量市场运营规则（征求意见稿）》意见建议的通知 2022-12-01,2022-12-01,运营规则;电网,HTML,54,低分候选,暂不回填,https://xbj.nea.gov.cn/dtyw/tzgg/202310/t20231013_147596.html,https://xbj.nea.gov.cn/dtyw/tzgg/index_16.html
20260501_235114,CAND-CAD46F10C376,SRC-R-001,区域监管,南方区域,国家能源局南方监管局-通知公示,国家能源局派出机构,关于发布南网总调直调电厂2022年8月并网运行考核及辅助服务补偿结果的通知 2022-12-09,2022-12-09,辅助服务,HTML,54,低分候选,暂不回填,https://nfj.nea.gov.cn/xwzx/tzgg/202402/t20240208_245820.html,https://nfj.nea.gov.cn/xwzx/tzgg/index_20.html
20260501_235114,CAND-96F19F92B2F0,SRC-R-001,区域监管,南方区域,国家能源局南方监管局-通知公示,国家能源局派出机构,关于发布广西统调电厂2022年7月份并网运行考核及辅助服务补偿结果的通知 2022-12-09,2022-12-09,辅助服务,HTML,54,低分候选,暂不回填,https://nfj.nea.gov.cn/xwzx/tzgg/202402/t20240208_245819.html,https://nfj.nea.gov.cn/xwzx/tzgg/index_20.html
20260501_235114,CAND-5D4940F2F8A4,SRC-P-037,省级,山西,山西省能源局-政策文件检索电力,山西省能源局,山西省能源局关于印发《2023年全省电力市场交易工作方案》的通知,2022-12-13,电力市场,HTML,54,低分候选,暂不回填,http://nyj.shanxi.gov.cn/zfxxgk/fdzdgknr/gfxwj/sx_82094/202309/t20230921_9434386.shtml,https://nyj.shanxi.gov.cn/trs-search/trssearch/openSearch/getZwgkList?keywords=%E7%94%B5%E5%8A%9B&pageNum=1&siteId=60&chnId=&dockind=2&position=0&sort=1&suitability=0
20260501_235114,CAND-53EB526A6608,SRC-P-037,省级,山西,山西省能源局-政策文件检索电力,山西省能源局,山西省能源局关于印发《2023年全省电力市场交易工作方案》的通知,2022-12-13,电力市场,HTML,54,低分候选,暂不回填,http://nyj.shanxi.gov.cn/zfxxgk/fdzdgknr/sjwj/202309/t20230921_9418440.shtml,https://nyj.shanxi.gov.cn/trs-search/trssearch/openSearch/getZwgkList?keywords=%E7%94%B5%E5%8A%9B&pageNum=2&siteId=60&chnId=&dockind=2&position=0&sort=1&suitability=0
20260501_235114,CAND-F2A32456990F,SRC-R-001,区域监管,南方区域,国家能源局南方监管局-通知公示,国家能源局派出机构,关于发布南网总调直调电厂2022年10月并网运行考核及辅助服务补偿结果的通知 2023-01-16,2023-01-16,辅助服务,HTML,54,低分候选,暂不回填,https://nfj.nea.gov.cn/xwzx/tzgg/202402/t20240208_245829.html,https://nfj.nea.gov.cn/xwzx/tzgg/index_19.html
20260501_235114,CAND-E54FFAFD4EFF,SRC-R-001,区域监管,南方区域,国家能源局南方监管局-通知公示,国家能源局派出机构,关于发布南网总调直调电厂2022年9月并网运行考核及辅助服务补偿结果的通知 2023-01-16,2023-01-16,辅助服务,HTML,54,低分候选,暂不回填,https://nfj.nea.gov.cn/xwzx/tzgg/202402/t20240208_245828.html,https://nfj.nea.gov.cn/xwzx/tzgg/index_19.html
20260501_235114,CAND-53BCB0C8628E,SRC-R-001,区域监管,南方区域,国家能源局南方监管局-通知公示,国家能源局派出机构,关于发布广东统调电厂2022年10月并网运行考核及辅助服务补偿结果的通知 2023-01-16,2023-01-16,辅助服务,HTML,54,低分候选,暂不回填,https://nfj.nea.gov.cn/xwzx/tzgg/202402/t20240208_245827.html,https://nfj.nea.gov.cn/xwzx/tzgg/index_20.html
20260501_235114,CAND-D4F41D951A0E,SRC-R-001,区域监管,南方区域,国家能源局南方监管局-通知公示,国家能源局派出机构,关于发布广西统调电厂2022年10月份并网运行考核及辅助服务补偿结果的通知 2023-01-16,2023-01-16,辅助服务,HTML,54,低分候选,暂不回填,https://nfj.nea.gov.cn/xwzx/tzgg/202402/t20240208_245832.html,https://nfj.nea.gov.cn/xwzx/tzgg/index_19.html
20260501_235114,CAND-5B3AF44AD800,SRC-R-001,区域监管,南方区域,国家能源局南方监管局-通知公示,国家能源局派出机构,关于发布广西统调电厂2022年8月份并网运行考核及辅助服务补偿结果的通知 2023-01-16,2023-01-16,辅助服务,HTML,54,低分候选,暂不回填,https://nfj.nea.gov.cn/xwzx/tzgg/202402/t20240208_245830.html,https://nfj.nea.gov.cn/xwzx/tzgg/index_19.html
20260501_235114,CAND-AEC4A82E6B49,SRC-R-001,区域监管,南方区域,国家能源局南方监管局-通知公示,国家能源局派出机构,关于发布广西统调电厂2022年9月份并网运行考核及辅助服务补偿结果的通知 2023-01-16,2023-01-16,辅助服务,HTML,54,低分候选,暂不回填,https://nfj.nea.gov.cn/xwzx/tzgg/202402/t20240208_245831.html,https://nfj.nea.gov.cn/xwzx/tzgg/index_19.html
20260501_235114,CAND-EF80DC25EF3C,SRC-PR-007,省级监管,新疆,国家能源局新疆监管办公室-通知公告,国家能源局新疆监管办公室,关于公布2022年3月、4月新疆电网、天中、吉泉直流配套电源“两个细则”考核补偿结果的通知 2023-02-03,2023-02-03,电网,HTML,54,低分候选,暂不回填,https://xjb.nea.gov.cn/dtyw/tzgg/202309/t20230923_116573.html,https://xjb.nea.gov.cn/dtyw/tzgg/index_7.html
20260501_235114,CAND-8436DCE0238C,SRC-R-001,区域监管,南方区域,国家能源局南方监管局-通知公示,国家能源局派出机构,关于发布南网总调直调电厂2022年11月并网运行考核及辅助服务补偿结果的通知 2023-02-07,2023-02-07,辅助服务,HTML,54,低分候选,暂不回填,https://nfj.nea.gov.cn/xwzx/tzgg/202402/t20240208_245837.html,https://nfj.nea.gov.cn/xwzx/tzgg/index_19.html
20260501_235114,CAND-E5A98A240B9E,SRC-R-001,区域监管,南方区域,国家能源局南方监管局-通知公示,国家能源局派出机构,关于发布广东统调电厂2022年11月并网运行考核及辅助服务补偿结果的通知 2023-02-07,2023-02-07,辅助服务,HTML,54,低分候选,暂不回填,https://nfj.nea.gov.cn/xwzx/tzgg/202402/t20240208_245836.html,https://nfj.nea.gov.cn/xwzx/tzgg/index_19.html
20260501_235114,CAND-5B5B62B35C27,SRC-R-001,区域监管,南方区域,国家能源局南方监管局-通知公示,国家能源局派出机构,关于发布广西统调电厂2022年11月份并网运行考核及辅助服务补偿结果的通知 2023-02-08,2023-02-08,辅助服务,HTML,54,低分候选,暂不回填,https://nfj.nea.gov.cn/xwzx/tzgg/202402/t20240208_245838.html,https://nfj.nea.gov.cn/xwzx/tzgg/index_19.html
20260501_235114,CAND-AE417357E7EA,SRC-R-001,区域监管,南方区域,国家能源局南方监管局-通知公示,国家能源局派出机构,关于发布南网总调直调电厂2022年12月并网运行考核及辅助服务补偿结果的通知 2023-02-21,2023-02-21,辅助服务,HTML,54,低分候选,暂不回填,https://nfj.nea.gov.cn/xwzx/tzgg/202402/t20240208_245843.html,https://nfj.nea.gov.cn/xwzx/tzgg/index_18.html
20260501_235114,CAND-596B7F13E5FB,SRC-R-001,区域监管,南方区域,国家能源局南方监管局-通知公示,国家能源局派出机构,关于发布广东统调电厂2022年12月并网运行考核及辅助服务补偿结果的通知 2023-02-21,2023-02-21,辅助服务,HTML,54,低分候选,暂不回填,https://nfj.nea.gov.cn/xwzx/tzgg/202402/t20240208_245842.html,https://nfj.nea.gov.cn/xwzx/tzgg/index_19.html
20260501_235114,CAND-459EDE4CCA07,SRC-R-001,区域监管,南方区域,国家能源局南方监管局-通知公示,国家能源局派出机构,关于发布广西统调电厂2022年12月份并网运行考核及辅助服务补偿结果的通知 2023-03-06,2023-03-06,辅助服务,HTML,54,低分候选,暂不回填,https://nfj.nea.gov.cn/xwzx/tzgg/202402/t20240208_245846.html,https://nfj.nea.gov.cn/xwzx/tzgg/index_18.html
20260501_235114,CAND-1EA058DB0F7E,SRC-PR-007,省级监管,新疆,国家能源局新疆监管办公室-通知公告,国家能源局新疆监管办公室,关于公布2022年5月新疆电网、天中、吉泉直流配套电源“两个细则”考核补偿结果的通知 2023-04-07,2023-04-07,电网,HTML,54,低分候选,暂不回填,https://xjb.nea.gov.cn/dtyw/tzgg/202309/t20230923_116579.html,https://xjb.nea.gov.cn/dtyw/tzgg/index_7.html
20260501_235114,CAND-9FC64E872895,SRC-PR-005,省级监管,四川,国家能源局四川监管办公室-通知公告,国家能源局四川监管办公室,关于公开征求《四川负荷侧调峰辅助服务市场交易细则（征求意见稿）》意见的通知 2023-04-19,2023-04-19,辅助服务;调峰,HTML,54,低分候选,暂不回填,https://scb.nea.gov.cn/dtyw/tzgg/202310/t20231009_134378.html,https://scb.nea.gov.cn/dtyw/tzgg/index_17.html
20260501_235114,CAND-A3D0B8BCA510,SRC-P-013,省级,四川,四川省发展和改革委员会-政策文件,四川省发展和改革委员会,关于四川电网试行需求侧市场化响应电价政策有关事项的通知,2023-04-23,电网,HTML,54,低分候选,暂不回填,https://fgw.sc.gov.cn/sfgw/zcwj/2023/4/23/e765c9ee591847408a05294ada29fd8e.shtml,https://fgw.sc.gov.cn/sfgw/zcwj/list_5.shtml
20260501_235114,CAND-78300F9B85A0,SRC-R-001,区域监管,南方区域,国家能源局南方监管局-通知公示,国家能源局派出机构,2023年1月海南电力并网运行考核和辅助服务补偿费用单 2023-06-02,2023-06-02,辅助服务,HTML,54,低分候选,暂不回填,https://nfj.nea.gov.cn/xwzx/tzgg/202402/t20240208_245873.html,https://nfj.nea.gov.cn/xwzx/tzgg/index_16.html
20260501_235114,CAND-74392583A75E,SRC-R-001,区域监管,南方区域,国家能源局南方监管局-通知公示,国家能源局派出机构,2023年2月海南电力并网运行考核和辅助服务补偿费用单 2023-06-02,2023-06-02,辅助服务,HTML,54,低分候选,暂不回填,https://nfj.nea.gov.cn/xwzx/tzgg/202402/t20240208_245872.html,https://nfj.nea.gov.cn/xwzx/tzgg/index_16.html
20260501_235114,CAND-594CF1836C54,SRC-PR-005,省级监管,四川,国家能源局四川监管办公室-通知公告,国家能源局四川监管办公室,关于公布2023年1月四川省直调发电厂辅助服务补偿及并网运行考核情况的通知 2023-06-15,2023-06-15,辅助服务,HTML,54,低分候选,暂不回填,https://scb.nea.gov.cn/dtyw/tzgg/202310/t20231009_134396.html,https://scb.nea.gov.cn/dtyw/tzgg/index_16.html
20260501_235114,CAND-471336B7BB5C,SRC-PR-006,省级监管,贵州,国家能源局贵州监管办公室-通知公告,国家能源局贵州监管办公室,关于公布贵州统调电厂2023年1月并网运行考核及辅助服务补偿结果的通知 2023-06-21,2023-06-21,辅助服务,HTML,54,低分候选,暂不回填,https://gzb.nea.gov.cn/dtyw/tzgg/202308/t20230821_3926.html,https://gzb.nea.gov.cn/dtyw/tzgg/index_18.html
20260501_235114,CAND-A5358B1AE157,SRC-R-001,区域监管,南方区域,国家能源局南方监管局-通知公示,国家能源局派出机构,2023年3月海南电力并网运行考核和辅助服务补偿费用单 2023-07-05,2023-07-05,辅助服务,HTML,54,低分候选,暂不回填,https://nfj.nea.gov.cn/xwzx/tzgg/202402/t20240208_245881.html,https://nfj.nea.gov.cn/xwzx/tzgg/index_16.html
20260501_235114,CAND-9BAAA11D35B3,SRC-PR-005,省级监管,四川,国家能源局四川监管办公室-通知公告,国家能源局四川监管办公室,关于公布2023年2月四川省直调发电厂辅助服务补偿及并网运行考核情况的通知 2023-09-06,2023-09-06,辅助服务,HTML,54,低分候选,暂不回填,https://scb.nea.gov.cn/dtyw/tzgg/202310/t20231009_134404.html,https://scb.nea.gov.cn/dtyw/tzgg/index_15.html
20260501_235114,CAND-59D276C38F67,SRC-PR-007,省级监管,新疆,国家能源局新疆监管办公室-通知公告,国家能源局新疆监管办公室,关于转发《国家能源局关于进一步加强电力市场管理委员会规范运作的指导意见》的通知 2023-09-28,2023-09-28,电力市场,HTML,54,低分候选,暂不回填,https://xjb.nea.gov.cn/dtyw/tzgg/202401/t20240129_230959.html,https://xjb.nea.gov.cn/dtyw/tzgg/index_5.html
20260501_235114,CAND-27E1C16EEAA6,SRC-PR-006,省级监管,贵州,国家能源局贵州监管办公室-通知公告,国家能源局贵州监管办公室,2023年6月贵州电网并网发电厂辅助服务补偿及并网运行考核统计结果 2023-10-17,2023-10-17,辅助服务;电网,HTML,54,低分候选,暂不回填,https://gzb.nea.gov.cn/dtyw/tzgg/202312/t20231222_221779.html,https://gzb.nea.gov.cn/dtyw/tzgg/index_15.html
20260501_235114,CAND-3905C0AD10C9,SRC-P-037,省级,山西,山西省能源局-政策文件检索电力,山西省能源局,山西省发展和改革委员会山西省能源局关于印发《山西省煤炭行业碳达峰实施方案》的通知,2023-10-19,碳达峰,HTML,54,低分候选,暂不回填,http://nyj.shanxi.gov.cn/zfxxgk/fdzdgknr/sjwj/202311/t20231130_9436433.shtml,https://nyj.shanxi.gov.cn/trs-search/trssearch/openSearch/getZwgkList?keywords=%E7%94%B5%E5%8A%9B&pageNum=12&siteId=60&chnId=&dockind=2&position=0&sort=1&suitability=0
20260501_235114,CAND-844A9BEBC7A5,SRC-R-006,区域监管,西北区域,国家能源局西北监管局-通知公告,国家能源局派出机构,国家能源局西北监管局关于征求《陕西省火力发电机组深度调峰能力认定及管理办法（... 2023-10-25,2023-10-25,调峰,HTML,54,低分候选,暂不回填,https://xbj.nea.gov.cn/dtyw/tzgg/202312/t20231214_220693.html,https://xbj.nea.gov.cn/dtyw/tzgg/index_14.html
20260501_235114,CAND-26D33939CFD9,SRC-R-006,区域监管,西北区域,国家能源局西北监管局-通知公告,国家能源局派出机构,国家能源局西北监管局关于印发《西北区域电力并网运行管理实施细则》《西北区域电... 2023-11-22,2023-11-22,实施细则,HTML,54,低分候选,暂不回填,https://xbj.nea.gov.cn/dtyw/tzgg/202312/t20231214_220695.html,https://xbj.nea.gov.cn/dtyw/tzgg/index_14.html
20260501_235114,CAND-BF08E9082C4E,SRC-P-037,省级,山西,山西省能源局-政策文件检索电力,山西省能源局,山西省能源局关于推动能源领域科技装备高质量发展的通知,2023-12-01,高质量发展,HTML,54,低分候选,暂不回填,http://nyj.shanxi.gov.cn/zfxxgk/fdzdgknr/sjwj/202312/t20231208_9441893.shtml,https://nyj.shanxi.gov.cn/trs-search/trssearch/openSearch/getZwgkList?keywords=%E7%94%B5%E5%8A%9B&pageNum=9&siteId=60&chnId=&dockind=2&position=0&sort=1&suitability=0
20260501_235114,CAND-66B5FAF61C35,SRC-R-001,区域监管,南方区域,国家能源局南方监管局-通知公示,国家能源局派出机构,转发国家能源局综合司关于做好岁末年初、迎峰度冬期间电力建设工程施工安全工作的通知 2023-12-06,2023-12-06,迎峰度冬,HTML,54,低分候选,暂不回填,https://nfj.nea.gov.cn/xwzx/tzgg/202402/t20240208_245937.html,https://nfj.nea.gov.cn/xwzx/tzgg/index_12.html
20260501_235114,CAND-7C4BC69AC93C,SRC-PR-001,省级监管,江苏,国家能源局江苏监管办公室-通知,国家能源局江苏监管办公室,江苏能源监管办关于《江苏电力辅助服务（调频）市场交易规则》公开征求意见的公告 2023-12-29,2023-12-29,交易规则;辅助服务;调频,HTML,54,低分候选,暂不回填,https://jsb.nea.gov.cn/dtyw/tz/202401/t20240116_226941.html,https://jsb.nea.gov.cn/dtyw/tz/index_1.html
20260501_235114,CAND-AAD6B0A6EB1A,SRC-P-036,省级,四川,四川省发展和改革委员会-通知公告,四川省发展和改革委员会,关于贯彻落实《国家发展改革委 国家能源局关于建立煤电容量电价机制的通知》的通知（川发改价格〔2024〕24号...,2024-01-19,容量电价,HTML,54,低分候选,暂不回填,https://fgw.sc.gov.cn/sfgw/tzgg/2024/1/19/22753ed83506404f9cdd02af75e258ca.shtml,https://fgw.sc.gov.cn/sfgw/tzgg/list_22.shtml
20260501_235114,CAND-36A248099594,SRC-R-001,区域监管,南方区域,国家能源局南方监管局-通知公示,国家能源局派出机构,南方能源监管局加强监管 保障辖区内2024年年度交易顺利完成 2024-01-26,2024-01-26,年度交易,HTML,54,低分候选,暂不回填,https://nfj.nea.gov.cn/xwzx/tzgg/202402/t20240208_245958.html,https://nfj.nea.gov.cn/xwzx/tzgg/index_11.html
20260501_235114,CAND-379525B90A3B,SRC-P-036,省级,四川,四川省发展和改革委员会-通知公告,四川省发展和改革委员会,关于调整电能替代项目输配电价政策有关事项的通知（川发改价格〔2024〕64号）,2024-02-18,输配电价,HTML,54,低分候选,暂不回填,https://fgw.sc.gov.cn/sfgw/tzgg/2024/2/18/9e0e711298424a55a800c0c1bb762c88.shtml,https://fgw.sc.gov.cn/sfgw/tzgg/list_22.shtml
20260501_235114,CAND-512FC95A304E,SRC-MU-008,直辖市,上海,上海市经济和信息化委员会-政策法规,上海市经济和信息化委员会,上海市经济信息化委关于建立上海电力供应环境可持续性关键绩效指标体系的通知 为深入推进我市电力供应绿色低碳高质量发展，我委会同国网上海市电力公司组织相关专家研究形成了《上海电力供应环境可持续性关键绩效指标体系（试行）》，按年统计发布。 2024-02-19,2024-02-19,高质量发展;绿色低碳,HTML,54,低分候选,暂不回填,https://www.sheitc.sh.gov.cn/jjyx/20240219/2439b3f6b6dc4e9c9264b9786751613c.html,https://www.sheitc.sh.gov.cn/zcfg/index_4.html
20260501_235114,CAND-E93C42069816,SRC-MU-011,直辖市,重庆,重庆市经济和信息化委员会-行政规范性文件,重庆市经济和信息化委员会,重庆市经济和信息化委员会 中共重庆市委金融委员会办公室 重庆市财政局 中国人民银行重庆市分行 国家金融监督管理总局重庆监管局 中国证券监督管理委员会重庆监管局关于印发重庆市制造业高质量发展投融资服务行动计划（2024—2027年）的通知 (发文字号：渝经信规范〔2024〕7号成文日期 ：2024年02月21日),2024-02-21,高质量发展,HTML,54,低分候选,暂不回填,https://jjxxw.cq.gov.cn/zwgk_213/zcwj/xzgfxwj/202402/t20240227_12962367.html,https://jjxxw.cq.gov.cn/zwgk_213/zcwj/xzgfxwj/index_2.html
20260501_235114,CAND-663D6D71918B,SRC-MU-008,直辖市,上海,上海市经济和信息化委员会-政策法规,上海市经济和信息化委员会,《上海市促进中小企业特色产业集群发展管理办法》解读说明 为贯彻落实工业和信息化部《促进中小企业特色产业集群发展暂行办法》（以下简称“《暂行办法》”）文件要求，提升本市中小企业产业集群专业化、特色化、集约化发展水平，推动中小企业高质量发展，我委起草了《上海市促进中小企业特色产业集群发展管理办法》（以下简称“《管理办法》”）。现就相关内容解读如下。 2024-02-22,2024-02-22,高质量发展,HTML,54,低分候选,暂不回填,https://www.sheitc.sh.gov.cn/sjxwxgzcjd/20240223/478b71cb9c6f457383b2c6d5a3eeb0ff.html,https://www.sheitc.sh.gov.cn/zcfg/index_4.html
20260501_235114,CAND-4935182506DB,SRC-P-036,省级,四川,四川省发展和改革委员会-通知公告,四川省发展和改革委员会,关于开展四川电力市场2024年保底售电服务有关工作的通知（川发改能源〔2024〕95号）,2024-03-22,电力市场,HTML,54,低分候选,暂不回填,https://fgw.sc.gov.cn/sfgw/c106096/2024/3/22/8f969784932d4c29a4f1e6d6b1a9e8b6.shtml,https://fgw.sc.gov.cn/sfgw/tzgg/list_22.shtml
20260501_235114,CAND-07227C177A44,SRC-PR-001,省级监管,江苏,国家能源局江苏监管办公室-通知,国家能源局江苏监管办公室,江苏能源监管办关于开展电网公平开放监管工作的通知 2024-04-09,2024-04-09,电网,HTML,54,低分候选,暂不回填,https://jsb.nea.gov.cn/dtyw/tz/202404/t20240409_260365.html,https://jsb.nea.gov.cn/dtyw/tz/
20260501_235114,CAND-21876841644F,SRC-P-036,省级,四川,四川省发展和改革委员会-通知公告,四川省发展和改革委员会,关于明确四川电力市场2024年保底售电公司的通知（川发改能源〔2024〕135号）,2024-04-26,电力市场,HTML,54,低分候选,暂不回填,https://fgw.sc.gov.cn/sfgw/tzgg/2024/4/26/e3c95a8153df4d388d0050aa9dfdeb3f.shtml,https://fgw.sc.gov.cn/sfgw/tzgg/list_20.shtml
20260501_235114,CAND-0CD21CE7C178,SRC-MU-005,直辖市,天津,天津市工业和信息化局-委局文件,天津市工业和信息化局,市工业和信息化局关于调整天津市电力市场管理委员会组建方案的通知2024-05-06,2024-05-06,电力市场,HTML,54,低分候选,暂不回填,https://gyxxh.tj.gov.cn/ZWGK4147/ZCWJ6355/wjwj/202405/t20240506_6617695.html,https://gyxxh.tj.gov.cn/ZWGK4147/ZCWJ6355/wjwj/index_6.html
20260501_235114,CAND-096020D5309B,SRC-MU-011,直辖市,重庆,重庆市经济和信息化委员会-行政规范性文件,重庆市经济和信息化委员会,重庆市经济和信息化委员会 中共重庆市委金融委员会办公室 重庆市财政局 中国人民银行重庆市分行 国家金融监督管理总局重庆监管局 中国证券监督管理委员会重庆监管局关于印发重庆市金融支持制造业高质量发展十五条政策措施的通知 (发文字号：渝经信规范〔2024〕12号成文日期 ：2024年05月10日),2024-05-10,高质量发展,HTML,54,低分候选,暂不回填,https://jjxxw.cq.gov.cn/zwgk_213/zcwj/xzgfxwj/202405/t20240514_13205642.html,https://jjxxw.cq.gov.cn/zwgk_213/zcwj/xzgfxwj/index_2.html
20260501_235114,CAND-2C0C3C0C103A,SRC-PR-006,省级监管,贵州,国家能源局贵州监管办公室-通知公告,国家能源局贵州监管办公室,关于征求《贵州电力爬坡辅助服务市场交易规则（征求意见稿）》意见的函 2024-08-30,2024-08-30,交易规则;辅助服务,HTML,54,低分候选,暂不回填,https://gzb.nea.gov.cn/dtyw/tzgg/202408/t20240830_268668.html,https://gzb.nea.gov.cn/dtyw/tzgg/index_11.html
20260501_235114,CAND-3782E621A45D,SRC-PR-005,省级监管,四川,国家能源局四川监管办公室-通知公告,国家能源局四川监管办公室,关于公开征求《四川电力中长期交易规则（2024年修订版征求意见稿）》意见的通知 2024-11-08,2024-11-08,交易规则;中长期,PDF,54,低分候选,暂不回填,https://scb.nea.gov.cn/dtyw/tzgg/202411/P020241108651338855917.pdf,https://scb.nea.gov.cn/dtyw/tzgg/index_9.html
20260501_235114,CAND-213A96461EA4,SRC-PR-004,省级监管,福建,国家能源局福建监管办公室-通知公告,国家能源局福建监管办公室,福建能源监管办关于转发《国家能源局综合司关于进一步规范电力市场交易行为有关事... 2024-11-14,2024-11-14,电力市场,HTML,54,低分候选,暂不回填,https://fjb.nea.gov.cn/dtyw/tzgg/202411/t20241114_272323.html,https://fjb.nea.gov.cn/dtyw/tzgg/index_5.html
20260501_235114,CAND-3AA060B0AE48,SRC-P-013,省级,四川,四川省发展和改革委员会-政策文件,四川省发展和改革委员会,关于印发《四川省算力基础设施高质量发展行动方案（2024—2027年）》的通知,2024-11-21,高质量发展,HTML,54,低分候选,暂不回填,https://fgw.sc.gov.cn/sfgw/qtwj/2024/11/21/cf3f5d43bde44b88b8cfe1396bdc8042.shtml,https://fgw.sc.gov.cn/sfgw/zcwj/list_3.shtml
20260501_235114,CAND-6FC6C13C0FD7,SRC-R-006,区域监管,西北区域,国家能源局西北监管局-通知公告,国家能源局派出机构,国家能源局西北监管局关于公开征求 《陕西电力调频辅助服务市场实施细则（暂行）（... 2024-12-10,2024-12-10,实施细则;辅助服务;调频,HTML,54,低分候选,暂不回填,https://xbj.nea.gov.cn/dtyw/tzgg/202412/t20241210_273718.html,https://xbj.nea.gov.cn/dtyw/tzgg/index_10.html
20260501_235114,CAND-2AB70BEFDCAF,SRC-R-006,区域监管,西北区域,国家能源局西北监管局-通知公告,国家能源局派出机构,国家能源局西北监管局关于印发《西北区域电力并网运行管理实施细则》《西北区域电... 2025-01-02,2025-01-02,实施细则,HTML,54,低分候选,暂不回填,https://xbj.nea.gov.cn/dtyw/tzgg/202501/t20250102_274863.html,https://xbj.nea.gov.cn/dtyw/tzgg/index_9.html
20260501_235114,CAND-42D65896C624,SRC-MU-008,直辖市,上海,上海市经济和信息化委员会-政策法规,上海市经济和信息化委员会,上海市投资促进工作领导小组办公室印发 《关于促进本市招商引资高质量发展的若干措施》的通知 市投资促进工作领导小组成员单位，各区人民政府、重点产业园区管委会： 经市人民政府同意，现将《关于促进本市招商引资高质量发展的若干措施》印发给你们，请认真贯彻执行。 上海市投资促进工作领导小组办公室 2025年1月10日 (此件公开) 关于促进本市招商引资高质量发展的若干措施 招商引资是经济工作的牛鼻... 2025-01-10,2025-01-10,高质量发展,HTML,54,低分候选,暂不回填,https://www.sheitc.sh.gov.cn/01050220/20250110/c0cca13c973b44a6850c944fb696651f.html,https://www.sheitc.sh.gov.cn/zcfg/index_3.html
20260501_235114,CAND-116B91877649,SRC-P-036,省级,四川,四川省发展和改革委员会-通知公告,四川省发展和改革委员会,关于开展2025年电网侧新型储能项目申报工作的通知（川发改能源〔2025〕65号）,2025-02-18,新型储能;电网,HTML,54,低分候选,暂不回填,https://fgw.sc.gov.cn/sfgw/c106095/2025/2/18/07382c529ec54d71955c048d0aa97356.shtml,https://fgw.sc.gov.cn/sfgw/tzgg/list_13.shtml
20260501_235114,CAND-2286F2BB21E4,SRC-PR-004,省级监管,福建,国家能源局福建监管办公室-通知公告,国家能源局福建监管办公室,《福建电力市场运行基本规则》（2025年修订版）解读 2025-02-28,2025-02-28,电力市场,HTML,54,低分候选,暂不回填,https://fjb.nea.gov.cn/dtyw/tzgg/202502/t20250228_277284.html,https://fjb.nea.gov.cn/dtyw/tzgg/index_4.html
20260501_235114,CAND-708763B12783,SRC-P-036,省级,四川,四川省发展和改革委员会-通知公告,四川省发展和改革委员会,四川进一步激发市场活力推动高质量发展对策研究课题比选公告,2025-04-08,高质量发展,HTML,54,低分候选,暂不回填,https://fgw.sc.gov.cn/sfgw/tzgg/2025/4/8/39fb62e19a6c4f9c9348fcd4eee09cef.shtml,https://fgw.sc.gov.cn/sfgw/tzgg/list_11.shtml
20260501_235114,CAND-122E90EF73E0,SRC-P-036,省级,四川,四川省发展和改革委员会-通知公告,四川省发展和改革委员会,四川省能源局关于组织智能电网国家科技重大专项2025年度公开项目申报工作的通知,2025-04-16,电网;智能电网,HTML,54,低分候选,暂不回填,https://fgw.sc.gov.cn/sfgw/tzgg/2025/4/16/752cc489ce4046adb6f432cbff8a8c1e.shtml,https://fgw.sc.gov.cn/sfgw/tzgg/list_10.shtml
20260501_235114,CAND-7B5BBBC77700,SRC-PR-007,省级监管,新疆,国家能源局新疆监管办公室-通知公告,国家能源局新疆监管办公室,关于公开征求《<新疆电力中长期交易实施细则>部分条款修订稿》意见的通知 2025-04-20,2025-04-20,实施细则;中长期,HTML,54,低分候选,暂不回填,https://xjb.nea.gov.cn/dtyw/tzgg/202504/t20250421_279829.html,https://xjb.nea.gov.cn/dtyw/tzgg/index_2.html
20260501_235114,CAND-2266695E0F24,SRC-PR-007,省级监管,新疆,国家能源局新疆监管办公室-通知公告,国家能源局新疆监管办公室,关于公开征求《新疆电力辅助服务市场运营规则（征求意见稿）》意见的通知 2025-04-20,2025-04-20,运营规则;辅助服务,HTML,54,低分候选,暂不回填,https://xjb.nea.gov.cn/dtyw/tzgg/202504/t20250421_279828.html,https://xjb.nea.gov.cn/dtyw/tzgg/index_2.html
20260501_235114,CAND-07800C683BD7,SRC-P-037,省级,山西,山西省能源局-政策文件检索电力,山西省能源局,山西省能源局关于加强2025年新型储能管理工作的通知,2025-05-06,新型储能,HTML,54,低分候选,暂不回填,http://nyj.shanxi.gov.cn/zfxxgk/fdzdgknr/sjwj/202505/t20250506_9826452.shtml,https://nyj.shanxi.gov.cn/trs-search/trssearch/openSearch/getZwgkList?keywords=%E7%94%B5%E5%8A%9B&pageNum=5&siteId=60&chnId=&dockind=2&position=0&sort=1&suitability=0
20260501_235114,CAND-ECA97B00D4D9,SRC-PR-004,省级监管,福建,国家能源局福建监管办公室-通知公告,国家能源局福建监管办公室,关于征集福建省电力市场秩序突出问题线索的公告 2025-05-29,2025-05-29,电力市场,HTML,54,低分候选,暂不回填,https://fjb.nea.gov.cn/dtyw/tzgg/202505/t20250529_281828.html,https://fjb.nea.gov.cn/dtyw/tzgg/index_3.html
20260501_235114,CAND-1DF533C2B702,SRC-P-036,省级,四川,四川省发展和改革委员会-通知公告,四川省发展和改革委员会,四川省能源局关于组织开展国家重点研发计划“氢能技术”“储能与智能电网技术”重点专项2025年度项目申报工...,2025-06-26,电网;智能电网,HTML,54,低分候选,暂不回填,https://fgw.sc.gov.cn/sfgw/tzgg/2025/6/26/e09c6cdf18714406b3a4b8ebd5c2a231.shtml,https://fgw.sc.gov.cn/sfgw/tzgg/list_8.shtml
20260501_235114,CAND-A0DC05450750,SRC-PR-004,省级监管,福建,国家能源局福建监管办公室-通知公告,国家能源局福建监管办公室,福建能源监管办关于公开征求《福建电力市场规则体系管理办法（试行）（征求意见稿... 2025-07-04,2025-07-04,电力市场;规则体系,HTML,54,低分候选,暂不回填,https://fjb.nea.gov.cn/dtyw/tzgg/202507/t20250704_283947.html,https://fjb.nea.gov.cn/dtyw/tzgg/index_2.html
20260501_235114,CAND-916B730FBF37,SRC-P-036,省级,四川,四川省发展和改革委员会-通知公告,四川省发展和改革委员会,四川省县域经济“十五五”高质量发展规划研究比选公告,2025-07-09,高质量发展,HTML,54,低分候选,暂不回填,https://fgw.sc.gov.cn/sfgw/tzgg/2025/7/9/26c8539fac8e40e694b96c9f7472b7d5.shtml,https://fgw.sc.gov.cn/sfgw/tzgg/list_8.shtml
20260501_235114,CAND-3A35699BC074,SRC-P-037,省级,山西,山西省能源局-政策文件检索电力,山西省能源局,山西省人民政府办公厅关于进一步优化电网项目审批流程的实施意见,2025-08-02,电网,HTML,54,低分候选,暂不回填,http://nyj.shanxi.gov.cn/zfxxgk/szfwj/202511/t20251125_10001938.shtml,https://nyj.shanxi.gov.cn/trs-search/trssearch/openSearch/getZwgkList?keywords=%E7%94%B5%E5%8A%9B&pageNum=5&siteId=60&chnId=&dockind=2&position=0&sort=1&suitability=0
20260501_235114,CAND-DC02450597F1,SRC-P-037,省级,山西,山西省能源局-政策文件检索电力,山西省能源局,山西省能源局关于印发2025年第三季度新型储能项目库调整清单的通知,2025-09-23,新型储能,HTML,54,低分候选,暂不回填,http://nyj.shanxi.gov.cn/zfxxgk/fdzdgknr/sjwj/202509/t20250925_9966030.shtml,https://nyj.shanxi.gov.cn/trs-search/trssearch/openSearch/getZwgkList?keywords=%E7%94%B5%E5%8A%9B&pageNum=5&siteId=60&chnId=&dockind=2&position=0&sort=1&suitability=0
20260501_235114,CAND-F392CBDA2F73,SRC-PR-003,省级监管,浙江,国家能源局浙江监管办公室-通知公告,国家能源局浙江监管办公室,浙江能源监管办关于征求《关于贯彻落实电力市场信息披露基本规则有关事项的通知（征求意见稿... 2025-11-12,2025-11-12,电力市场,HTML,54,低分候选,暂不回填,https://zjb.nea.gov.cn/dtyw/tzgg/202511/t20251112_290334.html,https://zjb.nea.gov.cn/dtyw/tzgg/
20260501_235114,CAND-24951871FC8B,SRC-PR-002,省级监管,江苏,国家能源局江苏监管办公室-公告,国家能源局江苏监管办公室,江苏能源监管办关于公开征求《江苏省电力中长期市场实施细则（征求意见稿）》意见的公告 2026-01-23,2026-01-23,实施细则;中长期,HTML,54,低分候选,暂不回填,https://jsb.nea.gov.cn/dtyw/gg/202601/t20260123_294692.html,https://jsb.nea.gov.cn/dtyw/gg/index_2.html
20260501_235114,CAND-9CAC5E09E2A0,SRC-P-036,省级,四川,四川省发展和改革委员会-通知公告,四川省发展和改革委员会,关于“四川做好预期管理推动高质量发展路径研究”课题的比选公告,2026-04-22,高质量发展,HTML,54,低分候选,暂不回填,https://fgw.sc.gov.cn/sfgw/tzgg/2026/4/22/9d213e3c79ef4ad7a2536204b79eb472.shtml,https://fgw.sc.gov.cn/sfgw/tzgg/list.shtml
20260501_235114,CAND-F2D0D5A0DF2B,SRC-N-001,国家级,全国,国家发展改革委-政策通知,国家发展改革委,关于2021年新能源上网电价政策有关事项的通知(发改价格〔2021〕833号),,上网电价;新能源上网,HTML,52,低分候选,暂不回填,https://www.ndrc.gov.cn/xxgk/zcfb/tz/202106/t20210611_1283088.html,https://www.ndrc.gov.cn/xxgk/zcfb/tz/index_16.html
20260501_235114,CAND-CC356C06E28D,SRC-N-001,国家级,全国,国家发展改革委-政策通知,国家发展改革委,关于促进数据产业高质量发展的指导意见(发改数据〔2024〕1836号),,高质量发展,HTML,52,低分候选,暂不回填,https://www.ndrc.gov.cn/xxgk/zcfb/tz/202412/t20241230_1395341.html,https://www.ndrc.gov.cn/xxgk/zcfb/tz/index_3.html
20260501_235114,CAND-0B56143AF2C8,SRC-N-001,国家级,全国,国家发展改革委-政策通知,国家发展改革委,关于促进数据标注产业高质量发展的实施意见(发改数据〔2024〕1822号),,高质量发展,HTML,52,低分候选,暂不回填,https://www.ndrc.gov.cn/xxgk/zcfb/tz/202501/t20250113_1395643.html,https://www.ndrc.gov.cn/xxgk/zcfb/tz/index_3.html
20260501_235114,CAND-3A7CD04CDC20,SRC-N-001,国家级,全国,国家发展改革委-政策通知,国家发展改革委,关于促进炼油行业绿色创新高质量发展的指导意见(发改能源〔2023〕1364号),,高质量发展,HTML,52,低分候选,暂不回填,https://www.ndrc.gov.cn/xxgk/zcfb/tz/202310/t20231025_1361500.html,https://www.ndrc.gov.cn/xxgk/zcfb/tz/index_7.html
20260501_235114,CAND-766D55B58A4B,SRC-N-001,国家级,全国,国家发展改革委-政策通知,国家发展改革委,关于加强电网调峰储能和智能化调度能力建设的指导意见,,调峰;电网,HTML,52,低分候选,暂不回填,https://www.ndrc.gov.cn/xxgk/zcfb/tz/202402/t20240227_1364257.html,https://www.ndrc.gov.cn/xxgk/zcfb/tz/index_6.html
20260501_235114,CAND-B6DF111C7AE6,SRC-N-001,国家级,全国,国家发展改革委-政策通知,国家发展改革委,关于加快建设全国统一电力市场体系的指导意见(发改体改〔2022〕118号),,电力市场,HTML,52,低分候选,暂不回填,https://www.ndrc.gov.cn/xxgk/zcfb/tz/202201/t20220128_1313653.html,https://www.ndrc.gov.cn/xxgk/zcfb/tz/index_12.html
20260501_235114,CAND-940ABB804D8B,SRC-N-001,国家级,全国,国家发展改革委-政策通知,国家发展改革委,关于加快推动制造服务业高质量发展的意见(发改产业〔2021〕372号),,高质量发展,HTML,52,低分候选,暂不回填,https://www.ndrc.gov.cn/xxgk/zcfb/tz/202103/t20210323_1270129.html,https://www.ndrc.gov.cn/xxgk/zcfb/tz/index_18.html
20260501_235114,CAND-0FEF8577E982,SRC-N-001,国家级,全国,国家发展改革委-政策通知,国家发展改革委,关于加快推动工程咨询行业高质量发展的意见(发改办投资〔2025〕824号),,高质量发展,HTML,52,低分候选,暂不回填,https://www.ndrc.gov.cn/xxgk/zcfb/tz/202509/t20250924_1400648.html,https://www.ndrc.gov.cn/xxgk/zcfb/tz/index_1.html
20260501_235114,CAND-4CAB7D0BE01B,SRC-N-001,国家级,全国,国家发展改革委-政策通知,国家发展改革委,关于印发《新型储能规模化建设专项行动方案(2025—2027年)》的通知(发改能源〔2025〕1144号),,新型储能,HTML,52,低分候选,暂不回填,https://www.ndrc.gov.cn/xxgk/zcfb/tz/202509/t20250912_1400425.html,https://www.ndrc.gov.cn/xxgk/zcfb/tz/index_1.html
20260501_235114,CAND-25CFB15963E3,SRC-N-001,国家级,全国,国家发展改革委-政策通知,国家发展改革委,关于同意深圳市开展基础设施高质量发展试点的复函(发改基础〔2021〕1662号),,高质量发展,HTML,52,低分候选,暂不回填,https://www.ndrc.gov.cn/xxgk/zcfb/tz/202112/t20211213_1307564.html,https://www.ndrc.gov.cn/xxgk/zcfb/tz/index_13.html
20260501_235114,CAND-58E1B96DEEC0,SRC-N-002,国家级,全国,国家发展改革委-规范性文件,国家发展改革委,关于实施农村电网巩固提升工程的指导意见(发改能源规〔2023〕920号),,电网,HTML,52,低分候选,暂不回填,https://www.ndrc.gov.cn/xxgk/zcfb/ghxwj/202307/t20230714_1358371.html,https://www.ndrc.gov.cn/xxgk/zcfb/ghxwj/index_2.html
20260501_235114,CAND-653F1CE523CE,SRC-N-001,国家级,全国,国家发展改革委-政策通知,国家发展改革委,关于推动低空保险高质量发展的实施意见(发改低空〔2026〕123号),,高质量发展,HTML,52,低分候选,暂不回填,https://www.ndrc.gov.cn/xxgk/zcfb/tz/202602/t20260212_1403717.html,https://www.ndrc.gov.cn/xxgk/zcfb/tz/
20260501_235114,CAND-38E323C56BDA,SRC-N-001,国家级,全国,国家发展改革委-政策通知,国家发展改革委,关于推动饲草产业高质量发展的意见(发改农经〔2024〕1579号),,高质量发展,HTML,52,低分候选,暂不回填,https://www.ndrc.gov.cn/xxgk/zcfb/tz/202411/t20241113_1394430.html,https://www.ndrc.gov.cn/xxgk/zcfb/tz/index_3.html
20260501_235114,CAND-A4C28712AE01,SRC-N-001,国家级,全国,国家发展改革委-政策通知,国家发展改革委,关于科学利用林地资源 促进木本粮油和林下经济高质量发展的意见(发改农经〔2020〕1753号),,高质量发展,HTML,52,低分候选,暂不回填,https://www.ndrc.gov.cn/xxgk/zcfb/tz/202011/t20201124_1251122.html,https://www.ndrc.gov.cn/xxgk/zcfb/tz/index_19.html
20260501_235114,CAND-C270DF8E18BB,SRC-N-001,国家级,全国,国家发展改革委-政策通知,国家发展改革委,关于鼓励可再生能源发电企业自建或购买调峰能力增加并网规模的通知(发改运行〔2021〕1138号),,调峰,HTML,52,低分候选,暂不回填,https://www.ndrc.gov.cn/xxgk/zcfb/tz/202108/t20210810_1293396.html,https://www.ndrc.gov.cn/xxgk/zcfb/tz/index_16.html
20260501_235114,CAND-6DD73933859B,SRC-MU-007,直辖市,上海,上海市发展和改革委员会-政策文件,上海市发展和改革委员会,上海市人民政府关于印发《上海市电网建设若干规定》的通知,,电网,HTML,50,低分候选,暂不回填,http://fgw.sh.gov.cn/fgw_gfxwj/20230714/07d5c57d1c5d4492a1afd0d5c7267c35.html,https://fgw.sh.gov.cn/fgw_zcwjfl/index_21.html
20260501_235114,CAND-EE09244919ED,SRC-MU-007,直辖市,上海,上海市发展和改革委员会-政策文件,上海市发展和改革委员会,上海市人民政府办公厅关于印发《上海市推动银发经济高质量发展若干政策措施》的通知,,高质量发展,HTML,50,低分候选,暂不回填,http://fgw.sh.gov.cn/fgw_shfz/20241227/034bece17b0240c3bdcf0f3d86223e95.html,https://fgw.sh.gov.cn/fgw_zcwjfl/index_10.html
20260501_235114,CAND-49D2F91B0227,SRC-MU-009,直辖市,上海,上海市科学技术委员会-科技政策,上海市科学技术委员会,上海市科学技术委员会关于发布2026年度科技产业高质量发展计划“生物医药创新发展”项目申报指南的通知,,高质量发展,HTML,50,低分候选,暂不回填,https://stcsm.sh.gov.cn/zwgk/kyjhxm/xmsb/20260430/f061da3f4aae47169ce98072f909e09b.html,https://stcsm.sh.gov.cn/zwgk/kjzc/zcwj/
20260501_235114,CAND-326CFB1E8523,SRC-MU-009,直辖市,上海,上海市科学技术委员会-科技政策,上海市科学技术委员会,中共上海市委办公厅 上海市人民政府办公厅印发《关于加快推进我市大学科技园高质量发展的指导意见》的通知,,高质量发展,HTML,50,低分候选,暂不回填,https://stcsm.sh.gov.cn/zwgk/kjzc/zcwj/qtzcwj/20210521/0b1e482bd3704331b999493c84cf58dc.html,https://stcsm.sh.gov.cn/zwgk/kjzc/zcwj/index_4.html
20260501_235114,CAND-62724FF3A3BF,SRC-MU-007,直辖市,上海,上海市发展和改革委员会-政策文件,上海市发展和改革委员会,关于上海市贯彻落实新能源上网电价市场化改革有关事项的通知,,上网电价;新能源上网,HTML,50,低分候选,暂不回填,http://fgw.sh.gov.cn/fgw_jggl/20250804/dabf972a3f494bf79a8774dc786e8b7d.html,https://fgw.sh.gov.cn/fgw_zcwjfl/index_6.html
20260501_235114,CAND-AD0F29A3AC8C,SRC-MU-007,直辖市,上海,上海市发展和改革委员会-政策文件,上海市发展和改革委员会,关于印发《优化我市非电网直供电价格政策的工作指引》的通知,,电网,HTML,50,低分候选,暂不回填,http://fgw.sh.gov.cn/fgw_jggl/20250415/b70ad6c60eb54be3a3aa013a5497c372.html,https://fgw.sh.gov.cn/fgw_zcwjfl/index_8.html
20260501_235114,CAND-3476AC0C9A85,SRC-MU-007,直辖市,上海,上海市发展和改革委员会-政策文件,上海市发展和改革委员会,关于印发《关于促进新建居住建筑光伏高质量发展的若干意见》的通知,,高质量发展,HTML,50,低分候选,暂不回填,http://fgw.sh.gov.cn/fgw_gfxwj/20231129/f0ac72a6f36f455d8b7701b04be72d74.html,https://fgw.sh.gov.cn/fgw_zcwjfl/index_18.html
20260501_235114,CAND-23C623CD34B6,SRC-MU-007,直辖市,上海,上海市发展和改革委员会-政策文件,上海市发展和改革委员会,关于印发《关于进一步优化发展环境 促进上海专业服务业高质量发展的指导意见》的通知,,高质量发展,HTML,50,低分候选,暂不回填,http://fgw.sh.gov.cn/fgw_cyfz/20240418/9a5d50eae01c4a139c75eaa2a42a61cd.html,https://fgw.sh.gov.cn/fgw_zcwjfl/index_15.html
20260501_235114,CAND-0560120FC25D,SRC-MU-007,直辖市,上海,上海市发展和改革委员会-政策文件,上海市发展和改革委员会,关于印发《深化推动新城高质量发展的若干政策举措》的通知,,高质量发展,HTML,50,低分候选,暂不回填,http://fgw.sh.gov.cn/fgw_qyfz/20240710/73569ce4980a40dd8766e9db4b7951fc.html,https://fgw.sh.gov.cn/fgw_zcwjfl/index_14.html
20260501_235114,CAND-ACC53E20D68E,SRC-P-035,省级,内蒙古自治区,内蒙古自治区科学技术厅-通知公告,内蒙古自治区科学技术厅,关于发布2026年内蒙古自治区科技重大专项人工智能+和氢能（第二批）、储能和新型电力系统项目申报指南的通知,,新型电力系统,HTML,50,低分候选,暂不回填,https://kjt.nmg.gov.cn/slb/kjdt/tzgg/202604/t20260429_2896883.html,https://kjt.nmg.gov.cn/slb/kjdt/tzgg/
20260501_235114,CAND-4FD23834A834,SRC-P-035,省级,内蒙古自治区,内蒙古自治区科学技术厅-通知公告,内蒙古自治区科学技术厅,关于发布2026年重点研发和成果转化计划(科技支撑黄河流域生态保护和高质量发展)项目申报指南的通知,,高质量发展,HTML,50,低分候选,暂不回填,https://kjt.nmg.gov.cn/slb/kjdt/tzgg/202509/t20250925_2795654.html,https://kjt.nmg.gov.cn/slb/kjdt/tzgg/index_15.html
20260501_235114,CAND-A9FB0E72349A,SRC-MU-007,直辖市,上海,上海市发展和改革委员会-政策文件,上海市发展和改革委员会,关于本市电网企业代理购电工作有关事项的通知,,电网,HTML,50,低分候选,暂不回填,http://fgw.sh.gov.cn/fgw_jggl/20250818/67b140dd1dc04310b5517520013d2aab.html,https://fgw.sh.gov.cn/fgw_zcwjfl/index_6.html
20260501_235114,CAND-FCD08487172C,SRC-P-035,省级,内蒙古自治区,内蒙古自治区科学技术厅-通知公告,内蒙古自治区科学技术厅,关于组织申报国家重点研发计划“氢能技术”“储能与智能电网技术”重点专项2025年度项目的通知,,电网;智能电网,HTML,50,低分候选,暂不回填,https://kjt.nmg.gov.cn/slb/kjdt/tzgg/202506/t20250620_2743523.html,https://kjt.nmg.gov.cn/slb/kjdt/tzgg/index_21.html
20260501_235114,CAND-ABD68DE2A6A4,SRC-P-035,省级,内蒙古自治区,内蒙古自治区科学技术厅-通知公告,内蒙古自治区科学技术厅,关于组织申报智能电网国家科技重大专项2026年度公开项目的通知,,电网;智能电网,HTML,50,低分候选,暂不回填,https://kjt.nmg.gov.cn/slb/kjdt/tzgg/202511/t20251110_2815447.html,https://kjt.nmg.gov.cn/slb/kjdt/tzgg/index_10.html
20260501_235114,CAND-8AB27547383E,SRC-MU-007,直辖市,上海,上海市发展和改革委员会-政策文件,上海市发展和改革委员会,关于转发《国家能源局关于组织开展新型电力系统建设第一批试点工作的通知》的通知,,新型电力系统,HTML,50,低分候选,暂不回填,http://fgw.sh.gov.cn/fgw_ny/20250619/b579065e88f74e23921dcbf93099e7d3.html,https://fgw.sh.gov.cn/fgw_zcwjfl/index_6.html
20260501_235114,CAND-4ABC0684E478,SRC-MU-003,直辖市,北京,北京市科学技术委员会中关村管委会-政策文件,北京市科学技术委员会 中关村科技园区管理委员会,关于转发智能电网国家科技重大专项2025年度公开项目申报要求文件的通知,,电网;智能电网,HTML,50,低分候选,暂不回填,https://kw.beijing.gov.cn/zwgk/zcwj/202504/t20250421_4070228.html,https://kw.beijing.gov.cn/zwgk/zcwj/index_7.html
20260501_235114,CAND-B2E708F37D07,SRC-P-033,省级,内蒙古自治区,内蒙古自治区能源局-通知公告,内蒙古自治区能源局,内蒙古自治区能源局关于做好国家重点研发计划“氢能技术”“储能与智能电网技术”重点专项2025年度项目申报有关事宜的通知,,电网;智能电网,HTML,50,低分候选,暂不回填,https://nyj.nmg.gov.cn/slh/tz/202506/t20250619_2742475.html,https://nyj.nmg.gov.cn/slh/tz/index_23.html
20260501_235114,CAND-456162F2FC88,SRC-P-033,省级,内蒙古自治区,内蒙古自治区能源局-通知公告,内蒙古自治区能源局,内蒙古自治区能源局关于做好智能电网国家科技重大专项2025年度项目申报有关事宜的通知,,电网;智能电网,HTML,50,低分候选,暂不回填,https://nyj.nmg.gov.cn/slh/tz/202504/t20250415_2703177.html,https://nyj.nmg.gov.cn/slh/tz/index_23.html
20260501_235114,CAND-EF46155175D0,SRC-P-033,省级,内蒙古自治区,内蒙古自治区能源局-通知公告,内蒙古自治区能源局,内蒙古自治区能源局关于印发《内蒙古自治区分布式光伏项目开发建设管理实施细则》的通知,,实施细则,HTML,50,低分候选,暂不回填,https://nyj.nmg.gov.cn/slh/tz/202506/t20250623_2744160.html,https://nyj.nmg.gov.cn/slh/tz/index_22.html
20260501_235114,CAND-E73B8AE1C96B,SRC-P-033,省级,内蒙古自治区,内蒙古自治区能源局-通知公告,内蒙古自治区能源局,内蒙古自治区能源局转发国家能源局综合司关于征集智能电网国家科技重大专项2026年度重大研发攻关需求建议的通知,,电网;智能电网,HTML,50,低分候选,暂不回填,https://nyj.nmg.gov.cn/slh/tz/202505/t20250520_2726023.html,https://nyj.nmg.gov.cn/slh/tz/index_23.html
20260501_235114,CAND-76C64E02CF87,SRC-MU-002,直辖市,北京,北京市经济和信息化局-政策文件,北京市经济和信息化局,北京市人民政府办公厅关于印发《北京市关于促进专精特新企业高质量发展的若干措施》的通知,,高质量发展,HTML,50,低分候选,暂不回填,https://jxj.beijing.gov.cn/zwgk/2024zcwj/202411/t20241126_3949975.html,https://jxj.beijing.gov.cn/zwgk/2024zcwj/index_8.html
20260501_235114,CAND-F9B858AD5681,SRC-MU-003,直辖市,北京,北京市科学技术委员会中关村管委会-政策文件,北京市科学技术委员会 中关村科技园区管理委员会,北京市科学技术委员会、中关村科技园区管理委员会关于转发国家重点研发计划“氢能技术”“储能与智能电网技术”重点专项2025年度项目申报要求文件的通知,,电网;智能电网,HTML,50,低分候选,暂不回填,https://kw.beijing.gov.cn/zwgk/zcwj/202506/t20250605_4106748.html,https://kw.beijing.gov.cn/zwgk/zcwj/index_6.html
20260501_235114,CAND-14295E0B7DF3,SRC-MU-003,直辖市,北京,北京市科学技术委员会中关村管委会-政策文件,北京市科学技术委员会 中关村科技园区管理委员会,北京市科学技术委员会、中关村科技园区管理委员会关于转发智能电网国家科技重大专项2024年度公开项目申报要求文件的通知,,电网;智能电网,HTML,50,低分候选,暂不回填,https://kw.beijing.gov.cn/zwgk/zcwj/202409/t20240918_3894439.html,https://kw.beijing.gov.cn/zwgk/zcwj/index_12.html
20260501_235114,CAND-3DA7284CC1D1,SRC-MU-003,直辖市,北京,北京市科学技术委员会中关村管委会-政策文件,北京市科学技术委员会 中关村科技园区管理委员会,北京市科学技术委员会、中关村科技园区管理委员会关于转发智能电网国家科技重大专项2026年度公开项目申报要求文件的通知,,电网;智能电网,HTML,50,低分候选,暂不回填,https://kw.beijing.gov.cn/zwgk/zcwj/202510/t20251031_4249185.html,https://kw.beijing.gov.cn/zwgk/zcwj/index_3.html
20260501_235114,CAND-4A1832FA43A4,SRC-MU-003,直辖市,北京,北京市科学技术委员会中关村管委会-政策文件,北京市科学技术委员会 中关村科技园区管理委员会,北京市科学技术委员会、中关村科技园区管理委员会等部门关于印发《关于支持昌平区医药健康产业高质量发展的若干措施（2026-2028年）》的通知,,高质量发展,HTML,50,低分候选,暂不回填,https://kw.beijing.gov.cn/zwgk/zcwj/202602/t20260203_4487124.html,https://kw.beijing.gov.cn/zwgk/zcwj/index_1.html
20260501_235114,CAND-8E80361115B6,SRC-MU-003,直辖市,北京,北京市科学技术委员会中关村管委会-政策文件,北京市科学技术委员会 中关村科技园区管理委员会,北京市科学技术委员会、中关村科技园区管理委员会等部门关于印发《北京市加快人工智能赋能科学研究高质量发展行动计划（2025-2027年）》的通知,,高质量发展,HTML,50,低分候选,暂不回填,https://kw.beijing.gov.cn/zwgk/zcwj/202507/t20250711_4146595.html,https://kw.beijing.gov.cn/zwgk/zcwj/index_5.html
20260501_235114,CAND-F94A95F58E10,SRC-MU-003,直辖市,北京,北京市科学技术委员会中关村管委会-政策文件,北京市科学技术委员会 中关村科技园区管理委员会,北京市科学技术委员会、中关村科技园区管理委员会等部门关于印发《北京市支持科技服务业高质量发展若干措施》的通知,,高质量发展,HTML,50,低分候选,暂不回填,https://kw.beijing.gov.cn/zwgk/zcwj/202501/t20250120_3993513.html,https://kw.beijing.gov.cn/zwgk/zcwj/index_8.html
20260501_235114,CAND-E83E0E4E8F84,SRC-MU-002,直辖市,北京,北京市经济和信息化局-政策文件,北京市经济和信息化局,北京市经济和信息化局 昌平区人民政府关于印发《北京市美丽健康产业高质量发展三年行动方案》的通知,,高质量发展,HTML,50,低分候选,暂不回填,https://jxj.beijing.gov.cn/zwgk/2024zcwj/202406/t20240601_3701507.html,https://jxj.beijing.gov.cn/zwgk/2024zcwj/index_10.html
20260501_235114,CAND-8D4E08DDD29D,SRC-MU-002,直辖市,北京,北京市经济和信息化局-政策文件,北京市经济和信息化局,北京市经济和信息化局关于印发《北京市推动软件和信息服务业高质量发展的若干政策措施》的通知,,高质量发展,HTML,50,低分候选,暂不回填,https://jxj.beijing.gov.cn/zwgk/2024zcwj/202405/t20240531_3700364.html,https://jxj.beijing.gov.cn/zwgk/2024zcwj/index_11.html
20260501_235114,CAND-80D4ECD388D5,SRC-MU-002,直辖市,北京,北京市经济和信息化局-政策文件,北京市经济和信息化局,北京市经济和信息化局关于印发《北京市新型储能产业发展实施方案（2024—2027年）》的通知,,新型储能,HTML,50,低分候选,暂不回填,https://jxj.beijing.gov.cn/zwgk/2024zcwj/202412/t20241205_3957632.html,https://jxj.beijing.gov.cn/zwgk/2024zcwj/index_8.html
20260501_235114,CAND-B787C7DB6A40,SRC-MU-002,直辖市,北京,北京市经济和信息化局-政策文件,北京市经济和信息化局,北京市经济和信息化局关于印发《北京市智能眼镜产业高质量发展行动方案（2026—2030年）》的通知,,高质量发展,HTML,50,低分候选,暂不回填,https://jxj.beijing.gov.cn/zwgk/2024zcwj/202604/t20260403_4574651.html,https://jxj.beijing.gov.cn/zwgk/2024zcwj/
20260501_235114,CAND-01B8B38B7984,SRC-MU-002,直辖市,北京,北京市经济和信息化局-政策文件,北京市经济和信息化局,北京市经济和信息化局关于开展第三批第一年国家级专精特新“小巨人”企业高质量发展项目验收工作的通知,,高质量发展,HTML,50,低分候选,暂不回填,https://jxj.beijing.gov.cn/zwgk/2024zcwj/202507/t20250723_4156239.html,https://jxj.beijing.gov.cn/zwgk/2024zcwj/index_4.html
20260501_235114,CAND-55F6E632336D,SRC-MU-002,直辖市,北京,北京市经济和信息化局-政策文件,北京市经济和信息化局,北京市经济和信息化局关于开展第三批第二年国家级专精特新“小巨人”企业高质量发展项目申报工作的通知,,高质量发展,HTML,50,低分候选,暂不回填,https://jxj.beijing.gov.cn/zwgk/2024zcwj/202507/t20250723_4156227.html,https://jxj.beijing.gov.cn/zwgk/2024zcwj/index_4.html
20260501_235114,CAND-C4579CD9CE34,SRC-MU-002,直辖市,北京,北京市经济和信息化局-政策文件,北京市经济和信息化局,北京市经济和信息化局关于组织开展北京市第三批第二年国家级专精特新“小巨人”企业高质量发展资金强创新促发展项目申报工作的通知,,高质量发展,HTML,50,低分候选,暂不回填,https://jxj.beijing.gov.cn/zwgk/2024zcwj/202503/t20250313_4033603.html,https://jxj.beijing.gov.cn/zwgk/2024zcwj/index_6.html
20260501_235114,CAND-0CA2B54FB73C,SRC-MU-002,直辖市,北京,北京市经济和信息化局-政策文件,北京市经济和信息化局,北京市经济和信息化局关于组织开展北京市第二批第一年国家级专精特新“小巨人”企业高质量发展项目绩效考核工作的通知,,高质量发展,HTML,50,低分候选,暂不回填,https://jxj.beijing.gov.cn/zwgk/2024zcwj/202503/t20250313_4033599.html,https://jxj.beijing.gov.cn/zwgk/2024zcwj/index_6.html
20260501_235114,CAND-2C139E9ECC49,SRC-MU-002,直辖市,北京,北京市经济和信息化局-政策文件,北京市经济和信息化局,北京市经济和信息化局关于组织开展北京市第二批第三年国家级专精特新“小巨人”企业高质量发展项目申报工作的通知,,高质量发展,HTML,50,低分候选,暂不回填,https://jxj.beijing.gov.cn/zwgk/2024zcwj/202503/t20250313_4033597.html,https://jxj.beijing.gov.cn/zwgk/2024zcwj/index_6.html
20260501_235114,CAND-81856457A133,SRC-MU-002,直辖市,北京,北京市经济和信息化局-政策文件,北京市经济和信息化局,北京市经济和信息化局关于组织开展北京市第二批第二年国家级专精特新“小巨人”企业高质量发展项目验收及绩效考核工作的通知,,高质量发展,HTML,50,低分候选,暂不回填,https://jxj.beijing.gov.cn/zwgk/2024zcwj/202503/t20250313_4033593.html,https://jxj.beijing.gov.cn/zwgk/2024zcwj/index_6.html
20260501_235114,CAND-EA1BE3E183A1,SRC-MU-002,直辖市,北京,北京市经济和信息化局-政策文件,北京市经济和信息化局,北京市经济和信息化局等六部门关于印发《北京市促进医疗器械产业高质量发展若干措施》的通知,,高质量发展,HTML,50,低分候选,暂不回填,https://jxj.beijing.gov.cn/zwgk/2024zcwj/202511/t20251124_4302358.html,https://jxj.beijing.gov.cn/zwgk/2024zcwj/index_2.html
20260501_235114,CAND-3C8DC193555B,SRC-MU-002,直辖市,北京,北京市经济和信息化局-政策文件,北京市经济和信息化局,北京市经济和信息化局等四部门关于印发《北京市促进低空经济产业高质量发展行动方案（2024-2027年）》的通知,,高质量发展,HTML,50,低分候选,暂不回填,https://jxj.beijing.gov.cn/zwgk/2024zcwj/202409/t20240930_3909804.html,https://jxj.beijing.gov.cn/zwgk/2024zcwj/index_8.html
20260501_235114,CAND-DDFF263D9FE1,SRC-T-001,交易机构,南方区域,广州电力交易中心-交易规则,广州电力交易中心,南方区域绿色电力证书交易实施细则（2023年版）,,实施细则,PDF,50,低分候选,暂不回填,https://www.gzpec.cn/law/jygz/202310/P020231025623801942126.pdf,https://www.gzpec.cn/law/jygz/index_2.html
20260501_235114,CAND-F618AA971A11,SRC-MU-004,直辖市,天津,天津市发展和改革委员会-政策法规,天津市发展和改革委员会,天津市促进海水淡化产业高质量发展实施方案.docx,,高质量发展,DOCX,50,低分候选,暂不回填,https://fzgg.tj.gov.cn/zwgk_47325/zcfg_47338/zcwjx/fgwj/202204/W020220419342130246237.docx,https://fzgg.tj.gov.cn/zwgk_47325/zcfg_47338/index_6.html
20260501_235114,CAND-F9429C782DE1,SRC-MU-007,直辖市,上海,上海市发展和改革委员会-政策文件,上海市发展和改革委员会,市发展改革委 市财政局关于印发《上海市加力支持汽车以旧换新补贴政策实施细则（新能源）》的通知,,实施细则,HTML,50,低分候选,暂不回填,http://fgw.sh.gov.cn/fgw_gfxwj/20240923/5f3c00b2ca4548fdb5fc15c450d153fe.html,https://fgw.sh.gov.cn/fgw_zcwjfl/index_12.html
20260501_235114,CAND-67415C85DA3C,SRC-P-002,省级,广东,广东省能源局-通知公告,广东省能源局,广东省能源局关于发布《广东省新型电力系统技术创新研究指南》及开展项目申报的通知07-04,,新型电力系统,HTML,50,低分候选,暂不回填,https://drc.gd.gov.cn/snyj/tzgg/content/post_4211873.html,https://drc.gd.gov.cn/snyj/tzgg/mindex_21.html
20260501_235114,CAND-B0E3CBAAC3E8,SRC-P-002,省级,广东,广东省能源局-通知公告,广东省能源局,广东省能源局关于广东省新型电力系统技术创新项目立项的通知12-13,,新型电力系统,HTML,50,低分候选,暂不回填,https://drc.gd.gov.cn/snyj/tzgg/content/post_4300450.html,https://drc.gd.gov.cn/snyj/tzgg/mindex_18.html
20260501_235114,CAND-F431B3F6A5B6,SRC-P-002,省级,广东,广东省能源局-通知公告,广东省能源局,广东省能源局关于转发《国家能源局综合司关于征集智能电网国家科技重大专项2026年度重大研发攻关需求建议的函》的通知05-20,,电网;智能电网,HTML,50,低分候选,暂不回填,https://drc.gd.gov.cn/snyj/tzgg/content/post_4713737.html,https://drc.gd.gov.cn/snyj/tzgg/mindex_7.html
20260501_235114,CAND-D4EB161C3DC9,SRC-P-002,省级,广东,广东省能源局-通知公告,广东省能源局,广东省能源局关于转发《智能电网国家科技重大专项管理办公室关于征集2027年度重大研发攻关需求建议的函》的通知04-10,,电网;智能电网,HTML,50,低分候选,暂不回填,https://drc.gd.gov.cn/snyj/tzgg/content/post_4881258.html,https://drc.gd.gov.cn/snyj/tzgg/mindex.html
20260501_235114,CAND-C8CD31ADFB98,SRC-P-002,省级,广东,广东省能源局-通知公告,广东省能源局,广东省能源局转发国家能源局综合司关于征集智能电网国家科技重大专项2025年度重大攻关需求建议的通知10-29,,电网;智能电网,HTML,50,低分候选,暂不回填,https://drc.gd.gov.cn/snyj/tzgg/content/post_4515619.html,https://drc.gd.gov.cn/snyj/tzgg/mindex_11.html
20260501_235114,CAND-3F2E91D7D220,SRC-MU-010,直辖市,重庆,重庆市发展和改革委员会-政策文件,重庆市发展和改革委员会,重庆市发展和改革委员会 重庆市经济和信息化委员会 重庆市财政局 重庆市商务委员会关于印发支持企业高质量发展若干政策措施的通知,,高质量发展,HTML,50,低分候选,暂不回填,https://fzggw.cq.gov.cn/zwgk/zfxxgkml/zcwj/fzhsxwj/202401/t20240122_12846781.html,https://fzggw.cq.gov.cn/zwgk/zfxxgkml/zcwj/
20260501_235114,CAND-3E38A8C35366,SRC-R-003,区域监管,山东,国家能源局山东监管办公室-通知公告,国家能源局派出机构,关于印发《山东省发电机组并网安全性评价实施细则》的通知 2014-05-20,2014-05-20,实施细则,HTML,50,低分候选,暂不回填,https://sdb.nea.gov.cn/dtyw/tzgg/202309/t20230919_110148.html,https://sdb.nea.gov.cn/dtyw/tzgg/index_23.html
20260501_235114,CAND-5329ACB0CB4B,SRC-R-003,区域监管,山东,国家能源局山东监管办公室-通知公告,国家能源局派出机构,关于修订我省风电场并网运行管理实施细则有关条款的通知 2014-06-10,2014-06-10,实施细则,HTML,50,低分候选,暂不回填,https://sdb.nea.gov.cn/dtyw/tzgg/202309/t20230919_110159.html,https://sdb.nea.gov.cn/dtyw/tzgg/index_22.html
20260501_235114,CAND-5DE8315BBB89,SRC-R-003,区域监管,山东,国家能源局山东监管办公室-通知公告,国家能源局派出机构,关于进一步加强市级电网大面积停电应急工作的通知 2014-07-18,2014-07-18,电网,HTML,50,低分候选,暂不回填,https://sdb.nea.gov.cn/dtyw/tzgg/202309/t20230919_110170.html,https://sdb.nea.gov.cn/dtyw/tzgg/index_22.html
20260501_235114,CAND-E890A5DEEDDD,SRC-R-003,区域监管,山东,国家能源局山东监管办公室-通知公告,国家能源局派出机构,关于印发《山东省电力安全事件监督管理规定实施细则》的通知 2014-09-02,2014-09-02,实施细则;电力安全,HTML,50,低分候选,暂不回填,https://sdb.nea.gov.cn/dtyw/tzgg/202309/t20230919_110175.html,https://sdb.nea.gov.cn/dtyw/tzgg/index_21.html
20260501_235114,CAND-522B2660F703,SRC-R-006,区域监管,西北区域,国家能源局西北监管局-通知公告,国家能源局派出机构,关于印发《西北区域发电厂并网运行管理实施细则》及《西北区域并网发电厂辅助服务... 2015-09-17,2015-09-17,实施细则;辅助服务,HTML,50,低分候选,暂不回填,https://xbj.nea.gov.cn/dtyw/tzgg/202310/t20231013_147483.html,https://xbj.nea.gov.cn/dtyw/tzgg/index_23.html
20260501_235114,CAND-8C8D7A926910,SRC-R-006,区域监管,西北区域,国家能源局西北监管局-通知公告,国家能源局派出机构,关于征求《青海省电力中长期交易规则（暂行）》（征求意见稿）意见建议的通知 2017-03-20,2017-03-20,交易规则;中长期,HTML,50,低分候选,暂不回填,https://xbj.nea.gov.cn/dtyw/tzgg/202310/t20231013_147488.html,https://xbj.nea.gov.cn/dtyw/tzgg/index_23.html
20260501_235114,CAND-F60C1563C5F2,SRC-R-006,区域监管,西北区域,国家能源局西北监管局-通知公告,国家能源局派出机构,关于征求《宁夏电力中长期交易规则（暂行）》（征求意见稿）意见建议的通知 2017-03-21,2017-03-21,交易规则;中长期,HTML,50,低分候选,暂不回填,https://xbj.nea.gov.cn/dtyw/tzgg/202310/t20231013_147489.html,https://xbj.nea.gov.cn/dtyw/tzgg/index_23.html
20260501_235114,CAND-4287D7B565E7,SRC-R-006,区域监管,西北区域,国家能源局西北监管局-通知公告,国家能源局派出机构,关于报送2016年度电网企业价格与成本信息的通知 2017-03-28,2017-03-28,电网,HTML,50,低分候选,暂不回填,https://xbj.nea.gov.cn/dtyw/tzgg/202310/t20231013_147492.html,https://xbj.nea.gov.cn/dtyw/tzgg/index_22.html
20260501_235114,CAND-B0D91E8AAD8C,SRC-P-013,省级,四川,四川省发展和改革委员会-政策文件,四川省发展和改革委员会,关于四川电网2017—2019年输配电价 及有关事项的通知,2017-12-29,输配电价;电网,HTML,50,低分候选,暂不回填,https://fgw.sc.gov.cn/sfgw/zcwj/2017/12/29/8dac3cab0ed04dbeaf16a03496c92e6a.shtml,https://fgw.sc.gov.cn/sfgw/zcwj/list_14.shtml
20260501_235114,CAND-32EC56B7C34A,SRC-R-003,区域监管,山东,国家能源局山东监管办公室-通知公告,国家能源局派出机构,关于明确山东省非电网企业存量配电项目配电区域划分有关事项的通知 2018-01-22,2018-01-22,电网,HTML,50,低分候选,暂不回填,https://sdb.nea.gov.cn/dtyw/tzgg/202309/t20230919_110357.html,https://sdb.nea.gov.cn/dtyw/tzgg/index_9.html
20260501_235114,CAND-9C17458917F4,SRC-R-006,区域监管,西北区域,国家能源局西北监管局-通知公告,国家能源局派出机构,关于报送2017年度电网企业价格与成本信息的通知 2018-04-04,2018-04-04,电网,HTML,50,低分候选,暂不回填,https://xbj.nea.gov.cn/dtyw/tzgg/202310/t20231013_147501.html,https://xbj.nea.gov.cn/dtyw/tzgg/index_22.html
20260501_235114,CAND-60023B1AE45E,SRC-P-013,省级,四川,四川省发展和改革委员会-政策文件,四川省发展和改革委员会,四川省发展和改革委员会关于2018年富余电量输配电价有关问题的通知（川发改价格〔2018〕245号）,2018-06-05,输配电价,HTML,50,低分候选,暂不回填,https://fgw.sc.gov.cn/sfgw/zcwj/2018/6/5/47513843662647cb98ab92964f4bcc8d.shtml,https://fgw.sc.gov.cn/sfgw/zcwj/list_11.shtml
20260501_235114,CAND-4E430FA05A73,SRC-P-013,省级,四川,四川省发展和改革委员会-政策文件,四川省发展和改革委员会,四川省发展和改革委员会关于调整省属电网电价管理权限有关事项的通知（川发改价格〔2018〕244号）,2018-06-05,电网,HTML,50,低分候选,暂不回填,https://fgw.sc.gov.cn/sfgw/zcwj/2018/6/5/98e6e165bf964be2becda7543e30d530.shtml,https://fgw.sc.gov.cn/sfgw/zcwj/list_12.shtml
20260501_235114,CAND-B406EE6ED2DC,SRC-P-013,省级,四川,四川省发展和改革委员会-政策文件,四川省发展和改革委员会,四川省发展和改革委员会关于降低省属电网一般工商业电价有关事项的通知（川发改价格〔2018〕241号）,2018-06-05,电网,HTML,50,低分候选,暂不回填,https://fgw.sc.gov.cn/sfgw/zcwj/2018/6/5/856b07cb20394699afb64cf796db3381.shtml,https://fgw.sc.gov.cn/sfgw/zcwj/list_12.shtml
20260501_235114,CAND-D531CFB055F3,SRC-PR-001,省级监管,江苏,国家能源局江苏监管办公室-通知,国家能源局江苏监管办公室,关于下达2017年江苏统调发电企业辅助服务补偿结果的通知 2018-08-08,2018-08-08,辅助服务,HTML,50,低分候选,暂不回填,https://jsb.nea.gov.cn/dtyw/tz/202309/t20230910_32118.html,https://jsb.nea.gov.cn/dtyw/tz/index_8.html
20260501_235114,CAND-2B351BEA237B,SRC-P-013,省级,四川,四川省发展和改革委员会-政策文件,四川省发展和改革委员会,四川省发展和改革委员会关于明确大数据等相关用电输配电价政策的通知（川发改价格〔2018〕416号）,2018-09-03,输配电价,HTML,50,低分候选,暂不回填,https://fgw.sc.gov.cn/sfgw/zcwj/2018/9/3/dc76bae15f1346eaa54f8f86ed4fea70.shtml,https://fgw.sc.gov.cn/sfgw/zcwj/list_11.shtml
20260501_235114,CAND-9AB7AEA8DD7D,SRC-PR-003,省级监管,浙江,国家能源局浙江监管办公室-通知公告,国家能源局浙江监管办公室,国家能源局浙江监管办公室关于征求《浙江省电力交易机构监管办法（试行）》意见的函 2018-12-07,2018-12-07,电力交易,HTML,50,低分候选,暂不回填,https://zjb.nea.gov.cn/dtyw/tzgg/202309/t20230914_75780.html,https://zjb.nea.gov.cn/dtyw/tzgg/index_10.html
20260501_235114,CAND-FA493FCFC155,SRC-R-006,区域监管,西北区域,国家能源局西北监管局-通知公告,国家能源局派出机构,国家能源局西北监管局关于印发《西北区域发电厂并网运行管理实施细则》及《西北区... 2018-12-25,2018-12-25,实施细则,HTML,50,低分候选,暂不回填,https://xbj.nea.gov.cn/dtyw/tzgg/202310/t20231013_147511.html,https://xbj.nea.gov.cn/dtyw/tzgg/index_21.html
20260501_235114,CAND-0436FAA29B74,SRC-R-002,区域监管,华中区域,国家能源局华中监管局-通知公告,国家能源局派出机构,关于进一步加强岁末年初和元旦春节期间电力安全生产工作的通知 2019-01-02,2019-01-02,电力安全,HTML,50,低分候选,暂不回填,https://hzj.nea.gov.cn/dtyw/tzgg/202310/t20231021_165530.html,https://hzj.nea.gov.cn/dtyw/tzgg/index_11.html
20260501_235114,CAND-F9FA14325D1F,SRC-PR-001,省级监管,江苏,国家能源局江苏监管办公室-通知,国家能源局江苏监管办公室,江苏能源监管办关于印发《江苏增量配电网企业供电服务规范（试行）》的通知 2019-01-07,2019-01-07,电网;配电网,HTML,50,低分候选,暂不回填,https://jsb.nea.gov.cn/dtyw/tz/202309/t20230910_32131.html,https://jsb.nea.gov.cn/dtyw/tz/index_7.html
20260501_235114,CAND-84397047FE89,SRC-R-003,区域监管,山东,国家能源局山东监管办公室-通知公告,国家能源局派出机构,关于做好岁末年初和春节两会期间电力安全保障工作的通知 2019-01-10,2019-01-10,电力安全,HTML,50,低分候选,暂不回填,https://sdb.nea.gov.cn/dtyw/tzgg/202309/t20230919_110388.html,https://sdb.nea.gov.cn/dtyw/tzgg/index_7.html
20260501_235114,CAND-AB26245BEB71,SRC-MU-008,直辖市,上海,上海市经济和信息化委员会-政策法规,上海市经济和信息化委员会,关于降低本市一般工商业电价有关事项的通知 根据《国家发展改革委关于电网企业增值税税率调整相应降低一般工商业电价的通知》（发改价格〔2019〕559 号）要求，经市政府同意并报国家发展改革委备案，决定将电网环节增值税税率由16%降至13%等措施形成的降价资金，用于降低本市一般工商业电价 2019-04-08,2019-04-08,电网,HTML,50,低分候选,暂不回填,https://www.sheitc.sh.gov.cn/01050220/20190408/0020-682130.html,https://www.sheitc.sh.gov.cn/zcfg/index_23.html
20260501_235114,CAND-A653BE0155D2,SRC-R-006,区域监管,西北区域,国家能源局西北监管局-通知公告,国家能源局派出机构,国家能源局西北监管局关于推荐西北（陕宁青）电力安全专家委员会委员人选的通知 2019-04-24,2019-04-24,电力安全,HTML,50,低分候选,暂不回填,https://xbj.nea.gov.cn/dtyw/tzgg/202310/t20231013_147517.html,https://xbj.nea.gov.cn/dtyw/tzgg/index_21.html
20260501_235114,CAND-10A88757752E,SRC-PR-003,省级监管,浙江,国家能源局浙江监管办公室-通知公告,国家能源局浙江监管办公室,国家能源局华东监管局关于印发《华东区域并网发电厂辅助服务管理实施细则》和《华东区域发电... 2019-04-26,2019-04-26,实施细则;辅助服务,HTML,50,低分候选,暂不回填,https://zjb.nea.gov.cn/dtyw/tzgg/202309/t20230914_75784.html,https://zjb.nea.gov.cn/dtyw/tzgg/index_9.html
20260501_235114,CAND-35DD33E60C6D,SRC-PR-003,省级监管,浙江,国家能源局浙江监管办公室-通知公告,国家能源局浙江监管办公室,国家能源局浙江监管办公室关于征求《浙江省售电市场监管办法（试行）》意见的函 2019-04-26,2019-04-26,市场监管,HTML,50,低分候选,暂不回填,https://zjb.nea.gov.cn/dtyw/tzgg/202309/t20230914_75785.html,https://zjb.nea.gov.cn/dtyw/tzgg/index_9.html
20260501_235114,CAND-E41214DEEAA7,SRC-P-013,省级,四川,四川省发展和改革委员会-政策文件,四川省发展和改革委员会,四川省发展和改革委员会关于印发《四川省生活垃圾焚烧发电中长期专项规划》的通知（川发改环资〔2019〕294号...,2019-06-27,中长期,HTML,50,低分候选,暂不回填,https://fgw.sc.gov.cn/sfgw/zcwj/2019/6/27/88b094c2171041bb887d1b9e6894c13b.shtml,https://fgw.sc.gov.cn/sfgw/zcwj/list_10.shtml
20260501_235114,CAND-842445346F12,SRC-R-003,区域监管,山东,国家能源局山东监管办公室-通知公告,国家能源局派出机构,关于印发《迎接建国70周年电力安全生产专项整治行动工作方案》的通知 2019-07-02,2019-07-02,电力安全,HTML,50,低分候选,暂不回填,https://sdb.nea.gov.cn/dtyw/tzgg/202309/t20230919_110399.html,https://sdb.nea.gov.cn/dtyw/tzgg/index_6.html
20260501_235114,CAND-9A899189F2BB,SRC-PR-001,省级监管,江苏,国家能源局江苏监管办公室-通知,国家能源局江苏监管办公室,关于印发2018年下半年江苏统调发电企业辅助服务补偿结果的通知 2019-07-30,2019-07-30,辅助服务,HTML,50,低分候选,暂不回填,https://jsb.nea.gov.cn/dtyw/tz/202309/t20230910_32151.html,https://jsb.nea.gov.cn/dtyw/tz/index_5.html
20260501_235114,CAND-A5D9AB521CA0,SRC-MU-008,直辖市,上海,上海市经济和信息化委员会-政策法规,上海市经济和信息化委员会,关于印发加强工业互联网安全工作的指导意见的通知 按照《国务院关于深化“互联网+先进制造业”发展工业互联网的指导意见》（以下简称《指导意见》）部署，为加快构建工业互联网安全保障体系，提升工业互联网安全保障能力，促进工业互联网高质量发展，推动现代化经济体系建设，护航制造强国和网络强国战略实施，现就加强工业互联网安全工作提出如下意见。 2019-09-02,2019-09-02,高质量发展,HTML,50,低分候选,暂不回填,https://www.sheitc.sh.gov.cn/bmgzjxgwj/20190902/0020-683522.html,https://www.sheitc.sh.gov.cn/zcfg/index_21.html
20260501_235114,CAND-7F969F40C177,SRC-PR-003,省级监管,浙江,国家能源局浙江监管办公室-通知公告,国家能源局浙江监管办公室,国家能源局浙江监管办公室关于征求2019年度浙江省部分行业放开中长期电力交易相关合同示范文... 2019-10-10,2019-10-10,电力交易;中长期,HTML,50,低分候选,暂不回填,https://zjb.nea.gov.cn/dtyw/tzgg/202309/t20230914_75795.html,https://zjb.nea.gov.cn/dtyw/tzgg/index_9.html
20260501_235114,CAND-8294565E0673,SRC-PR-007,省级监管,新疆,国家能源局新疆监管办公室-通知公告,国家能源局新疆监管办公室,关于印发《新疆电力市场信用体系建设工作方案》的通知 2019-10-15,2019-10-15,电力市场,HTML,50,低分候选,暂不回填,https://xjb.nea.gov.cn/dtyw/tzgg/202309/t20230923_116330.html,https://xjb.nea.gov.cn/dtyw/tzgg/index_24.html
20260501_235114,CAND-AC2F77F9E784,SRC-PR-007,省级监管,新疆,国家能源局新疆监管办公室-通知公告,国家能源局新疆监管办公室,关于成立新疆电力市场信用体系建设工作小组的通知 2019-10-15,2019-10-15,电力市场,HTML,50,低分候选,暂不回填,https://xjb.nea.gov.cn/dtyw/tzgg/202309/t20230923_116329.html,https://xjb.nea.gov.cn/dtyw/tzgg/index_24.html
20260501_235114,CAND-2BEA71D51896,SRC-PR-003,省级监管,浙江,国家能源局浙江监管办公室-通知公告,国家能源局浙江监管办公室,国家能源局浙江监管办公室关于印发2019年度浙江省部分行业放开中长期电力交易相关合同示范文... 2019-10-21,2019-10-21,电力交易;中长期,HTML,50,低分候选,暂不回填,https://zjb.nea.gov.cn/dtyw/tzgg/202309/t20230914_75797.html,https://zjb.nea.gov.cn/dtyw/tzgg/index_9.html
20260501_235114,CAND-DCABF076A49E,SRC-PR-001,省级监管,江苏,国家能源局江苏监管办公室-通知,国家能源局江苏监管办公室,关于印发2019年上半年江苏统调发电企业辅助服务补偿结果的通知 2019-10-25,2019-10-25,辅助服务,HTML,50,低分候选,暂不回填,https://jsb.nea.gov.cn/dtyw/tz/202309/t20230910_32159.html,https://jsb.nea.gov.cn/dtyw/tz/index_5.html
20260501_235114,CAND-6FC9FB36FC73,SRC-R-006,区域监管,西北区域,国家能源局西北监管局-通知公告,国家能源局派出机构,国家能源局西北监管局关于征求《陕西省电力中长期交易规则》（征求意见稿）意见建... 2019-11-18,2019-11-18,交易规则;中长期,HTML,50,低分候选,暂不回填,https://xbj.nea.gov.cn/dtyw/tzgg/202310/t20231013_147525.html,https://xbj.nea.gov.cn/dtyw/tzgg/index_20.html
20260501_235114,CAND-2049F3108372,SRC-PR-007,省级监管,新疆,国家能源局新疆监管办公室-通知公告,国家能源局新疆监管办公室,关于加强和规范新疆电力市场秩序的通知 2020-01-15,2020-01-15,电力市场,HTML,50,低分候选,暂不回填,https://xjb.nea.gov.cn/dtyw/tzgg/202309/t20230923_116371.html,https://xjb.nea.gov.cn/dtyw/tzgg/index_21.html
20260501_235114,CAND-529A9E807C66,SRC-MU-005,直辖市,天津,天津市工业和信息化局-委局文件,天津市工业和信息化局,关于印发天津市支持中小企业高质量发展的若干政策的通知2020-01-17,2020-01-17,高质量发展,HTML,50,低分候选,暂不回填,https://gyxxh.tj.gov.cn/ZWGK4147/ZCWJ6355/wjwj/202101/t20210107_5291294.html,https://gyxxh.tj.gov.cn/ZWGK4147/ZCWJ6355/wjwj/index_19.html
20260501_235114,CAND-6C59B002FB5B,SRC-PR-001,省级监管,江苏,国家能源局江苏监管办公室-通知,国家能源局江苏监管办公室,关于印发2019年下半年江苏统调发电企业辅助服务补偿结果的通知 2020-04-17,2020-04-17,辅助服务,HTML,50,低分候选,暂不回填,https://jsb.nea.gov.cn/dtyw/tz/202309/t20230910_32180.html,https://jsb.nea.gov.cn/dtyw/tz/index_3.html
20260501_235114,CAND-E0087AFA75B9,SRC-PR-003,省级监管,浙江,国家能源局浙江监管办公室-通知公告,国家能源局浙江监管办公室,浙江省能源监管办关于开展浙江省电力市场监管专家调整推荐工作的通知 2020-05-12,2020-05-12,电力市场;市场监管,HTML,50,低分候选,暂不回填,https://zjb.nea.gov.cn/dtyw/tzgg/202309/t20230914_75824.html,https://zjb.nea.gov.cn/dtyw/tzgg/index_8.html
20260501_235114,CAND-6DC669BB220E,SRC-PR-007,省级监管,新疆,国家能源局新疆监管办公室-通知公告,国家能源局新疆监管办公室,关于征求《新疆电力市场交易信用评价及评定管理办法（征求意见稿）》意见的通知 2020-05-29,2020-05-29,电力市场,HTML,50,低分候选,暂不回填,https://xjb.nea.gov.cn/dtyw/tzgg/202309/t20230923_116405.html,https://xjb.nea.gov.cn/dtyw/tzgg/index_19.html
20260501_235114,CAND-C9224F1DF2F0,SRC-R-003,区域监管,山东,国家能源局山东监管办公室-通知公告,国家能源局派出机构,关于进一步加强电力安全信息报送工作的通知 2020-07-13,2020-07-13,电力安全,HTML,50,低分候选,暂不回填,https://sdb.nea.gov.cn/dtyw/tzgg/202309/t20230919_110425.html,https://sdb.nea.gov.cn/dtyw/tzgg/index_5.html
20260501_235114,CAND-BFC69CA6B6AE,SRC-PR-003,省级监管,浙江,国家能源局浙江监管办公室-通知公告,国家能源局浙江监管办公室,关于征求《华东区域跨省电力中长期交易规则（征求意见稿）》意见的函 2020-07-21,2020-07-21,交易规则;中长期;跨省,HTML,50,低分候选,暂不回填,https://zjb.nea.gov.cn/dtyw/tzgg/202309/t20230914_75837.html,https://zjb.nea.gov.cn/dtyw/tzgg/index_7.html
20260501_235114,CAND-2DB02D183EC6,SRC-R-002,区域监管,华中区域,国家能源局华中监管局-通知公告,国家能源局派出机构,华中能源监管局关于公开征求《江西省电力辅助服务市场运营规则（暂行）》（征求意... 2020-08-03,2020-08-03,运营规则;辅助服务,HTML,50,低分候选,暂不回填,https://hzj.nea.gov.cn/dtyw/tzgg/202310/t20231021_165546.html,https://hzj.nea.gov.cn/dtyw/tzgg/index_10.html
20260501_235114,CAND-881776360755,SRC-PR-007,省级监管,新疆,国家能源局新疆监管办公室-通知公告,国家能源局新疆监管办公室,关于征求《新疆电力中长期交易实施细则（征求意见稿）》意见的通知 2020-09-08,2020-09-08,实施细则;中长期,HTML,50,低分候选,暂不回填,https://xjb.nea.gov.cn/dtyw/tzgg/202309/t20230923_116421.html,https://xjb.nea.gov.cn/dtyw/tzgg/index_18.html
20260501_235114,CAND-E3C76ECA0FD5,SRC-PR-007,省级监管,新疆,国家能源局新疆监管办公室-通知公告,国家能源局新疆监管办公室,关于印发《新疆电力市场售电公司与电力用户代理协议标准文本（试行）》的通知 2020-09-29,2020-09-29,电力市场,HTML,50,低分候选,暂不回填,https://xjb.nea.gov.cn/dtyw/tzgg/202309/t20230923_116434.html,https://xjb.nea.gov.cn/dtyw/tzgg/index_17.html
20260501_235114,CAND-638B483B4C06,SRC-PR-001,省级监管,江苏,国家能源局江苏监管办公室-通知,国家能源局江苏监管办公室,关于印发2020年上半年江苏统调发电企业辅助服务补偿结果的通知 2020-10-08,2020-10-08,辅助服务,HTML,50,低分候选,暂不回填,https://jsb.nea.gov.cn/dtyw/tz/202309/t20230910_32187.html,https://jsb.nea.gov.cn/dtyw/tz/index_3.html
20260501_235114,CAND-12541C331FAB,SRC-P-037,省级,山西,山西省能源局-政策文件检索电力,山西省能源局,山西省人民政府办公厅关于印发山西省进一步推进电力市场建设工作方案的通知,2020-11-09,电力市场,HTML,50,低分候选,暂不回填,http://nyj.shanxi.gov.cn/zfxxgk/szfwj/202505/t20250506_9826241.shtml,https://nyj.shanxi.gov.cn/trs-search/trssearch/openSearch/getZwgkList?keywords=%E7%94%B5%E5%8A%9B&pageNum=3&siteId=60&chnId=&dockind=2&position=0&sort=1&suitability=0
20260501_235114,CAND-830EADD93568,SRC-R-006,区域监管,西北区域,国家能源局西北监管局-通知公告,国家能源局派出机构,国家能源局西北监管局关于征求《青海省电力辅助服务市场运营规则》（征求意见稿）... 2020-12-01,2020-12-01,运营规则;辅助服务,HTML,50,低分候选,暂不回填,https://xbj.nea.gov.cn/dtyw/tzgg/202310/t20231013_147545.html,https://xbj.nea.gov.cn/dtyw/tzgg/index_19.html
20260501_235114,CAND-9BA802CD5C93,SRC-PR-004,省级监管,福建,国家能源局福建监管办公室-通知公告,国家能源局福建监管办公室,国家发改委 国家能源局关于做好2021年电力中长期合同签订工作的通知（发改运行〔20... 2021-01-19,2021-01-19,中长期,HTML,50,低分候选,暂不回填,https://fjb.nea.gov.cn/dtyw/tzgg/202312/t20231217_221248.html,https://fjb.nea.gov.cn/dtyw/tzgg/index_20.html
20260501_235114,CAND-456EF21A4456,SRC-PR-001,省级监管,江苏,国家能源局江苏监管办公室-通知,国家能源局江苏监管办公室,关于印发《售电公司与电力用户购售电合同（示范文本）》《江苏电力中长期交易合同（示范文本... 2021-02-05,2021-02-05,中长期,HTML,50,低分候选,暂不回填,https://jsb.nea.gov.cn/dtyw/tz/202309/t20230910_32195.html,https://jsb.nea.gov.cn/dtyw/tz/index_2.html
20260501_235114,CAND-816135392CBA,SRC-MU-005,直辖市,天津,天津市工业和信息化局-委局文件,天津市工业和信息化局,市工业和信息化局关于印发2021年春节期间电力需求响应实施细则的通知2021-02-05,2021-02-05,实施细则,HTML,50,低分候选,暂不回填,https://gyxxh.tj.gov.cn/ZWGK4147/ZCWJ6355/wjwj/202107/t20210713_5507773.html,https://gyxxh.tj.gov.cn/ZWGK4147/ZCWJ6355/wjwj/index_19.html
20260501_235114,CAND-82D87DE130BF,SRC-PR-006,省级监管,贵州,国家能源局贵州监管办公室-通知公告,国家能源局贵州监管办公室,关于贵州省统调电厂2021年4-12月并网运行考核及辅助服务补偿结果的通知 2022-06-24,2021-04-12,辅助服务,HTML,50,低分候选,暂不回填,https://gzb.nea.gov.cn/dtyw/tzgg/202308/t20230821_3853.html,https://gzb.nea.gov.cn/dtyw/tzgg/index_23.html
20260501_235114,CAND-B6C1DB47F666,SRC-PR-001,省级监管,江苏,国家能源局江苏监管办公室-通知,国家能源局江苏监管办公室,关于印发2020年下半年江苏统调发电企业辅助服务补偿结果的通知 2021-04-22,2021-04-22,辅助服务,HTML,50,低分候选,暂不回填,https://jsb.nea.gov.cn/dtyw/tz/202309/t20230910_32198.html,https://jsb.nea.gov.cn/dtyw/tz/index_2.html
20260501_235114,CAND-E9413CC29466,SRC-PR-005,省级监管,四川,国家能源局四川监管办公室-通知公告,国家能源局四川监管办公室,关于对《四川省直调发电厂2021年2月辅助服务补偿及并网运行考核情况》进行公示的通知 2021-05-13,2021-05-13,辅助服务,HTML,50,低分候选,暂不回填,https://scb.nea.gov.cn/dtyw/tzgg/202310/t20231009_134252.html,https://scb.nea.gov.cn/dtyw/tzgg/index_24.html
20260501_235114,CAND-51C1C7D1E8A8,SRC-PR-003,省级监管,浙江,国家能源局浙江监管办公室-通知公告,国家能源局浙江监管办公室,关于征求《浙江省第三方独立主体参与电力辅助服务市场交易规则（试行）（征求意见稿）》意见的函 2021-05-20,2021-05-20,交易规则;辅助服务,HTML,50,低分候选,暂不回填,https://zjb.nea.gov.cn/dtyw/tzgg/202309/t20230914_75868.html,https://zjb.nea.gov.cn/dtyw/tzgg/index_5.html
20260501_235114,CAND-63B6A04A4FF6,SRC-R-004,区域监管,华北区域,国家能源局华北监管局-通知公告,国家能源局派出机构,关于5月30日白天停电网站停运的公告 2021-05-28,2021-05-28,电网,HTML,50,低分候选,暂不回填,https://hbj.nea.gov.cn/dtyw/tzgg/202309/t20230925_120316.html,https://hbj.nea.gov.cn/dtyw/tzgg/index_24.html
20260501_235114,CAND-BD716B69BADA,SRC-PR-004,省级监管,福建,国家能源局福建监管办公室-通知公告,国家能源局福建监管办公室,关于印发福建省配电网建设及供电能力重点监管工作方案的通知（闽监能稽查〔2021〕4... 2021-06-04,2021-06-04,电网;配电网,HTML,50,低分候选,暂不回填,https://fjb.nea.gov.cn/dtyw/tzgg/202312/t20231217_221261.html,https://fjb.nea.gov.cn/dtyw/tzgg/index_16.html
20260501_235114,CAND-EF9A6115AF38,SRC-R-002,区域监管,华中区域,国家能源局华中监管局-通知公告,国家能源局派出机构,华中能源监管局关于《西藏自治区电力中长期交易规则（征求意见稿）》公开征求意见... 2021-06-08,2021-06-08,交易规则;中长期,HTML,50,低分候选,暂不回填,https://hzj.nea.gov.cn/dtyw/tzgg/202310/t20231021_165556.html,https://hzj.nea.gov.cn/dtyw/tzgg/index_10.html
20260501_235114,CAND-DB5AEFBB2BF7,SRC-PR-005,省级监管,四川,国家能源局四川监管办公室-通知公告,国家能源局四川监管办公室,关于对《四川省直调发电厂2021年3月辅助服务补偿及并网运行考核情况》进行公示的通知 2021-06-17,2021-06-17,辅助服务,HTML,50,低分候选,暂不回填,https://scb.nea.gov.cn/dtyw/tzgg/202310/t20231009_134254.html,https://scb.nea.gov.cn/dtyw/tzgg/index_24.html
20260501_235114,CAND-1A484F822D8B,SRC-PR-005,省级监管,四川,国家能源局四川监管办公室-通知公告,国家能源局四川监管办公室,关于对《四川省直调发电厂2021年4月辅助服务补偿及并网运行考核情况》进行公示的通知 2021-07-01,2021-07-01,辅助服务,HTML,50,低分候选,暂不回填,https://scb.nea.gov.cn/dtyw/tzgg/202310/t20231009_134255.html,https://scb.nea.gov.cn/dtyw/tzgg/index_24.html
20260501_235114,CAND-9819FB14BF7E,SRC-MU-005,直辖市,天津,天津市工业和信息化局-委局文件,天津市工业和信息化局,市工业和信息化局关于印发2021年夏季电力需求响应实施细则的通知2021-07-05,2021-07-05,实施细则,HTML,50,低分候选,暂不回填,https://gyxxh.tj.gov.cn/ZWGK4147/ZCWJ6355/wjwj/202107/t20210705_5495772.html,https://gyxxh.tj.gov.cn/ZWGK4147/ZCWJ6355/wjwj/index_17.html
20260501_235114,CAND-623AD00D83AF,SRC-MU-008,直辖市,上海,上海市经济和信息化委员会-政策法规,上海市经济和信息化委员会,打造人工智能“上海标准”！一图看懂《关于推进本市新一代人工智能标准体系建设的指导意见》 人工智能标准体系是促进人工智能高质量发展的重要基石。为积极推动上海人工智能标准制定与实施，建立健全上海新一代人工智能标准体系，全面赋能上海城市数字化转型，推动产业健康可持续发展，市经济信息化委、市市场监管局共同制定了《关于推进本市新一代人工智能标准体系建设的指导意见》。 2021-07-09,2021-07-09,市场监管;高质量发展,HTML,50,低分候选,暂不回填,https://www.sheitc.sh.gov.cn/sjxwxgzcjd/20210809/6039784e6d704ac6835bd785d241b861.html,https://www.sheitc.sh.gov.cn/zcfg/index_14.html
20260501_235114,CAND-7AE6819E8807,SRC-R-002,区域监管,华中区域,国家能源局华中监管局-通知公告,国家能源局派出机构,华中能源监管局关于《川渝一体化电力调峰辅助服务市场运营规则（征求意见稿）》公... 2021-07-30,2021-07-30,运营规则;辅助服务;调峰,HTML,50,低分候选,暂不回填,https://hzj.nea.gov.cn/dtyw/tzgg/202310/t20231021_165559.html,https://hzj.nea.gov.cn/dtyw/tzgg/index_9.html
20260501_235114,CAND-4B9135ADDD73,SRC-PR-005,省级监管,四川,国家能源局四川监管办公室-通知公告,国家能源局四川监管办公室,关于对《四川省直调发电厂2021年5月辅助服务补偿及并网运行考核情况》进行公示的通知 2021-08-09,2021-08-09,辅助服务,HTML,50,低分候选,暂不回填,https://scb.nea.gov.cn/dtyw/tzgg/202310/t20231009_134259.html,https://scb.nea.gov.cn/dtyw/tzgg/index_24.html
20260501_235114,CAND-D01F22D3E86E,SRC-R-002,区域监管,华中区域,国家能源局华中监管局-通知公告,国家能源局派出机构,华中能源监管局关于公开征求《新型主体参与华中电力调峰辅助服务市场规则（征求意... 2021-08-18,2021-08-18,辅助服务;调峰,HTML,50,低分候选,暂不回填,https://hzj.nea.gov.cn/dtyw/tzgg/202310/t20231021_165560.html,https://hzj.nea.gov.cn/dtyw/tzgg/index_9.html
20260501_235114,CAND-FD7E5E51F22C,SRC-PR-005,省级监管,四川,国家能源局四川监管办公室-通知公告,国家能源局四川监管办公室,关于对《四川省直调发电厂2021年6月辅助服务补偿及并网运行考核情况》进行公示的通知 2021-08-30,2021-08-30,辅助服务,HTML,50,低分候选,暂不回填,https://scb.nea.gov.cn/dtyw/tzgg/202310/t20231009_134260.html,https://scb.nea.gov.cn/dtyw/tzgg/index_24.html
20260501_235114,CAND-10FDC5A4795C,SRC-PR-005,省级监管,四川,国家能源局四川监管办公室-通知公告,国家能源局四川监管办公室,关于对《四川省直调发电厂2021年7月辅助服务补偿及并网运行考核情况》进行公示的通知 2021-09-29,2021-09-29,辅助服务,HTML,50,低分候选,暂不回填,https://scb.nea.gov.cn/dtyw/tzgg/202310/t20231009_134262.html,https://scb.nea.gov.cn/dtyw/tzgg/index_24.html
20260501_235114,CAND-2C73CB15DF77,SRC-PR-007,省级监管,新疆,国家能源局新疆监管办公室-通知公告,国家能源局新疆监管办公室,关于征求《新疆电力中长期交易实施细则 （征求意见稿）》意见的通知 2021-09-29,2021-09-29,实施细则;中长期,HTML,50,低分候选,暂不回填,https://xjb.nea.gov.cn/dtyw/tzgg/202309/t20230923_116507.html,https://xjb.nea.gov.cn/dtyw/tzgg/index_12.html
20260501_235114,CAND-1E9296B2FF79,SRC-MU-006,直辖市,天津,天津市科学技术局-科技局政策文件,天津市科学技术局,市科技局印发关于加强科技人才队伍建设支撑高质量发展的若干措施的通知2021-11-19,2021-11-19,高质量发展,HTML,50,低分候选,暂不回填,https://kxjs.tj.gov.cn/managecol/ZCWJ0923/kjjzcwj09233/202111/t20211119_5713922.html,https://kxjs.tj.gov.cn/managecol/ZCWJ0923/kjjzcwj09233/index_11.html
20260501_235114,CAND-87963F0C238A,SRC-R-004,区域监管,华北区域,国家能源局华北监管局-通知公告,国家能源局派出机构,华北能源监管局关于修订华北区域发电厂并网运行管理实施细则（2019年修订版）部分... 2021-11-22,2021-11-22,实施细则,HTML,50,低分候选,暂不回填,https://hbj.nea.gov.cn/dtyw/tzgg/202309/t20230925_120340.html,https://hbj.nea.gov.cn/dtyw/tzgg/index_23.html
20260501_235114,CAND-E93650C8A24E,SRC-PR-005,省级监管,四川,国家能源局四川监管办公室-通知公告,国家能源局四川监管办公室,关于公开征求《四川电力中长期及现货市场信息披露管理办法（征求意见稿）》 意见的... 2021-11-30,2021-11-30,中长期;现货,HTML,50,低分候选,暂不回填,https://scb.nea.gov.cn/dtyw/tzgg/202310/t20231009_134269.html,https://scb.nea.gov.cn/dtyw/tzgg/index_23.html
20260501_235114,CAND-CFF09280EA19,SRC-PR-003,省级监管,浙江,国家能源局浙江监管办公室-通知公告,国家能源局浙江监管办公室,浙江能源监管办关于征求2022年浙江省电力中长期交易合同示范文本意见的函 2021-12-11,2021-12-11,中长期,HTML,50,低分候选,暂不回填,https://zjb.nea.gov.cn/dtyw/tzgg/202309/t20230914_75876.html,https://zjb.nea.gov.cn/dtyw/tzgg/index_4.html
20260501_235114,CAND-3C887A53DDF7,SRC-PR-005,省级监管,四川,国家能源局四川监管办公室-通知公告,国家能源局四川监管办公室,关于对《四川省直调发电厂2021年8月辅助服务补偿及并网运行考核情况》进行公示的通知 2021-12-14,2021-12-14,辅助服务,HTML,50,低分候选,暂不回填,https://scb.nea.gov.cn/dtyw/tzgg/202310/t20231009_134272.html,https://scb.nea.gov.cn/dtyw/tzgg/index_23.html
20260501_235114,CAND-9E01310245BA,SRC-PR-005,省级监管,四川,国家能源局四川监管办公室-通知公告,国家能源局四川监管办公室,关于对四川省直调发电厂2021年9月辅助服务补偿及并网运行考核情况进行公示的通知 2021-12-27,2021-12-27,辅助服务,HTML,50,低分候选,暂不回填,https://scb.nea.gov.cn/dtyw/tzgg/202310/t20231009_134276.html,https://scb.nea.gov.cn/dtyw/tzgg/index_23.html
20260501_235114,CAND-459E2890D0BE,SRC-PR-006,省级监管,贵州,国家能源局贵州监管办公室-通知公告,国家能源局贵州监管办公室,关于公布贵州统调电厂2022年1-5月并网运行考核及辅助服务补偿结果的通知 2022-09-08,2022-01-05,辅助服务,HTML,50,低分候选,暂不回填,https://gzb.nea.gov.cn/dtyw/tzgg/202308/t20230821_3871.html,https://gzb.nea.gov.cn/dtyw/tzgg/index_21.html
20260501_235114,CAND-C01AC4E71899,SRC-PR-005,省级监管,四川,国家能源局四川监管办公室-通知公告,国家能源局四川监管办公室,关于明确2022年四川电力交易意见的通知 2022-01-19,2022-01-19,电力交易,HTML,50,低分候选,暂不回填,https://scb.nea.gov.cn/dtyw/tzgg/202310/t20231009_134280.html,https://scb.nea.gov.cn/dtyw/tzgg/index_22.html
20260501_235114,CAND-7EEF2D35E69A,SRC-MU-005,直辖市,天津,天津市工业和信息化局-委局文件,天津市工业和信息化局,市工业和信息化局关于印发2022年电力需求响应实施细则的通知2022-01-24,2022-01-24,实施细则,HTML,50,低分候选,暂不回填,https://gyxxh.tj.gov.cn/ZWGK4147/ZCWJ6355/wjwj/202201/t20220124_5787811.html,https://gyxxh.tj.gov.cn/ZWGK4147/ZCWJ6355/wjwj/index_14.html
20260501_235114,CAND-FB0D05E8FEFD,SRC-R-006,区域监管,西北区域,国家能源局西北监管局-通知公告,国家能源局派出机构,国家能源局西北监管局关于印发《西北区域发电厂并网运行管理实施细则》《西北区域... 2022-02-10,2022-02-10,实施细则,HTML,50,低分候选,暂不回填,https://xbj.nea.gov.cn/dtyw/tzgg/202310/t20231013_147573.html,https://xbj.nea.gov.cn/dtyw/tzgg/index_17.html
20260501_235114,CAND-100A7729F47F,SRC-PR-004,省级监管,福建,国家能源局福建监管办公室-通知公告,国家能源局福建监管办公室,国家能源局福建监管办公室 福建省发展和改革委员会关于完善福建省电力市场中长期交... 2022-02-14,2022-02-14,电力市场;中长期,HTML,50,低分候选,暂不回填,https://fjb.nea.gov.cn/dtyw/tzgg/202312/t20231217_221268.html,https://fjb.nea.gov.cn/dtyw/tzgg/index_14.html
20260501_235114,CAND-32FC922BB4C7,SRC-P-037,省级,山西,山西省能源局-政策文件检索电力,山西省能源局,山西省能源局国家能源局山西监管办公室关于印发《售电公司管理实施细则》的通知,2022-03-29,实施细则,HTML,50,低分候选,暂不回填,http://nyj.shanxi.gov.cn/zfxxgk/fdzdgknr/gfxwj/xxyx_82093/202309/t20230920_9434379.shtml,https://nyj.shanxi.gov.cn/trs-search/trssearch/openSearch/getZwgkList?keywords=%E7%94%B5%E5%8A%9B&pageNum=6&siteId=60&chnId=&dockind=2&position=0&sort=1&suitability=0
20260501_235114,CAND-69D5590BE01A,SRC-R-002,区域监管,华中区域,国家能源局华中监管局-通知公告,国家能源局派出机构,国家能源局华中监管局关于《湖北省电力中长期交易实施细则（征求意见稿）》公开征... 2022-05-09,2022-05-09,实施细则;中长期,HTML,50,低分候选,暂不回填,https://hzj.nea.gov.cn/dtyw/tzgg/202310/t20231021_165576.html,https://hzj.nea.gov.cn/dtyw/tzgg/index_8.html
20260501_235114,CAND-72DA87667717,SRC-P-013,省级,四川,四川省发展和改革委员会-政策文件,四川省发展和改革委员会,关于印发《四川省生活垃圾焚烧发电中长期规划（2022年修订）》的通知（川发改环资〔2022〕231号）,2022-05-16,中长期,HTML,50,低分候选,暂不回填,https://fgw.sc.gov.cn/sfgw/zcwj/2022/5/16/4d40ff9cb79648018ef724f22755b408.shtml,https://fgw.sc.gov.cn/sfgw/zcwj/list_6.shtml
20260501_235114,CAND-53CFB4E125D4,SRC-R-002,区域监管,华中区域,国家能源局华中监管局-通知公告,国家能源局派出机构,国家能源局华中监管局关于《江西省电力中长期交易实施细则（征求意见稿）》公开征... 2022-05-26,2022-05-26,实施细则;中长期,HTML,50,低分候选,暂不回填,https://hzj.nea.gov.cn/dtyw/tzgg/202310/t20231021_165582.html,https://hzj.nea.gov.cn/dtyw/tzgg/index_8.html
20260501_235114,CAND-B326738BE20A,SRC-R-002,区域监管,华中区域,国家能源局华中监管局-通知公告,国家能源局派出机构,国家能源局华中监管局关于《重庆市电力中长期交易规则（征求意见稿）》公开征求意... 2022-05-30,2022-05-30,交易规则;中长期,HTML,50,低分候选,暂不回填,https://hzj.nea.gov.cn/dtyw/tzgg/202310/t20231021_165583.html,https://hzj.nea.gov.cn/dtyw/tzgg/index_8.html
20260501_235114,CAND-0E281D1CAED8,SRC-P-037,省级,山西,山西省能源局-政策文件检索电力,山西省能源局,山西省能源局关于印发《源网荷储一体化项目管理办法》的通知,2022-05-30,源网荷储,HTML,50,低分候选,暂不回填,http://nyj.shanxi.gov.cn/zfxxgk/fdzdgknr/gfxwj/xxyx_82093/202309/t20230927_9418425.shtml,https://nyj.shanxi.gov.cn/trs-search/trssearch/openSearch/getZwgkList?keywords=%E7%94%B5%E5%8A%9B&pageNum=7&siteId=60&chnId=&dockind=2&position=0&sort=1&suitability=0
20260501_235114,CAND-B19CAB76F351,SRC-PR-005,省级监管,四川,国家能源局四川监管办公室-通知公告,国家能源局四川监管办公室,关于对《四川省直调发电厂2022年1月辅助服务补偿及并网运行考核情况》进行公布的通知 2022-07-01,2022-07-01,辅助服务,HTML,50,低分候选,暂不回填,https://scb.nea.gov.cn/dtyw/tzgg/202310/t20231009_134298.html,https://scb.nea.gov.cn/dtyw/tzgg/index_21.html
20260501_235114,CAND-1D370F3E4E6D,SRC-R-004,区域监管,华北区域,国家能源局华北监管局-通知公告,国家能源局派出机构,华北能源监管局关于征求《华北区域电力并网运行管理实施细则》《华北区域电力辅助... 2022-07-01,2022-07-01,实施细则,HTML,50,低分候选,暂不回填,https://hbj.nea.gov.cn/dtyw/tzgg/202309/t20230925_120354.html,https://hbj.nea.gov.cn/dtyw/tzgg/index_22.html
20260501_235114,CAND-7C66E65E5A41,SRC-MU-008,直辖市,上海,上海市经济和信息化委员会-政策法规,上海市经济和信息化委员会,上海市人民政府办公厅关于印发促进绿色低碳产业发展、培育“元宇宙”新赛道、促进智能终端产业高质量发展等行动方案的通知 经市政府同意，现将《上海市瞄准新赛道促进绿色低碳产业发展行动方案（2022—2025年）》《上海市培育“元宇宙”新赛道行动方案（2022—2025年）》《上海市促进智能终端产业高质量发展行动方案（2022—2025年）》印发给你们，请认真按照执行。 2022-07-12,2022-07-12,高质量发展;绿色低碳,HTML,50,低分候选,暂不回填,https://www.sheitc.sh.gov.cn/bmgzjxgwj/20221020/962e041bf25b4400a01475895caa7ae7.html,https://www.sheitc.sh.gov.cn/zcfg/index_9.html
20260501_235114,CAND-0E14A55B8480,SRC-PR-005,省级监管,四川,国家能源局四川监管办公室-通知公告,国家能源局四川监管办公室,关于对《四川省直调发电厂2022年2月辅助服务补偿及并网运行考核情况》进行公布的通知 2022-08-03,2022-08-03,辅助服务,HTML,50,低分候选,暂不回填,https://scb.nea.gov.cn/dtyw/tzgg/202310/t20231009_134309.html,https://scb.nea.gov.cn/dtyw/tzgg/index_21.html
20260501_235114,CAND-EF73C9A2EE07,SRC-PR-001,省级监管,江苏,国家能源局江苏监管办公室-通知,国家能源局江苏监管办公室,关于印发2021年江苏统调发电企业辅助服务补偿结果的通知 2022-08-05,2022-08-05,辅助服务,HTML,50,低分候选,暂不回填,https://jsb.nea.gov.cn/dtyw/tz/202309/t20230910_32208.html,https://jsb.nea.gov.cn/dtyw/tz/index_2.html
20260501_235114,CAND-772C6C782C74,SRC-PR-005,省级监管,四川,国家能源局四川监管办公室-通知公告,国家能源局四川监管办公室,关于公布2022年3月四川省直调发电厂辅助服务补偿及并网运行考核情况的通知 2022-08-09,2022-08-09,辅助服务,HTML,50,低分候选,暂不回填,https://scb.nea.gov.cn/dtyw/tzgg/202310/t20231009_134310.html,https://scb.nea.gov.cn/dtyw/tzgg/index_21.html
20260501_235114,CAND-E576AFFB6FCD,SRC-PR-006,省级监管,贵州,国家能源局贵州监管办公室-通知公告,国家能源局贵州监管办公室,关于公布贵州统调电厂2022年9-12月并网运行考核及辅助服务补偿结果的通知 2023-04-24,2022-09-12,辅助服务,HTML,50,低分候选,暂不回填,https://gzb.nea.gov.cn/dtyw/tzgg/202308/t20230821_3911.html,https://gzb.nea.gov.cn/dtyw/tzgg/index_19.html
20260501_235114,CAND-94D2FE448EDD,SRC-P-037,省级,山西,山西省能源局-政策文件检索电力,山西省能源局,山西省能源局关于印发《“十四五”新型储能发展实施方案》的通知,2022-09-30,新型储能,HTML,50,低分候选,暂不回填,http://nyj.shanxi.gov.cn/zfxxgk/fdzdgknr/sjwj/202309/t20230929_9418420.shtml,https://nyj.shanxi.gov.cn/trs-search/trssearch/openSearch/getZwgkList?keywords=%E7%94%B5%E5%8A%9B&pageNum=6&siteId=60&chnId=&dockind=2&position=0&sort=1&suitability=0
20260501_235114,CAND-BB0AF9BC13A5,SRC-PR-005,省级监管,四川,国家能源局四川监管办公室-通知公告,国家能源局四川监管办公室,关于公布2022年4月四川省直调发电厂辅助服务补偿及并网运行考核情况的通知 2022-10-10,2022-10-10,辅助服务,HTML,50,低分候选,暂不回填,https://scb.nea.gov.cn/dtyw/tzgg/202310/t20231009_134317.html,https://scb.nea.gov.cn/dtyw/tzgg/index_20.html
20260501_235114,CAND-B84CE422FAC7,SRC-PR-005,省级监管,四川,国家能源局四川监管办公室-通知公告,国家能源局四川监管办公室,关于公布2022年5月四川省直调发电厂辅助服务补偿及并网运行考核情况的通知 2022-10-10,2022-10-10,辅助服务,HTML,50,低分候选,暂不回填,https://scb.nea.gov.cn/dtyw/tzgg/202310/t20231009_134316.html,https://scb.nea.gov.cn/dtyw/tzgg/index_21.html
20260501_235114,CAND-FA62ED6A2EC0,SRC-R-003,区域监管,山东,国家能源局山东监管办公室-通知公告,国家能源局派出机构,山东能源监管办关于征求《山东省发电厂并网运行管理实施细则(2022年修订版)》等六个规范性文... 2022-10-10,2022-10-10,实施细则,HTML,50,低分候选,暂不回填,https://sdb.nea.gov.cn/dtyw/tzgg/202309/t20230919_110470.html,https://sdb.nea.gov.cn/dtyw/tzgg/index_2.html
20260501_235114,CAND-74628FC823BB,SRC-PR-006,省级监管,贵州,国家能源局贵州监管办公室-通知公告,国家能源局贵州监管办公室,关于公布贵州统调电厂2022年6月并网运行考核及辅助服务补偿结果的通知 2022-10-31,2022-10-31,辅助服务,HTML,50,低分候选,暂不回填,https://gzb.nea.gov.cn/dtyw/tzgg/202308/t20230821_3877.html,https://gzb.nea.gov.cn/dtyw/tzgg/index_21.html
20260501_235114,CAND-A4861E9772E9,SRC-PR-006,省级监管,贵州,国家能源局贵州监管办公室-通知公告,国家能源局贵州监管办公室,关于公布贵州统调电厂2022年7月并网运行考核及辅助服务补偿结果的通知 2022-11-07,2022-11-07,辅助服务,HTML,50,低分候选,暂不回填,https://gzb.nea.gov.cn/dtyw/tzgg/202308/t20230821_3879.html,https://gzb.nea.gov.cn/dtyw/tzgg/index_21.html
20260501_235114,CAND-6CD088E3ED9E,SRC-PR-005,省级监管,四川,国家能源局四川监管办公室-通知公告,国家能源局四川监管办公室,关于公布2022年6月四川省直调发电厂辅助服务补偿及并网运行考核情况的通知 2022-11-15,2022-11-15,辅助服务,HTML,50,低分候选,暂不回填,https://scb.nea.gov.cn/dtyw/tzgg/202310/t20231009_134324.html,https://scb.nea.gov.cn/dtyw/tzgg/index_20.html
20260501_235114,CAND-BCCA4FF88C45,SRC-PR-006,省级监管,贵州,国家能源局贵州监管办公室-通知公告,国家能源局贵州监管办公室,关于公开征求《贵州电力调峰辅助服务市场交易规则（征求意见稿）》的函 2022-11-25,2022-11-25,交易规则;辅助服务;调峰,HTML,50,低分候选,暂不回填,https://gzb.nea.gov.cn/dtyw/tzgg/202308/t20230821_3884.html,https://gzb.nea.gov.cn/dtyw/tzgg/index_20.html
20260501_235114,CAND-BB490DCCCC41,SRC-PR-007,省级监管,新疆,国家能源局新疆监管办公室-通知公告,国家能源局新疆监管办公室,关于公布2022年1月、2月新疆电网、天中、吉泉直流配套电源“两个细则” 2022-12-02,2022-12-02,电网,HTML,50,低分候选,暂不回填,https://xjb.nea.gov.cn/dtyw/tzgg/202309/t20230923_116563.html,https://xjb.nea.gov.cn/dtyw/tzgg/index_8.html
20260501_235114,CAND-AD950CDEAA35,SRC-PR-006,省级监管,贵州,国家能源局贵州监管办公室-通知公告,国家能源局贵州监管办公室,关于公布贵州统调电厂2022年8月并网运行考核及辅助服务补偿结果的通知 2022-12-14,2022-12-14,辅助服务,HTML,50,低分候选,暂不回填,https://gzb.nea.gov.cn/dtyw/tzgg/202308/t20230821_3889.html,https://gzb.nea.gov.cn/dtyw/tzgg/index_20.html
20260501_235114,CAND-0F0F16A96FB7,SRC-PR-005,省级监管,四川,国家能源局四川监管办公室-通知公告,国家能源局四川监管办公室,关于公布2022年7月四川省直调发电厂辅助服务补偿及并网运行考核情况的通知 2022-12-26,2022-12-26,辅助服务,HTML,50,低分候选,暂不回填,https://scb.nea.gov.cn/dtyw/tzgg/202310/t20231009_134341.html,https://scb.nea.gov.cn/dtyw/tzgg/index_19.html
20260501_235114,CAND-2407BA950E96,SRC-PR-005,省级监管,四川,国家能源局四川监管办公室-通知公告,国家能源局四川监管办公室,关于公布2022年8月四川省直调发电厂辅助服务补偿及并网运行考核情况的通知 2022-12-26,2022-12-26,辅助服务,HTML,50,低分候选,暂不回填,https://scb.nea.gov.cn/dtyw/tzgg/202310/t20231009_134342.html,https://scb.nea.gov.cn/dtyw/tzgg/index_19.html
20260501_235114,CAND-49F3CD621EBF,SRC-P-037,省级,山西,山西省能源局-政策文件检索电力,山西省能源局,山西省人民政府印发山西省碳达峰实施方案的通知,2023-01-05,碳达峰,HTML,50,低分候选,暂不回填,http://nyj.shanxi.gov.cn/zfxxgk/szfwj/202505/t20250506_9826223.shtml,https://nyj.shanxi.gov.cn/trs-search/trssearch/openSearch/getZwgkList?keywords=%E7%94%B5%E5%8A%9B&pageNum=10&siteId=60&chnId=&dockind=2&position=0&sort=1&suitability=0
20260501_235114,CAND-4804A599802B,SRC-MU-005,直辖市,天津,天津市工业和信息化局-委局文件,天津市工业和信息化局,市工业和信息化局关于印发2023年春节期间电力需求响应实施细则的通知2023-01-16,2023-01-16,实施细则,HTML,50,低分候选,暂不回填,https://gyxxh.tj.gov.cn/ZWGK4147/ZCWJ6355/wjwj/202301/t20230116_6080885.html,https://gyxxh.tj.gov.cn/ZWGK4147/ZCWJ6355/wjwj/index_10.html
20260501_235114,CAND-FD586A225F7A,SRC-PR-005,省级监管,四川,国家能源局四川监管办公室-通知公告,国家能源局四川监管办公室,关于公布2022年9月四川省直调发电厂辅助服务补偿及并网运行考核情况的通知 2023-01-17,2023-01-17,辅助服务,HTML,50,低分候选,暂不回填,https://scb.nea.gov.cn/dtyw/tzgg/202310/t20231009_134358.html,https://scb.nea.gov.cn/dtyw/tzgg/index_18.html
20260501_235114,CAND-E2C4015EBF38,SRC-PR-006,省级监管,贵州,国家能源局贵州监管办公室-通知公告,国家能源局贵州监管办公室,关于公布贵州统调电厂2023年2-3月并网运行考核及辅助服务补偿结果的通知 2023-08-02,2023-02-03,辅助服务,HTML,50,低分候选,暂不回填,https://gzb.nea.gov.cn/dtyw/tzgg/202308/t20230821_3937.html,https://gzb.nea.gov.cn/dtyw/tzgg/index_17.html
20260501_235114,CAND-C345D90B33F6,SRC-PR-005,省级监管,四川,国家能源局四川监管办公室-通知公告,国家能源局四川监管办公室,关于公布2022年10月四川省直调发电厂辅助服务补偿及并网运行考核情况的通知 2023-02-06,2023-02-06,辅助服务,HTML,50,低分候选,暂不回填,https://scb.nea.gov.cn/dtyw/tzgg/202310/t20231009_134361.html,https://scb.nea.gov.cn/dtyw/tzgg/index_18.html
20260501_235114,CAND-BD2226F05D29,SRC-R-001,区域监管,南方区域,国家能源局南方监管局-通知公示,国家能源局派出机构,转发国家能源局综合司关于加强春节后复工复产和春季检修期间电力安全生产工作的通知 2023-02-10,2023-02-10,电力安全,HTML,50,低分候选,暂不回填,https://nfj.nea.gov.cn/xwzx/tzgg/202402/t20240208_245839.html,https://nfj.nea.gov.cn/xwzx/tzgg/index_19.html
20260501_235114,CAND-5CF7FA5E8EFF,SRC-P-013,省级,四川,四川省发展和改革委员会-政策文件,四川省发展和改革委员会,关于进一步做好四川省电网企业代理购电工作的通知（川发改价格〔2023〕66号）,2023-02-16,电网,HTML,50,低分候选,暂不回填,https://fgw.sc.gov.cn/sfgw/zcwj/2023/2/16/ffe7300627504f058efb469d8c337b2e.shtml,https://fgw.sc.gov.cn/sfgw/zcwj/list_5.shtml
20260501_235114,CAND-FBC970D5526C,SRC-R-003,区域监管,山东,国家能源局山东监管办公室-通知公告,国家能源局派出机构,山东能源监管办关于征求《山东省电力并网运行管理实施细则(2023年修订版)》《山东省电力辅助... 2023-03-08,2023-03-08,实施细则,HTML,50,低分候选,暂不回填,https://sdb.nea.gov.cn/dtyw/tzgg/202309/t20230919_110472.html,https://sdb.nea.gov.cn/dtyw/tzgg/index_2.html
20260501_235114,CAND-D753508A1651,SRC-R-001,区域监管,南方区域,国家能源局南方监管局-通知公示,国家能源局派出机构,转发《电力安全隐患治理监督管理规定》《重大电力安全隐患判定标准（试行）》的通知 2023-03-08,2023-03-08,电力安全,HTML,50,低分候选,暂不回填,https://nfj.nea.gov.cn/xwzx/tzgg/202402/t20240208_245847.html,https://nfj.nea.gov.cn/xwzx/tzgg/index_18.html
20260501_235114,CAND-DA2666ECEFFE,SRC-PR-005,省级监管,四川,国家能源局四川监管办公室-通知公告,国家能源局四川监管办公室,关于公布2022年11月四川省直调发电厂辅助服务补偿及并网运行考核情况的通知 2023-03-22,2023-03-22,辅助服务,HTML,50,低分候选,暂不回填,https://scb.nea.gov.cn/dtyw/tzgg/202310/t20231009_134365.html,https://scb.nea.gov.cn/dtyw/tzgg/index_18.html
20260501_235114,CAND-D9120FC53CBD,SRC-PR-005,省级监管,四川,国家能源局四川监管办公室-通知公告,国家能源局四川监管办公室,关于公布2022年12月四川省直调发电厂辅助服务补偿及并网运行考核情况的通知 2023-03-22,2023-03-22,辅助服务,HTML,50,低分候选,暂不回填,https://scb.nea.gov.cn/dtyw/tzgg/202310/t20231009_134366.html,https://scb.nea.gov.cn/dtyw/tzgg/index_17.html
20260501_235114,CAND-BD5EF252A6C0,SRC-R-001,区域监管,南方区域,国家能源局南方监管局-通知公示,国家能源局派出机构,关于持续做好2023年南方区域能源安全供应保障工作的通知 2023-03-28,2023-03-28,能源安全,HTML,50,低分候选,暂不回填,https://nfj.nea.gov.cn/xwzx/tzgg/202402/t20240208_245852.html,https://nfj.nea.gov.cn/xwzx/tzgg/index_18.html
20260501_235114,CAND-CA3C6E45561D,SRC-PR-006,省级监管,贵州,国家能源局贵州监管办公室-通知公告,国家能源局贵州监管办公室,关于公布贵州统调电厂2023年4-5月并网运行考核及辅助服务补偿结果的通知 2023-09-11,2023-04-05,辅助服务,HTML,50,低分候选,暂不回填,https://gzb.nea.gov.cn/dtyw/tzgg/202312/t20231222_221765.html,https://gzb.nea.gov.cn/dtyw/tzgg/index_16.html
20260501_235114,CAND-C50041A6163B,SRC-PR-005,省级监管,四川,国家能源局四川监管办公室-通知公告,国家能源局四川监管办公室,关于公开征求《四川省短期发电及启停调峰辅助服务市场交易细则（征求意见稿）》意... 2023-04-19,2023-04-19,辅助服务;调峰,HTML,50,低分候选,暂不回填,https://scb.nea.gov.cn/dtyw/tzgg/202310/t20231009_134377.html,https://scb.nea.gov.cn/dtyw/tzgg/index_17.html
20260501_235114,CAND-3CDEAC45C1C6,SRC-R-001,区域监管,南方区域,国家能源局南方监管局-通知公示,国家能源局派出机构,南方能源监管局组织赴贵州调研交流区域电力市场建设 2023-04-20,2023-04-20,电力市场,HTML,50,低分候选,暂不回填,https://nfj.nea.gov.cn/xwzx/tzgg/202402/t20240208_245859.html,https://nfj.nea.gov.cn/xwzx/tzgg/index_17.html
20260501_235114,CAND-0536B780FBA8,SRC-P-037,省级,山西,山西省能源局-政策文件检索电力,山西省能源局,关于印发《山西省能源领域碳达峰实施方案》的通知,2023-04-23,碳达峰,HTML,50,低分候选,暂不回填,http://nyj.shanxi.gov.cn/zfxxgk/fdzdgknr/sjwj/202311/t20231130_9436248.shtml,https://nyj.shanxi.gov.cn/trs-search/trssearch/openSearch/getZwgkList?keywords=%E7%94%B5%E5%8A%9B&pageNum=7&siteId=60&chnId=&dockind=2&position=0&sort=1&suitability=0
20260501_235114,CAND-D59523AFDCBF,SRC-PR-007,省级监管,新疆,国家能源局新疆监管办公室-通知公告,国家能源局新疆监管办公室,关于对《新疆电力辅助服务市场运营规则（征求意见稿》征求意见的通知 2023-04-28,2023-04-28,运营规则;辅助服务,HTML,50,低分候选,暂不回填,https://xjb.nea.gov.cn/dtyw/tzgg/202309/t20230923_116583.html,https://xjb.nea.gov.cn/dtyw/tzgg/index_7.html
20260501_235114,CAND-CF7910FE4981,SRC-P-037,省级,山西,山西省能源局-政策文件检索电力,山西省能源局,关于滚动调整新型储能项目建设库的通知,2023-05-08,新型储能,HTML,50,低分候选,暂不回填,http://nyj.shanxi.gov.cn/zfxxgk/fdzdgknr/sjwj/202311/t20231129_9435605.shtml,https://nyj.shanxi.gov.cn/trs-search/trssearch/openSearch/getZwgkList?keywords=%E7%94%B5%E5%8A%9B&pageNum=6&siteId=60&chnId=&dockind=2&position=0&sort=1&suitability=0
20260501_235114,CAND-ACEECD5B428B,SRC-PR-005,省级监管,四川,国家能源局四川监管办公室-通知公告,国家能源局四川监管办公室,关于开展四川电力行业2023年迎峰度夏和成都大运会电力安全保障交叉检查的通知 2023-05-15,2023-05-15,迎峰度夏;电力安全,HTML,50,低分候选,暂不回填,https://scb.nea.gov.cn/dtyw/tzgg/202310/t20231009_134382.html,https://scb.nea.gov.cn/dtyw/tzgg/index_17.html
20260501_235114,CAND-45899D0B09E4,SRC-R-002,区域监管,华中区域,国家能源局华中监管局-通知公告,国家能源局派出机构,华中能源监管局关于征求《华中区域电力辅助服务管理实施细则（征求意见稿）》《华... 2023-05-18,2023-05-18,实施细则;辅助服务,HTML,50,低分候选,暂不回填,https://hzj.nea.gov.cn/dtyw/tzgg/202310/t20231021_165614.html,https://hzj.nea.gov.cn/dtyw/tzgg/index_6.html
20260501_235114,CAND-5D6430072C31,SRC-P-013,省级,四川,四川省发展和改革委员会-政策文件,四川省发展和改革委员会,关于推动大型易地扶贫搬迁安置区融入新型城镇化实现高质量发展的实施意见（川发改赈〔2023〕239号）,2023-05-30,高质量发展,HTML,50,低分候选,暂不回填,https://fgw.sc.gov.cn/sfgw/c109344/2023/5/30/b0baaf69f5d647b1adb4da9fca274dc8.shtml,https://fgw.sc.gov.cn/sfgw/zcwj/list_5.shtml
20260501_235114,CAND-6668407E9D54,SRC-P-037,省级,山西,山西省能源局-政策文件检索电力,山西省能源局,山西省能源局关于做好2023年迎峰度夏期间全省电力供应保障工作的通知,2023-05-30,迎峰度夏,HTML,50,低分候选,暂不回填,http://nyj.shanxi.gov.cn/zfxxgk/fdzdgknr/sjwj/202309/t20230925_9418433.shtml,https://nyj.shanxi.gov.cn/trs-search/trssearch/openSearch/getZwgkList?keywords=%E7%94%B5%E5%8A%9B&pageNum=1&siteId=60&chnId=&dockind=2&position=0&sort=1&suitability=0
20260501_235114,CAND-62546E7A94E8,SRC-R-001,区域监管,南方区域,国家能源局南方监管局-通知公示,国家能源局派出机构,关于公开征求《南方区域电力市场运营规则（试行）（征求意见稿）》意见的通告 2023-06-02,2023-06-02,电力市场;运营规则,HTML,50,低分候选,暂不回填,https://nfj.nea.gov.cn/xwzx/tzgg/202402/t20240208_245870.html,https://nfj.nea.gov.cn/xwzx/tzgg/index_17.html
20260501_235114,CAND-489CF2968426,SRC-R-001,区域监管,南方区域,国家能源局南方监管局-通知公示,国家能源局派出机构,南方区域电力市场运营规则（试行）（征求意见稿）-公开 2023-06-02,2023-06-02,电力市场;运营规则,HTML,50,低分候选,暂不回填,https://nfj.nea.gov.cn/xwzx/tzgg/202402/t20240208_245871.html,https://nfj.nea.gov.cn/xwzx/tzgg/index_17.html
20260501_235114,CAND-7ABFF107B35A,SRC-R-003,区域监管,山东,国家能源局山东监管办公室-通知公告,国家能源局派出机构,关于公开征求《山东发电机组进入及退出商业运营管理实施细则(征求意见稿)》意见的通知 2023-08-11,2023-08-11,实施细则,HTML,50,低分候选,暂不回填,https://sdb.nea.gov.cn/dtyw/tzgg/202309/t20230919_110476.html,https://sdb.nea.gov.cn/dtyw/tzgg/index_1.html
20260501_235114,CAND-8C19E7EE3BCD,SRC-R-006,区域监管,西北区域,国家能源局西北监管局-通知公告,国家能源局派出机构,国家能源局西北监管局关于公开征求《储能、负荷侧等市场主体参与陕西电网调峰、顶... 2023-08-25,2023-08-25,调峰;电网,HTML,50,低分候选,暂不回填,https://xbj.nea.gov.cn/dtyw/tzgg/202312/t20231208_220599.html,https://xbj.nea.gov.cn/dtyw/tzgg/index_14.html
20260501_235114,CAND-D5741A507C5D,SRC-R-006,区域监管,西北区域,国家能源局西北监管局-通知公告,国家能源局派出机构,国家能源局西北监管局关于公开征求《储能、负荷侧等市场主体参与陕西电网调峰、顶... 2023-08-28,2023-08-28,调峰;电网,HTML,50,低分候选,暂不回填,https://xbj.nea.gov.cn/dtyw/tzgg/202310/t20231013_147615.html,https://xbj.nea.gov.cn/dtyw/tzgg/index_14.html
20260501_235114,CAND-6C8057AB4CEC,SRC-PR-005,省级监管,四川,国家能源局四川监管办公室-通知公告,国家能源局四川监管办公室,关于切实做好2023年中秋国庆期间电力安全工作的通知 2023-09-27,2023-09-27,电力安全,HTML,50,低分候选,暂不回填,https://scb.nea.gov.cn/dtyw/tzgg/202401/t20240119_227875.html,https://scb.nea.gov.cn/dtyw/tzgg/index_15.html
20260501_235114,CAND-C763E742AA18,SRC-P-013,省级,四川,四川省发展和改革委员会-政策文件,四川省发展和改革委员会,关于新投产发电机组调试运行期上网电价有关事项的通知（川发改价格〔2024〕45号）,2024-02-04,上网电价,HTML,50,低分候选,暂不回填,https://fgw.sc.gov.cn/sfgw/qtwj/2024/2/4/281fdd46a55841b6a51418896cb56186.shtml,https://fgw.sc.gov.cn/sfgw/zcwj/list_4.shtml
20260501_235114,CAND-995C6C11CC0B,SRC-MU-005,直辖市,天津,天津市工业和信息化局-委局文件,天津市工业和信息化局,市工业和信息化局 华北电网公司 市电力公司关于印发2024年天津市统调电厂优先发电...2024-03-20,2024-03-20,电网,HTML,50,低分候选,暂不回填,https://gyxxh.tj.gov.cn/ZWGK4147/ZCWJ6355/wjwj/202403/t20240325_6569339.html,https://gyxxh.tj.gov.cn/ZWGK4147/ZCWJ6355/wjwj/index_6.html
20260501_235114,CAND-D7BDBFDC3E0A,SRC-R-006,区域监管,西北区域,国家能源局西北监管局-通知公告,国家能源局派出机构,国家能源局西北监管局关于征求《火电机组深度调峰能力认定及供热调峰能力核定管理... 2024-03-26,2024-03-26,调峰,HTML,50,低分候选,暂不回填,https://xbj.nea.gov.cn/dtyw/tzgg/202403/t20240326_259655.html,https://xbj.nea.gov.cn/dtyw/tzgg/index_13.html
20260501_235114,CAND-7D6BBAA701A3,SRC-P-036,省级,四川,四川省发展和改革委员会-通知公告,四川省发展和改革委员会,四川“十五五”涉藏州县经济社会高质量发展研究课题比选公告,2024-03-28,高质量发展,HTML,50,低分候选,暂不回填,https://fgw.sc.gov.cn/sfgw/tzgg/2024/3/28/5a9cf6d203264d6b86bfbec0cab5373a.shtml,https://fgw.sc.gov.cn/sfgw/tzgg/list_21.shtml
20260501_235114,CAND-7E29F90923C2,SRC-P-036,省级,四川,四川省发展和改革委员会-通知公告,四川省发展和改革委员会,四川“十五五”人口高质量发展与经济社会良性互动研究课题比选公告,2024-04-03,高质量发展,HTML,50,低分候选,暂不回填,https://fgw.sc.gov.cn/sfgw/tzgg/2024/4/3/1931a1409fc04414967c707e448da526.shtml,https://fgw.sc.gov.cn/sfgw/tzgg/list_20.shtml
20260501_235114,CAND-F7106BB4488E,SRC-P-036,省级,四川,四川省发展和改革委员会-通知公告,四川省发展和改革委员会,四川“十五五”培育壮大县域主导产业促进县域经济高质量发展研究课题比选公告,2024-04-10,高质量发展,HTML,50,低分候选,暂不回填,https://fgw.sc.gov.cn/sfgw/tzgg/2024/4/10/e2ca05155e384595bcd83e17911cf4be.shtml,https://fgw.sc.gov.cn/sfgw/tzgg/list_20.shtml
20260501_235114,CAND-DE37F309270F,SRC-PR-004,省级监管,福建,国家能源局福建监管办公室-通知公告,国家能源局福建监管办公室,福建能源监管办关于印发《福建发电机组进入及退出商业运营管理实施细则（试行）》... 2024-04-10,2024-04-10,实施细则,HTML,50,低分候选,暂不回填,https://fjb.nea.gov.cn/dtyw/tzgg/202404/t20240410_260462.html,https://fjb.nea.gov.cn/dtyw/tzgg/index_8.html
20260501_235114,CAND-7F301984DD78,SRC-PR-002,省级监管,江苏,国家能源局江苏监管办公室-公告,国家能源局江苏监管办公室,电网公平开放专项监管问题征集公告 2024-04-18,2024-04-18,电网,HTML,50,低分候选,暂不回填,https://jsb.nea.gov.cn/dtyw/gg/202404/t20240418_260876.html,https://jsb.nea.gov.cn/dtyw/gg/index_12.html
20260501_235114,CAND-52AFD1CDF020,SRC-PR-005,省级监管,四川,国家能源局四川监管办公室-通知公告,国家能源局四川监管办公室,关于切实做好“五一”期间电力安全生产工作的通知 2024-04-30,2024-04-30,电力安全,HTML,50,低分候选,暂不回填,https://scb.nea.gov.cn/dtyw/tzgg/202404/t20240430_261619.html,https://scb.nea.gov.cn/dtyw/tzgg/index_11.html
20260501_235114,CAND-9079B539E787,SRC-P-036,省级,四川,四川省发展和改革委员会-通知公告,四川省发展和改革委员会,关于废除四川“十五五”人口高质量发展与经济社会良性互动研究课题比选结果的公告,2024-05-09,高质量发展,HTML,50,低分候选,暂不回填,https://fgw.sc.gov.cn/sfgw/tzgg/2024/5/9/0d2dd2533f58409bb2cefcd4771067c7.shtml,https://fgw.sc.gov.cn/sfgw/tzgg/list_19.shtml
20260501_235114,CAND-70B205744273,SRC-P-036,省级,四川,四川省发展和改革委员会-通知公告,四川省发展和改革委员会,四川“十五五”人口高质量发展与经济社会良性互动研究课题比选公告,2024-05-14,高质量发展,HTML,50,低分候选,暂不回填,https://fgw.sc.gov.cn/sfgw/tzgg/2024/5/14/1efc2147c181425bb7eb494578c9bf64.shtml,https://fgw.sc.gov.cn/sfgw/tzgg/list_19.shtml
20260501_235114,CAND-B4A1B0CA5F8F,SRC-P-036,省级,四川,四川省发展和改革委员会-通知公告,四川省发展和改革委员会,四川“十五五”建设现代化综合交通体系研究、四川“十五五”进一步推动长江经济带高质量发展研究等2个课题比...,2024-05-16,高质量发展,HTML,50,低分候选,暂不回填,https://fgw.sc.gov.cn/sfgw/tzgg/2024/5/16/2c829d84494a4a7b9f625bc2f84082f2.shtml,https://fgw.sc.gov.cn/sfgw/tzgg/list_19.shtml
20260501_235114,CAND-05527ED05F44,SRC-P-036,省级,四川,四川省发展和改革委员会-通知公告,四川省发展和改革委员会,四川推动百县千镇高质量发展研究课题比选公告,2024-05-21,高质量发展,HTML,50,低分候选,暂不回填,https://fgw.sc.gov.cn/sfgw/tzgg/2024/5/21/c5fbbe8a61c74c79ae2b6961f07bfcae.shtml,https://fgw.sc.gov.cn/sfgw/tzgg/list_18.shtml
20260501_235114,CAND-C735F315E718,SRC-PR-003,省级监管,浙江,国家能源局浙江监管办公室-通知公告,国家能源局浙江监管办公室,关于征求2024年浙江省绿色电力交易合同示范文本意见的函 2024-05-24,2024-05-24,电力交易,PDF,50,低分候选,暂不回填,https://zjb.nea.gov.cn/dtyw/tzgg/202405/P020240524630635108190.pdf,https://zjb.nea.gov.cn/dtyw/tzgg/index_3.html
20260501_235114,CAND-94E16AFC1BF7,SRC-P-036,省级,四川,四川省发展和改革委员会-通知公告,四川省发展和改革委员会,加快四川低空经济高质量发展研究、“双循环”背景下四川打造现代化多式联运体系的策略研究等2个课题比选公告,2024-05-27,高质量发展,HTML,50,低分候选,暂不回填,https://fgw.sc.gov.cn/sfgw/tzgg/2024/5/27/d162a1fe745c406394f0bda47d1b7875.shtml,https://fgw.sc.gov.cn/sfgw/tzgg/list_18.shtml
20260501_235114,CAND-398A8F3A0AC1,SRC-R-007,区域监管,华东区域,国家能源局华东监管局-通知公告,国家能源局派出机构,华东能源监管局关于印发《长三角省市间富余新能源消纳互济交... 2024-06-14,2024-06-14,新能源消纳,HTML,50,低分候选,暂不回填,https://hdj.nea.gov.cn/dtyw/tzgg/202406/t20240625_265070.html,https://hdj.nea.gov.cn/dtyw/tzgg/index_24.html
20260501_235114,CAND-106F5F933809,SRC-R-006,区域监管,西北区域,国家能源局西北监管局-通知公告,国家能源局派出机构,国家能源局西北监管局关于印发《陕宁青三省（区）火电机组深度调峰能力认定及供热... 2024-10-18,2024-10-18,调峰,HTML,50,低分候选,暂不回填,https://xbj.nea.gov.cn/dtyw/tzgg/202410/t20241018_271011.html,https://xbj.nea.gov.cn/dtyw/tzgg/index_11.html
20260501_235114,CAND-42C1082A561D,SRC-R-006,区域监管,西北区域,国家能源局西北监管局-通知公告,国家能源局派出机构,国家能源局西北监管局关于再次公开征求《西北区域灵活调节资源容量市场运营规则（... 2024-11-15,2024-11-15,运营规则,HTML,50,低分候选,暂不回填,https://xbj.nea.gov.cn/dtyw/tzgg/202411/t20241115_272394.html,https://xbj.nea.gov.cn/dtyw/tzgg/index_10.html
20260501_235114,CAND-A2C600C98E65,SRC-PR-004,省级监管,福建,国家能源局福建监管办公室-通知公告,国家能源局福建监管办公室,福建省电力安全专家库管理办法（试行） 2024-11-27,2024-11-27,电力安全,HTML,50,低分候选,暂不回填,https://fjb.nea.gov.cn/dtyw/tzgg/202411/t20241127_272912.html,https://fjb.nea.gov.cn/dtyw/tzgg/index_5.html
20260501_235114,CAND-864FB25810F5,SRC-PR-007,省级监管,新疆,国家能源局新疆监管办公室-通知公告,国家能源局新疆监管办公室,关于公开征求《新疆电力市场监管实施办法 （征求意见稿）》意见的通知 2025-01-15,2025-01-15,电力市场;市场监管,HTML,50,低分候选,暂不回填,https://xjb.nea.gov.cn/dtyw/tzgg/202501/t20250115_275380.html,https://xjb.nea.gov.cn/dtyw/tzgg/index_3.html
20260501_235114,CAND-682587BE1CCA,SRC-MU-005,直辖市,天津,天津市工业和信息化局-委局文件,天津市工业和信息化局,市工业和信息化局 华北电网公司 市电力公司关于印发2025年天津市统调电厂优先发电...2025-01-20,2025-01-20,电网,HTML,50,低分候选,暂不回填,https://gyxxh.tj.gov.cn/ZWGK4147/ZCWJ6355/wjwj/202501/t20250120_6839409.html,https://gyxxh.tj.gov.cn/ZWGK4147/ZCWJ6355/wjwj/index_3.html
20260501_235114,CAND-0E69DA24C7B4,SRC-P-036,省级,四川,四川省发展和改革委员会-通知公告,四川省发展和改革委员会,关于生物质发电上网电价有关事项的通知（川发改价格〔2025〕27号）,2025-02-12,上网电价,HTML,50,低分候选,暂不回填,https://fgw.sc.gov.cn/sfgw/tzgg/2025/2/12/593b928c6edf482e8b21a73a74ed9140.shtml,https://fgw.sc.gov.cn/sfgw/tzgg/list_13.shtml
20260501_235114,CAND-7073345A1D6C,SRC-P-036,省级,四川,四川省发展和改革委员会-通知公告,四川省发展和改革委员会,关于印发《四川省新型储能电站安全管理工作导则（暂行）》的通知（川发改能源〔2025〕63号）,2025-02-20,新型储能,HTML,50,低分候选,暂不回填,https://fgw.sc.gov.cn/sfgw/tzgg/2025/2/20/e9aa1978982a444a9b72afb3ee856872.shtml,https://fgw.sc.gov.cn/sfgw/tzgg/list_13.shtml
20260501_235114,CAND-065E7E750B79,SRC-R-001,区域监管,南方区域,国家能源局南方监管局-通知公示,国家能源局派出机构,南方能源监管局采取“三举措”夯实绿证核发数据基础 2025-02-20,2025-02-20,绿证,HTML,50,低分候选,暂不回填,https://nfj.nea.gov.cn/xwzx/tzgg/202502/t20250220_276965.html,https://nfj.nea.gov.cn/xwzx/tzgg/index_5.html
20260501_235114,CAND-BF67BBEE7CCB,SRC-PR-004,省级监管,福建,国家能源局福建监管办公室-通知公告,国家能源局福建监管办公室,国家能源局福建监管办公室 福建省发展和改革委员会关于印发《福建电力市场运行基本... 2025-02-28,2025-02-28,电力市场,PDF,50,低分候选,暂不回填,https://fjb.nea.gov.cn/dtyw/tzgg/202502/P020250228317033550447.pdf,https://fjb.nea.gov.cn/dtyw/tzgg/index_4.html
20260501_235114,CAND-44761768636B,SRC-P-036,省级,四川,四川省发展和改革委员会-通知公告,四川省发展和改革委员会,关于进一步完善新型储能价格机制的通知(川发改价格〔2025〕14号),2025-03-07,新型储能,HTML,50,低分候选,暂不回填,https://fgw.sc.gov.cn/sfgw/tzgg/2025/3/7/6cc70ce84eb64e40b0bc543f715f9861.shtml,https://fgw.sc.gov.cn/sfgw/tzgg/list_13.shtml
20260501_235114,CAND-545434C02BA1,SRC-P-036,省级,四川,四川省发展和改革委员会-通知公告,四川省发展和改革委员会,西部陆海新通道高质量发展研究、现代化基础设施体系建设路径研究2个课题比选公告,2025-04-08,高质量发展,HTML,50,低分候选,暂不回填,https://fgw.sc.gov.cn/sfgw/tzgg/2025/4/8/bea40e3cec6a4711b88ea3105f851e85.shtml,https://fgw.sc.gov.cn/sfgw/tzgg/list_11.shtml
20260501_235114,CAND-6190A529A031,SRC-P-036,省级,四川,四川省发展和改革委员会-通知公告,四川省发展和改革委员会,四川省开发区高质量发展综合评价考核项目比选公告,2025-04-09,高质量发展,HTML,50,低分候选,暂不回填,https://fgw.sc.gov.cn/sfgw/tzgg/2025/4/9/8667aba04fe84aaeba5af8b775867fd7.shtml,https://fgw.sc.gov.cn/sfgw/tzgg/list_10.shtml
20260501_235114,CAND-C799D02C0E2D,SRC-P-036,省级,四川,四川省发展和改革委员会-通知公告,四川省发展和改革委员会,四川省加快推进生产性服务业高质量发展路径研究课题比选公告,2025-04-11,高质量发展,HTML,50,低分候选,暂不回填,https://fgw.sc.gov.cn/sfgw/tzgg/2025/4/11/4d15d8c8fca8402d88615254e0c87468.shtml,https://fgw.sc.gov.cn/sfgw/tzgg/list_10.shtml
20260501_235114,CAND-C65DA9BDF8D9,SRC-PR-003,省级监管,浙江,国家能源局浙江监管办公室-通知公告,国家能源局浙江监管办公室,国家能源局浙江监管办公室 浙江省能源局关于印发《浙江省分布式可再生能源发电项目绿证核发工... 2025-11-07,2025-11-07,绿证,PDF,50,低分候选,暂不回填,https://zjb.nea.gov.cn/dtyw/tzgg/202511/P020251107588626158604.pdf,https://zjb.nea.gov.cn/dtyw/tzgg/index_1.html
20260501_235114,CAND-2D880E35F37A,SRC-PR-005,省级监管,四川,国家能源局四川监管办公室-通知公告,国家能源局四川监管办公室,关于公开征求《四川省电力辅助服务管理实施细则（征求意见稿）》《四川省电力并网... 2026-02-14,2026-02-14,实施细则;辅助服务,HTML,50,低分候选,暂不回填,https://scb.nea.gov.cn/dtyw/tzgg/202602/t20260214_296099.html,https://scb.nea.gov.cn/dtyw/tzgg/index_1.html
20260501_235114,CAND-68506E41FCC4,SRC-R-001,区域监管,南方区域,国家能源局南方监管局-通知公示,国家能源局派出机构,关于公开征求废止《南方区域跨省（区）电力应急调度暂行规定》意见的公告 2026-03-12,2026-03-12,跨省,HTML,50,低分候选,暂不回填,https://nfj.nea.gov.cn/xwzx/tzgg/202603/t20260312_297785.html,https://nfj.nea.gov.cn/xwzx/tzgg/
20260501_235114,CAND-FE2A646DF281,SRC-MU-008,直辖市,上海,上海市经济和信息化委员会-政策法规,上海市经济和信息化委员会,【图解】一图读懂《上海市促进产业互联网平台高质量发展行动方案（2023-2025年）》 上海市经济和信息化委员会、上海市商务委员会、上海市发展和改革委员会近日联合印发了《上海市促进产业互联网平台高质量发展行动方案（2023-2025年）》，聚焦产业互联网平台重点集群和制造业重点环节，提升实体经济发展效能，推进业态集聚、要素提升，打造协同融合的产业生态。力争到2025年，产业互联网平台交易额突破3.3万亿元；引育100家以上的产业互联网平台企业。 2023-07-18,2023-07-18,高质量发展;一图读懂,HTML,49,低分候选,暂不回填,https://www.sheitc.sh.gov.cn/sjxwxgzcjd/20230719/2f7e9bbc61ca4ecb90c81297cf007231.html,https://www.sheitc.sh.gov.cn/zcfg/index_6.html
20260501_235114,CAND-65DF3CCCB14B,SRC-MU-008,直辖市,上海,上海市经济和信息化委员会-政策法规,上海市经济和信息化委员会,【一图读懂】《上海市促进新材料产业高质量发展实施方案（2025-2027年）》 2024-11-15,2024-11-15,高质量发展;一图读懂,HTML,49,低分候选,暂不回填,https://www.sheitc.sh.gov.cn/sjxwxgzcjd/20250116/7119b113d9f34eafbbd0d2be128d12f9.html,https://www.sheitc.sh.gov.cn/zcfg/index_3.html
20260501_235114,CAND-34A6B54DF24F,SRC-MU-008,直辖市,上海,上海市经济和信息化委员会-政策法规,上海市经济和信息化委员会,【一图读懂】《上海市下一代显示产业高质量发展行动方案（2026-2030年）》 2025-07-24,2025-07-24,高质量发展;一图读懂,HTML,49,低分候选,暂不回填,https://www.sheitc.sh.gov.cn/sjxwxgzcjd/20250724/beb9849fed554dfcac13f76ec3bdebcd.html,https://www.sheitc.sh.gov.cn/zcfg/index_2.html
20260501_235114,CAND-728B74728D9B,SRC-MU-008,直辖市,上海,上海市经济和信息化委员会-政策法规,上海市经济和信息化委员会,【一图读懂】《上海市智能终端产业高质量发展行动方案（2026-2027年）》 2025-10-14,2025-10-14,高质量发展;一图读懂,HTML,49,低分候选,暂不回填,https://www.sheitc.sh.gov.cn/sjxwxgzcjd/20251106/a71873ed8f4641a7a48d7edbc408da57.html,https://www.sheitc.sh.gov.cn/zcfg/
20260501_235114,CAND-51F15764DC33,SRC-N-002,国家级,全国,国家发展改革委-规范性文件,国家发展改革委,关于加快推动新型储能发展的指导意见(发改能源规〔2021〕1051号),,新型储能,HTML,48,低分候选,暂不回填,https://www.ndrc.gov.cn/xxgk/zcfb/ghxwj/202107/t20210723_1291321.html,https://www.ndrc.gov.cn/xxgk/zcfb/ghxwj/index_3.html
20260501_235114,CAND-52E76DC6B562,SRC-MU-007,直辖市,上海,上海市发展和改革委员会-政策文件,上海市发展和改革委员会,上海市人民政府办公厅关于进一步推动上海创业投资高质量发展的若干意见,,高质量发展,HTML,46,低分候选,暂不回填,http://fgw.sh.gov.cn/fgw_gfxwj/20240730/3c2984db04484a1e9fb29f4e3a0c8067.html,https://fgw.sh.gov.cn/fgw_zcwjfl/index_14.html
20260501_235114,CAND-7F0EFE6131EF,SRC-MU-004,直辖市,天津,天津市发展和改革委员会-政策法规,天津市发展和改革委员会,促进天津市工业高质量发展政策体系汇编.doc,,高质量发展,DOC,46,低分候选,暂不回填,https://fzgg.tj.gov.cn/zwgk_47325/zcfg_47338/zcwjx/fgwj/202207/W020220704552067842819.doc,https://fzgg.tj.gov.cn/zwgk_47325/zcfg_47338/index_5.html
20260501_235114,CAND-EE75BD9FD40D,SRC-MU-004,直辖市,天津,天津市发展和改革委员会-政策法规,天津市发展和改革委员会,关于振作天津市工业经济运行推动工业高质量发展的若干举措.doc,,高质量发展,DOC,46,低分候选,暂不回填,https://fzgg.tj.gov.cn/zwgk_47325/zcfg_47338/zcwjx/fgwj/202204/W020220408650826586388.doc,https://fzgg.tj.gov.cn/zwgk_47325/zcfg_47338/index_6.html
20260501_235114,CAND-CCD01D594794,SRC-MU-004,直辖市,天津,天津市发展和改革委员会-政策法规,天津市发展和改革委员会,关于支持绿色石化产业链高质量发展的若干政策措施.docx,,高质量发展,DOCX,46,低分候选,暂不回填,https://fzgg.tj.gov.cn/zwgk_47325/zcfg_47338/zcwjx/fgwj/202303/W020230519547461741255.docx,https://fzgg.tj.gov.cn/zwgk_47325/zcfg_47338/index_4.html
20260501_235114,CAND-F9FEE8400C7E,SRC-MU-007,直辖市,上海,上海市发展和改革委员会-政策文件,上海市发展和改革委员会,关于明确上海闸电燃气轮机发电机组上网电价有关事项的通知,,上网电价,HTML,46,低分候选,暂不回填,http://fgw.sh.gov.cn/fgw_jggl/20251204/7c436aa3498c4f1eb9dbe4c2767b5601.html,https://fgw.sh.gov.cn/fgw_zcwjfl/index_4.html
20260501_235114,CAND-2E94E46777BC,SRC-MU-007,直辖市,上海,上海市发展和改革委员会-政策文件,上海市发展和改革委员会,关于转发《国家能源局综合司关于开展新型储能试点示范工作的通知》的通知,,新型储能,HTML,46,低分候选,暂不回填,http://fgw.sh.gov.cn/fgw_ny/20230628/b95293af2e944bc19cd31576cc970c1c.html,https://fgw.sh.gov.cn/fgw_zcwjfl/index_21.html
20260501_235114,CAND-BC9AD65C62F3,SRC-P-033,省级,内蒙古自治区,内蒙古自治区能源局-通知公告,内蒙古自治区能源局,内蒙古自治区能源局关于兴安盟经济技术开发区高新技术产业园增量配电网项目配电区域的公示,,电网;配电网,HTML,46,低分候选,暂不回填,https://nyj.nmg.gov.cn/slh/tz/202512/t20251211_2832976.html,https://nyj.nmg.gov.cn/slh/tz/index_3.html
20260501_235114,CAND-8ECCF898799B,SRC-P-033,省级,内蒙古自治区,内蒙古自治区能源局-通知公告,内蒙古自治区能源局,内蒙古自治区能源局关于印发2025年第三批独立新型储能建设项目清单的通知,,新型储能,HTML,46,低分候选,暂不回填,https://nyj.nmg.gov.cn/slh/tz/202507/t20250730_2766748.html,https://nyj.nmg.gov.cn/slh/tz/index_22.html
20260501_235114,CAND-5157D99A8062,SRC-P-033,省级,内蒙古自治区,内蒙古自治区能源局-通知公告,内蒙古自治区能源局,内蒙古自治区能源局关于规范独立新型储能电站管理有关事宜的通知,,新型储能,HTML,46,低分候选,暂不回填,https://nyj.nmg.gov.cn/slh/tz/202511/t20251110_2815497.html,https://nyj.nmg.gov.cn/slh/tz/index_4.html
20260501_235114,CAND-06667FFC37CC,SRC-MU-002,直辖市,北京,北京市经济和信息化局-政策文件,北京市经济和信息化局,北京市经济和信息化局关于印发《北京市关于支持新型储能产业发展的若干政策措施》的通知,,新型储能,HTML,46,低分候选,暂不回填,https://jxj.beijing.gov.cn/zwgk/2024zcwj/202406/t20240607_3707284.html,https://jxj.beijing.gov.cn/zwgk/2024zcwj/index_9.html
20260501_235114,CAND-68DCE7949A1D,SRC-T-001,交易机构,南方区域,广州电力交易中心-交易规则,广州电力交易中心,南方区域电力交易服务热线指南（试行）,,电力交易,HTML,46,低分候选,暂不回填,https://www.gzpec.cn/law/jygz/202502/t20250226_34108.html,https://www.gzpec.cn/law/jygz/
20260501_235114,CAND-D4DB59253500,SRC-P-002,省级,广东,广东省能源局-通知公告,广东省能源局,坚持监管与服务相结合 促进成品油流通行业高质量发展——《广东省成品油流通管理条例》解读09-27,,高质量发展,HTML,46,低分候选,暂不回填,https://drc.gd.gov.cn/snyj/tzgg/content/post_4501505.html,https://drc.gd.gov.cn/snyj/tzgg/mindex_11.html
20260501_235114,CAND-07E8576D3B64,SRC-MU-004,直辖市,天津,天津市发展和改革委员会-政策法规,天津市发展和改革委员会,天津市电网销售电价表,,电网,XLS,46,低分候选,暂不回填,https://fzgg.tj.gov.cn/zwgk_47325/zcfg_47338/zcwjx/fgwj/202012/W020201219522639867430.xls,https://fzgg.tj.gov.cn/zwgk_47325/zcfg_47338/index_9.html
20260501_235114,CAND-094389A70CF3,SRC-P-002,省级,广东,广东省能源局-通知公告,广东省能源局,广东省发展改革委 广东省能源局关于印发广东省促进新型储能电站发展若干措施的通知06-05,,新型储能,HTML,46,低分候选,暂不回填,https://drc.gd.gov.cn/snyj/tzgg/content/post_4192560.html,https://drc.gd.gov.cn/snyj/tzgg/mindex_23.html
20260501_235114,CAND-4CF37D211934,SRC-P-002,省级,广东,广东省能源局-通知公告,广东省能源局,广东省能源局关于加强新型储能电站规范管理的通知07-04,,新型储能,HTML,46,低分候选,暂不回填,https://drc.gd.gov.cn/snyj/tzgg/content/post_4211887.html,https://drc.gd.gov.cn/snyj/tzgg/mindex_21.html
20260501_235114,CAND-A8B5A4A750E9,SRC-P-002,省级,广东,广东省能源局-通知公告,广东省能源局,广东省能源局关于售电公司退出广东电力市场的公示04-14,,电力市场,HTML,46,低分候选,暂不回填,https://drc.gd.gov.cn/snyj/tzgg/content/post_4696771.html,https://drc.gd.gov.cn/snyj/tzgg/mindex_7.html
20260501_235114,CAND-05BD7DFE16A4,SRC-P-002,省级,广东,广东省能源局-通知公告,广东省能源局,广东省能源局关于售电公司退出广东电力市场的公示04-17,,电力市场,HTML,46,低分候选,暂不回填,https://drc.gd.gov.cn/snyj/tzgg/content/post_4408083.html,https://drc.gd.gov.cn/snyj/tzgg/mindex_15.html
20260501_235114,CAND-9F760AFDC7DF,SRC-P-002,省级,广东,广东省能源局-通知公告,广东省能源局,广东省能源局关于售电公司退出广东电力市场的公示08-19,,电力市场,HTML,46,低分候选,暂不回填,https://drc.gd.gov.cn/snyj/tzgg/content/post_4760372.html,https://drc.gd.gov.cn/snyj/tzgg/mindex_5.html
20260501_235114,CAND-61DB2534026F,SRC-P-002,省级,广东,广东省能源局-通知公告,广东省能源局,广东省能源局关于售电公司退出广东电力市场的公示08-23,,电力市场,HTML,46,低分候选,暂不回填,https://drc.gd.gov.cn/snyj/tzgg/content/post_4241522.html,https://drc.gd.gov.cn/snyj/tzgg/mindex_20.html
20260501_235114,CAND-D9183C31394B,SRC-P-002,省级,广东,广东省能源局-通知公告,广东省能源局,广东省能源局关于广东省新型电力系统技术创新项目立项的公示11-10,,新型电力系统,HTML,46,低分候选,暂不回填,https://drc.gd.gov.cn/snyj/tzgg/content/post_4282047.html,https://drc.gd.gov.cn/snyj/tzgg/mindex_18.html
20260501_235114,CAND-04149FF0FD1A,SRC-P-002,省级,广东,广东省能源局-通知公告,广东省能源局,广东省能源局关于开展2024—2025年度公共机构绿色低碳转型课题征集的通知09-06,,绿色低碳,HTML,46,低分候选,暂不回填,https://drc.gd.gov.cn/snyj/tzgg/content/post_4491305.html,https://drc.gd.gov.cn/snyj/tzgg/mindex_12.html
20260501_235114,CAND-26FEED6DBE80,SRC-P-002,省级,广东,广东省能源局-通知公告,广东省能源局,广东省能源局转发国家能源局关于开展新型储能试点示范工作的通知06-26,,新型储能,HTML,46,低分候选,暂不回填,https://drc.gd.gov.cn/snyj/tzgg/content/post_4206854.html,https://drc.gd.gov.cn/snyj/tzgg/mindex_22.html
20260501_235114,CAND-027B46131536,SRC-P-002,省级,广东,广东省能源局-通知公告,广东省能源局,广东省能源局转发国家能源局关于认真组织学习《习近平关于国家能源安全论述摘编》的通知06-25,,能源安全,HTML,46,低分候选,暂不回填,https://drc.gd.gov.cn/snyj/tzgg/content/post_4444948.html,https://drc.gd.gov.cn/snyj/tzgg/mindex_13.html
20260501_235114,CAND-FF33884F83A1,SRC-P-002,省级,广东,广东省能源局-通知公告,广东省能源局,广东省能源局转发国家能源局综合司关于加强组织管理 进一步推进电力安全生产标准化建设工作的通知11-04,,电力安全,HTML,46,低分候选,暂不回填,https://drc.gd.gov.cn/snyj/tzgg/content/post_4793329.html,https://drc.gd.gov.cn/snyj/tzgg/mindex_4.html
20260501_235114,CAND-4AE03B5AE729,SRC-P-002,省级,广东,广东省能源局-通知公告,广东省能源局,广东省能源局转发国管局办公室关于征集2024年公共机构绿色低碳技术的通知05-28,,绿色低碳,HTML,46,低分候选,暂不回填,https://drc.gd.gov.cn/snyj/tzgg/content/post_4431850.html,https://drc.gd.gov.cn/snyj/tzgg/mindex_14.html
20260501_235114,CAND-485A55481E35,SRC-MU-004,直辖市,天津,天津市发展和改革委员会-政策法规,天津市发展和改革委员会,附件：关于支持滨海新区深化改革创新加快推动高质量发展的具体落实举措分工方案.xlsx,,高质量发展,XLSX,46,低分候选,暂不回填,https://fzgg.tj.gov.cn/zwgk_47325/zcfg_47338/zcwjx/fgwj/202012/W020201219528685474227.xlsx,https://fzgg.tj.gov.cn/zwgk_47325/zcfg_47338/index_11.html
20260501_235114,CAND-5B984D6DACF5,SRC-R-003,区域监管,山东,国家能源局山东监管办公室-通知公告,国家能源局派出机构,关于组织开展全省电力迎峰度夏及防汛抗旱安全检查工作的通知 2014-05-07,2014-05-07,迎峰度夏,HTML,46,低分候选,暂不回填,https://sdb.nea.gov.cn/dtyw/tzgg/202309/t20230919_110145.html,https://sdb.nea.gov.cn/dtyw/tzgg/index_23.html
20260501_235114,CAND-CD65233C7F93,SRC-R-003,区域监管,山东,国家能源局山东监管办公室-通知公告,国家能源局派出机构,关于开展全省电力迎峰度夏及防汛现场检查工作的通知 2014-07-01,2014-07-01,迎峰度夏,HTML,46,低分候选,暂不回填,https://sdb.nea.gov.cn/dtyw/tzgg/202309/t20230919_110163.html,https://sdb.nea.gov.cn/dtyw/tzgg/index_22.html
20260501_235114,CAND-A6D4DC200E6A,SRC-R-003,区域监管,山东,国家能源局山东监管办公室-通知公告,国家能源局派出机构,关于做好电力安全信息报送工作的通知 2014-09-02,2014-09-02,电力安全,HTML,46,低分候选,暂不回填,https://sdb.nea.gov.cn/dtyw/tzgg/202309/t20230919_110177.html,https://sdb.nea.gov.cn/dtyw/tzgg/index_21.html
20260501_235114,CAND-FBF10A5AE796,SRC-R-003,区域监管,山东,国家能源局山东监管办公室-通知公告,国家能源局派出机构,关于做好2014年国庆节期间电力安全生产工作的通知 2014-09-24,2014-09-24,电力安全,HTML,46,低分候选,暂不回填,https://sdb.nea.gov.cn/dtyw/tzgg/202309/t20230919_110180.html,https://sdb.nea.gov.cn/dtyw/tzgg/index_21.html
20260501_235114,CAND-590584360A69,SRC-R-006,区域监管,西北区域,国家能源局西北监管局-通知公告,国家能源局派出机构,2014年迎峰度夏期间陕西东南部电网停限电情况监管报告 2014-12-16,2014-12-16,电网;迎峰度夏,HTML,46,低分候选,暂不回填,https://xbj.nea.gov.cn/dtyw/tzgg/202310/t20231013_147480.html,https://xbj.nea.gov.cn/dtyw/tzgg/index_23.html
20260501_235114,CAND-E3B7BB9C4E0E,SRC-R-003,区域监管,山东,国家能源局山东监管办公室-通知公告,国家能源局派出机构,关于做好春节“两会”期间电力安全生产和消防安全工作的通知 2015-02-03,2015-02-03,电力安全,HTML,46,低分候选,暂不回填,https://sdb.nea.gov.cn/dtyw/tzgg/202309/t20230919_110199.html,https://sdb.nea.gov.cn/dtyw/tzgg/index_20.html
20260501_235114,CAND-7FB740B91703,SRC-R-003,区域监管,山东,国家能源局山东监管办公室-通知公告,国家能源局派出机构,关于征求《电力市场监管办法(征求意见稿)》、《电力市场运营基本规则(征求意见稿)》、《电力... 2015-12-02,2015-12-02,电力市场;市场监管,HTML,46,低分候选,暂不回填,https://sdb.nea.gov.cn/dtyw/tzgg/202309/t20230919_110244.html,https://sdb.nea.gov.cn/dtyw/tzgg/index_17.html
20260501_235114,CAND-A0E7CEF77FB6,SRC-R-003,区域监管,山东,国家能源局山东监管办公室-通知公告,国家能源局派出机构,关于进一步规范全省电力安全培训工作的通知 2016-06-13,2016-06-13,电力安全,HTML,46,低分候选,暂不回填,https://sdb.nea.gov.cn/dtyw/tzgg/202309/t20230919_110284.html,https://sdb.nea.gov.cn/dtyw/tzgg/index_14.html
20260501_235114,CAND-726A498DD127,SRC-PR-001,省级监管,江苏,国家能源局江苏监管办公室-通知,国家能源局江苏监管办公室,关于下达2016年7-12月统调发电企业辅助服务补偿结果的通知 2017-08-30,2016-07-12,辅助服务,HTML,46,低分候选,暂不回填,https://jsb.nea.gov.cn/dtyw/tz/202309/t20230910_32066.html,https://jsb.nea.gov.cn/dtyw/tz/index_11.html
20260501_235114,CAND-96A8B3707C2A,SRC-R-003,区域监管,山东,国家能源局山东监管办公室-通知公告,国家能源局派出机构,关于切实做好国庆节放假期间电力安全生产工作的通知 2016-09-30,2016-09-30,电力安全,HTML,46,低分候选,暂不回填,https://sdb.nea.gov.cn/dtyw/tzgg/202309/t20230919_110299.html,https://sdb.nea.gov.cn/dtyw/tzgg/index_13.html
20260501_235114,CAND-257C07DA1C8F,SRC-R-003,区域监管,山东,国家能源局山东监管办公室-通知公告,国家能源局派出机构,关于切实做好2017年元旦春节期间电力安全生产工作的通知 2017-01-22,2017-01-22,电力安全,HTML,46,低分候选,暂不回填,https://sdb.nea.gov.cn/dtyw/tzgg/202309/t20230919_110318.html,https://sdb.nea.gov.cn/dtyw/tzgg/index_12.html
20260501_235114,CAND-B36853202FB6,SRC-R-003,区域监管,山东,国家能源局山东监管办公室-通知公告,国家能源局派出机构,关于印发《2017年度山东省电力安全监管检查计划》的通知 2017-03-13,2017-03-13,电力安全,HTML,46,低分候选,暂不回填,https://sdb.nea.gov.cn/dtyw/tzgg/202309/t20230919_110327.html,https://sdb.nea.gov.cn/dtyw/tzgg/index_11.html
20260501_235114,CAND-D1B079F2065C,SRC-R-002,区域监管,华中区域,国家能源局华中监管局-通知公告,国家能源局派出机构,华中区域电力中长期交易实施规则（暂行）（征求意见稿） 2017-03-24,2017-03-24,中长期,HTML,46,低分候选,暂不回填,https://hzj.nea.gov.cn/dtyw/tzgg/202310/t20231021_165505.html,https://hzj.nea.gov.cn/dtyw/tzgg/index_13.html
20260501_235114,CAND-EA0B4D1A5AA7,SRC-R-003,区域监管,山东,国家能源局山东监管办公室-通知公告,国家能源局派出机构,山东电力辅助服务市场运营规则（征求意见稿） 2017-05-12,2017-05-12,运营规则;辅助服务,HTML,46,低分候选,暂不回填,https://sdb.nea.gov.cn/dtyw/tzgg/202309/t20230919_110336.html,https://sdb.nea.gov.cn/dtyw/tzgg/index_11.html
20260501_235114,CAND-B3802108D9C7,SRC-R-003,区域监管,山东,国家能源局山东监管办公室-通知公告,国家能源局派出机构,转发《国家能源局关于加强电力安全培训工作的通知》的通知 2017-05-22,2017-05-22,电力安全,HTML,46,低分候选,暂不回填,https://sdb.nea.gov.cn/dtyw/tzgg/202309/t20230919_110338.html,https://sdb.nea.gov.cn/dtyw/tzgg/index_10.html
20260501_235114,CAND-A3C7B9B062BF,SRC-R-003,区域监管,山东,国家能源局山东监管办公室-通知公告,国家能源局派出机构,关于组织开展全省电力迎峰度夏及老旧电力设施安全检查工作的通知 2017-06-27,2017-06-27,迎峰度夏,HTML,46,低分候选,暂不回填,https://sdb.nea.gov.cn/dtyw/tzgg/202309/t20230919_110344.html,https://sdb.nea.gov.cn/dtyw/tzgg/index_10.html
20260501_235114,CAND-A245E54B288D,SRC-PR-001,省级监管,江苏,国家能源局江苏监管办公室-通知,国家能源局江苏监管办公室,关于印发《江苏电力市场建设方案》的通知 2017-10-27,2017-10-27,电力市场,HTML,46,低分候选,暂不回填,https://jsb.nea.gov.cn/dtyw/tz/202309/t20230910_32078.html,https://jsb.nea.gov.cn/dtyw/tz/index_10.html
20260501_235114,CAND-A1935A74AEE9,SRC-P-013,省级,四川,四川省发展和改革委员会-政策文件,四川省发展和改革委员会,关于调整四川电网丰枯峰谷电价政策有关事项的通知,2017-12-26,电网,HTML,46,低分候选,暂不回填,https://fgw.sc.gov.cn/sfgw/zcwj/2017/12/26/1eaa9ec4330e413889cccfdc07606fa2.shtml,https://fgw.sc.gov.cn/sfgw/zcwj/list_18.shtml
20260501_235114,CAND-78A46E7E7F1B,SRC-PR-001,省级监管,江苏,国家能源局江苏监管办公室-通知,国家能源局江苏监管办公室,关于进一步做好电煤供应保障确保电网安全运行的紧急通知 2018-01-28,2018-01-28,电网,HTML,46,低分候选,暂不回填,https://jsb.nea.gov.cn/dtyw/tz/202309/t20230910_32094.html,https://jsb.nea.gov.cn/dtyw/tz/index_9.html
20260501_235114,CAND-BE574EA26860,SRC-R-002,区域监管,华中区域,国家能源局华中监管局-通知公告,国家能源局派出机构,关于2017年电网企业《购售电合同》和《并网调度协议》签订与备案情况的通报 2018-03-13,2018-03-13,电网,HTML,46,低分候选,暂不回填,https://hzj.nea.gov.cn/dtyw/tzgg/202310/t20231021_165519.html,https://hzj.nea.gov.cn/dtyw/tzgg/index_12.html
20260501_235114,CAND-12E5A6E39949,SRC-R-003,区域监管,山东,国家能源局山东监管办公室-通知公告,国家能源局派出机构,关于印发《2018年度山东省电力安全监管检查计划》的通知 2018-03-14,2018-03-14,电力安全,HTML,46,低分候选,暂不回填,https://sdb.nea.gov.cn/dtyw/tzgg/202309/t20230919_110363.html,https://sdb.nea.gov.cn/dtyw/tzgg/index_9.html
20260501_235114,CAND-3BA930461CE0,SRC-R-003,区域监管,山东,国家能源局山东监管办公室-通知公告,国家能源局派出机构,关于征求《山东光伏电站并网运行管理实施细则(征求意见稿)》意见建议的通知 2018-10-30,2018-10-30,实施细则,HTML,46,低分候选,暂不回填,https://sdb.nea.gov.cn/dtyw/tzgg/202309/t20230919_110381.html,https://sdb.nea.gov.cn/dtyw/tzgg/index_8.html
20260501_235114,CAND-33837A404FE0,SRC-R-006,区域监管,西北区域,国家能源局西北监管局-通知公告,国家能源局派出机构,关于成立西北（陕宁青）电力安全专家委员会主任委员会的通告 2019-03-25,2019-03-25,电力安全,HTML,46,低分候选,暂不回填,https://xbj.nea.gov.cn/dtyw/tzgg/202310/t20231013_147516.html,https://xbj.nea.gov.cn/dtyw/tzgg/index_21.html
20260501_235114,CAND-327E6F6127D5,SRC-PR-007,省级监管,新疆,国家能源局新疆监管办公室-通知公告,国家能源局新疆监管办公室,新疆能源监管办关于印发《天中直流配套新能源发电企业与新疆区域燃煤自备电厂调峰替代交易实... 2019-09-26,2019-09-26,调峰,HTML,46,低分候选,暂不回填,https://xjb.nea.gov.cn/dtyw/tzgg/202309/t20230923_116325.html,https://xjb.nea.gov.cn/dtyw/tzgg/index_24.html
20260501_235114,CAND-01669F624FA3,SRC-PR-007,省级监管,新疆,国家能源局新疆监管办公室-通知公告,国家能源局新疆监管办公室,关于公示新疆区域2019-2020年燃煤火电机组调峰性能核定结果的通知 2019-09-30,2019-09-30,调峰,HTML,46,低分候选,暂不回填,https://xjb.nea.gov.cn/dtyw/tzgg/202309/t20230923_116327.html,https://xjb.nea.gov.cn/dtyw/tzgg/index_24.html
20260501_235114,CAND-5AA4A7C00479,SRC-PR-007,省级监管,新疆,国家能源局新疆监管办公室-通知公告,国家能源局新疆监管办公室,关于公布新疆区域2019-2020年燃煤火电机组调峰性能核定结果的通知 2019-10-16,2019-10-16,调峰,HTML,46,低分候选,暂不回填,https://xjb.nea.gov.cn/dtyw/tzgg/202309/t20230923_116331.html,https://xjb.nea.gov.cn/dtyw/tzgg/index_24.html
20260501_235114,CAND-F9800EDACD54,SRC-PR-007,省级监管,新疆,国家能源局新疆监管办公室-通知公告,国家能源局新疆监管办公室,关于征求《新疆电力市场信息报送实施细则（征求意见稿）意见的通知 2019-11-08,2019-11-08,电力市场;实施细则,HTML,46,低分候选,暂不回填,https://xjb.nea.gov.cn/dtyw/tzgg/202309/t20230923_116345.html,https://xjb.nea.gov.cn/dtyw/tzgg/index_23.html
20260501_235114,CAND-67ADF7ED26DF,SRC-PR-001,省级监管,江苏,国家能源局江苏监管办公室-通知,国家能源局江苏监管办公室,转发全国电力安全生产委员会办公室关于做好疫情防控电力供应保障工作的通知 2020-02-01,2020-02-01,电力安全,HTML,46,低分候选,暂不回填,https://jsb.nea.gov.cn/dtyw/tz/202309/t20230910_32168.html,https://jsb.nea.gov.cn/dtyw/tz/index_4.html
20260501_235114,CAND-7407542F0D58,SRC-MU-008,直辖市,上海,上海市经济和信息化委员会-政策法规,上海市经济和信息化委员会,国务院印发《新时期促进集成电路产业和软件产业高质量发展的若干政策》 日前，国务院印发《新时期促进集成电路产业和软件产业高质量发展的若干政策》（以下简称《若干政策》）。 2020-08-06,2020-08-06,高质量发展,HTML,46,低分候选,暂不回填,https://www.sheitc.sh.gov.cn/bmgzjxgwj/20200806/869abcbbaea14d189dedf326f24536fe.html,https://www.sheitc.sh.gov.cn/zcfg/index_16.html
20260501_235114,CAND-100A015211B8,SRC-MU-006,直辖市,天津,天津市科学技术局-科技局政策文件,天津市科学技术局,市科技局 滨海新区政府关于印发促进天津滨海高新技术产业开发区高质量发展具体落实...2020-09-04,2020-09-04,高质量发展,HTML,46,低分候选,暂不回填,https://kxjs.tj.gov.cn/managecol/ZCWJ0923/kjjzcwj09233/202012/t20201211_4858640.html,https://kxjs.tj.gov.cn/managecol/ZCWJ0923/kjjzcwj09233/index_17.html
20260501_235114,CAND-818828E118EF,SRC-PR-007,省级监管,新疆,国家能源局新疆监管办公室-通知公告,国家能源局新疆监管办公室,关于公示新疆区域2020-2021年燃煤火电机组调峰性能核定结果的通知 2020-09-27,2020-09-27,调峰,HTML,46,低分候选,暂不回填,https://xjb.nea.gov.cn/dtyw/tzgg/202309/t20230923_116433.html,https://xjb.nea.gov.cn/dtyw/tzgg/index_17.html
20260501_235114,CAND-0FDFEACD6A1E,SRC-PR-003,省级监管,浙江,国家能源局浙江监管办公室-通知公告,国家能源局浙江监管办公室,关于做好国庆中秋假期电力安全防范工作的通知 2020-09-30,2020-09-30,电力安全,HTML,46,低分候选,暂不回填,https://zjb.nea.gov.cn/dtyw/tzgg/202309/t20230914_75842.html,https://zjb.nea.gov.cn/dtyw/tzgg/index_6.html
20260501_235114,CAND-5307E587B9DC,SRC-PR-007,省级监管,新疆,国家能源局新疆监管办公室-通知公告,国家能源局新疆监管办公室,关于公布新疆区域2020-2021年燃煤火电机组调峰性能核定结果的通知 2020-10-16,2020-10-16,调峰,HTML,46,低分候选,暂不回填,https://xjb.nea.gov.cn/dtyw/tzgg/202309/t20230923_116437.html,https://xjb.nea.gov.cn/dtyw/tzgg/index_17.html
20260501_235114,CAND-429F55DBA5BA,SRC-PR-003,省级监管,浙江,国家能源局浙江监管办公室-通知公告,国家能源局浙江监管办公室,关于做好第三届中国国际进口博览会电力安全协同保障工作的通知 2020-11-03,2020-11-03,电力安全,HTML,46,低分候选,暂不回填,https://zjb.nea.gov.cn/dtyw/tzgg/202309/t20230914_75847.html,https://zjb.nea.gov.cn/dtyw/tzgg/index_6.html
20260501_235114,CAND-5B95C7C31C5A,SRC-PR-003,省级监管,浙江,国家能源局浙江监管办公室-通知公告,国家能源局浙江监管办公室,关于做好2020年世界互联网大会•互联网发展论坛电力安全保障工作的通知 2020-11-20,2020-11-20,电力安全,HTML,46,低分候选,暂不回填,https://zjb.nea.gov.cn/dtyw/tzgg/202309/t20230914_75852.html,https://zjb.nea.gov.cn/dtyw/tzgg/index_6.html
20260501_235114,CAND-74422C6DAC3F,SRC-PR-004,省级监管,福建,国家能源局福建监管办公室-通知公告,国家能源局福建监管办公室,国家能源局综合司关于进一步加强电力安全生产的紧急通知 2020-11-26,2020-11-26,电力安全,HTML,46,低分候选,暂不回填,https://fjb.nea.gov.cn/dtyw/tzgg/202312/t20231217_221243.html,https://fjb.nea.gov.cn/dtyw/tzgg/index_21.html
20260501_235114,CAND-43B5BAD7ACE6,SRC-PR-007,省级监管,新疆,国家能源局新疆监管办公室-通知公告,国家能源局新疆监管办公室,关于征求《新疆电力市场结算调整方案（征求意见稿）》意见的通知 2020-12-08,2020-12-08,电力市场;结算,HTML,46,低分候选,暂不回填,https://xjb.nea.gov.cn/dtyw/tzgg/202309/t20230923_116449.html,https://xjb.nea.gov.cn/dtyw/tzgg/index_16.html
20260501_235114,CAND-4D2A8CF1D3F8,SRC-PR-001,省级监管,江苏,国家能源局江苏监管办公室-通知,国家能源局江苏监管办公室,关于做好迎峰度冬期间供电服务和2021年元旦春节期间人民满意用电工作的通知 2020-12-31,2020-12-31,迎峰度冬,HTML,46,低分候选,暂不回填,https://jsb.nea.gov.cn/dtyw/tz/202309/t20230910_32193.html,https://jsb.nea.gov.cn/dtyw/tz/index_3.html
20260501_235114,CAND-61B6B9BEE656,SRC-PR-003,省级监管,浙江,国家能源局浙江监管办公室-通知公告,国家能源局浙江监管办公室,关于认真做好2021年元旦春节期间电力安全生产工作的通知 2020-12-31,2020-12-31,电力安全,HTML,46,低分候选,暂不回填,https://zjb.nea.gov.cn/dtyw/tzgg/202309/t20230914_75856.html,https://zjb.nea.gov.cn/dtyw/tzgg/index_6.html
20260501_235114,CAND-15B225DF5D07,SRC-MU-005,直辖市,天津,天津市工业和信息化局-委局文件,天津市工业和信息化局,市工业和信息化局 华北电网公司 市电力公司关于调整2020年天津市统调电厂优先发电...2020-12-31,2020-12-31,电网,HTML,46,低分候选,暂不回填,https://gyxxh.tj.gov.cn/ZWGK4147/ZCWJ6355/wjwj/202107/t20210713_5508097.html,https://gyxxh.tj.gov.cn/ZWGK4147/ZCWJ6355/wjwj/index_19.html
20260501_235114,CAND-23C0DA89B654,SRC-PR-003,省级监管,浙江,国家能源局浙江监管办公室-通知公告,国家能源局浙江监管办公室,关于做好2021年全国“两会”期间电力安全保障工作的通知 2021-02-25,2021-02-25,电力安全,HTML,46,低分候选,暂不回填,https://zjb.nea.gov.cn/dtyw/tzgg/202309/t20230914_75863.html,https://zjb.nea.gov.cn/dtyw/tzgg/index_5.html
20260501_235114,CAND-33A81F7B4C60,SRC-MU-005,直辖市,天津,天津市工业和信息化局-委局文件,天津市工业和信息化局,市工业和信息化局 国家开发银行天津分行关于开发性金融促进先进制造业高质量发展专...2021-04-02,2021-04-02,高质量发展,HTML,46,低分候选,暂不回填,https://gyxxh.tj.gov.cn/ZWGK4147/ZCWJ6355/wjwj/202107/t20210701_5493182.html,https://gyxxh.tj.gov.cn/ZWGK4147/ZCWJ6355/wjwj/index_18.html
20260501_235114,CAND-5E4B2FE2150C,SRC-PR-005,省级监管,四川,国家能源局四川监管办公室-通知公告,国家能源局四川监管办公室,四川能源监管办听取四川电网2021年度运行方式汇报 2021-04-14,2021-04-14,电网,HTML,46,低分候选,暂不回填,https://scb.nea.gov.cn/dtyw/tzgg/202310/t20231009_134251.html,https://scb.nea.gov.cn/dtyw/tzgg/index_24.html
20260501_235114,CAND-A3961D8AAC93,SRC-MU-008,直辖市,上海,上海市经济和信息化委员会-政策法规,上海市经济和信息化委员会,上海市人民政府办公厅关于促进本市生物医药产业高质量发展的若干意见 沪府办规〔2021〕5号各区人民政府，市政府各委、办、局： 为进一步发挥生物医药产业引领作用，加快建设具有国际影响力的生物医药产业创新高地，全力打造世界级生物医药产业集群，经市政府同意，现就促进本市生物医药产业高质量发展提出若干意见如下： 一、明确总体要求 （一）主要目标。立足上海生物医药产业发展基... 2021-04-16,2021-04-16,高质量发展,HTML,46,低分候选,暂不回填,https://www.sheitc.sh.gov.cn/bmgzjxgwj/20211108/26d464fe6a7941de9d5831c8d0dea361.html,https://www.sheitc.sh.gov.cn/zcfg/index_14.html
20260501_235114,CAND-93005B7F69BA,SRC-MU-008,直辖市,上海,上海市经济和信息化委员会-政策法规,上海市经济和信息化委员会,【图解】推进上海经济数字化转型，未来三年这么干 上海市城市数字化转型工作领导小组办公室发布《推进上海经济数字化转型 赋能高质量发展行动方案（2021-2023年）》，重点围绕经济“四量”转型示范路径，推动存量增效、增量创新、流量赋能、质量引领，将聚焦12个专项行动 2021-07-10,2021-07-10,高质量发展,HTML,46,低分候选,暂不回填,https://www.sheitc.sh.gov.cn/sjxwxgzcjd/20210712/917e45b3be144fb9886c8751796ba223.html,https://www.sheitc.sh.gov.cn/zcfg/index_13.html
20260501_235114,CAND-189E4851EC26,SRC-MU-008,直辖市,上海,上海市经济和信息化委员会-政策法规,上海市经济和信息化委员会,推进上海经济数字化转型 赋能高质量发展行动方案（2021-2023年） 经济数字化转型是上海面向未来打造发展新动能的必由之路。为贯彻落实市委、市政府关于全面推进上海城市数字化转型的决策部署，推动经济数字化转型，提高经济发展质量，制定本行动方案。 2021-07-10,2021-07-10,高质量发展,HTML,46,低分候选,暂不回填,https://www.sheitc.sh.gov.cn/bmgzjxgwj/20211110/95deefdb2e3040e39714927266acdc5c.html,https://www.sheitc.sh.gov.cn/zcfg/index_13.html
20260501_235114,CAND-4126D91A07AE,SRC-MU-008,直辖市,上海,上海市经济和信息化委员会-政策法规,上海市经济和信息化委员会,【图解】一图解读《上海市先进材料产业高质量发展三年行动计划（2021-2023年）》 近期，市经济信息化委、市发展改革委、市教委、市科委联合印发《夯实基础 推动本市先进材料产业高质量发展三年行动计划（2021 -2023年）》，未来三年，上海将瞄准产业高端，突出发展重点，疏通“研试产用”链条，切实提升产业链整体水平和效率。 2021-07-16,2021-07-16,高质量发展,HTML,46,低分候选,暂不回填,https://www.sheitc.sh.gov.cn/sjxwxgzcjd/20210830/99737d76696b4d1ba61db6aa4b5982b8.html,https://www.sheitc.sh.gov.cn/zcfg/index_13.html
20260501_235114,CAND-16B6A1EE7F8E,SRC-MU-005,直辖市,天津,天津市工业和信息化局-委局文件,天津市工业和信息化局,市工业和信息化局 市财政局关于下达2021年支持“专精特新”中小企业高质量发展中央...2021-07-29,2021-07-29,高质量发展,HTML,46,低分候选,暂不回填,https://gyxxh.tj.gov.cn/ZWGK4147/ZCWJ6355/wjwj/202107/t20210729_5521005.html,https://gyxxh.tj.gov.cn/ZWGK4147/ZCWJ6355/wjwj/index_16.html
20260501_235114,CAND-EAC6136D1C85,SRC-MU-008,直辖市,上海,上海市经济和信息化委员会-政策法规,上海市经济和信息化委员会,【图解】上海全力推进化妆品产业高质量发展 上海全力推进化妆品产业高质量发展 2021-07-30,2021-07-30,高质量发展,HTML,46,低分候选,暂不回填,https://www.sheitc.sh.gov.cn/sjxwxgzcjd/20211110/d984aa2c98554a7b862ec5095444ec9c.html,https://www.sheitc.sh.gov.cn/zcfg/index_13.html
20260501_235114,CAND-337FFEDB640E,SRC-PR-007,省级监管,新疆,国家能源局新疆监管办公室-通知公告,国家能源局新疆监管办公室,关于征求《新疆电网热电联产机组发电调峰能力核定管理办法（征求意见稿）》意见的通知 2021-07-30,2021-07-30,调峰;电网,HTML,46,低分候选,暂不回填,https://xjb.nea.gov.cn/dtyw/tzgg/202309/t20230923_116498.html,https://xjb.nea.gov.cn/dtyw/tzgg/index_12.html
20260501_235114,CAND-754E426C5BB7,SRC-MU-005,直辖市,天津,天津市工业和信息化局-委局文件,天津市工业和信息化局,市工业和信息化局 华北电网公司 市电力公司关于印发2021年天津市统调电厂优先发电...2021-08-24,2021-08-24,电网,HTML,46,低分候选,暂不回填,https://gyxxh.tj.gov.cn/ZWGK4147/ZCWJ6355/wjwj/202108/t20210824_5550342.html,https://gyxxh.tj.gov.cn/ZWGK4147/ZCWJ6355/wjwj/index_16.html
20260501_235114,CAND-8040AA01056F,SRC-MU-008,直辖市,上海,上海市经济和信息化委员会-政策法规,上海市经济和信息化委员会,[图解]上海市促进工业软件高质量发展三年行动计划 市经济信息化委、市发展改革委、市科委、市国资委和市地方金融监管局联合印发《上海市促进工业软件高质量发展三年行动计划（2021-2023年）》。未来三年，上海将不断创新，从无到有，从有到优，着力突破关键核心技术，全面提高本市工业软件的研发能力，实现产业提升的跨越式发展。到2023年，本市工业软件自主创新能力显著增强、工业软件产品和服务体系更加健全、产业创新生态持续完善，基本建设成为国内领先的工业软件创新高地。 2021-09-10,2021-09-10,高质量发展,HTML,46,低分候选,暂不回填,https://www.sheitc.sh.gov.cn/sjxwxgzcjd/20210914/3361213fc786487f9e150ad95880344e.html,https://www.sheitc.sh.gov.cn/zcfg/index_12.html
20260501_235114,CAND-F9DBB75AB93D,SRC-PR-007,省级监管,新疆,国家能源局新疆监管办公室-通知公告,国家能源局新疆监管办公室,关于公示新疆区域2021-2022年燃煤火电机组调峰性能核定结果的通知 2021-10-09,2021-10-09,调峰,HTML,46,低分候选,暂不回填,https://xjb.nea.gov.cn/dtyw/tzgg/202309/t20230923_116509.html,https://xjb.nea.gov.cn/dtyw/tzgg/index_12.html
20260501_235114,CAND-A0662B66460D,SRC-PR-007,省级监管,新疆,国家能源局新疆监管办公室-通知公告,国家能源局新疆监管办公室,关于公布新疆区域2021-2022年燃煤火电机组调峰性能核定结果的通知 2021-10-19,2021-10-19,调峰,HTML,46,低分候选,暂不回填,https://xjb.nea.gov.cn/dtyw/tzgg/202309/t20230923_116510.html,https://xjb.nea.gov.cn/dtyw/tzgg/index_12.html
20260501_235114,CAND-812F684BE83B,SRC-PR-005,省级监管,四川,国家能源局四川监管办公室-通知公告,国家能源局四川监管办公室,关于进一步加强元旦春节期间电力安全生产工作的通知 2022-01-14,2022-01-14,电力安全,HTML,46,低分候选,暂不回填,https://scb.nea.gov.cn/dtyw/tzgg/202310/t20231009_134279.html,https://scb.nea.gov.cn/dtyw/tzgg/index_22.html
20260501_235114,CAND-FCD9BEE7E947,SRC-PR-005,省级监管,四川,国家能源局四川监管办公室-通知公告,国家能源局四川监管办公室,关于对《四川省直调发电厂2020年辅助服务补偿及并网运行考核年度清算情况》进行公... 2022-01-21,2022-01-21,辅助服务,HTML,46,低分候选,暂不回填,https://scb.nea.gov.cn/dtyw/tzgg/202310/t20231009_134282.html,https://scb.nea.gov.cn/dtyw/tzgg/index_22.html
20260501_235114,CAND-024A9C9FD328,SRC-PR-005,省级监管,四川,国家能源局四川监管办公室-通知公告,国家能源局四川监管办公室,关于对《四川省直调发电厂2021年10月辅助服务补偿及并网运行考核情况》进行公示的... 2022-01-21,2022-01-21,辅助服务,HTML,46,低分候选,暂不回填,https://scb.nea.gov.cn/dtyw/tzgg/202310/t20231009_134281.html,https://scb.nea.gov.cn/dtyw/tzgg/index_22.html
20260501_235114,CAND-57117C5BD64E,SRC-PR-005,省级监管,四川,国家能源局四川监管办公室-通知公告,国家能源局四川监管办公室,关于对《四川省直调发电厂2021年11月辅助服务补偿及并网运行考核情况》进行公示的... 2022-02-25,2022-02-25,辅助服务,HTML,46,低分候选,暂不回填,https://scb.nea.gov.cn/dtyw/tzgg/202310/t20231009_134288.html,https://scb.nea.gov.cn/dtyw/tzgg/index_22.html
20260501_235114,CAND-5D34DFD3C0A2,SRC-R-002,区域监管,华中区域,国家能源局华中监管局-通知公告,国家能源局派出机构,国家能源局华中监管局关于《华中区域电力市场信息披露办法（征求意见稿）》公开征... 2022-02-28,2022-02-28,电力市场,HTML,46,低分候选,暂不回填,https://hzj.nea.gov.cn/dtyw/tzgg/202310/t20231021_165571.html,https://hzj.nea.gov.cn/dtyw/tzgg/index_9.html
20260501_235114,CAND-5AEAA7B059EE,SRC-PR-005,省级监管,四川,国家能源局四川监管办公室-通知公告,国家能源局四川监管办公室,关于做好“五一”期间电力安全防范工作的通知 2022-04-27,2022-04-27,电力安全,HTML,46,低分候选,暂不回填,https://scb.nea.gov.cn/dtyw/tzgg/202310/t20231009_134292.html,https://scb.nea.gov.cn/dtyw/tzgg/index_22.html
20260501_235114,CAND-7C4559F48D8D,SRC-PR-005,省级监管,四川,国家能源局四川监管办公室-通知公告,国家能源局四川监管办公室,关于对《四川省直调发电厂2021年12月辅助服务补偿及并网运行考核情况》进行公布的... 2022-05-10,2022-05-10,辅助服务,HTML,46,低分候选,暂不回填,https://scb.nea.gov.cn/dtyw/tzgg/202310/t20231009_134294.html,https://scb.nea.gov.cn/dtyw/tzgg/index_21.html
20260501_235114,CAND-9F93B4853CB2,SRC-R-001,区域监管,南方区域,国家能源局南方监管局-通知公示,国家能源局派出机构,关于公开征求《中国南方区域电力市场运营规则（征求意见稿）》意见的通告 2022-05-30,2022-05-30,电力市场;运营规则,HTML,46,低分候选,暂不回填,https://nfj.nea.gov.cn/xwzx/tzgg/202402/t20240208_245769.html,https://nfj.nea.gov.cn/xwzx/tzgg/index_23.html
20260501_235114,CAND-A9542321B92A,SRC-PR-006,省级监管,贵州,国家能源局贵州监管办公室-通知公告,国家能源局贵州监管办公室,国家能源局关于印发全国电力安全生产大检查工作方案的通知 2022-06-09,2022-06-09,电力安全,HTML,46,低分候选,暂不回填,https://gzb.nea.gov.cn/dtyw/tzgg/202308/t20230821_3847.html,https://gzb.nea.gov.cn/dtyw/tzgg/index_23.html
20260501_235114,CAND-0DE0B8B170D3,SRC-MU-005,直辖市,天津,天津市工业和信息化局-委局文件,天津市工业和信息化局,市工业和信息化局 华北电网公司 市电力公司关于印发2022年天津市统调电厂优先发电...2022-06-14,2022-06-14,电网,HTML,46,低分候选,暂不回填,https://gyxxh.tj.gov.cn/ZWGK4147/ZCWJ6355/wjwj/202206/t20220614_5905337.html,https://gyxxh.tj.gov.cn/ZWGK4147/ZCWJ6355/wjwj/index_13.html
20260501_235114,CAND-FC4A8C2C4387,SRC-PR-005,省级监管,四川,国家能源局四川监管办公室-通知公告,国家能源局四川监管办公室,关于做好四川电力行业“迎峰度夏”期间防汛减灾和安全生产工作的通知 2022-06-24,2022-06-24,迎峰度夏,HTML,46,低分候选,暂不回填,https://scb.nea.gov.cn/dtyw/tzgg/202310/t20231009_134297.html,https://scb.nea.gov.cn/dtyw/tzgg/index_21.html
20260501_235114,CAND-C0CF33123AED,SRC-R-001,区域监管,南方区域,国家能源局南方监管局-通知公示,国家能源局派出机构,关于推荐南方能源监管局电力安全监管专家库专家有关事项的函 2022-07-19,2022-07-19,电力安全,HTML,46,低分候选,暂不回填,https://nfj.nea.gov.cn/xwzx/tzgg/202402/t20240208_245784.html,https://nfj.nea.gov.cn/xwzx/tzgg/index_22.html
20260501_235114,CAND-747EDCE825B0,SRC-R-001,区域监管,南方区域,国家能源局南方监管局-通知公示,国家能源局派出机构,南方能源监管局电力安全监管专家库专家推荐表 2022-07-19,2022-07-19,电力安全,HTML,46,低分候选,暂不回填,https://nfj.nea.gov.cn/xwzx/tzgg/202402/t20240208_245785.html,https://nfj.nea.gov.cn/xwzx/tzgg/index_22.html
20260501_235114,CAND-C087CBCB9006,SRC-PR-003,省级监管,浙江,国家能源局浙江监管办公室-通知公告,国家能源局浙江监管办公室,关于认真做好国庆假期和党的二十大期间电力安全防范工作的通知 2022-09-26,2022-09-26,电力安全,HTML,46,低分候选,暂不回填,https://zjb.nea.gov.cn/dtyw/tzgg/202309/t20230914_75886.html,https://zjb.nea.gov.cn/dtyw/tzgg/index_4.html
20260501_235114,CAND-9EE8402F31C1,SRC-MU-008,直辖市,上海,上海市经济和信息化委员会-政策法规,上海市经济和信息化委员会,《上海市优质中小企业梯度培育管理实施细则 （征求意见稿）》解读 为贯彻落实《优质中小企业梯度培育管理暂行办法》（工信部企业〔2022〕63号），进一步加强本市优质中小企业梯度培育工作，推动中小企业高质量发展，我委牵头起草了《上海市优质中小企业梯度培育管理实施细则（征求意见稿）》（以下简称《细则》），并公开面向社会公示征求意见。现就相关内容解读如下。 2022-10-08,2022-10-08,实施细则;高质量发展,HTML,46,低分候选,暂不回填,https://www.sheitc.sh.gov.cn/sjxwxgzcjd/20221109/ee02c3eaef464e2f934766d2d417663e.html,https://www.sheitc.sh.gov.cn/zcfg/index_8.html
20260501_235114,CAND-642732708425,SRC-P-037,省级,山西,山西省能源局-政策文件检索电力,山西省能源局,山西省发展和改革委员会山西省能源局关于印发《关于完善能源绿色低碳转型体制机制和政策措施的实施意见》的通知,2022-10-08,绿色低碳,HTML,46,低分候选,暂不回填,http://nyj.shanxi.gov.cn/zfxxgk/fdzdgknr/sjwj/202309/t20230929_9418421.shtml,https://nyj.shanxi.gov.cn/trs-search/trssearch/openSearch/getZwgkList?keywords=%E7%94%B5%E5%8A%9B&pageNum=6&siteId=60&chnId=&dockind=2&position=0&sort=1&suitability=0
20260501_235114,CAND-5CE408FA25E9,SRC-PR-005,省级监管,四川,国家能源局四川监管办公室-通知公告,国家能源局四川监管办公室,关于加强岁末年初电力安全生产工作的通知 2022-11-30,2022-11-30,电力安全,HTML,46,低分候选,暂不回填,https://scb.nea.gov.cn/dtyw/tzgg/202310/t20231009_134328.html,https://scb.nea.gov.cn/dtyw/tzgg/index_20.html
20260501_235114,CAND-1B9CADB87C3D,SRC-PR-005,省级监管,四川,国家能源局四川监管办公室-通知公告,国家能源局四川监管办公室,关于部署开展四川电力行业迎峰度冬专项应急演练工作的通知 2022-12-02,2022-12-02,迎峰度冬,HTML,46,低分候选,暂不回填,https://scb.nea.gov.cn/dtyw/tzgg/202310/t20231009_134329.html,https://scb.nea.gov.cn/dtyw/tzgg/index_20.html
20260501_235114,CAND-CDF120309B39,SRC-PR-005,省级监管,四川,国家能源局四川监管办公室-通知公告,国家能源局四川监管办公室,关于加强强降温期间电力安全生产风险防控的通知 2023-01-16,2023-01-16,电力安全,HTML,46,低分候选,暂不回填,https://scb.nea.gov.cn/dtyw/tzgg/202310/t20231009_134357.html,https://scb.nea.gov.cn/dtyw/tzgg/index_18.html
20260501_235114,CAND-95F373172A95,SRC-MU-005,直辖市,天津,天津市工业和信息化局-委局文件,天津市工业和信息化局,市工业和信息化局 华北电网公司 市电力公司关于印发2023年天津市统调电厂优先 发电...2023-02-17,2023-02-17,电网,HTML,46,低分候选,暂不回填,https://gyxxh.tj.gov.cn/ZWGK4147/ZCWJ6355/wjwj/202302/t20230217_6110931.html,https://gyxxh.tj.gov.cn/ZWGK4147/ZCWJ6355/wjwj/index_10.html
20260501_235114,CAND-CA75486AB640,SRC-P-037,省级,山西,山西省能源局-政策文件检索电力,山西省能源局,关于下发新型储能第一批入库项目的通知,2023-02-28,新型储能,HTML,46,低分候选,暂不回填,http://nyj.shanxi.gov.cn/zfxxgk/fdzdgknr/sjwj/202311/t20231129_9435593.shtml,https://nyj.shanxi.gov.cn/trs-search/trssearch/openSearch/getZwgkList?keywords=%E7%94%B5%E5%8A%9B&pageNum=11&siteId=60&chnId=&dockind=2&position=0&sort=1&suitability=0
20260501_235114,CAND-C37ADD235783,SRC-R-001,区域监管,南方区域,国家能源局南方监管局-通知公示,国家能源局派出机构,南方能源监管局加强电力系统运行备用监管 2023-03-20,2023-03-20,备用,HTML,46,低分候选,暂不回填,https://nfj.nea.gov.cn/xwzx/tzgg/202402/t20240208_245849.html,https://nfj.nea.gov.cn/xwzx/tzgg/index_18.html
20260501_235114,CAND-CE79B5DAD666,SRC-R-006,区域监管,西北区域,国家能源局西北监管局-通知公告,国家能源局派出机构,国家能源局西北监管局关于再次公开征求《西北区域电力并网运行管理实施细则（征求... 2023-05-16,2023-05-16,实施细则,HTML,46,低分候选,暂不回填,https://xbj.nea.gov.cn/dtyw/tzgg/202310/t20231013_147604.html,https://xbj.nea.gov.cn/dtyw/tzgg/index_15.html
20260501_235114,CAND-B1644C3655FA,SRC-R-001,区域监管,南方区域,国家能源局南方监管局-通知公示,国家能源局派出机构,关于公开征求《广东、广西、海南发电机组进入及退出商业运营管理实施细则（征求意... 2023-08-07,2023-08-07,实施细则,HTML,46,低分候选,暂不回填,https://nfj.nea.gov.cn/xwzx/tzgg/202402/t20240208_245899.html,https://nfj.nea.gov.cn/xwzx/tzgg/index_15.html
20260501_235114,CAND-8A2271E2CCB7,SRC-R-002,区域监管,华中区域,国家能源局华中监管局-通知公告,国家能源局派出机构,华中能源监管局关于征求《华中区域发电机组进入及退出商业运营实施细则（征求意见... 2023-09-08,2023-09-08,实施细则,HTML,46,低分候选,暂不回填,https://hzj.nea.gov.cn/dtyw/tzgg/202310/t20231021_165620.html,https://hzj.nea.gov.cn/dtyw/tzgg/index_5.html
20260501_235114,CAND-63B0490083B6,SRC-R-006,区域监管,西北区域,国家能源局西北监管局-通知公告,国家能源局派出机构,国家能源局西北监管局关于公开征求《西北区域电力并网运行管理实施细则》《西北区... 2024-07-08,2024-07-08,实施细则,HTML,46,低分候选,暂不回填,https://xbj.nea.gov.cn/dtyw/tzgg/202407/t20240712_265987.html,https://xbj.nea.gov.cn/dtyw/tzgg/index_13.html
20260501_235114,CAND-A26594EE6237,SRC-PR-004,省级监管,福建,国家能源局福建监管办公室-通知公告,国家能源局福建监管办公室,福建能源监管办关于公开征求《福建电力市场运行基本规则（2024年修订版）（征求意... 2024-10-18,2024-10-18,电力市场,HTML,46,低分候选,暂不回填,https://fjb.nea.gov.cn/dtyw/tzgg/202410/t20241018_271039.html,https://fjb.nea.gov.cn/dtyw/tzgg/index_6.html
20260501_235114,CAND-957BE224A108,SRC-R-001,区域监管,南方区域,国家能源局南方监管局-通知公示,国家能源局派出机构,关于公开征求《广东、广西、海南发电机组进入及退出商业运营与电力市场业务衔接规... 2025-01-10,2025-01-10,电力市场,HTML,46,低分候选,暂不回填,https://nfj.nea.gov.cn/xwzx/tzgg/202501/t20250110_275186.html,https://nfj.nea.gov.cn/xwzx/tzgg/index_6.html
20260501_235114,CAND-7D2FCF71EB1B,SRC-P-036,省级,四川,四川省发展和改革委员会-通知公告,四川省发展和改革委员会,“四川新型储能调度运行优化和成本疏导策略研究”课题比选公告,2025-04-08,新型储能,HTML,46,低分候选,暂不回填,https://fgw.sc.gov.cn/sfgw/tzgg/2025/4/8/aabffb94083a476a963db6c6381aa249.shtml,https://fgw.sc.gov.cn/sfgw/tzgg/list_11.shtml
20260501_235114,CAND-ACC6369CCB5D,SRC-PR-002,省级监管,江苏,国家能源局江苏监管办公室-公告,国家能源局江苏监管办公室,江苏能源监管办关于公开征求《江苏电力并网运行管理实施细则（征求意见稿）》《江苏电力辅助... 2025-09-29,2025-09-29,实施细则,HTML,46,低分候选,暂不回填,https://jsb.nea.gov.cn/dtyw/gg/202509/t20250929_288286.html,https://jsb.nea.gov.cn/dtyw/gg/index_4.html
20260501_235114,CAND-720FA5CC1C76,SRC-MU-008,直辖市,上海,上海市经济和信息化委员会-政策法规,上海市经济和信息化委员会,一图读懂《上海市北斗产业高质量发展三年行动计划（2021-2023年）》 近期，市经济信息化委、市发展改革委、市科委、市国防科工办、市交通委、市地方金融监管局联合印发《上海市北斗产业高质量发展三年行动计划（2021-2023年）》，以北斗全产业链发展为导向，瞄准高精度卫星导航市场需求，着力突破北斗关键技术、大幅提升基础能力、加速壮大产业规模、优化完善产业生态，通过“五大工程17项重点任务”，将上海打造成为北斗产业自主可控、多源融合创新策源地、高端产业引领集聚区。 2021-08-12,2021-08-12,高质量发展;一图读懂,HTML,45,低分候选,暂不回填,https://www.sheitc.sh.gov.cn/sjxwxgzcjd/20210824/031738dc028c433a895204ff93c195bb.html,https://www.sheitc.sh.gov.cn/zcfg/index_12.html
20260501_235114,CAND-49A7437FC4D5,SRC-MU-008,直辖市,上海,上海市经济和信息化委员会-政策法规,上海市经济和信息化委员会,关于《上海市产业结构调整专项补助办法》的 政策解读 为促进本市产业结构调整，优化资源配置和产业布局，推动产业高质量发展，推进节能减排，改善生态环境，制定本办法。 2022-05-05,2022-05-05,高质量发展;政策解读,HTML,45,低分候选,暂不回填,https://www.sheitc.sh.gov.cn/sjxwxgzcjd/20220608/d7710bee2dbe4223b18dce58302e47c5.html,https://www.sheitc.sh.gov.cn/zcfg/index_10.html
20260501_235114,CAND-285568BD739F,SRC-MU-008,直辖市,上海,上海市经济和信息化委员会-政策法规,上海市经济和信息化委员会,关于《上海市无线电领域信用分级分类监督管理办法（试行）》的政策解读 为贯彻落实党中央、国务院《关于加快推进社会信用体系建设构建以信用为基础的新型监管机制的指导意见》《关于推进社会信用体系建设高质量发展促进形成新发展格局的意见》，以及上海市《关于本市加快推进社会信用体系建设构建以信用为基础的新型监管机制的实施意见》相关部署要求，依据《中华人民共和国无线电管理条例》《上海市社会信用条例》《上海市无线电管理办法》等，我们制定了《上海市无线电领域信用分级分类监督管理办法（试行）》，进一步提升无线电领域监管效能，营造无线电领域守信受益、失信惩戒的良好氛围。 2023-02-16,2023-02-16,高质量发展;政策解读,HTML,45,低分候选,暂不回填,https://www.sheitc.sh.gov.cn/sjxwxgzcjd/20230216/bdb0b7e9d9174fb8a99b17c9fe122d1c.html,https://www.sheitc.sh.gov.cn/zcfg/index_7.html
20260501_235114,CAND-92A7D81AE443,SRC-MU-008,直辖市,上海,上海市经济和信息化委员会-政策法规,上海市经济和信息化委员会,【一图读懂】《上海核电产业高质量发展行动方案（2024-2027年）》 2024-03-01,2024-03-01,高质量发展;一图读懂,HTML,45,低分候选,暂不回填,https://www.sheitc.sh.gov.cn/sjxwxgzcjd/20241010/c34abf2f50bd4a7dbe9f448b94a18ce8.html,https://www.sheitc.sh.gov.cn/zcfg/index_4.html
20260501_235114,CAND-706775EA1A7B,SRC-MU-008,直辖市,上海,上海市经济和信息化委员会-政策法规,上海市经济和信息化委员会,【一图读懂】《上海市加快培育材料智能引擎发展专项计划（2025-2027年》 为抢抓新一代人工智能赋能材料发展的战略机遇，促进新材料产业高质量发展，经市政府同意，市经济信息化委、市发展改革委、市教委、市科委近日联合印发《上海市加快培育材料智能引擎发展专项方案（2025-2027年）》。《专项方案》明确到2027年，建设1个AI赋能材料中心，加快大模型在新材料领域的垂类应用；建成一批高通量... 2024-11-15,2024-11-15,高质量发展;一图读懂,HTML,45,低分候选,暂不回填,https://www.sheitc.sh.gov.cn/sjxwxgzcjd/20250116/e586441438564ffbac1375c116e318ec.html,https://www.sheitc.sh.gov.cn/zcfg/index_3.html
20260501_235114,CAND-FA9F217D1ED8,SRC-MU-008,直辖市,上海,上海市经济和信息化委员会-政策法规,上海市经济和信息化委员会,【 一图读懂】发挥无线电频谱资源要素作用，赋能产业高质量发展！《上海市加快无线电赋能产业高质量发展的意见》发布 2024-12-18,2024-12-18,高质量发展;一图读懂,HTML,45,低分候选,暂不回填,https://www.sheitc.sh.gov.cn/sjxwxgzcjd/20250116/ffa516590bd64059a5c31fe31c554aca.html,https://www.sheitc.sh.gov.cn/zcfg/index_3.html
20260501_235114,CAND-490F433C7507,SRC-P-002,省级,广东,广东省能源局-通知公告,广东省能源局,《广东省促进新型储能电站发展若干措施》部门解读06-05,,新型储能,HTML,42,低分候选,暂不回填,https://drc.gd.gov.cn/snyj/tzgg/content/post_4192564.html,https://drc.gd.gov.cn/snyj/tzgg/mindex_23.html
20260501_235114,CAND-C91D6489A3EC,SRC-P-033,省级,内蒙古自治区,内蒙古自治区能源局-通知公告,内蒙古自治区能源局,内蒙古自治区能源局关于11个独立新型储能电站放电量补偿标准等信息的公告,,新型储能,HTML,42,低分候选,暂不回填,https://nyj.nmg.gov.cn/slh/tz/202602/t20260226_2865018.html,https://nyj.nmg.gov.cn/slh/tz/index_1.html
20260501_235114,CAND-0881FA668183,SRC-P-033,省级,内蒙古自治区,内蒙古自治区能源局-通知公告,内蒙古自治区能源局,内蒙古自治区能源局关于31个独立新型储能电站放电量补偿标准等信息的公示,,新型储能,HTML,42,低分候选,暂不回填,https://nyj.nmg.gov.cn/slh/tz/202602/t20260226_2865019.html,https://nyj.nmg.gov.cn/slh/tz/index_1.html
20260501_235114,CAND-06355FDC3884,SRC-P-033,省级,内蒙古自治区,内蒙古自治区能源局-通知公告,内蒙古自治区能源局,内蒙古自治区能源局关于公开征求《蒙东电力市场规则体系（试行）（征求意见稿）》意见建议的公告,,电力市场;规则体系,HTML,42,低分候选,暂不回填,https://nyj.nmg.gov.cn/slh/tz/202509/t20250905_2785812.html,https://nyj.nmg.gov.cn/slh/tz/index_18.html
20260501_235114,CAND-0568E3483529,SRC-PR-001,省级监管,江苏,国家能源局江苏监管办公室-通知,国家能源局江苏监管办公室,转发国家能源局关于开展电力安全生产大检查“回头看”工作的通知 2014-01-09,2014-01-09,电力安全,HTML,42,低分候选,暂不回填,https://jsb.nea.gov.cn/dtyw/tz/202309/t20230910_31843.html,https://jsb.nea.gov.cn/dtyw/tz/index_13.html
20260501_235114,CAND-B26C19AA9A60,SRC-PR-001,省级监管,江苏,国家能源局江苏监管办公室-通知,国家能源局江苏监管办公室,江苏能源监管办转发国家能源局综合司关于电网企业回购电源项目自建配套送出工程有关事项的通... 2014-02-24,2014-02-24,电网,HTML,42,低分候选,暂不回填,https://jsb.nea.gov.cn/dtyw/tz/202309/t20230910_31845.html,https://jsb.nea.gov.cn/dtyw/tz/index_12.html
20260501_235114,CAND-D686D876B564,SRC-R-003,区域监管,山东,国家能源局山东监管办公室-通知公告,国家能源局派出机构,2014年全省电力迎峰度夏及防汛检查情况通报 2014-07-30,2014-07-30,迎峰度夏,HTML,42,低分候选,暂不回填,https://sdb.nea.gov.cn/dtyw/tzgg/202309/t20230919_110173.html,https://sdb.nea.gov.cn/dtyw/tzgg/index_21.html
20260501_235114,CAND-F62E620A417D,SRC-R-003,区域监管,山东,国家能源局山东监管办公室-通知公告,国家能源局派出机构,关于2014年度全省电力安全生产先进单位和先进个人的通报 2015-02-09,2015-02-09,电力安全,HTML,42,低分候选,暂不回填,https://sdb.nea.gov.cn/dtyw/tzgg/202309/t20230919_110202.html,https://sdb.nea.gov.cn/dtyw/tzgg/index_20.html
20260501_235114,CAND-BE63DEC2820F,SRC-R-003,区域监管,山东,国家能源局山东监管办公室-通知公告,国家能源局派出机构,2016年山东电力安全监管要点 2016-01-19,2016-01-19,电力安全,HTML,42,低分候选,暂不回填,https://sdb.nea.gov.cn/dtyw/tzgg/202309/t20230919_110254.html,https://sdb.nea.gov.cn/dtyw/tzgg/index_16.html
20260501_235114,CAND-58904D5D1E60,SRC-R-003,区域监管,山东,国家能源局山东监管办公室-通知公告,国家能源局派出机构,关于表扬2015年度全省电力安全生产先进单位和先进个人的通报 2016-02-05,2016-02-05,电力安全,HTML,42,低分候选,暂不回填,https://sdb.nea.gov.cn/dtyw/tzgg/202309/t20230919_110258.html,https://sdb.nea.gov.cn/dtyw/tzgg/index_16.html
20260501_235114,CAND-1E02FBCD1F87,SRC-PR-001,省级监管,江苏,国家能源局江苏监管办公室-通知,国家能源局江苏监管办公室,江苏能源监管办关于开展2017年江苏省发电企业迎峰度夏技术监督集中检查的通知 2017-04-28,2017-04-28,迎峰度夏,HTML,42,低分候选,暂不回填,https://jsb.nea.gov.cn/dtyw/tz/202309/t20230910_32050.html,https://jsb.nea.gov.cn/dtyw/tz/index_12.html
20260501_235114,CAND-E444199BDA29,SRC-PR-001,省级监管,江苏,国家能源局江苏监管办公室-通知,国家能源局江苏监管办公室,关于印发《2016年江苏省发电企业迎峰度冬技术监督情况通报》的通知 2017-05-03,2017-05-03,迎峰度冬,HTML,42,低分候选,暂不回填,https://jsb.nea.gov.cn/dtyw/tz/202309/t20230910_32051.html,https://jsb.nea.gov.cn/dtyw/tz/index_12.html
20260501_235114,CAND-07607A45EA83,SRC-R-003,区域监管,山东,国家能源局山东监管办公室-通知公告,国家能源局派出机构,关于征求《电力市场监管实施办法(试行)(征求意见稿)》修改意见的函 2017-07-26,2017-07-26,电力市场;市场监管,HTML,42,低分候选,暂不回填,https://sdb.nea.gov.cn/dtyw/tzgg/202309/t20230919_110346.html,https://sdb.nea.gov.cn/dtyw/tzgg/index_10.html
20260501_235114,CAND-C57187128F4C,SRC-PR-001,省级监管,江苏,国家能源局江苏监管办公室-通知,国家能源局江苏监管办公室,关于印发《售电公司与电力用户购售电合同（示范文本）》《江苏电网公司（输配电公司）、售电... 2017-09-26,2017-09-26,电网,HTML,42,低分候选,暂不回填,https://jsb.nea.gov.cn/dtyw/tz/202309/t20230910_32074.html,https://jsb.nea.gov.cn/dtyw/tz/index_11.html
20260501_235114,CAND-0C2609AAF0C8,SRC-PR-001,省级监管,江苏,国家能源局江苏监管办公室-通知,国家能源局江苏监管办公室,转发国家能源局综合司关于做好2017年电力迎峰度冬工作的通知 2017-12-01,2017-12-01,迎峰度冬,HTML,42,低分候选,暂不回填,https://jsb.nea.gov.cn/dtyw/tz/202309/t20230910_32084.html,https://jsb.nea.gov.cn/dtyw/tz/index_10.html
20260501_235114,CAND-45826E1D651E,SRC-P-013,省级,四川,四川省发展和改革委员会-政策文件,四川省发展和改革委员会,关于乡城县正斗乡二期50兆瓦光伏竞争性上网电价的通知,2017-12-26,上网电价,HTML,42,低分候选,暂不回填,https://fgw.sc.gov.cn/sfgw/zcwj/2017/12/26/bcf90bffa590441b9e3aa62c207737ea.shtml,https://fgw.sc.gov.cn/sfgw/zcwj/list_18.shtml
20260501_235114,CAND-8808BD67B45F,SRC-PR-001,省级监管,江苏,国家能源局江苏监管办公室-通知,国家能源局江苏监管办公室,关于报送2017年度电力安全生产工作总结的通知 2018-01-08,2018-01-08,电力安全,HTML,42,低分候选,暂不回填,https://jsb.nea.gov.cn/dtyw/tz/202309/t20230910_32091.html,https://jsb.nea.gov.cn/dtyw/tz/index_9.html
20260501_235114,CAND-2F1A6914596E,SRC-PR-001,省级监管,江苏,国家能源局江苏监管办公室-通知,国家能源局江苏监管办公室,转发全国电力安全生产委员会办公室关于切实做好近期低温雨雪天气应对工作的紧急通知 2018-01-19,2018-01-19,电力安全,HTML,42,低分候选,暂不回填,https://jsb.nea.gov.cn/dtyw/tz/202309/t20230910_32092.html,https://jsb.nea.gov.cn/dtyw/tz/index_9.html
20260501_235114,CAND-FB874358A404,SRC-PR-001,省级监管,江苏,国家能源局江苏监管办公室-通知,国家能源局江苏监管办公室,关于征求《江苏电力市场监管实施办法（征求意见稿）》意见的函 2018-05-03,2018-05-03,电力市场;市场监管,HTML,42,低分候选,暂不回填,https://jsb.nea.gov.cn/dtyw/tz/202309/t20230910_32102.html,https://jsb.nea.gov.cn/dtyw/tz/index_9.html
20260501_235114,CAND-0DF0D52AA776,SRC-PR-007,省级监管,新疆,国家能源局新疆监管办公室-通知公告,国家能源局新疆监管办公室,关于征求《新疆电力市场偏差责任认定原则（征求意见稿）》意见的通知 2019-09-09,2019-09-09,电力市场,HTML,42,低分候选,暂不回填,https://xjb.nea.gov.cn/dtyw/tzgg/202309/t20230923_116319.html,https://xjb.nea.gov.cn/dtyw/tzgg/index_24.html
20260501_235114,CAND-50E7882278CC,SRC-PR-007,省级监管,新疆,国家能源局新疆监管办公室-通知公告,国家能源局新疆监管办公室,关于征求《新疆电网安全校核规则（征求意见稿）》和《新疆电网发电调度原则（征求意见稿）》... 2019-09-09,2019-09-09,电网,HTML,42,低分候选,暂不回填,https://xjb.nea.gov.cn/dtyw/tzgg/202309/t20230923_116320.html,https://xjb.nea.gov.cn/dtyw/tzgg/index_24.html
20260501_235114,CAND-991341B2F0BA,SRC-PR-003,省级监管,浙江,国家能源局浙江监管办公室-通知公告,国家能源局浙江监管办公室,浙江能源监管办关于征求《浙江省电力市场监管实施办法（征求意见稿）》意见的函 2019-10-23,2019-10-23,电力市场;市场监管,HTML,42,低分候选,暂不回填,https://zjb.nea.gov.cn/dtyw/tzgg/202309/t20230914_75798.html,https://zjb.nea.gov.cn/dtyw/tzgg/index_9.html
20260501_235114,CAND-9FF2F11FC42C,SRC-PR-007,省级监管,新疆,国家能源局新疆监管办公室-通知公告,国家能源局新疆监管办公室,关于征求《新疆电力市场售电公司与电力用户代理协议（标准文本）》（征求意见稿）意见的通知 2020-01-09,2020-01-09,电力市场,HTML,42,低分候选,暂不回填,https://xjb.nea.gov.cn/dtyw/tzgg/202309/t20230923_116369.html,https://xjb.nea.gov.cn/dtyw/tzgg/index_21.html
20260501_235114,CAND-E109F26A44AD,SRC-R-006,区域监管,西北区域,国家能源局西北监管局-通知公告,国家能源局派出机构,关于征求《陕西省火力发电机组深度调峰能力认定及管理办法（试行）》（征求意见稿... 2020-10-10,2020-10-10,调峰,HTML,42,低分候选,暂不回填,https://xbj.nea.gov.cn/dtyw/tzgg/202310/t20231013_147539.html,https://xbj.nea.gov.cn/dtyw/tzgg/index_19.html
20260501_235114,CAND-1AE831F58C68,SRC-PR-004,省级监管,福建,国家能源局福建监管办公室-通知公告,国家能源局福建监管办公室,电力安全生产政策法规落实情况监管报告 监管公告〔2021〕第2号 2021-03-17,2021-03-17,电力安全,HTML,42,低分候选,暂不回填,https://fjb.nea.gov.cn/dtyw/tzgg/202309/t20230915_81469.html,https://fjb.nea.gov.cn/dtyw/tzgg/index_18.html
20260501_235114,CAND-AF8C32357479,SRC-R-006,区域监管,西北区域,国家能源局西北监管局-通知公告,国家能源局派出机构,关于征求《宁夏火力发电机组深度调峰能力认定及管理办法（征求意见稿）》意见建议... 2021-04-15,2021-04-15,调峰,HTML,42,低分候选,暂不回填,https://xbj.nea.gov.cn/dtyw/tzgg/202310/t20231013_147549.html,https://xbj.nea.gov.cn/dtyw/tzgg/index_19.html
20260501_235114,CAND-B0A8653D71AC,SRC-PR-003,省级监管,浙江,国家能源局浙江监管办公室-通知公告,国家能源局浙江监管办公室,关于征求《浙江省电力市场运营机构监管指引（征求意见稿）》意见的通知 2021-06-03,2021-06-03,电力市场,HTML,42,低分候选,暂不回填,https://zjb.nea.gov.cn/dtyw/tzgg/202309/t20230914_75870.html,https://zjb.nea.gov.cn/dtyw/tzgg/index_5.html
20260501_235114,CAND-972C29C46AB0,SRC-R-004,区域监管,华北区域,国家能源局华北监管局-通知公告,国家能源局派出机构,华北能源监管局关于征求京津唐电网火电机组最小运行方式（2021版）（征求意见稿）... 2021-10-19,2021-10-19,电网,HTML,42,低分候选,暂不回填,https://hbj.nea.gov.cn/dtyw/tzgg/202309/t20230925_120330.html,https://hbj.nea.gov.cn/dtyw/tzgg/index_23.html
20260501_235114,CAND-2834CB04A552,SRC-R-004,区域监管,华北区域,国家能源局华北监管局-通知公告,国家能源局派出机构,华北能源监管局关于征求河北南部电网火电机组最小运行方式（2021版）（征求意见稿... 2021-10-19,2021-10-19,电网,HTML,42,低分候选,暂不回填,https://hbj.nea.gov.cn/dtyw/tzgg/202309/t20230925_120331.html,https://hbj.nea.gov.cn/dtyw/tzgg/index_23.html
20260501_235114,CAND-19A24DB81308,SRC-R-004,区域监管,华北区域,国家能源局华北监管局-通知公告,国家能源局派出机构,华北能源监管局关于征求蒙西电网火电机组最小运行方式（2021版）（征求意见稿）意... 2021-10-19,2021-10-19,电网,HTML,42,低分候选,暂不回填,https://hbj.nea.gov.cn/dtyw/tzgg/202309/t20230925_120329.html,https://hbj.nea.gov.cn/dtyw/tzgg/index_23.html
20260501_235114,CAND-219CEEF2B517,SRC-R-006,区域监管,西北区域,国家能源局西北监管局-通知公告,国家能源局派出机构,关于公开征求《西北区域发电厂并网运行管理实施细则》及《西北区域并网发电厂辅助... 2021-12-14,2021-12-14,实施细则,HTML,42,低分候选,暂不回填,https://xbj.nea.gov.cn/dtyw/tzgg/202310/t20231013_147570.html,https://xbj.nea.gov.cn/dtyw/tzgg/index_17.html
20260501_235114,CAND-0183CE02DE46,SRC-R-006,区域监管,西北区域,国家能源局西北监管局-通知公告,国家能源局派出机构,关于公开征求《西北区域电力并网运行管理实施细则（征求意见稿）》《西北区域电力... 2022-12-01,2022-12-01,实施细则,HTML,42,低分候选,暂不回填,https://xbj.nea.gov.cn/dtyw/tzgg/202310/t20231013_147595.html,https://xbj.nea.gov.cn/dtyw/tzgg/index_16.html
20260501_235114,CAND-8BC7B5DD9AE1,SRC-PR-005,省级监管,四川,国家能源局四川监管办公室-通知公告,国家能源局四川监管办公室,关于征求《四川新建电源接入电网监管实施细则（征求意见稿）》意见的函 2023-01-10,2023-01-10,实施细则;电网,HTML,42,低分候选,暂不回填,https://scb.nea.gov.cn/dtyw/tzgg/202310/t20231009_134354.html,https://scb.nea.gov.cn/dtyw/tzgg/index_18.html
20260501_235114,CAND-6F1313E70698,SRC-PR-005,省级监管,四川,国家能源局四川监管办公室-通知公告,国家能源局四川监管办公室,四川能源监管办关于征求《四川省电力并网运行管理实施细则（征求意见稿）》《四川... 2023-11-06,2023-11-06,实施细则,HTML,42,低分候选,暂不回填,https://scb.nea.gov.cn/dtyw/tzgg/202401/t20240119_227883.html,https://scb.nea.gov.cn/dtyw/tzgg/index_14.html
20260501_235114,CAND-95B56B3AC114,SRC-PR-004,省级监管,福建,国家能源局福建监管办公室-通知公告,国家能源局福建监管办公室,福建能源监管办关于公开征求《福建发电机组进入及退出商业运营管理实施细则（征求... 2023-12-01,2023-12-01,实施细则,HTML,42,低分候选,暂不回填,https://fjb.nea.gov.cn/dtyw/tzgg/202312/t20231201_220298.html,https://fjb.nea.gov.cn/dtyw/tzgg/index_9.html
20260501_235114,CAND-397BAFC1CFA0,SRC-PR-004,省级监管,福建,国家能源局福建监管办公室-通知公告,国家能源局福建监管办公室,福建能源监管办关于再次公开征求《福建发电机组进入及退出商业运营管理实施细则（... 2024-01-18,2024-01-18,实施细则,HTML,42,低分候选,暂不回填,https://fjb.nea.gov.cn/dtyw/tzgg/202401/t20240118_227369.html,https://fjb.nea.gov.cn/dtyw/tzgg/index_8.html
20260501_235114,CAND-7958702CC6AD,SRC-P-036,省级,四川,四川省发展和改革委员会-通知公告,四川省发展和改革委员会,关于公开征求《关于加快推动新型储能项目建设的通知（征求意见稿）》意见的函,2024-12-02,新型储能,HTML,42,低分候选,暂不回填,https://fgw.sc.gov.cn/sfgw/tzgg/2024/12/2/1dcf59404d1643ffb60829520815c39a.shtml,https://fgw.sc.gov.cn/sfgw/tzgg/list_15.shtml
20260501_235114,CAND-73D0D519F8B5,SRC-P-002,省级,广东,广东省能源局-通知公告,广东省能源局,《广东省能源局关于贯彻落实〈分布式光伏发电开发建设管理办法〉的实施意见（试行）》政策解读12-31,,政策解读,HTML,41,低分候选,暂不回填,https://drc.gd.gov.cn/snyj/tzgg/content/post_4837960.html,https://drc.gd.gov.cn/snyj/tzgg/mindex_3.html
20260501_235114,CAND-6998EC6AA8F5,SRC-MU-008,直辖市,上海,上海市经济和信息化委员会-政策法规,上海市经济和信息化委员会,让你一图读懂促进资源高效率配置推动产业高质量发展若干意见 11月12日，上海市政府正式印发了《关于本市促进资源高效率配置推动产业高质量发展的若干意见》。 2018-11-20,2018-11-20,高质量发展;一图读懂,HTML,41,低分候选,暂不回填,https://www.sheitc.sh.gov.cn/sjxwxgzcjd/20181120/0020-679749.html,https://www.sheitc.sh.gov.cn/zcfg/index_24.html
20260501_235114,CAND-02E1C44CCE5E,SRC-MU-008,直辖市,上海,上海市经济和信息化委员会-政策法规,上海市经济和信息化委员会,关于《上海市促进产业结构调整差别电价实施管理办法》的政策解读 为加快淘汰落后产能、促进节能降耗、推进本市产业结构调整、加快转变经济发展方式，根据国家和本市相关规定，我委对2014年《上海市促进产业结构调整差别电价实施管理办法》进行了修订。本次修订内容已于2021年2月20日经市政府同意。 2021-04-16,2021-02-20,政策解读,HTML,41,低分候选,暂不回填,https://www.sheitc.sh.gov.cn/sjxwxgzcjd/20210416/8241cac2fd0244d3a92a3cc07fa3bbf1.html,https://www.sheitc.sh.gov.cn/zcfg/index_14.html
20260501_235114,CAND-95540445A959,SRC-MU-008,直辖市,上海,上海市经济和信息化委员会-政策法规,上海市经济和信息化委员会,【图解】一图读懂《上海市产业绿色发展“十四五”规划》 产业绿色发展是提升生态环境质量、建设生态宜居城市的基础，是提升本市产业核心竞争力的重要支撑。为深入落实中央关于绿色发展和生态文明建设的各项要求，推动上海市产业绿色高质量发展，确保如期实现碳达峰碳中和工作目标，市经济信息化委制定了《上海市产业绿色发展“十四五”规划》，一起来看看吧。 2022-01-04,2022-01-04,高质量发展;碳达峰;碳中和;一图读懂,HTML,41,低分候选,暂不回填,https://www.sheitc.sh.gov.cn/sjxwxgzcjd/20220105/61ea679dacd24a889c08d94e59bd0023.html,https://www.sheitc.sh.gov.cn/zcfg/index_11.html
20260501_235114,CAND-C908529C1C29,SRC-P-033,省级,内蒙古自治区,内蒙古自治区能源局-通知公告,内蒙古自治区能源局,关于公开征求《内蒙古自治区风光制氨醇项目实施细则（试行）》（征求意见稿）意见的公告,,实施细则,HTML,38,低分候选,暂不回填,https://nyj.nmg.gov.cn/slh/tz/202409/t20240903_2568246.html,https://nyj.nmg.gov.cn/slh/tz/index_20.html
20260501_235114,CAND-85724498D253,SRC-P-033,省级,内蒙古自治区,内蒙古自治区能源局-通知公告,内蒙古自治区能源局,内蒙古自治区能源局关于公开征求增量配电网有关政策意见建议的公告,,电网;配电网,HTML,38,低分候选,暂不回填,https://nyj.nmg.gov.cn/slh/tz/202503/t20250310_2678852.html,https://nyj.nmg.gov.cn/slh/tz/index_16.html
20260501_235114,CAND-8D9051F62AEB,SRC-PR-001,省级监管,江苏,国家能源局江苏监管办公室-通知,国家能源局江苏监管办公室,关于表彰2013年度全省电力安全生产工作先进单位的决定（苏监能安全[2014]29号） 2014-02-20,2014-02-20,电力安全,HTML,38,低分候选,暂不回填,https://jsb.nea.gov.cn/dtyw/tz/202309/t20230910_31844.html,https://jsb.nea.gov.cn/dtyw/tz/index_13.html
20260501_235114,CAND-303C595A6D24,SRC-PR-001,省级监管,江苏,国家能源局江苏监管办公室-通知,国家能源局江苏监管办公室,关于征求《电力市场监管实施办法(试行)》(征求意见稿)修改意见的函 2017-08-01,2017-08-01,电力市场;市场监管,HTML,38,低分候选,暂不回填,https://jsb.nea.gov.cn/dtyw/tz/202309/t20230910_32063.html,https://jsb.nea.gov.cn/dtyw/tz/index_11.html
20260501_235114,CAND-3A75907E5852,SRC-P-002,省级,广东,广东省能源局-通知公告,广东省能源局,一图读懂 | 广东省促进新型储能电站发展若干措施06-05,,新型储能;一图读懂,HTML,37,低分候选,暂不回填,https://drc.gd.gov.cn/snyj/tzgg/content/post_4192567.html,https://drc.gd.gov.cn/snyj/tzgg/mindex_23.html
20260501_235114,CAND-DDD9494C32D9,SRC-P-002,省级,广东,广东省能源局-通知公告,广东省能源局,一图读懂广东省大面积停电事件应急预案05-17,,一图读懂,HTML,37,低分候选,暂不回填,https://drc.gd.gov.cn/snyj/tzgg/content/post_4425605.html,https://drc.gd.gov.cn/snyj/tzgg/mindex_14.html
