资料编号,文件标题,发布部门,采集来源机构,发布日期,文号,适用地区,来源类型,政策层级,市场主题,关键词,权威等级,时间敏感类型,有效状态,是否原文,原文链接,本地文件路径,关联官方文件,摘要,备注,入库日期,审核状态
AUTO-20260424-2ABE953CDD,国家能源局关于印发《电力市场注册基本规则》的通知,国家能源局,国家能源局,2024-09-13,国能发监管规〔2024〕76号,全国,官方政策,国家级,电力市场;中长期;现货;辅助服务,电力市场;注册;经营主体,A,长期有效型,现行有效,是,https://zfxxgk.nea.gov.cn/2024-09/13/c_1212399683.htm,01_原始资料\官方政策\2024-09-13_全国_国家能源局_国家能源局关于印发《电力市场注册基本规则》的通知.htm; 03_处理后文本\2024-09-13_全国_国家能源局_国家能源局关于印发《电力市场注册基本规则》的通知.txt,,,国家能源局电力市场注册基本规则,2026-04-24,待人工复核
AUTO-20260424-FD9AA2BEA1,国家发展改革委 国家能源局关于加快建设全国统一电力市场体系的指导意见,国家发展改革委;国家能源局,中国政府网,2022-01-30,,全国,官方政策,国家级,电力市场;中长期;现货;辅助服务;省间交易,全国统一电力市场;统一交易规则,A,长期有效型,现行有效,是,https://www.gov.cn/zhengce/zhengceku/2022-01/30/content_5671296.htm,01_原始资料\官方政策\2022-01-30_全国_国家发展改革委_国家能源局_国家发展改革委_国家能源局关于加快建设全国统一电力市场体系的指导意见_国务院部门文件_中国政府网.htm; 03_处理后文本\2022-01-30_全国_国家发展改革委_国家能源局_国家发展改革委_国家能源局关于加快建设全国统一电力市场体系的指导意见_国务院部门文件_中国政府网.txt,,,加快建设全国统一电力市场体系指导意见,2026-04-24,待人工复核
AUTO-20260424-10A4BBBC6D,电力市场运行基本规则_国家发展和改革委员会,国家发展改革委,中国政府网,2024-04-18,国家发展改革委令第20号,全国,官方政策,国家级,电力市场,电力市场运行基本规则;监管;交易,A,长期有效型,现行有效,是,https://www.gov.cn/zhengce/202405/content_6951254.htm,01_原始资料\官方政策\2024-04-18_全国_国家发展改革委_电力市场运行基本规则_国家发展和改革委员会_中国政府网.htm; 03_处理后文本\2024-04-18_全国_国家发展改革委_电力市场运行基本规则_国家发展和改革委员会_中国政府网.txt,,,电力市场运行基本规则,2026-04-24,待人工复核
AUTO-20260424-55178B2DFC,关于修订省间电力现货交易规则的复函(发改办体改〔2026〕275号),国家发展改革委,国家发展改革委,2026-04-24,发改办体改〔2026〕275号,全国,官方政策,国家级,电力市场;现货;省间交易,交易规则;现货;省间,A,长期有效型,现行有效,是,https://www.ndrc.gov.cn/xxgk/zcfb/tz/202604/t20260424_1404861.html,01_原始资料\官方政策\2026-04-24_全国_国家发展改革委_【关于修订省间电力现货交易规则的复函(发改办体改〔2026〕275号)】-国家发展和改革委员会.html; 03_处理后文本\2026-04-24_全国_国家发展改革委_【关于修订省间电力现货交易规则的复函(发改办体改〔2026〕275号)】-国家发展和改革委员会.txt; 01_原始资料\PDF附件\AUTO-20260424-55178B2DFC_01_省间电力现货交易规则.pdf_FEBB84B1.pdf; 03_处理后文本\AUTO-20260424-55178B2DFC_01_省间电力现货交易规则.pdf_FEBB84B1.txt,,,修订省间电力现货交易规则复函,2026-04-24,待人工复核
AUTO-20260424-97CB3F74FC,国家能源局华中监管局关于印发《华中区域省间电力中长期市场实施细则》的通知,国家能源局华中监管局,国家能源局华中监管局,2026-04-09,,华中区域,监管规则,国家级,中长期;省间交易,中长期;省间;实施细则,A,长期有效型,现行有效,是,https://hzj.nea.gov.cn/dtyw/tzgg/202604/t20260409_299361.html,01_原始资料\官方政策\2026-04-09_华中区域_国家能源局华中监管局_国家能源局华中监管局关于印发《华中区域省间电力中长期市场实施细则》的通知.html; 03_处理后文本\2026-04-09_华中区域_国家能源局华中监管局_国家能源局华中监管局关于印发《华中区域省间电力中长期市场实施细则》的通知.txt; 01_原始资料\PDF附件\AUTO-20260424-97CB3F74FC_01_华中区域省间电力中长期市场实施细则.pdf_ABD994AC.pdf; 03_处理后文本\AUTO-20260424-97CB3F74FC_01_华中区域省间电力中长期市场实施细则.pdf_ABD994AC.txt,,,华中区域省间电力中长期市场实施细则,2026-04-24,待人工复核
AUTO-20260424-663B4D5B07,关于印发《湖北省电力中长期市场实施细则》的通知,国家能源局华中监管局,国家能源局华中监管局,2026-04-14,,湖北,监管规则,国家级,中长期,中长期;实施细则,A,长期有效型,现行有效,是,https://hzj.nea.gov.cn/dtyw/tzgg/202604/t20260414_299623.html,01_原始资料\官方政策\2026-04-14_湖北_国家能源局华中监管局_关于印发《湖北省电力中长期市场实施细则》的通知.html; 03_处理后文本\2026-04-14_湖北_国家能源局华中监管局_关于印发《湖北省电力中长期市场实施细则》的通知.txt; 01_原始资料\PDF附件\AUTO-20260424-663B4D5B07_01_《湖北省电力中长期市场实施细则》.pdf_E185194B.pdf; 03_处理后文本\AUTO-20260424-663B4D5B07_01_《湖北省电力中长期市场实施细则》.pdf_E185194B.txt,,,湖北省电力中长期市场实施细则,2026-04-24,待人工复核
AUTO-20260424-674A18FA03,关于印发《山东电力市场规则(试行)》的通知,国家能源局山东监管办公室,国家能源局山东监管办公室,2025-12-17,鲁监能市场规〔2025〕57号,山东,监管规则,国家级,电力市场,电力市场;市场规则;试行,A,长期有效型,现行有效,是,https://sdb.nea.gov.cn/dtyw/tzgg/202512/t20251217_292527.html,01_原始资料\官方政策\2025-12-17_山东_国家能源局山东监管办公室_关于印发《山东电力市场规则(试行)》的通知_国家能源局山东监管办公室.html; 03_处理后文本\2025-12-17_山东_国家能源局山东监管办公室_关于印发《山东电力市场规则(试行)》的通知_国家能源局山东监管办公室.txt; 01_原始资料\PDF附件\AUTO-20260424-674A18FA03_01_《山东电力市场规则（试行）》.pdf_F382C760.pdf; 03_处理后文本\AUTO-20260424-674A18FA03_01_《山东电力市场规则（试行）》.pdf_F382C760.txt,,,山东电力市场规则试行版,2026-04-24,待人工复核
AUTO-20260424-08F5111897,关于印发《山东省电力并网运行管理实施细则》《山东省电力辅助服务管理实施细则》(修订稿)的通知,国家能源局山东监管办公室,国家能源局山东监管办公室,2026-01-06,鲁监能市场规〔2025〕63号,山东,监管规则,国家级,辅助服务;并网运行,辅助服务;并网运行;实施细则,A,长期有效型,现行有效,是,https://sdb.nea.gov.cn/dtyw/tzgg/202601/t20260106_293691.html,01_原始资料\官方政策\2026-01-06_山东_国家能源局山东监管办公室_关于印发《山东省电力并网运行管理实施细则》《山东省电力辅助服务管理实施细则》(修订稿)的通知_国家能源局山东监管办公室.html; 03_处理后文本\2026-01-06_山东_国家能源局山东监管办公室_关于印发《山东省电力并网运行管理实施细则》《山东省电力辅助服务管理实施细则》(修订稿)的通知_国家能源局山东监管办公室.txt; 01_原始资料\PDF附件\AUTO-20260424-08F5111897_01_附件1：山东省电力并网运行管理实施细则.pdf_44F6F969.pdf; 01_原始资料\PDF附件\AUTO-20260424-08F5111897_02_附件2：山东省电力辅助服务管理实施细则.pdf_673C446A.pdf; 03_处理后文本\AUTO-20260424-08F5111897_01_附件1：山东省电力并网运行管理实施细则.pdf_44F6F969.txt; 03_处理后文本\AUTO-20260424-08F5111897_02_附件2：山东省电力辅助服务管理实施细则.pdf_673C446A.txt,,,山东省电力并网运行与辅助服务管理实施细则修订稿,2026-04-24,待人工复核
AUTO-20260424-E89DAD0775,南方区域电力市场中长期电能量交易实施细则等5项实施细则,广州电力交易中心,广州电力交易中心,2025-06-22,,南方区域,交易规则,,电力市场;中长期,电力市场;中长期;实施细则,A,长期有效型,现行有效,是,https://www.gzpec.cn/law/jygz/202506/t20250624_34712.html,01_原始资料\交易规则\2025-06-22_南方区域_广州电力交易中心_广州电力交易中心.html; 03_处理后文本\2025-06-22_南方区域_广州电力交易中心_广州电力交易中心.txt; 01_原始资料\PDF附件\AUTO-20260424-E89DAD0775_02_附件1：南方区域电力市场中长期电能量交易实施细则（2025年V1.0版）.pdf_D8AD522A.pdf; 01_原始资料\PDF附件\AUTO-20260424-E89DAD0775_03_附件2：南方区域电力市场现货电能量交易实施细则（2025年V1.0版）.pdf_C56BF2E4.pdf; 01_原始资料\PDF附件\AUTO-20260424-E89DAD0775_04_附件3：南方区域电力市场现货结算实施细则（2025年V1.0版）.pdf_542EBA3D.pdf; 01_原始资料\PDF附件\AUTO-20260424-E89DAD0775_05_附件4：南方区域电力市场信息披露实施细则（2025年V1.0版）.pdf_B7A2A5E8.pdf; 01_原始资料\PDF附件\AUTO-20260424-E89DAD0775_06_附件5：南方区域电力市场注册实施细则（2025年V1.0版）.pdf_891A13C2.pdf; 01_原始资料\PDF附件\AUTO-20260424-E89DAD0775_07_附件6：关于对南方区域电力市场有关配套实施细则审定意见的函.pdf_487A2869.pdf; 01_原始资料\PDF附件\AUTO-20260424-E89DAD0775_08_附件7：关于同意印发南方区域电力市场注册实施细则的复函.pdf_0DC290A1.pdf; 01_原始资料\PDF附件\AUTO-20260424-E89DAD0775_01_关于印发《南方区域电力市场中长期电能量交易实施细则》等5项实施细则的通知.pdf_DFE31B60.pdf; 03_处理后文本\AUTO-20260424-E89DAD0775_02_附件1：南方区域电力市场中长期电能量交易实施细则（2025年V1.0版）.pdf_D8AD522A.txt; 03_处理后文本\AUTO-20260424-E89DAD0775_03_附件2：南方区域电力市场现货电能量交易实施细则（2025年V1.0版）.pdf_C56BF2E4.txt; 03_处理后文本\AUTO-20260424-E89DAD0775_04_附件3：南方区域电力市场现货结算实施细则（2025年V1.0版）.pdf_542EBA3D.txt; 03_处理后文本\AUTO-20260424-E89DAD0775_05_附件4：南方区域电力市场信息披露实施细则（2025年V1.0版）.pdf_B7A2A5E8.txt; 03_处理后文本\AUTO-20260424-E89DAD0775_06_附件5：南方区域电力市场注册实施细则（2025年V1.0版）.pdf_891A13C2.txt; 03_处理后文本\AUTO-20260424-E89DAD0775_07_附件6：关于对南方区域电力市场有关配套实施细则审定意见的函.pdf_487A2869.txt; 03_处理后文本\AUTO-20260424-E89DAD0775_08_附件7：关于同意印发南方区域电力市场注册实施细则的复函.pdf_0DC290A1.txt; 03_处理后文本\AUTO-20260424-E89DAD0775_01_关于印发《南方区域电力市场中长期电能量交易实施细则》等5项实施细则的通知.pdf_DFE31B60.ocr.txt,,,南方区域电力市场中长期电能量交易实施细则等5项实施细则；OCR文本待人工复核,2026-04-24,待人工复核
AUTO-20260425-54244C417B,关于印发《电力辅助服务市场基本规则》的通知(发改能源规〔2025〕411号),国家发展改革委;国家能源局,国家发展改革委,2025-04-29,发改能源规〔2025〕411号,全国,官方政策,国家级,辅助服务;电力市场,电力辅助服务市场基本规则;辅助服务;结算;市场主体,A,长期有效型,现行有效,是,https://www.ndrc.gov.cn/xxgk/zcfb/ghxwj/202504/t20250429_1397483.html,01_原始资料\官方政策\2025-04-29_全国_国家发展改革委_国家能源局_【关于印发《电力辅助服务市场基本规则》的通知(发改能源规〔2025〕411号)】-国家发展和改革委员会.html; 03_处理后文本\2025-04-29_全国_国家发展改革委_国家能源局_【关于印发《电力辅助服务市场基本规则》的通知(发改能源规〔2025〕411号)】-国家发展和改革委员会.txt; 01_原始资料\PDF附件\AUTO-20260425-54244C417B_01_电力辅助服务市场基本规则.pdf_7A150739.pdf; 03_处理后文本\AUTO-20260425-54244C417B_01_电力辅助服务市场基本规则.pdf_7A150739.txt,,,国家发展改革委 国家能源局关于印发《电力辅助服务市场基本规则》的通知,2026-04-25,待人工复核
AUTO-20260425-D49D5FABE6,关于印发《重庆市电力中长期市场实施细则》的通知,国家能源局派出机构,国家能源局华中监管局,2026-04-14,,华中区域,监管规则,国家级,中长期,中长期,B,中期参考型,现行有效,是,https://hzj.nea.gov.cn/dtyw/tzgg/202604/t20260414_299624.html,01_原始资料\官方政策\2026-04-14_华中区域_国家能源局派出机构_关于印发《重庆市电力中长期市场实施细则》的通知.html; 03_处理后文本\2026-04-14_华中区域_国家能源局派出机构_关于印发《重庆市电力中长期市场实施细则》的通知.txt; 01_原始资料\PDF附件\AUTO-20260425-D49D5FABE6_01_《重庆市电力中长期市场实施细则》.pdf_BDBF4488.pdf; 03_处理后文本\AUTO-20260425-D49D5FABE6_01_《重庆市电力中长期市场实施细则》.pdf_BDBF4488.txt,,,关于印发《重庆市电力中长期市场实施细则》的通知 2026-04-14,2026-04-25,待人工复核
AUTO-20260425-712572408D,关于印发《西藏自治区电力中长期市场实施细则》的通知,国家能源局派出机构,国家能源局华中监管局,2026-04-14,,华中区域,监管规则,国家级,中长期,中长期,B,中期参考型,现行有效,是,https://hzj.nea.gov.cn/dtyw/tzgg/202604/t20260414_299625.html,01_原始资料\官方政策\2026-04-14_华中区域_国家能源局派出机构_关于印发《西藏自治区电力中长期市场实施细则》的通知.html; 03_处理后文本\2026-04-14_华中区域_国家能源局派出机构_关于印发《西藏自治区电力中长期市场实施细则》的通知.txt; 01_原始资料\PDF附件\AUTO-20260425-712572408D_01_《西藏自治区电力中长期市场实施细则》.pdf_31F465BD.pdf; 03_处理后文本\AUTO-20260425-712572408D_01_《西藏自治区电力中长期市场实施细则》.pdf_31F465BD.txt,,,关于印发《西藏自治区电力中长期市场实施细则》的通知 2026-04-14,2026-04-25,待人工复核
AUTO-20260425-A74926FCBF,关于印发《江西省电力中长期市场实施细则》的通知,国家能源局派出机构,国家能源局华中监管局,2026-04-14,,华中区域,监管规则,国家级,中长期,中长期,B,中期参考型,现行有效,是,https://hzj.nea.gov.cn/dtyw/tzgg/202604/t20260414_299627.html,01_原始资料\官方政策\2026-04-14_华中区域_国家能源局派出机构_关于印发《江西省电力中长期市场实施细则》的通知.html; 03_处理后文本\2026-04-14_华中区域_国家能源局派出机构_关于印发《江西省电力中长期市场实施细则》的通知.txt; 01_原始资料\PDF附件\AUTO-20260425-A74926FCBF_01_《江西省电力中长期市场实施细则》.pdf_23E2DC28.pdf; 03_处理后文本\AUTO-20260425-A74926FCBF_01_《江西省电力中长期市场实施细则》.pdf_23E2DC28.txt,,,关于印发《江西省电力中长期市场实施细则》的通知 2026-04-14,2026-04-25,待人工复核
AUTO-20260425-9A3E9D6FC0,关于公开征求《山东电力市场监管办法(征求意见稿)》等意见的通知,国家能源局派出机构,国家能源局山东监管办公室,2026-03-27,,山东,监管规则,国家级,电力市场,电力市场,B,中期参考型,征求意见,是,https://sdb.nea.gov.cn/dtyw/tzgg/202603/t20260327_298703.html,01_原始资料\官方政策\2026-03-27_山东_国家能源局派出机构_关于公开征求《山东电力市场监管办法(征求意见稿)》等意见的通知_国家能源局山东监管办公室.html; 03_处理后文本\2026-03-27_山东_国家能源局派出机构_关于公开征求《山东电力市场监管办法(征求意见稿)》等意见的通知_国家能源局山东监管办公室.txt,,,关于公开征求《山东电力市场监管办法(征求意见稿)》等意见的通知 2026-03-27,2026-04-25,待人工复核
AUTO-20260425-01719E4565,关于公开征求《山东电力市场规则(试行)》(征求意见稿)意见的通知,国家能源局派出机构,国家能源局山东监管办公室,2026-03-17,,山东,监管规则,国家级,电力市场,电力市场,B,中期参考型,征求意见,是,https://sdb.nea.gov.cn/dtyw/tzgg/202603/t20260317_298055.html,01_原始资料\官方政策\2026-03-17_山东_国家能源局派出机构_关于公开征求《山东电力市场规则(试行)》(征求意见稿)意见的通知_国家能源局山东监管办公室.html; 03_处理后文本\2026-03-17_山东_国家能源局派出机构_关于公开征求《山东电力市场规则(试行)》(征求意见稿)意见的通知_国家能源局山东监管办公室.txt; 01_原始资料\PDF附件\AUTO-20260425-01719E4565_01_附件1：《山东电力市场规则（试行）（2026年修订版）》（征求意见稿）.pdf_07A971D1.pdf; 01_原始资料\PDF附件\AUTO-20260425-01719E4565_02_附件2：修改意见反馈表.pdf_CFEA3786.pdf; 03_处理后文本\AUTO-20260425-01719E4565_01_附件1：《山东电力市场规则（试行）（2026年修订版）》（征求意见稿）.pdf_07A971D1.txt; 03_处理后文本\AUTO-20260425-01719E4565_02_附件2：修改意见反馈表.pdf_CFEA3786.txt,,,关于公开征求《山东电力市场规则(试行)》(征求意见稿)意见的通知 2026-03-17,2026-04-25,待人工复核
AUTO-20260425-D5F253F0B2,关于印发重庆市支持智能网联新能源商用产业发展政策措施（2025—2027年）的通知,重庆市经济和信息化委员会,重庆市经济和信息化委员会,2025-12-30,渝经信规范〔2025〕13号,重庆,官方政策,,新能源,新能源,A,长期有效型,现行有效,是,https://jjxxw.cq.gov.cn/zwgk_213/zcwj/xzgfxwj/202512/t20251230_15280986.html,01_原始资料\官方政策\2025-12-30_重庆_重庆市经济和信息化委员会_重庆市经济和信息化委员会行政规范性文件.html; 03_处理后文本\2025-12-30_重庆_重庆市经济和信息化委员会_重庆市经济和信息化委员会行政规范性文件.txt; 01_原始资料\PDF附件\AUTO-20260425-D5F253F0B2_01_下载图片版_85EED52C.pdf; 03_处理后文本\AUTO-20260425-D5F253F0B2_01_下载图片版_85EED52C.txt,,,重庆市经济和信息化委员会 重庆市财政局 中共重庆市委金融委员会办公室 国家金融监督管理总局重庆监管局 重庆市商务委员会关于印发重庆市支持智能网联新能源商用产业发展政策措施（2025—2027年）的通知 (发文字号：渝经信规范〔2025〕13号成文日期 ：2025年12月30日),2026-04-25,待人工复核
AUTO-20260425-509BB407AE,关于下达天津市2023-2024年度电力需求响应资金计划的通知_委局文件_政务公开,天津市工业和信息化局,天津市工业和信息化局,2025-12-11,津工信电力〔2025〕13号,天津,官方政策,,需求响应,需求响应,A,长期有效型,现行有效,是,https://gyxxh.tj.gov.cn/ZWGK4147/ZCWJ6355/wjwj/202512/t20251211_7197066.html,01_原始资料\官方政策\2025-12-11_天津_天津市工业和信息化局_关于下达天津市2023-2024年度电力需求响应资金计划的通知_委局文件_政务公开.html; 03_处理后文本\2025-12-11_天津_天津市工业和信息化局_关于下达天津市2023-2024年度电力需求响应资金计划的通知_委局文件_政务公开.txt,,,关于下达天津市2023-2024年度电力需求响应资金计划的通知2025-12-11,2026-04-25,待人工复核
AUTO-20260425-474CF655D0,关于印发《四川省深化新能源上网电价市场化改革实施方案》的通知(川发改价格〔2025〕480号),四川省发展和改革委员会,四川省发展和改革委员会,2025-09-30,川发改价格〔2025〕480号,四川,官方政策,,新能源,电价;新能源,A,长期有效型,现行有效,是,https://fgw.sc.gov.cn/sfgw/qtwj/2025/9/30/7ba86d11a51442df97eb0ad3b14865c2.shtml,01_原始资料\官方政策\2025-09-30_四川_四川省发展和改革委员会_四川省发展和改革委员会.html; 03_处理后文本\2025-09-30_四川_四川省发展和改革委员会_四川省发展和改革委员会.txt,,,关于印发《四川省深化新能源上网电价市场化改革实施方案》的通知(川发改价格〔2025〕480号),2026-04-25,待人工复核
AUTO-20260425-3D4A64C4C0,关于公开征求《山东省电力并网运行管理实施细则(征求意见稿)》《山东省电力辅助服务管理实施细则(征求意见稿)》意见的通知,国家能源局派出机构,国家能源局山东监管办公室,2025-09-30,,山东,监管规则,国家级,辅助服务,辅助服务,B,中期参考型,征求意见,是,https://sdb.nea.gov.cn/dtyw/tzgg/202509/t20250930_288340.html,01_原始资料\官方政策\2025-09-30_山东_国家能源局派出机构_关于公开征求《山东省电力并网运行管理实施细则(征求意见稿)》《山东省电力辅助服务管理实施细则(征求意见稿)》意见的通知_国家能源局山东监管办公室.html; 03_处理后文本\2025-09-30_山东_国家能源局派出机构_关于公开征求《山东省电力并网运行管理实施细则(征求意见稿)》《山东省电力辅助服务管理实施细则(征求意见稿)》意见的通知_国家能源局山东监管办公室.txt; 01_原始资料\PDF附件\AUTO-20260425-3D4A64C4C0_01_山东省电力并网运行管理实施细则(征求意见稿).pdf_459A1BEC.pdf; 01_原始资料\PDF附件\AUTO-20260425-3D4A64C4C0_02_山东省电力辅助服务管理实施细则(征求意见稿).pdf_24681306.pdf; 01_原始资料\PDF附件\AUTO-20260425-3D4A64C4C0_03_“两个细则”编制说明.pdf_770135F3.pdf; 01_原始资料\PDF附件\AUTO-20260425-3D4A64C4C0_04_修改意见反馈表.pdf_A0D1E98F.pdf; 03_处理后文本\AUTO-20260425-3D4A64C4C0_01_山东省电力并网运行管理实施细则(征求意见稿).pdf_459A1BEC.txt; 03_处理后文本\AUTO-20260425-3D4A64C4C0_02_山东省电力辅助服务管理实施细则(征求意见稿).pdf_24681306.txt; 03_处理后文本\AUTO-20260425-3D4A64C4C0_03_“两个细则”编制说明.pdf_770135F3.txt; 03_处理后文本\AUTO-20260425-3D4A64C4C0_04_修改意见反馈表.pdf_A0D1E98F.txt,,,关于公开征求《山东省电力并网运行管理实施细则(征求意见稿)》《山东省电力辅助服务管理实施... 2025-09-30,2026-04-25,待人工复核
AUTO-20260425-2B6F6F94C5,关于公开征求《山东电力市场规则(试行)》(征求意见稿)意见的通知,国家能源局派出机构,国家能源局山东监管办公室,2025-07-29,,山东,监管规则,国家级,电力市场,电力市场,B,中期参考型,征求意见,是,https://sdb.nea.gov.cn/dtyw/tzgg/202507/t20250729_284995.html,01_原始资料\官方政策\2025-07-29_山东_国家能源局派出机构_关于公开征求《山东电力市场规则(试行)》(征求意见稿)意见的通知_国家能源局山东监管办公室.html; 03_处理后文本\2025-07-29_山东_国家能源局派出机构_关于公开征求《山东电力市场规则(试行)》(征求意见稿)意见的通知_国家能源局山东监管办公室.txt; 01_原始资料\PDF附件\AUTO-20260425-2B6F6F94C5_01_附件1：《山东电力市场规则（试行）》（征求意见稿）.pdf_0E547356.pdf; 01_原始资料\PDF附件\AUTO-20260425-2B6F6F94C5_02_附件2：《山东电力市场规则（试行）》（征求意见稿）编制说明.pdf_CBB608C5.pdf; 01_原始资料\PDF附件\AUTO-20260425-2B6F6F94C5_03_附件3：修改意见反馈表.pdf_0FAF51B1.pdf; 03_处理后文本\AUTO-20260425-2B6F6F94C5_01_附件1：《山东电力市场规则（试行）》（征求意见稿）.pdf_0E547356.txt; 03_处理后文本\AUTO-20260425-2B6F6F94C5_02_附件2：《山东电力市场规则（试行）》（征求意见稿）编制说明.pdf_CBB608C5.txt; 03_处理后文本\AUTO-20260425-2B6F6F94C5_03_附件3：修改意见反馈表.pdf_0FAF51B1.txt,,,关于公开征求《山东电力市场规则(试行)》(征求意见稿)意见的通知 2025-07-29,2026-04-25,待人工复核
AUTO-20260425-0746AF99FD,关于征求《山东省新能源和新型并网主体涉网安全能力提升工作方案》意见的函,国家能源局派出机构,国家能源局山东监管办公室,2025-06-24,,山东,监管规则,国家级,新能源,新能源,B,中期参考型,现行有效,是,https://sdb.nea.gov.cn/dtyw/tzgg/202506/t20250624_283284.html,01_原始资料\官方政策\2025-06-24_山东_国家能源局派出机构_关于征求《山东省新能源和新型并网主体涉网安全能力提升工作方案》意见的函_国家能源局山东监管办公室.html; 03_处理后文本\2025-06-24_山东_国家能源局派出机构_关于征求《山东省新能源和新型并网主体涉网安全能力提升工作方案》意见的函_国家能源局山东监管办公室.txt,,,关于征求《山东省新能源和新型并网主体涉网安全能力提升工作方案》意见的函 2025-06-24,2026-04-25,待人工复核
AUTO-20260425-E98D78E2BB,电力市场信息披露基本规则（国能发监管〔2024〕9号）,广州电力交易中心,广州电力交易中心,2025-05-16,国能发监管〔2024〕9号,南方区域,交易规则,,电力市场,电力市场,B,中期参考型,现行有效,是,https://www.gzpec.cn/law/jygz/202505/t20250516_34495.html,01_原始资料\交易规则\2025-05-16_南方区域_广州电力交易中心_广州电力交易中心.html; 03_处理后文本\2025-05-16_南方区域_广州电力交易中心_广州电力交易中心.txt,,,电力市场信息披露基本规则（国能发监管〔2024〕9号）,2026-04-25,待人工复核
AUTO-20260425-B21BF48126,海南电力市场规则,广州电力交易中心,广州电力交易中心,2025-03-24,,南方区域,交易规则,,电力市场,电力市场,B,中期参考型,现行有效,是,https://www.gzpec.cn/law/jygz/202505/t20250516_34492.html,01_原始资料\交易规则\2025-03-24_南方区域_广州电力交易中心_广州电力交易中心.html; 03_处理后文本\2025-03-24_南方区域_广州电力交易中心_广州电力交易中心.txt; 01_原始资料\PDF附件\AUTO-20260425-B21BF48126_01_海南交易〔2025〕1号_附件：《海南电力市场保底售电实施方案（2025年版）》-2025-01-07.pdf_BDCD779C.pdf; 01_原始资料\PDF附件\AUTO-20260425-B21BF48126_02_海南交易〔2024〕30号_附件：《海南电力市场注册管理实施细则（1.0版）》.pdf_3A9A935D.pdf; 01_原始资料\PDF附件\AUTO-20260425-B21BF48126_03_海南交易〔2024〕74号_附件：《海南电力市场信息披露实施细则（2024年版）》.pdf_27C527BE.pdf; 01_原始资料\PDF附件\AUTO-20260425-B21BF48126_04_附件2：《海南电力市场中长期电能量交易实施细则（非现货环境下1.0版）》.pdf_3BEA873A.pdf; 01_原始资料\PDF附件\AUTO-20260425-B21BF48126_05_附件3：《海南电力市场结算实施细则（非现货环境下1.0版）》.pdf_1CF63EF2.pdf; 03_处理后文本\AUTO-20260425-B21BF48126_01_海南交易〔2025〕1号_附件：《海南电力市场保底售电实施方案（2025年版）》-2025-01-07.pdf_BDCD779C.txt; 03_处理后文本\AUTO-20260425-B21BF48126_02_海南交易〔2024〕30号_附件：《海南电力市场注册管理实施细则（1.0版）》.pdf_3A9A935D.txt; 03_处理后文本\AUTO-20260425-B21BF48126_03_海南交易〔2024〕74号_附件：《海南电力市场信息披露实施细则（2024年版）》.pdf_27C527BE.txt; 03_处理后文本\AUTO-20260425-B21BF48126_04_附件2：《海南电力市场中长期电能量交易实施细则（非现货环境下1.0版）》.pdf_3BEA873A.txt; 03_处理后文本\AUTO-20260425-B21BF48126_05_附件3：《海南电力市场结算实施细则（非现货环境下1.0版）》.pdf_1CF63EF2.txt,,,海南电力市场规则,2026-04-25,待人工复核
AUTO-20260425-F965FCA4C5,关于印发《广西电力市场信息披露实施细则》的通知,广州电力交易中心,广州电力交易中心,2025-04-28,,南方区域,交易规则,,电力市场,电力市场,B,中期参考型,现行有效,是,https://www.gzpec.cn/law/jygz/202505/t20250516_34491.html,01_原始资料\交易规则\2025-04-28_南方区域_广州电力交易中心_广州电力交易中心.html; 03_处理后文本\2025-04-28_南方区域_广州电力交易中心_广州电力交易中心.txt; 01_原始资料\PDF附件\AUTO-20260425-F965FCA4C5_01_广西壮族自治区能源局_国家能源局南方监管局关于2025年广西电力市场化交易工作有关事项的通知.pdf_1EE58E7C.pdf; 01_原始资料\PDF附件\AUTO-20260425-F965FCA4C5_02_广西壮族自治区能源局关于2025年广西电力市场政府授权合约机制有关事项的通知.pdf_D4E7BEFD.pdf; 01_原始资料\PDF附件\AUTO-20260425-F965FCA4C5_03_广西壮族自治区能源局关于保障2025年电力中长期合同高比例签约履约的通知.pdf_AC0E63A9.pdf; 01_原始资料\PDF附件\AUTO-20260425-F965FCA4C5_04_广西壮族自治区能源局关于进一步明确2025年电力市场交易有关事项的通知.pdf_7B1F9717.pdf; 01_原始资料\PDF附件\AUTO-20260425-F965FCA4C5_05_广西壮族自治区能源局关于进一步优化调整低谷电力消纳交易有关事项的通知_盖章件.pdf_35095FB2.pdf; 01_原始资料\PDF附件\AUTO-20260425-F965FCA4C5_06_关于印发广西电力市场售电公司信用评价管理实施细则（5.0版）的通知.pdf_3A94ABFB.pdf; 01_原始资料\PDF附件\AUTO-20260425-F965FCA4C5_07_关于印发《广西电力市场信息披露实施细则》的通知.pdf_60479191.pdf; 01_原始资料\PDF附件\AUTO-20260425-F965FCA4C5_08_关于印发《广西电力市场履约风险管理实施细则（4.0版）》的通知.pdf_6A7ADB7C.pdf; 01_原始资料\PDF附件\AUTO-20260425-F965FCA4C5_09_关于印发《广西电力市场履约风险管理工作指引》的通知_(2).pdf_637EEBC6.pdf; 03_处理后文本\AUTO-20260425-F965FCA4C5_02_广西壮族自治区能源局关于2025年广西电力市场政府授权合约机制有关事项的通知.pdf_D4E7BEFD.txt; 03_处理后文本\AUTO-20260425-F965FCA4C5_03_广西壮族自治区能源局关于保障2025年电力中长期合同高比例签约履约的通知.pdf_AC0E63A9.txt; 03_处理后文本\AUTO-20260425-F965FCA4C5_04_广西壮族自治区能源局关于进一步明确2025年电力市场交易有关事项的通知.pdf_7B1F9717.txt; 03_处理后文本\AUTO-20260425-F965FCA4C5_05_广西壮族自治区能源局关于进一步优化调整低谷电力消纳交易有关事项的通知_盖章件.pdf_35095FB2.txt; 03_处理后文本\AUTO-20260425-F965FCA4C5_06_关于印发广西电力市场售电公司信用评价管理实施细则（5.0版）的通知.pdf_3A94ABFB.txt; 03_处理后文本\AUTO-20260425-F965FCA4C5_07_关于印发《广西电力市场信息披露实施细则》的通知.pdf_60479191.txt; 03_处理后文本\AUTO-20260425-F965FCA4C5_08_关于印发《广西电力市场履约风险管理实施细则（4.0版）》的通知.pdf_6A7ADB7C.txt; 03_处理后文本\AUTO-20260425-F965FCA4C5_09_关于印发《广西电力市场履约风险管理工作指引》的通知_(2).pdf_637EEBC6.txt; 03_处理后文本\AUTO-20260425-F965FCA4C5_01_广西壮族自治区能源局_国家能源局南方监管局关于2025年广西电力市场化交易工作有关事项的通知.pdf_1EE58E7C.ocr.txt,,,广西电力市场规则；OCR文本待人工复核,2026-04-25,待人工复核
AUTO-20260425-8808868383,广东电力市场规则,广州电力交易中心,广州电力交易中心,2025-04-05,,南方区域,交易规则,,电力市场,电力市场,B,中期参考型,现行有效,是,https://www.gzpec.cn/law/jygz/202505/t20250516_34490.html,01_原始资料\交易规则\2025-04-05_南方区域_广州电力交易中心_广州电力交易中心.html; 03_处理后文本\2025-04-05_南方区域_广州电力交易中心_广州电力交易中心.txt; 01_原始资料\PDF附件\AUTO-20260425-8808868383_01_广东电力交易中心有限责任公司关于发布广东电力市场配套实施细则（2025年修订）的通知.pdf_15661EB5.pdf; 01_原始资料\PDF附件\AUTO-20260425-8808868383_02_附件1：广东电力市场现货电能量交易实施细则（2025年修订）.pdf_99AC6CC4.pdf; 01_原始资料\PDF附件\AUTO-20260425-8808868383_03_附件2：广东电力市场中长期电能量交易实施细则（2025年修订）.pdf_59734813.pdf; 01_原始资料\PDF附件\AUTO-20260425-8808868383_04_附件3：广东电力现货市场结算实施细则.pdf_F20FA87D.pdf; 01_原始资料\PDF附件\AUTO-20260425-8808868383_05_附件4：广东电力市场信息披露管理实施细则（2025年修订）.pdf_B8949EB1.pdf; 01_原始资料\PDF附件\AUTO-20260425-8808868383_06_附件5：广东电力市场注册实施细则（2025年修订）.pdf_D39198A4.pdf; 03_处理后文本\AUTO-20260425-8808868383_01_广东电力交易中心有限责任公司关于发布广东电力市场配套实施细则（2025年修订）的通知.pdf_15661EB5.txt; 03_处理后文本\AUTO-20260425-8808868383_02_附件1：广东电力市场现货电能量交易实施细则（2025年修订）.pdf_99AC6CC4.txt; 03_处理后文本\AUTO-20260425-8808868383_03_附件2：广东电力市场中长期电能量交易实施细则（2025年修订）.pdf_59734813.txt; 03_处理后文本\AUTO-20260425-8808868383_04_附件3：广东电力现货市场结算实施细则.pdf_F20FA87D.txt; 03_处理后文本\AUTO-20260425-8808868383_05_附件4：广东电力市场信息披露管理实施细则（2025年修订）.pdf_B8949EB1.txt; 03_处理后文本\AUTO-20260425-8808868383_06_附件5：广东电力市场注册实施细则（2025年修订）.pdf_D39198A4.txt,,,广东电力市场规则,2026-04-25,待人工复核
AUTO-20260425-4ECBDBC2ED,天津市深化新能源上网电价市场化改革实施方案,天津市发展和改革委员会,天津市发展和改革委员会,,发改价格〔2025〕136号,天津,官方政策,,新能源,电价;新能源,A,长期有效型,现行有效,是,https://fzgg.tj.gov.cn/zwgk_47325/zcfg_47338/zcwjx/fgwj/202510/W020251022356486089649.docx,01_原始资料\官方政策\天津_天津市发展和改革委员会_W020251022356486089649.docx; 03_处理后文本\天津_天津市发展和改革委员会_W020251022356486089649.txt,,,天津市深化新能源上网电价市场化改革实施方案.docx,2026-04-25,待人工复核
AUTO-20260425-53BB03C30D,关于印发《电力辅助服务市场基本规则》的通知,广州电力交易中心,广州电力交易中心,2025-04-24,发改能源规〔2025〕411号,南方区域,交易规则,,辅助服务,辅助服务,B,中期参考型,现行有效,是,https://www.gzpec.cn/law/jygz/202504/t20250424_34448.html,01_原始资料\交易规则\2025-04-24_南方区域_广州电力交易中心_广州电力交易中心.html; 03_处理后文本\2025-04-24_南方区域_广州电力交易中心_广州电力交易中心.txt; 01_原始资料\PDF附件\AUTO-20260425-53BB03C30D_01_发改能源规〔2025〕411号_国家发展改革委_国家能源局关于印发《电力辅助服务市场基本规则》的通知.pdf_72B97652.pdf; 03_处理后文本\AUTO-20260425-53BB03C30D_01_发改能源规〔2025〕411号_国家发展改革委_国家能源局关于印发《电力辅助服务市场基本规则》的通知.pdf_72B97652.ocr.txt,,,发改能源规〔2025〕411号_国家发展改革委 国家能源局关于印发《电力辅助服务市场基本规则》的通知；OCR文本待人工复核,2026-04-25,待人工复核
AUTO-20260425-921C75C18D,关于我市开展气电价格联动调整有关事项的通知_价格管理,上海市发展和改革委员会,上海市发展和改革委员会,2026-04-24,沪发改价管〔2026〕19号,上海,官方政策,,电力市场,电价,A,长期有效型,现行有效,是,http://fgw.sh.gov.cn/fgw_jggl/20260424/62667a4bb7c44726a46cbe4c60c38c55.html,01_原始资料\官方政策\2026-04-24_上海_上海市发展和改革委员会_关于我市开展气电价格联动调整有关事项的通知_价格管理.html; 03_处理后文本\2026-04-24_上海_上海市发展和改革委员会_关于我市开展气电价格联动调整有关事项的通知_价格管理.txt; 01_原始资料\PDF附件\AUTO-20260425-921C75C18D_01_569433eda633878a7488abe13f140a2a.pdf_F6B461AA.pdf; 03_处理后文本\AUTO-20260425-921C75C18D_01_569433eda633878a7488abe13f140a2a.pdf_F6B461AA.txt,,,关于我市开展气电价格联动调整有关事项的通知,2026-04-25,待人工复核
AUTO-20260425-3BC0A77C4C,关于我市开展气电价格联动调整有关事项的通知_价格管理,上海市发展和改革委员会,上海市发展和改革委员会,2026-02-26,沪发改价管〔2026〕9号,上海,官方政策,,电力市场,电价,A,长期有效型,现行有效,是,http://fgw.sh.gov.cn/fgw_jggl/20260226/9af29306008f42e39689c7490660e438.html,01_原始资料\官方政策\2026-02-26_上海_上海市发展和改革委员会_关于我市开展气电价格联动调整有关事项的通知_价格管理.html; 03_处理后文本\2026-02-26_上海_上海市发展和改革委员会_关于我市开展气电价格联动调整有关事项的通知_价格管理.txt; 01_原始资料\PDF附件\AUTO-20260425-3BC0A77C4C_01_569433eda633878a7488abe13f140a2a.pdf_631AB900.pdf; 03_处理后文本\AUTO-20260425-3BC0A77C4C_01_569433eda633878a7488abe13f140a2a.pdf_631AB900.txt,,,关于我市开展气电价格联动调整有关事项的通知,2026-04-25,待人工复核
AUTO-20260425-981F2EE25A,关于建立全国统一电力市场评价制度的通知(发改办体改〔2025〕1032号),国家发展改革委,国家发展改革委-政策通知,2025-12-17,发改办体改〔2025〕1032号,全国,官方政策,国家级,电力市场,电力市场,A,长期有效型,现行有效,是,https://www.ndrc.gov.cn/xxgk/zcfb/tz/202512/t20251217_1402475.html,01_原始资料\官方政策\2025-12-17_全国_国家发展改革委_【关于建立全国统一电力市场评价制度的通知(发改办体改〔2025〕1032号)】-国家发展和改革委员会.html; 03_处理后文本\2025-12-17_全国_国家发展改革委_【关于建立全国统一电力市场评价制度的通知(发改办体改〔2025〕1032号)】-国家发展和改革委员会.txt,,,关于建立全国统一电力市场评价制度的通知(发改办体改〔2025〕1032号),2026-04-25,待人工复核
AUTO-20260425-B3B8DDADB6,关于完善发电侧容量电价机制的通知(发改价格〔2026〕114号),国家发展改革委,国家发展改革委-政策通知,2026-01-30,发改价格〔2026〕114号,全国,官方政策,国家级,容量电价,容量电价;电价,A,长期有效型,现行有效,是,https://www.ndrc.gov.cn/xxgk/zcfb/tz/202601/t20260130_1403524.html,01_原始资料\官方政策\2026-01-30_全国_国家发展改革委_【关于完善发电侧容量电价机制的通知(发改价格〔2026〕114号)】-国家发展和改革委员会.html; 03_处理后文本\2026-01-30_全国_国家发展改革委_【关于完善发电侧容量电价机制的通知(发改价格〔2026〕114号)】-国家发展和改革委员会.txt,,,关于完善发电侧容量电价机制的通知(发改价格〔2026〕114号),2026-04-25,待人工复核
AUTO-20260425-7D4B7A7D59,关于印发输配电定价成本监审办法、省级电网输配电价定价办法、区域电网输电价格定价办法和跨省跨区专项工程输电价格定价办法的通知(发改价格规〔2025〕1490号),国家发展改革委,国家发展改革委,2025-11-27,发改价格规〔2025〕1490号,全国,官方政策,国家级,电力市场,电价,A,长期有效型,现行有效,是,https://www.ndrc.gov.cn/xxgk/zcfb/ghxwj/202511/t20251127_1401964.html,01_原始资料\官方政策\2025-11-27_全国_国家发展改革委_【关于印发输配电定价成本监审办法、省级电网输配电价定价办法、区域电网输电价格定价办法和跨省跨区专项工程输电价格定价办法的通知(发改价格规〔2025〕1490号)】-国家发展和改革委员会.html; 03_处理后文本\2025-11-27_全国_国家发展改革委_【关于印发输配电定价成本监审办法、省级电网输配电价定价办法、区域电网输电价格定价办法和跨省跨区专项工程输电价格定价办法的通知(发改价格规〔2025〕1490号)】-国家发展和改革委员会.txt; 01_原始资料\PDF附件\AUTO-20260425-7D4B7A7D59_01_《输配电定价成本监审办法》.pdf_55A03B86.pdf; 01_原始资料\PDF附件\AUTO-20260425-7D4B7A7D59_02_《省级电网输配电价定价办法》.pdf_D9A784D7.pdf; 01_原始资料\PDF附件\AUTO-20260425-7D4B7A7D59_03_《区域电网输电价格定价办法》.pdf_9C676DD8.pdf; 01_原始资料\PDF附件\AUTO-20260425-7D4B7A7D59_04_《跨省跨区专项工程输电价格定价办法》.pdf_6E6EF63D.pdf; 03_处理后文本\AUTO-20260425-7D4B7A7D59_01_《输配电定价成本监审办法》.pdf_55A03B86.txt; 03_处理后文本\AUTO-20260425-7D4B7A7D59_02_《省级电网输配电价定价办法》.pdf_D9A784D7.txt; 03_处理后文本\AUTO-20260425-7D4B7A7D59_03_《区域电网输电价格定价办法》.pdf_9C676DD8.txt; 03_处理后文本\AUTO-20260425-7D4B7A7D59_04_《跨省跨区专项工程输电价格定价办法》.pdf_6E6EF63D.txt,,,关于印发输配电定价成本监审办法、省级电网输配电价定价办法、区域电网输电价格定价办法和跨省跨区专项工程输电价格定价办法的通知(发改价格规〔2025〕1490号),2026-04-25,待人工复核
AUTO-20260425-02AD665464,关于印发南方区域电力市场配套实施细则的通知,广州电力交易中心,广州电力交易中心,2024-11-14,,南方区域,交易规则,,电力市场,电力市场,B,中期参考型,现行有效,是,https://www.gzpec.cn/law/jygz/202502/t20250214_34019.html,01_原始资料\交易规则\2024-11-14_南方区域_广州电力交易中心_广州电力交易中心.html; 03_处理后文本\2024-11-14_南方区域_广州电力交易中心_广州电力交易中心.txt; 01_原始资料\PDF附件\AUTO-20260425-02AD665464_01_关于印发南方区域电力市场配套实施细则的通知.pdf_27C074C8.pdf; 01_原始资料\PDF附件\AUTO-20260425-02AD665464_02_附件1：关于对南方区域电力市场配套实施细则的审定意见的函.pdf_80B9C602.pdf; 01_原始资料\PDF附件\AUTO-20260425-02AD665464_03_附件2：南方区域电力市场现货电能量交易实施细则（试行V3.0）.pdf_C0489E06.pdf; 01_原始资料\PDF附件\AUTO-20260425-02AD665464_04_附件3：南方区域电力市场现货结算实施细则（试行V3.0）.pdf_387EFDD6.pdf; 03_处理后文本\AUTO-20260425-02AD665464_02_附件1：关于对南方区域电力市场配套实施细则的审定意见的函.pdf_80B9C602.txt; 03_处理后文本\AUTO-20260425-02AD665464_03_附件2：南方区域电力市场现货电能量交易实施细则（试行V3.0）.pdf_C0489E06.txt; 03_处理后文本\AUTO-20260425-02AD665464_04_附件3：南方区域电力市场现货结算实施细则（试行V3.0）.pdf_387EFDD6.txt; 03_处理后文本\AUTO-20260425-02AD665464_01_关于印发南方区域电力市场配套实施细则的通知.pdf_27C074C8.ocr.txt,,,关于印发南方区域电力市场配套实施细则的通知；OCR文本待人工复核,2026-04-25,待人工复核
AUTO-20260425-8469367611,关于印发《电力市场计量结算基本规则》的通知(发改能源规〔2025〕976号),国家发展改革委,国家发展改革委,2025-08-06,发改能源规〔2025〕976号,全国,官方政策,国家级,电力市场;计量结算,电力市场;计量结算;结算,A,长期有效型,现行有效,是,https://www.ndrc.gov.cn/xxgk/zcfb/ghxwj/202508/t20250806_1399686.html,01_原始资料\官方政策\2025-08-06_全国_国家发展改革委_【关于印发《电力市场计量结算基本规则》的通知(发改能源规〔2025〕976号)】-国家发展和改革委员会.html; 03_处理后文本\2025-08-06_全国_国家发展改革委_【关于印发《电力市场计量结算基本规则》的通知(发改能源规〔2025〕976号)】-国家发展和改革委员会.txt; 01_原始资料\PDF附件\AUTO-20260425-8469367611_01_《电力市场计量结算基本规则》.pdf_D61B8274.pdf; 03_处理后文本\AUTO-20260425-8469367611_01_《电力市场计量结算基本规则》.pdf_D61B8274.txt,,,关于印发《电力市场计量结算基本规则》的通知(发改能源规〔2025〕976号),2026-04-25,待人工复核
AUTO-20260425-F67BBBF923,关于印发《电力中长期市场基本规则》的通知(发改能源规〔2025〕1656号),国家发展改革委,国家发展改革委,2025-12-26,发改能源规〔2025〕1656号,全国,官方政策,国家级,中长期,中长期,A,长期有效型,现行有效,是,https://www.ndrc.gov.cn/xxgk/zcfb/ghxwj/202512/t20251226_1402666.html,01_原始资料\官方政策\2025-12-26_全国_国家发展改革委_【关于印发《电力中长期市场基本规则》的通知(发改能源规〔2025〕1656号)】-国家发展和改革委员会.html; 03_处理后文本\2025-12-26_全国_国家发展改革委_【关于印发《电力中长期市场基本规则》的通知(发改能源规〔2025〕1656号)】-国家发展和改革委员会.txt; 01_原始资料\PDF附件\AUTO-20260425-F67BBBF923_01_《电力中长期市场基本规则》.pdf_37866990.pdf; 03_处理后文本\AUTO-20260425-F67BBBF923_01_《电力中长期市场基本规则》.pdf_37866990.txt,,,关于印发《电力中长期市场基本规则》的通知(发改能源规〔2025〕1656号),2026-04-25,待人工复核
AUTO-20260425-6D1818F6CF,关于优化集中式新能源发电企业市场报价的通知(试行)(发改能源〔2025〕1476号),国家发展改革委,国家发展改革委-政策通知,2025-12-11,发改能源〔2025〕1476号,全国,官方政策,国家级,新能源,新能源,A,长期有效型,试行,是,https://www.ndrc.gov.cn/xxgk/zcfb/tz/202512/t20251211_1402340.html,01_原始资料\官方政策\2025-12-11_全国_国家发展改革委_【关于优化集中式新能源发电企业市场报价的通知(试行)(发改能源〔2025〕1476号)】-国家发展和改革委员会.html; 03_处理后文本\2025-12-11_全国_国家发展改革委_【关于优化集中式新能源发电企业市场报价的通知(试行)(发改能源〔2025〕1476号)】-国家发展和改革委员会.txt,,,关于优化集中式新能源发电企业市场报价的通知(试行)(发改能源〔2025〕1476号),2026-04-25,待人工复核
AUTO-20260425-19A93F32F1,云南电力市场规则,广州电力交易中心,广州电力交易中心,2024-12-09,,南方区域,交易规则,,电力市场,电力市场,B,中期参考型,现行有效,是,https://www.gzpec.cn/law/jygz/202502/t20250214_34021.html,01_原始资料\交易规则\2024-12-09_南方区域_广州电力交易中心_广州电力交易中心.html; 03_处理后文本\2024-12-09_南方区域_广州电力交易中心_广州电力交易中心.txt; 01_原始资料\PDF附件\AUTO-20260425-19A93F32F1_01_[2024]146号国家能源局云南监管办公室_云南省发展和改革委员会_云南省能源局关于同意印发《云南电力市场现货电能量交易实施细则（V2.0版）》等五个实施细则的复函.pdf_DD1D8B8B.pdf; 01_原始资料\PDF附件\AUTO-20260425-19A93F32F1_02_[2024]145号国家能源局云南监管办公室_云南省发展和改革委员会_云南省能源局关于印发《云南电力中长期交易实施细则》《云南省绿色电力交易实施细则》的通知_纯图版.pdf_586FA459.pdf; 01_原始资料\PDF附件\AUTO-20260425-19A93F32F1_03_国家能源局云南监管办公室_云南省发展和改革委员会_云南省能源局关于印发《云南电力中长期交易实施细则》《云南省绿色电力交易实施细则》的通知.pdf_0AAD5293.pdf; 01_原始资料\PDF附件\AUTO-20260425-19A93F32F1_04_附件：《云南电力市场燃煤发电交易实施办法》补充修订条款.pdf_D2ADD528.pdf; 01_原始资料\PDF附件\AUTO-20260425-19A93F32F1_05_附件：云南电力市场燃煤发电交易实施办法.pdf_1F6DF0BD.pdf; 01_原始资料\PDF附件\AUTO-20260425-19A93F32F1_06_附件：云南电力市场现货电能量交易实施细则（V2.0版）-2024-12-13.pdf_B662F526.pdf; 01_原始资料\PDF附件\AUTO-20260425-19A93F32F1_07_附件2_云南电力市场结算实施细则（V2.0版）.pdf_48054EE6.pdf; 01_原始资料\PDF附件\AUTO-20260425-19A93F32F1_08_附件3_云南电力市场交易信用管理实施细则（V2.0版）.pdf_97C32C3C.pdf; 01_原始资料\PDF附件\AUTO-20260425-19A93F32F1_09_附件4_云南电力市场售电公司履约保函（保险）管理实施细则（V2.0版）.pdf_77F3E333.pdf; 01_原始资料\PDF附件\AUTO-20260425-19A93F32F1_10_附件5_云南电力零售市场实施细则（V2.0版）.pdf_343DE5C9.pdf; 03_处理后文本\AUTO-20260425-19A93F32F1_01_[2024]146号国家能源局云南监管办公室_云南省发展和改革委员会_云南省能源局关于同意印发《云南电力市场现货电能量交易实施细则（V2.0版）》等五个实施细则的复函.pdf_DD1D8B8B.txt; 03_处理后文本\AUTO-20260425-19A93F32F1_03_国家能源局云南监管办公室_云南省发展和改革委员会_云南省能源局关于印发《云南电力中长期交易实施细则》《云南省绿色电力交易实施细则》的通知.pdf_0AAD5293.txt; 03_处理后文本\AUTO-20260425-19A93F32F1_04_附件：《云南电力市场燃煤发电交易实施办法》补充修订条款.pdf_D2ADD528.txt; 03_处理后文本\AUTO-20260425-19A93F32F1_05_附件：云南电力市场燃煤发电交易实施办法.pdf_1F6DF0BD.txt; 03_处理后文本\AUTO-20260425-19A93F32F1_06_附件：云南电力市场现货电能量交易实施细则（V2.0版）-2024-12-13.pdf_B662F526.txt; 03_处理后文本\AUTO-20260425-19A93F32F1_07_附件2_云南电力市场结算实施细则（V2.0版）.pdf_48054EE6.txt; 03_处理后文本\AUTO-20260425-19A93F32F1_08_附件3_云南电力市场交易信用管理实施细则（V2.0版）.pdf_97C32C3C.txt; 03_处理后文本\AUTO-20260425-19A93F32F1_09_附件4_云南电力市场售电公司履约保函（保险）管理实施细则（V2.0版）.pdf_77F3E333.txt; 03_处理后文本\AUTO-20260425-19A93F32F1_10_附件5_云南电力零售市场实施细则（V2.0版）.pdf_343DE5C9.txt; 03_处理后文本\AUTO-20260425-19A93F32F1_02_[2024]145号国家能源局云南监管办公室_云南省发展和改革委员会_云南省能源局关于印发《云南电力中长期交易实施细则》《云南省绿色电力交易实施细则》的通知_纯图版.pdf_586FA459.ocr.txt,,,云南电力市场规则；OCR文本待人工复核,2026-04-25,待人工复核
AUTO-20260425-3CC677DBE5,北京市发展和改革委员会关于公开征集市政府固定资产投资支持新能源供热项目的通知-本委其他文件-北京市发展和改革委员会,北京市发展和改革委员会,北京市发展和改革委员会,2026-03-09,,北京,官方政策,,新能源,新能源,A,长期有效型,现行有效,是,https://fgw.beijing.gov.cn/fgwzwgk/2024zcwj/bwqtwj/202603/t20260309_4552994.htm,01_原始资料\官方政策\2026-03-09_北京_北京市发展和改革委员会_北京市发展和改革委员会关于公开征集市政府固定资产投资支持新能源供热项目的通知-本委其他文件-北京市发展和改革委员会.htm; 03_处理后文本\2026-03-09_北京_北京市发展和改革委员会_北京市发展和改革委员会关于公开征集市政府固定资产投资支持新能源供热项目的通知-本委其他文件-北京市发展和改革委员会.txt,,,[现行有效] 北京市发展和改革委员会关于公开征集市政府固定资产投资支持新能源供热项目的通知,2026-04-25,待人工复核
AUTO-20260425-3D787AF073,关于公开征求《重庆电力中长期市场实施细则（征求意见稿）》意见的通知,国家能源局派出机构,国家能源局华中监管局,2026-01-26,发改能源规〔2025〕1656号,华中区域,监管规则,国家级,中长期,中长期,B,中期参考型,征求意见,是,https://hzj.nea.gov.cn/dtyw/tzgg/202601/t20260126_294791.html,01_原始资料\官方政策\2026-01-26_华中区域_国家能源局派出机构_关于公开征求《重庆电力中长期市场实施细则（征求意见稿）》意见的通知.html; 03_处理后文本\2026-01-26_华中区域_国家能源局派出机构_关于公开征求《重庆电力中长期市场实施细则（征求意见稿）》意见的通知.txt; 01_原始资料\PDF附件\AUTO-20260425-3D787AF073_01_附件-重庆电力中长期市场实施细则（征求意见稿）.pdf_F355F4E1.pdf; 03_处理后文本\AUTO-20260425-3D787AF073_01_附件-重庆电力中长期市场实施细则（征求意见稿）.pdf_F355F4E1.txt,,,关于公开征求《重庆电力中长期市场实施细则（征求意见稿）》意见的通知 2026-01-26,2026-04-25,待人工复核
AUTO-20260425-63755B61E4,关于公开征求《西藏自治区电力中长期市场实施细则（征求意见稿）》意见的通知,国家能源局派出机构,国家能源局华中监管局,2026-01-26,,华中区域,监管规则,国家级,中长期,中长期,B,中期参考型,征求意见,是,https://hzj.nea.gov.cn/dtyw/tzgg/202601/t20260126_294793.html,01_原始资料\官方政策\2026-01-26_华中区域_国家能源局派出机构_关于公开征求《西藏自治区电力中长期市场实施细则（征求意见稿）》意见的通知.html; 03_处理后文本\2026-01-26_华中区域_国家能源局派出机构_关于公开征求《西藏自治区电力中长期市场实施细则（征求意见稿）》意见的通知.txt; 01_原始资料\PDF附件\AUTO-20260425-63755B61E4_01_《西藏自治区电力中长期市场实施细则（征求意见稿）》.pdf_B400AD66.pdf; 03_处理后文本\AUTO-20260425-63755B61E4_01_《西藏自治区电力中长期市场实施细则（征求意见稿）》.pdf_B400AD66.txt,,,关于公开征求《西藏自治区电力中长期市场实施细则（征求意见稿）》意见的通知 2026-01-26,2026-04-25,待人工复核
AUTO-20260425-35BEAAF482,关于公开征求《湖北省电力中长期市场实施细则（征求意见稿）》意见的通知,国家能源局派出机构,国家能源局华中监管局,2026-01-26,,华中区域,监管规则,国家级,中长期,中长期,B,中期参考型,征求意见,是,https://hzj.nea.gov.cn/dtyw/tzgg/202601/t20260126_294794.html,01_原始资料\官方政策\2026-01-26_华中区域_国家能源局派出机构_关于公开征求《湖北省电力中长期市场实施细则（征求意见稿）》意见的通知.html; 03_处理后文本\2026-01-26_华中区域_国家能源局派出机构_关于公开征求《湖北省电力中长期市场实施细则（征求意见稿）》意见的通知.txt; 01_原始资料\PDF附件\AUTO-20260425-35BEAAF482_01_《湖北省电力中长期市场实施细则（征求意见稿）》.pdf_B79D9F0C.pdf; 03_处理后文本\AUTO-20260425-35BEAAF482_01_《湖北省电力中长期市场实施细则（征求意见稿）》.pdf_B79D9F0C.txt,,,关于公开征求《湖北省电力中长期市场实施细则（征求意见稿）》意见的通知 2026-01-26,2026-04-25,待人工复核
AUTO-20260425-1A6D55E163,关于公开征求《江西电力中长期市场实施细则（征求意见稿）》意见的通知,国家能源局派出机构,国家能源局华中监管局,2026-01-26,,华中区域,监管规则,国家级,中长期,中长期,B,中期参考型,征求意见,是,https://hzj.nea.gov.cn/dtyw/tzgg/202601/t20260126_294792.html,01_原始资料\官方政策\2026-01-26_华中区域_国家能源局派出机构_关于公开征求《江西电力中长期市场实施细则（征求意见稿）》意见的通知.html; 03_处理后文本\2026-01-26_华中区域_国家能源局派出机构_关于公开征求《江西电力中长期市场实施细则（征求意见稿）》意见的通知.txt; 01_原始资料\PDF附件\AUTO-20260425-1A6D55E163_01_附件-江西省电力中长期市场实施细则（征求意见稿）.pdf_1D85D9DD.pdf; 03_处理后文本\AUTO-20260425-1A6D55E163_01_附件-江西省电力中长期市场实施细则（征求意见稿）.pdf_1D85D9DD.txt,,,关于公开征求《江西电力中长期市场实施细则（征求意见稿）》意见的通知 2026-01-26,2026-04-25,待人工复核
AUTO-20260425-D8A4A0C9BE,关于公开征求《华中区域省间电力中长期交易实施细则（征求意见稿）》意见的通知,国家能源局派出机构,国家能源局华中监管局,2026-01-26,,华中区域,监管规则,国家级,中长期;省间交易,中长期;省间,B,中期参考型,征求意见,是,https://hzj.nea.gov.cn/dtyw/tzgg/202601/t20260126_294795.html,01_原始资料\官方政策\2026-01-26_华中区域_国家能源局派出机构_关于公开征求《华中区域省间电力中长期交易实施细则（征求意见稿）》意见的通知.html; 03_处理后文本\2026-01-26_华中区域_国家能源局派出机构_关于公开征求《华中区域省间电力中长期交易实施细则（征求意见稿）》意见的通知.txt; 01_原始资料\PDF附件\AUTO-20260425-D8A4A0C9BE_01_华中区域省间电力中长期交易实施细则（征求意见稿）.pdf_3A9B7260.pdf; 03_处理后文本\AUTO-20260425-D8A4A0C9BE_01_华中区域省间电力中长期交易实施细则（征求意见稿）.pdf_3A9B7260.txt,,,关于公开征求《华中区域省间电力中长期交易实施细则（征求意见稿）》意见的通知 2026-01-26,2026-04-25,待人工复核
AUTO-20260425-BD09FE2823,关于印发《南方区域新能源参与电力市场交易实施方案（试行）》的通知,国家能源局派出机构,国家能源局南方监管局,2026-01-04,,南方区域,监管规则,国家级,电力市场;新能源,电力市场;新能源,B,中期参考型,试行,是,https://nfj.nea.gov.cn/xwzx/tzgg/202601/t20260104_293533.html,01_原始资料\官方政策\2026-01-04_南方区域_国家能源局派出机构_关于印发《南方区域新能源参与电力市场交易实施方案（试行）》的通知.html; 03_处理后文本\2026-01-04_南方区域_国家能源局派出机构_关于印发《南方区域新能源参与电力市场交易实施方案（试行）》的通知.txt; 01_原始资料\PDF附件\AUTO-20260425-BD09FE2823_01_关于印发《南方区域新能源参与电力市场交易实施方案（试行）》的通知.pdf_392BD8A4.pdf; 03_处理后文本\AUTO-20260425-BD09FE2823_01_关于印发《南方区域新能源参与电力市场交易实施方案（试行）》的通知.pdf_392BD8A4.txt,,,关于印发《南方区域新能源参与电力市场交易实施方案（试行）》的通知 2026-01-04,2026-04-25,待人工复核
AUTO-20260425-991CDC4524,关于印发《广东、广西、海南发电机组参与电力市场交易业务衔接暂行规定》的通知,国家能源局派出机构,国家能源局南方监管局,2025-12-24,,南方区域,监管规则,国家级,电力市场,电力市场,B,中期参考型,现行有效,是,https://nfj.nea.gov.cn/xwzx/tzgg/202512/t20251224_292993.html,01_原始资料\官方政策\2025-12-24_南方区域_国家能源局派出机构_关于印发《广东、广西、海南发电机组参与电力市场交易业务衔接暂行规定》的通知.html; 03_处理后文本\2025-12-24_南方区域_国家能源局派出机构_关于印发《广东、广西、海南发电机组参与电力市场交易业务衔接暂行规定》的通知.txt; 01_原始资料\PDF附件\AUTO-20260425-991CDC4524_01_关于印发《广东、广西、海南发电机组参与电力市场交易业务衔接暂行规定》的通知_(1).pdf_1C48E14B.pdf; 03_处理后文本\AUTO-20260425-991CDC4524_01_关于印发《广东、广西、海南发电机组参与电力市场交易业务衔接暂行规定》的通知_(1).pdf_1C48E14B.txt,,,关于印发《广东、广西、海南发电机组参与电力市场交易业务衔接暂行规定》的通知 2025-12-24,2026-04-25,待人工复核
AUTO-20260425-D5A6AA701E,关于加强辖区中长期批发交易合同签约履约监管的通知,国家能源局派出机构,国家能源局南方监管局,2025-12-16,,南方区域,监管规则,国家级,中长期,中长期,B,中期参考型,现行有效,是,https://nfj.nea.gov.cn/xwzx/tzgg/202512/t20251216_292441.html,01_原始资料\官方政策\2025-12-16_南方区域_国家能源局派出机构_关于加强辖区中长期批发交易合同签约履约监管的通知.html; 03_处理后文本\2025-12-16_南方区域_国家能源局派出机构_关于加强辖区中长期批发交易合同签约履约监管的通知.txt; 01_原始资料\PDF附件\AUTO-20260425-D5A6AA701E_01_关于加强辖区中长期批发交易合同签约履约监管的通知.pdf_B1970315.pdf; 03_处理后文本\AUTO-20260425-D5A6AA701E_01_关于加强辖区中长期批发交易合同签约履约监管的通知.pdf_B1970315.txt,,,关于加强辖区中长期批发交易合同签约履约监管的通知 2025-12-16,2026-04-25,待人工复核
AUTO-20260425-89CB5D262F,国家能源局华中监管局关于征求《江西省电力市场规则4.0版》部分条款修订意见的通知,国家能源局派出机构,国家能源局华中监管局,2025-12-03,,华中区域,监管规则,国家级,电力市场,电力市场,B,中期参考型,现行有效,是,https://hzj.nea.gov.cn/dtyw/tzgg/202512/t20251203_291649.html,01_原始资料\官方政策\2025-12-03_华中区域_国家能源局派出机构_国家能源局华中监管局关于征求《江西省电力市场规则4.0版》部分条款修订意见的通知.html; 03_处理后文本\2025-12-03_华中区域_国家能源局派出机构_国家能源局华中监管局关于征求《江西省电力市场规则4.0版》部分条款修订意见的通知.txt; 01_原始资料\PDF附件\AUTO-20260425-89CB5D262F_01_附件1-附件5.各实施细则（4.0修订版征求意见稿）编制说明.pdf_1C62C908.pdf; 01_原始资料\PDF附件\AUTO-20260425-89CB5D262F_02_附件6-江西省电力市场规则（4.0修订版征求意见稿）.pdf_25A375FB.pdf; 03_处理后文本\AUTO-20260425-89CB5D262F_01_附件1-附件5.各实施细则（4.0修订版征求意见稿）编制说明.pdf_1C62C908.txt; 03_处理后文本\AUTO-20260425-89CB5D262F_02_附件6-江西省电力市场规则（4.0修订版征求意见稿）.pdf_25A375FB.txt,,,国家能源局华中监管局关于征求《江西省电力市场规则4.0版》部分条款修订意见的通知 2025-12-03,2026-04-25,待人工复核
AUTO-20260425-82D40D1344,关于公开征求《西藏自治区电力中长期交易实施细则（征求意见稿）》意见的通知,国家能源局派出机构,国家能源局华中监管局,2025-11-22,,华中区域,监管规则,国家级,中长期,中长期,B,中期参考型,征求意见,是,https://hzj.nea.gov.cn/dtyw/tzgg/202511/t20251122_290996.html,01_原始资料\官方政策\2025-11-22_华中区域_国家能源局派出机构_关于公开征求《西藏自治区电力中长期交易实施细则（征求意见稿）》意见的通知.html; 03_处理后文本\2025-11-22_华中区域_国家能源局派出机构_关于公开征求《西藏自治区电力中长期交易实施细则（征求意见稿）》意见的通知.txt; 01_原始资料\PDF附件\AUTO-20260425-82D40D1344_01_附件1：西藏自治区电力中长期交易实施细则（征求意见稿）.pdf_362FF8AF.pdf; 03_处理后文本\AUTO-20260425-82D40D1344_01_附件1：西藏自治区电力中长期交易实施细则（征求意见稿）.pdf_362FF8AF.txt,,,关于公开征求《西藏自治区电力中长期交易实施细则（征求意见稿）》意见的通知 2025-11-22,2026-04-25,待人工复核
AUTO-20260425-F75ABE5310,关于印发《江西省电力市场规则（试行4.0版）》的通知,国家能源局派出机构,国家能源局华中监管局,2025-09-23,,华中区域,监管规则,国家级,电力市场,电力市场,B,中期参考型,试行,是,https://hzj.nea.gov.cn/dtyw/tzgg/202509/t20250923_287864.html,01_原始资料\官方政策\2025-09-23_华中区域_国家能源局派出机构_关于印发《江西省电力市场规则（试行4.0版）》的通知.html; 03_处理后文本\2025-09-23_华中区域_国家能源局派出机构_关于印发《江西省电力市场规则（试行4.0版）》的通知.txt; 01_原始资料\PDF附件\AUTO-20260425-F75ABE5310_01_《江西省电力市场规则（试行4.0版）》.pdf_1239ADCE.pdf; 03_处理后文本\AUTO-20260425-F75ABE5310_01_《江西省电力市场规则（试行4.0版）》.pdf_1239ADCE.txt,,,关于印发《江西省电力市场规则（试行4.0版）》的通知 2025-09-23,2026-04-25,待人工复核
AUTO-20260426-A3868601F8,国家能源局华中监管局关于公开征求《重庆电力中长期交易实施细则（征求意见稿）》意见的通知,国家能源局派出机构,国家能源局华中监管局,2025-09-17,,华中区域,监管规则,国家级,中长期,中长期,B,中期参考型,征求意见,是,https://hzj.nea.gov.cn/dtyw/tzgg/202509/t20250918_287628.html,01_原始资料\官方政策\2025-09-17_华中区域_国家能源局派出机构_国家能源局华中监管局关于公开征求《重庆电力中长期交易实施细则（征求意见稿）》意见的通知.html; 03_处理后文本\2025-09-17_华中区域_国家能源局派出机构_国家能源局华中监管局关于公开征求《重庆电力中长期交易实施细则（征求意见稿）》意见的通知.txt; 01_原始资料\PDF附件\AUTO-20260426-A3868601F8_01_重庆电力中长期交易实施细则（征求意见稿）.pdf_09C08555.pdf; 03_处理后文本\AUTO-20260426-A3868601F8_01_重庆电力中长期交易实施细则（征求意见稿）.pdf_09C08555.txt,,,国家能源局华中监管局关于公开征求《重庆电力中长期交易实施细则（征求意见稿）》... 2025-09-17,2026-04-26,待人工复核
AUTO-20260426-DEDA1D301C,华中能源监管局关于公开征求《华中区域(东四省)省间电力互济市场交易规则》意见的通知,国家能源局派出机构,国家能源局华中监管局,2025-08-01,,华中区域,监管规则,国家级,省间交易,交易规则;省间,B,中期参考型,征求意见,是,https://hzj.nea.gov.cn/dtyw/tzgg/202508/t20250801_285216.html,01_原始资料\官方政策\2025-08-01_华中区域_国家能源局派出机构_华中能源监管局关于公开征求《华中区域(东四省)省间电力互济市场交易规则》意见的通知.html; 03_处理后文本\2025-08-01_华中区域_国家能源局派出机构_华中能源监管局关于公开征求《华中区域(东四省)省间电力互济市场交易规则》意见的通知.txt; 01_原始资料\PDF附件\AUTO-20260426-DEDA1D301C_01_附件1_华中区域（东四省）省间电力互济市场交易规则（征求意见稿）_.pdf_382B6D20.pdf; 01_原始资料\PDF附件\AUTO-20260426-DEDA1D301C_02_附件2_编制说明.pdf_B84C1FC8.pdf; 03_处理后文本\AUTO-20260426-DEDA1D301C_01_附件1_华中区域（东四省）省间电力互济市场交易规则（征求意见稿）_.pdf_382B6D20.txt; 03_处理后文本\AUTO-20260426-DEDA1D301C_02_附件2_编制说明.pdf_B84C1FC8.txt,,,华中能源监管局关于公开征求《华中区域(东四省)省间电力互济市场交易规则》意见的通知 2025-08-01,2026-04-26,待人工复核
AUTO-20260426-482E9580D6,关于提升海南省新能源和新型并网主体涉网安全能力的通知,国家能源局派出机构,国家能源局南方监管局,2025-08-01,,南方区域,监管规则,国家级,新能源,新能源,B,中期参考型,现行有效,是,https://nfj.nea.gov.cn/xwzx/tzgg/202508/t20250801_285183.html,01_原始资料\官方政策\2025-08-01_南方区域_国家能源局派出机构_关于提升海南省新能源和新型并网主体涉网安全能力的通知.html; 03_处理后文本\2025-08-01_南方区域_国家能源局派出机构_关于提升海南省新能源和新型并网主体涉网安全能力的通知.txt; 01_原始资料\PDF附件\AUTO-20260426-482E9580D6_01_关于提升海南省新能源和新型并网主体涉网安全能力的通知.pdf_7E8F5774.pdf; 03_处理后文本\AUTO-20260426-482E9580D6_01_关于提升海南省新能源和新型并网主体涉网安全能力的通知.pdf_7E8F5774.txt,,,关于提升海南省新能源和新型并网主体涉网安全能力的通知 2025-08-01,2026-04-26,待人工复核
AUTO-20260426-DBC1C0D7C5,关于提升广西壮族自治区新能源和新型并网主体涉网安全能力的通知,国家能源局派出机构,国家能源局南方监管局,2025-08-01,,南方区域,监管规则,国家级,新能源,新能源,B,中期参考型,现行有效,是,https://nfj.nea.gov.cn/xwzx/tzgg/202508/t20250801_285182.html,01_原始资料\官方政策\2025-08-01_南方区域_国家能源局派出机构_关于提升广西壮族自治区新能源和新型并网主体涉网安全能力的通知.html; 03_处理后文本\2025-08-01_南方区域_国家能源局派出机构_关于提升广西壮族自治区新能源和新型并网主体涉网安全能力的通知.txt; 01_原始资料\PDF附件\AUTO-20260426-DBC1C0D7C5_01_关于提升广西壮族自治区新能源和新型并网主体涉网安全能力的通知.pdf_0CEE595B.pdf; 03_处理后文本\AUTO-20260426-DBC1C0D7C5_01_关于提升广西壮族自治区新能源和新型并网主体涉网安全能力的通知.pdf_0CEE595B.ocr.txt,,,关于提升广西壮族自治区新能源和新型并网主体涉网安全能力的通知 2025-08-01；OCR文本待人工复核,2026-04-26,待人工复核
AUTO-20260426-5AA1473F8F,关于提升广东省新能源和新型并网主体涉网安全能力的通知,国家能源局派出机构,国家能源局南方监管局,2025-08-01,,南方区域,监管规则,国家级,新能源,新能源,B,中期参考型,现行有效,是,https://nfj.nea.gov.cn/xwzx/tzgg/202508/t20250801_285181.html,01_原始资料\官方政策\2025-08-01_南方区域_国家能源局派出机构_关于提升广东省新能源和新型并网主体涉网安全能力的通知.html; 03_处理后文本\2025-08-01_南方区域_国家能源局派出机构_关于提升广东省新能源和新型并网主体涉网安全能力的通知.txt; 01_原始资料\PDF附件\AUTO-20260426-5AA1473F8F_01_关于提升广东省新能源和新型并网主体涉网安全能力的通知.pdf_C172BC84.pdf; 03_处理后文本\AUTO-20260426-5AA1473F8F_01_关于提升广东省新能源和新型并网主体涉网安全能力的通知.pdf_C172BC84.ocr.txt,,,关于提升广东省新能源和新型并网主体涉网安全能力的通知 2025-08-01；OCR文本待人工复核,2026-04-26,待人工复核
AUTO-20260426-A4374A2C3D,关于印发《南方区域电力市场运行规则（试行，2025年V1.0版）》的通知,国家能源局派出机构,国家能源局南方监管局,2025-06-17,,南方区域,监管规则,国家级,电力市场,电力市场,B,中期参考型,试行,是,https://nfj.nea.gov.cn/xwzx/tzgg/202506/t20250625_283322.html,01_原始资料\官方政策\2025-06-17_南方区域_国家能源局派出机构_关于印发《南方区域电力市场运行规则（试行，2025年V1.0版）》的通知.html; 03_处理后文本\2025-06-17_南方区域_国家能源局派出机构_关于印发《南方区域电力市场运行规则（试行，2025年V1.0版）》的通知.txt; 01_原始资料\PDF附件\AUTO-20260426-A4374A2C3D_01_关于印发《南方区域电力市场运行规则（试行，2025年V1.0版）》的通知.pdf_85CBA48F.pdf; 03_处理后文本\AUTO-20260426-A4374A2C3D_01_关于印发《南方区域电力市场运行规则（试行，2025年V1.0版）》的通知.pdf_85CBA48F.txt,,,关于印发《南方区域电力市场运行规则（试行，2025年V1.0版）》的通知 2025-06-17,2026-04-26,待人工复核
AUTO-20260426-E51176BC68,国家能源局华中监管局关于印发《湖北、江西、重庆电力调频辅助服务市场运行规则》的通知,国家能源局派出机构,国家能源局华中监管局,2025-04-02,,华中区域,监管规则,国家级,辅助服务,辅助服务,B,中期参考型,现行有效,是,https://hzj.nea.gov.cn/dtyw/tzgg/202504/t20250402_279001.html,01_原始资料\官方政策\2025-04-02_华中区域_国家能源局派出机构_国家能源局华中监管局关于印发《湖北、江西、重庆电力调频辅助服务市场运行规则》的通知.html; 03_处理后文本\2025-04-02_华中区域_国家能源局派出机构_国家能源局华中监管局关于印发《湖北、江西、重庆电力调频辅助服务市场运行规则》的通知.txt; 01_原始资料\PDF附件\AUTO-20260426-E51176BC68_01_湖北、江西、重庆电力调频辅助服务市场运行规则.pdf_965FC4B8.pdf; 03_处理后文本\AUTO-20260426-E51176BC68_01_湖北、江西、重庆电力调频辅助服务市场运行规则.pdf_965FC4B8.txt,,,国家能源局华中监管局关于印发《湖北、江西、重庆电力调频辅助服务市场运行规则》... 2025-04-02,2026-04-26,待人工复核
AUTO-20260426-0D440B2FA1,关于印发《重庆市电力中长期交易规则》的通知,国家能源局派出机构,国家能源局华中监管局,2024-12-19,,华中区域,监管规则,国家级,中长期,交易规则;中长期,B,中期参考型,现行有效,是,https://hzj.nea.gov.cn/dtyw/tzgg/202412/t20241219_274177.html,01_原始资料\官方政策\2024-12-19_华中区域_国家能源局派出机构_关于印发《重庆市电力中长期交易规则》的通知.html; 03_处理后文本\2024-12-19_华中区域_国家能源局派出机构_关于印发《重庆市电力中长期交易规则》的通知.txt; 01_原始资料\PDF附件\AUTO-20260426-0D440B2FA1_01_《重庆市电力中长期交易规则》.pdf_B1E17BE4.pdf; 03_处理后文本\AUTO-20260426-0D440B2FA1_01_《重庆市电力中长期交易规则》.pdf_B1E17BE4.ocr.txt,,,关于印发《重庆市电力中长期交易规则》的通知 2024-12-19；OCR文本待人工复核,2026-04-26,待人工复核
AUTO-20260426-2321F82FD1,关于山东电力现货市场由试运行转正式运行的通知,国家能源局派出机构,国家能源局山东监管办公室,2024-06-17,鲁监能市场〔2024〕35号,山东,监管规则,国家级,现货,现货,B,中期参考型,现行有效,是,https://sdb.nea.gov.cn/dtyw/tzgg/202406/t20240617_264674.html,01_原始资料\官方政策\2024-06-17_山东_国家能源局派出机构_关于山东电力现货市场由试运行转正式运行的通知_国家能源局山东监管办公室.html; 03_处理后文本\2024-06-17_山东_国家能源局派出机构_关于山东电力现货市场由试运行转正式运行的通知_国家能源局山东监管办公室.txt,,,关于山东电力现货市场由试运行转正式运行的通知 2024-06-17,2026-04-26,待人工复核
AUTO-20260426-CAE77C6F94,关于印发《山东电力市场参数（试行）》的通知,国家能源局派出机构,国家能源局山东监管办公室,2024-05-31,鲁监能市场规〔2024〕30号,山东,监管规则,国家级,电力市场,电力市场,B,中期参考型,试行,是,https://sdb.nea.gov.cn/dtyw/tzgg/202405/t20240531_263857.html,01_原始资料\官方政策\2024-05-31_山东_国家能源局派出机构_关于印发《山东电力市场参数（试行）》的通知_国家能源局山东监管办公室.html; 03_处理后文本\2024-05-31_山东_国家能源局派出机构_关于印发《山东电力市场参数（试行）》的通知_国家能源局山东监管办公室.txt,,,关于印发《山东电力市场参数（试行）》的通知 2024-05-31,2026-04-26,待人工复核
AUTO-20260426-0E5C62271F,《山东电力市场规则(试行)》编制说明,国家能源局派出机构,国家能源局山东监管办公室,2024-04-20,,山东,监管规则,国家级,电力市场,电力市场,B,中期参考型,试行,是,https://sdb.nea.gov.cn/dtyw/tzgg/202404/t20240420_261036.html,01_原始资料\官方政策\2024-04-20_山东_国家能源局派出机构_《山东电力市场规则(试行)》编制说明_国家能源局山东监管办公室.html; 03_处理后文本\2024-04-20_山东_国家能源局派出机构_《山东电力市场规则(试行)》编制说明_国家能源局山东监管办公室.txt,,,《山东电力市场规则(试行)》编制说明 2024-04-20,2026-04-26,待人工复核
AUTO-20260426-0A6267C300,关于征求《山东电力市场参数(试行)》(征求意见稿)意见的公告,国家能源局派出机构,国家能源局山东监管办公室,2024-04-19,,山东,监管规则,国家级,电力市场,电力市场,B,中期参考型,征求意见,是,https://sdb.nea.gov.cn/dtyw/tzgg/202404/t20240419_261032.html,01_原始资料\官方政策\2024-04-19_山东_国家能源局派出机构_关于征求《山东电力市场参数(试行)》(征求意见稿)意见的公告_国家能源局山东监管办公室.html; 03_处理后文本\2024-04-19_山东_国家能源局派出机构_关于征求《山东电力市场参数(试行)》(征求意见稿)意见的公告_国家能源局山东监管办公室.txt; 01_原始资料\PDF附件\AUTO-20260426-0A6267C300_01_《山东电力市场参数（试行）》（征求意见稿）.pdf_F4D84030.pdf; 01_原始资料\PDF附件\AUTO-20260426-0A6267C300_02_修改建议反馈表.pdf_BCA169F3.pdf; 03_处理后文本\AUTO-20260426-0A6267C300_01_《山东电力市场参数（试行）》（征求意见稿）.pdf_F4D84030.txt; 03_处理后文本\AUTO-20260426-0A6267C300_02_修改建议反馈表.pdf_BCA169F3.txt,,,关于征求《山东电力市场参数(试行)》(征求意见稿)意见的公告 2024-04-19,2026-04-26,待人工复核
AUTO-20260426-CB9FE0315E,关于印发《山东电力市场规则(试行)》的通知,国家能源局派出机构,国家能源局山东监管办公室,2024-04-19,鲁监能市场规〔2024〕24号,山东,监管规则,国家级,电力市场,电力市场,B,中期参考型,试行,是,https://sdb.nea.gov.cn/dtyw/tzgg/202404/t20240419_261034.html,01_原始资料\官方政策\2024-04-19_山东_国家能源局派出机构_关于印发《山东电力市场规则(试行)》的通知_国家能源局山东监管办公室.html; 03_处理后文本\2024-04-19_山东_国家能源局派出机构_关于印发《山东电力市场规则(试行)》的通知_国家能源局山东监管办公室.txt; 01_原始资料\PDF附件\AUTO-20260426-CB9FE0315E_01_《山东电力市场规则（试行）》.pdf_B8C58AC3.pdf; 03_处理后文本\AUTO-20260426-CB9FE0315E_01_《山东电力市场规则（试行）》.pdf_B8C58AC3.txt,,,关于印发《山东电力市场规则(试行)》的通知 2024-04-19,2026-04-26,待人工复核
AUTO-20260426-A4B66C7278,关于印发《山东电力爬坡辅助服务市场交易规则(试行)》的通知,国家能源局派出机构,国家能源局山东监管办公室,2024-02-08,,山东,监管规则,国家级,辅助服务,交易规则;辅助服务,B,中期参考型,试行,是,https://sdb.nea.gov.cn/dtyw/tzgg/202402/t20240208_245961.html,01_原始资料\官方政策\2024-02-08_山东_国家能源局派出机构_关于印发《山东电力爬坡辅助服务市场交易规则(试行)》的通知_国家能源局山东监管办公室.html; 03_处理后文本\2024-02-08_山东_国家能源局派出机构_关于印发《山东电力爬坡辅助服务市场交易规则(试行)》的通知_国家能源局山东监管办公室.txt,,,关于印发《山东电力爬坡辅助服务市场交易规则(试行)》的通知 2024-02-08,2026-04-26,待人工复核
AUTO-20260426-09ACA5D018,关于公开征求《山东电力市场规则(试行)》(征求意见稿)意见的通知,国家能源局派出机构,国家能源局山东监管办公室,2024-01-08,,山东,监管规则,国家级,电力市场,电力市场,B,中期参考型,征求意见,是,https://sdb.nea.gov.cn/dtyw/tzgg/202401/t20240112_226902.html,01_原始资料\官方政策\2024-01-08_山东_国家能源局派出机构_关于公开征求《山东电力市场规则(试行)》(征求意见稿)意见的通知_国家能源局山东监管办公室.html; 03_处理后文本\2024-01-08_山东_国家能源局派出机构_关于公开征求《山东电力市场规则(试行)》(征求意见稿)意见的通知_国家能源局山东监管办公室.txt; 01_原始资料\PDF附件\AUTO-20260426-09ACA5D018_01_附件1：《山东电力市场规则（试行）》（征求意见稿）.pdf_A96778F6.pdf; 01_原始资料\PDF附件\AUTO-20260426-09ACA5D018_02_附件2：山东电力市场规则编制说明.pdf_6ADFFCC4.pdf; 01_原始资料\PDF附件\AUTO-20260426-09ACA5D018_03_附件3：修改意见反馈表.pdf_1F6A87B8.pdf; 03_处理后文本\AUTO-20260426-09ACA5D018_01_附件1：《山东电力市场规则（试行）》（征求意见稿）.pdf_A96778F6.txt; 03_处理后文本\AUTO-20260426-09ACA5D018_02_附件2：山东电力市场规则编制说明.pdf_6ADFFCC4.txt; 03_处理后文本\AUTO-20260426-09ACA5D018_03_附件3：修改意见反馈表.pdf_1F6A87B8.txt,,,关于公开征求《山东电力市场规则(试行)》(征求意见稿)意见的通知 2024-01-08,2026-04-26,待人工复核
AUTO-20260426-400F4CEBB4,关于征求《山东电力爬坡辅助服务市场交易规则(征求意见稿)》意见的通知,国家能源局派出机构,国家能源局山东监管办公室,2023-08-08,,山东,监管规则,国家级,辅助服务,交易规则;辅助服务,B,中期参考型,征求意见,是,https://sdb.nea.gov.cn/dtyw/tzgg/202309/t20230919_110475.html,01_原始资料\官方政策\2023-08-08_山东_国家能源局派出机构_关于征求《山东电力爬坡辅助服务市场交易规则(征求意见稿)》意见的通知_国家能源局山东监管办公室.html; 03_处理后文本\2023-08-08_山东_国家能源局派出机构_关于征求《山东电力爬坡辅助服务市场交易规则(征求意见稿)》意见的通知_国家能源局山东监管办公室.txt,,,关于征求《山东电力爬坡辅助服务市场交易规则(征求意见稿)》意见的通知 2023-08-08,2026-04-26,待人工复核
AUTO-20260426-7DF0C00260,关于印发《山东省电力并网运行管理实施细则》、《山东省电力辅助服务管理实施细则》的通知,国家能源局派出机构,国家能源局山东监管办公室,2023-07-24,,山东,监管规则,国家级,辅助服务,辅助服务,B,中期参考型,现行有效,是,https://sdb.nea.gov.cn/dtyw/tzgg/202309/t20230919_110474.html,01_原始资料\官方政策\2023-07-24_山东_国家能源局派出机构_关于印发《山东省电力并网运行管理实施细则》、《山东省电力辅助服务管理实施细则》的通知_国家能源局山东监管办公室.html; 03_处理后文本\2023-07-24_山东_国家能源局派出机构_关于印发《山东省电力并网运行管理实施细则》、《山东省电力辅助服务管理实施细则》的通知_国家能源局山东监管办公室.txt; 01_原始资料\PDF附件\AUTO-20260426-7DF0C00260_01_《山东省电力并网运行管理实施细则》_523B003D.pdf; 01_原始资料\PDF附件\AUTO-20260426-7DF0C00260_02_《山东省电力辅助服务管理实施细则》_1714A239.pdf; 03_处理后文本\AUTO-20260426-7DF0C00260_01_《山东省电力并网运行管理实施细则》_523B003D.txt; 03_处理后文本\AUTO-20260426-7DF0C00260_02_《山东省电力辅助服务管理实施细则》_1714A239.txt,,,关于印发《山东省电力并网运行管理实施细则》、《山东省电力辅助服务管理实施细则》的通知 2023-07-24,2026-04-26,待人工复核
AUTO-20260426-E982922381,关于修订《山东省电力中长期交易规则》的通知,国家能源局派出机构,国家能源局山东监管办公室,2021-09-24,鲁监能市场规〔2021〕44号,山东,监管规则,国家级,中长期,交易规则;中长期,B,中期参考型,现行有效,是,https://sdb.nea.gov.cn/dtyw/tzgg/202309/t20230919_110462.html,01_原始资料\官方政策\2021-09-24_山东_国家能源局派出机构_关于修订《山东省电力中长期交易规则》的通知_国家能源局山东监管办公室.html; 03_处理后文本\2021-09-24_山东_国家能源局派出机构_关于修订《山东省电力中长期交易规则》的通知_国家能源局山东监管办公室.txt; 01_原始资料\PDF附件\AUTO-20260426-E982922381_01_202109241632578090.pdf_7D95CE08.pdf; 03_处理后文本\AUTO-20260426-E982922381_01_202109241632578090.pdf_7D95CE08.txt,,,关于修订《山东省电力中长期交易规则》的通知 2021-09-24,2026-04-26,待人工复核
AUTO-20260426-2E651E50F1,关于公示新增电力中长期交易发电企业(机组)名单的通知 - 2021年3号,国家能源局派出机构,国家能源局山东监管办公室,2021-09-22,,山东,监管规则,国家级,中长期,中长期,B,中期参考型,现行有效,是,https://sdb.nea.gov.cn/dtyw/tzgg/202309/t20230919_110461.html,01_原始资料\官方政策\2021-09-22_山东_国家能源局派出机构_关于公示新增电力中长期交易发电企业(机组)名单的通知_-_2021年3号_国家能源局山东监管办公室.html; 03_处理后文本\2021-09-22_山东_国家能源局派出机构_关于公示新增电力中长期交易发电企业(机组)名单的通知_-_2021年3号_国家能源局山东监管办公室.txt,,,关于公示新增电力中长期交易发电企业(机组)名单的通知 - 2021年3号 2021-09-22,2026-04-26,待人工复核
AUTO-20260426-65D5E02295,山东能源监管办关于《山东电力辅助服务市场运营规则(试行)(2021年修订版)(征求意见稿)》公开征求意见的公告,国家能源局派出机构,国家能源局山东监管办公室,2021-09-03,,山东,监管规则,国家级,辅助服务,辅助服务,B,中期参考型,征求意见,是,https://sdb.nea.gov.cn/dtyw/tzgg/202309/t20230919_110459.html,01_原始资料\官方政策\2021-09-03_山东_国家能源局派出机构_山东能源监管办关于《山东电力辅助服务市场运营规则(试行)(2021年修订版)(征求意见稿)》公开征求意见的公告_国家能源局山东监管办公室.html; 03_处理后文本\2021-09-03_山东_国家能源局派出机构_山东能源监管办关于《山东电力辅助服务市场运营规则(试行)(2021年修订版)(征求意见稿)》公开征求意见的公告_国家能源局山东监管办公室.txt,,,山东能源监管办关于《山东电力辅助服务市场运营规则(试行)(2021年修订版)(征求意见稿)》公开... 2021-09-03,2026-04-26,待人工复核
AUTO-20260426-132F8B7686,关于简化山东电力中长期交易合同电量偏差免考核工作流程的通知,国家能源局派出机构,国家能源局山东监管办公室,2021-08-25,,山东,监管规则,国家级,中长期,中长期,B,中期参考型,现行有效,是,https://sdb.nea.gov.cn/dtyw/tzgg/202309/t20230919_110457.html,01_原始资料\官方政策\2021-08-25_山东_国家能源局派出机构_关于简化山东电力中长期交易合同电量偏差免考核工作流程的通知_国家能源局山东监管办公室.html; 03_处理后文本\2021-08-25_山东_国家能源局派出机构_关于简化山东电力中长期交易合同电量偏差免考核工作流程的通知_国家能源局山东监管办公室.txt; 01_原始资料\PDF附件\AUTO-20260426-132F8B7686_01_202108192033252573.pdf_929F26C7.pdf; 03_处理后文本\AUTO-20260426-132F8B7686_01_202108192033252573.pdf_929F26C7.txt,,,关于简化山东电力中长期交易合同电量偏差免考核工作流程的通知 2021-08-25,2026-04-26,待人工复核
AUTO-20260426-259ADC9C14,关于简化山东电力中长期交易合同电量偏差免考核工作流程的通知,国家能源局派出机构,国家能源局山东监管办公室,2021-08-25,,山东,监管规则,国家级,中长期,中长期,B,中期参考型,现行有效,是,https://sdb.nea.gov.cn/dtyw/tzgg/202309/t20230919_110456.html,01_原始资料\官方政策\2021-08-25_山东_国家能源局派出机构_关于简化山东电力中长期交易合同电量偏差免考核工作流程的通知_国家能源局山东监管办公室.html; 03_处理后文本\2021-08-25_山东_国家能源局派出机构_关于简化山东电力中长期交易合同电量偏差免考核工作流程的通知_国家能源局山东监管办公室.txt; 01_原始资料\PDF附件\AUTO-20260426-259ADC9C14_01_202108192033252573.pdf_929F26C7.pdf; 03_处理后文本\AUTO-20260426-259ADC9C14_01_202108192033252573.pdf_929F26C7.txt,,,关于简化山东电力中长期交易合同电量偏差免考核工作流程的通知 2021-08-25,2026-04-26,待人工复核
AUTO-20260426-B234995E67,关于公示新增电力中长期交易发电企业(机组)名单的通知 - 2021年2号,国家能源局派出机构,国家能源局山东监管办公室,2021-06-03,,山东,监管规则,国家级,中长期,中长期,B,中期参考型,现行有效,是,https://sdb.nea.gov.cn/dtyw/tzgg/202309/t20230919_110455.html,01_原始资料\官方政策\2021-06-03_山东_国家能源局派出机构_关于公示新增电力中长期交易发电企业(机组)名单的通知_-_2021年2号_国家能源局山东监管办公室.html; 03_处理后文本\2021-06-03_山东_国家能源局派出机构_关于公示新增电力中长期交易发电企业(机组)名单的通知_-_2021年2号_国家能源局山东监管办公室.txt,,,关于公示新增电力中长期交易发电企业(机组)名单的通知 - 2021年2号 2021-06-03,2026-04-26,待人工复核
AUTO-20260426-46DA048C90,关于公示新增电力中长期交易发电企业(机组)名单的通知 - 2021年1号,国家能源局派出机构,国家能源局山东监管办公室,2021-05-20,,山东,监管规则,国家级,中长期,中长期,B,中期参考型,现行有效,是,https://sdb.nea.gov.cn/dtyw/tzgg/202309/t20230919_110454.html,01_原始资料\官方政策\2021-05-20_山东_国家能源局派出机构_关于公示新增电力中长期交易发电企业(机组)名单的通知_-_2021年1号_国家能源局山东监管办公室.html; 03_处理后文本\2021-05-20_山东_国家能源局派出机构_关于公示新增电力中长期交易发电企业(机组)名单的通知_-_2021年1号_国家能源局山东监管办公室.txt,,,关于公示新增电力中长期交易发电企业(机组)名单的通知 - 2021年1号 2021-05-20,2026-04-26,待人工复核
AUTO-20260426-6EEB6D3357,关于印发《山东省电力中长期交易规则》的通知,国家能源局派出机构,国家能源局山东监管办公室,2021-04-30,鲁监能市场规〔2021〕44号,山东,监管规则,国家级,中长期,交易规则;中长期,B,中期参考型,现行有效,是,https://sdb.nea.gov.cn/dtyw/tzgg/202309/t20230919_110453.html,01_原始资料\官方政策\2021-04-30_山东_国家能源局派出机构_关于印发《山东省电力中长期交易规则》的通知_国家能源局山东监管办公室.html; 03_处理后文本\2021-04-30_山东_国家能源局派出机构_关于印发《山东省电力中长期交易规则》的通知_国家能源局山东监管办公室.txt,,,关于印发《山东省电力中长期交易规则》的通知 2021-04-30,2026-04-26,待人工复核
AUTO-20260427-9D436454D6,国家能源局华东监管局关于印发《长三角跨省电力中长期市场实施细则》的通知,国家能源局派出机构,国家能源局华东监管局,2026-04-17,,华东区域,监管规则,国家级,中长期,中长期,B,中期参考型,现行有效,是,https://hdj.nea.gov.cn/dtyw/tzgg/202604/P020260417606107102994.pdf,01_原始资料\官方政策\2026-04-17_华东区域_国家能源局派出机构_国家能源局华东监管局关于印发《长三角跨省电力中长期市场实..._2026-04-17.pdf; 03_处理后文本\2026-04-17_华东区域_国家能源局派出机构_国家能源局华东监管局关于印发《长三角跨省电力中长期市场实..._2026-04-17.ocr.txt,,,国家能源局华东监管局关于印发《长三角跨省电力中长期市场实... 2026-04-17；OCR文本待人工复核,2026-04-27,待人工复核
AUTO-20260427-0A34FA35E6,关于印发《安徽电力中长期市场实施细则》的通知,国家能源局派出机构,国家能源局华东监管局,2026-03-31,,华东区域,监管规则,国家级,中长期,中长期,B,中期参考型,现行有效,是,https://hdj.nea.gov.cn/dtyw/tzgg/202603/P020260331593555268345.pdf,01_原始资料\官方政策\2026-03-31_华东区域_国家能源局派出机构_关于印发《安徽电力中长期市场实施细则》的通知_2026-03-31.pdf; 03_处理后文本\2026-03-31_华东区域_国家能源局派出机构_关于印发《安徽电力中长期市场实施细则》的通知_2026-03-31.ocr.txt,,,关于印发《安徽电力中长期市场实施细则》的通知 2026-03-31；OCR文本待人工复核,2026-04-27,待人工复核
AUTO-20260427-6A8B006887,关于印发《上海电力中长期市场实施细则》的通知,国家能源局派出机构,国家能源局华东监管局,2026-03-31,,华东区域,监管规则,国家级,中长期,中长期,B,中期参考型,现行有效,是,https://hdj.nea.gov.cn/dtyw/tzgg/202603/P020260331593974942947.pdf,01_原始资料\官方政策\2026-03-31_华东区域_国家能源局派出机构_关于印发《上海电力中长期市场实施细则》的通知_2026-03-31.pdf; 03_处理后文本\2026-03-31_华东区域_国家能源局派出机构_关于印发《上海电力中长期市场实施细则》的通知_2026-03-31.ocr.txt,,,关于印发《上海电力中长期市场实施细则》的通知 2026-03-31；OCR文本待人工复核,2026-04-27,待人工复核
AUTO-20260427-20313BD46F,华北能源监管局关于征求“蒙西电力调频辅助服务交易实施细则”意见的函,国家能源局派出机构,国家能源局华北监管局,2026-03-06,,华北区域,监管规则,国家级,辅助服务,辅助服务,B,中期参考型,现行有效,是,https://hbj.nea.gov.cn/hdhy/dczj/202603/t20260306_297498.html,01_原始资料\官方政策\2026-03-06_华北区域_国家能源局派出机构_华北能源监管局关于征求“蒙西电力调频辅助服务交易实施细则”意见的函.html; 03_处理后文本\2026-03-06_华北区域_国家能源局派出机构_华北能源监管局关于征求“蒙西电力调频辅助服务交易实施细则”意见的函.txt; 01_原始资料\PDF附件\AUTO-20260427-20313BD46F_01_蒙西电力市场调频辅助服务交易实施细则.pdf_5837CF53.pdf; 03_处理后文本\AUTO-20260427-20313BD46F_01_蒙西电力市场调频辅助服务交易实施细则.pdf_5837CF53.txt,,,华北能源监管局关于征求“蒙西电力调频辅助服务交易实施细则”意见的函 2026-03-06,2026-04-27,待人工复核
AUTO-20260427-9F7307C867,国家能源局西北监管局 陕西省发展和改革委员会关于印发《陕西省电力中长期市场实施细则》的通知,国家能源局派出机构,国家能源局西北监管局,2026-02-28,,西北区域,监管规则,国家级,中长期,中长期,B,中期参考型,现行有效,是,https://xbj.nea.gov.cn/dtyw/tzgg/202602/t20260228_297105.html,01_原始资料\官方政策\2026-02-28_西北区域_国家能源局派出机构_国家能源局西北监管局_陕西省发展和改革委员会关于印发《陕西省电力中长期市场实施细则》的通知.html; 03_处理后文本\2026-02-28_西北区域_国家能源局派出机构_国家能源局西北监管局_陕西省发展和改革委员会关于印发《陕西省电力中长期市场实施细则》的通知.txt; 01_原始资料\PDF附件\AUTO-20260427-9F7307C867_01_国家能源局西北监管局_陕西省发展和改革委员会关于印发《陕西省电力中长期市场实施细则》的通知.pdf_4F80F06F.pdf; 03_处理后文本\AUTO-20260427-9F7307C867_01_国家能源局西北监管局_陕西省发展和改革委员会关于印发《陕西省电力中长期市场实施细则》的通知.pdf_4F80F06F.ocr.txt,,,国家能源局西北监管局 陕西省发展和改革委员会关于印发《陕西省电力中长期市场实施... 2026-02-28；OCR文本待人工复核,2026-04-27,待人工复核
AUTO-20260427-8BA55D72F9,国家能源局西北监管局关于征求《西北区域省间电力中长期市场实施细则（2026年修订版）（征求意见稿）》意见建议的通知,国家能源局派出机构,国家能源局西北监管局,2026-02-14,,西北区域,监管规则,国家级,中长期;省间交易,中长期;省间,B,中期参考型,现行有效,是,https://xbj.nea.gov.cn/dtyw/tzgg/202602/t20260214_296071.html,01_原始资料\官方政策\2026-02-14_西北区域_国家能源局派出机构_国家能源局西北监管局关于征求《西北区域省间电力中长期市场实施细则（2026年修订版）（征求意见稿）》意见建议的通知.html; 03_处理后文本\2026-02-14_西北区域_国家能源局派出机构_国家能源局西北监管局关于征求《西北区域省间电力中长期市场实施细则（2026年修订版）（征求意见稿）》意见建议的通知.txt; 01_原始资料\PDF附件\AUTO-20260427-8BA55D72F9_01_西北区域跨省电力中长期交易实施细则（2026年修订版）（征求意见稿）.pdf_014AFD23.pdf; 03_处理后文本\AUTO-20260427-8BA55D72F9_01_西北区域跨省电力中长期交易实施细则（2026年修订版）（征求意见稿）.pdf_014AFD23.txt,,,国家能源局西北监管局关于征求《西北区域省间电力中长期市场实施细则（2026年修订... 2026-02-14,2026-04-27,待人工复核
AUTO-20260427-1C4703E1E9,国家能源局西北监管局关于征求陕西、宁夏、青海电力中长期市场实施细则（征求意见稿）意见建议的通知,国家能源局派出机构,国家能源局西北监管局,2026-01-26,,西北区域,监管规则,国家级,中长期,中长期,B,中期参考型,征求意见,是,https://xbj.nea.gov.cn/dtyw/tzgg/202601/t20260126_294781.html,01_原始资料\官方政策\2026-01-26_西北区域_国家能源局派出机构_国家能源局西北监管局关于征求陕西、宁夏、青海电力中长期市场实施细则（征求意见稿）意见建议的通知.html; 03_处理后文本\2026-01-26_西北区域_国家能源局派出机构_国家能源局西北监管局关于征求陕西、宁夏、青海电力中长期市场实施细则（征求意见稿）意见建议的通知.txt; 01_原始资料\PDF附件\AUTO-20260427-1C4703E1E9_01_附件1：陕西省电力中长期市场实施细则（征求意见稿）.pdf_0BEABE44.pdf; 01_原始资料\PDF附件\AUTO-20260427-1C4703E1E9_02_附件2：宁夏回族自治区电力中长期市场实施细则（征求意见稿）.pdf_D028DDD4.pdf; 01_原始资料\PDF附件\AUTO-20260427-1C4703E1E9_03_附件3：青海省电力中长期市场实施细则（征求意见稿）.pdf_42F16C0D.pdf; 03_处理后文本\AUTO-20260427-1C4703E1E9_01_附件1：陕西省电力中长期市场实施细则（征求意见稿）.pdf_0BEABE44.txt; 03_处理后文本\AUTO-20260427-1C4703E1E9_02_附件2：宁夏回族自治区电力中长期市场实施细则（征求意见稿）.pdf_D028DDD4.txt; 03_处理后文本\AUTO-20260427-1C4703E1E9_03_附件3：青海省电力中长期市场实施细则（征求意见稿）.pdf_42F16C0D.txt,,,国家能源局西北监管局关于征求陕西、宁夏、青海电力中长期市场实施细则（征求意见... 2026-01-26,2026-04-27,待人工复核
AUTO-20260427-51AC1D580A,国家能源局西北监管局关于公开征求《西北区域省间电力互济交易运营规则（试行）（征求意见稿）》意见建议的通知,国家能源局派出机构,国家能源局西北监管局,2026-01-23,,西北区域,监管规则,国家级,省间交易,省间,B,中期参考型,征求意见,是,https://xbj.nea.gov.cn/dtyw/tzgg/202601/t20260123_294688.html,01_原始资料\官方政策\2026-01-23_西北区域_国家能源局派出机构_国家能源局西北监管局关于公开征求《西北区域省间电力互济交易运营规则（试行）（征求意见稿）》意见建议的通知.html; 03_处理后文本\2026-01-23_西北区域_国家能源局派出机构_国家能源局西北监管局关于公开征求《西北区域省间电力互济交易运营规则（试行）（征求意见稿）》意见建议的通知.txt; 01_原始资料\PDF附件\AUTO-20260427-51AC1D580A_01_西北区域省间电力互济交易运营规则（试行）（征求意见稿）.pdf_FE8D0DCF.pdf; 03_处理后文本\AUTO-20260427-51AC1D580A_01_西北区域省间电力互济交易运营规则（试行）（征求意见稿）.pdf_FE8D0DCF.txt,,,国家能源局西北监管局关于公开征求《西北区域省间电力互济交易运营规则（试行）（... 2026-01-23,2026-04-27,待人工复核
AUTO-20260427-B95E146723,华北能源监管局关于征求京津唐电力调峰辅助服务市场运营规则 （征求意见稿）意见的通告,国家能源局派出机构,国家能源局华北监管局,2025-11-17,,华北区域,监管规则,国家级,辅助服务,辅助服务,B,中期参考型,征求意见,是,https://hbj.nea.gov.cn/dtyw/tzgg/202511/t20251117_290529.html,01_原始资料\官方政策\2025-11-17_华北区域_国家能源局派出机构_华北能源监管局关于征求京津唐电力调峰辅助服务市场运营规则_（征求意见稿）意见的通告.html; 03_处理后文本\2025-11-17_华北区域_国家能源局派出机构_华北能源监管局关于征求京津唐电力调峰辅助服务市场运营规则_（征求意见稿）意见的通告.txt; 01_原始资料\PDF附件\AUTO-20260427-B95E146723_01_附件：京津唐电力调峰辅助服务市场运营规则（征求意见稿）final.pdf_C3E0C228.pdf; 03_处理后文本\AUTO-20260427-B95E146723_01_附件：京津唐电力调峰辅助服务市场运营规则（征求意见稿）final.pdf_C3E0C228.txt,,,华北能源监管局关于征求京津唐电力调峰辅助服务市场运营规则 （征求意见稿）意见的... 2025-11-17,2026-04-27,待人工复核
AUTO-20260427-1806176B6C,国家能源局西北监管局关于印发《西北区域跨省电力中长期交易实施细则——新型储能交易专章》的通知,国家能源局派出机构,国家能源局西北监管局,2025-10-30,西北监能市场〔2025〕77号,西北区域,监管规则,国家级,中长期;储能,中长期,B,中期参考型,现行有效,是,https://xbj.nea.gov.cn/dtyw/tzgg/202510/t20251030_289676.html,01_原始资料\官方政策\2025-10-30_西北区域_国家能源局派出机构_国家能源局西北监管局关于印发《西北区域跨省电力中长期交易实施细则——新型储能交易专章》的通知.html; 03_处理后文本\2025-10-30_西北区域_国家能源局派出机构_国家能源局西北监管局关于印发《西北区域跨省电力中长期交易实施细则——新型储能交易专章》的通知.txt; 01_原始资料\PDF附件\AUTO-20260427-1806176B6C_01_西北监能市场〔2025〕77号_-国家能源局西北监管局关于印发《西北区域跨省电力中长期交易实施细则——新型储能交易专章》的通知.pdf_2D51E130.pdf; 03_处理后文本\AUTO-20260427-1806176B6C_01_西北监能市场〔2025〕77号_-国家能源局西北监管局关于印发《西北区域跨省电力中长期交易实施细则——新型储能交易专章》的通知.pdf_2D51E130.ocr.txt,,,国家能源局西北监管局关于印发《西北区域跨省电力中长期交易实施细则——新型储能... 2025-10-30；OCR文本待人工复核,2026-04-27,待人工复核
AUTO-20260427-4BE00C1720,国家能源局西北监管局 青海省能源局关于印发《青海省电力中长期交易规则补充规定》的通知,国家能源局派出机构,国家能源局西北监管局,2025-09-25,,西北区域,监管规则,国家级,中长期,交易规则;中长期,B,中期参考型,现行有效,是,https://xbj.nea.gov.cn/dtyw/tzgg/202509/t20250926_288044.html,01_原始资料\官方政策\2025-09-25_西北区域_国家能源局派出机构_国家能源局西北监管局_青海省能源局关于印发《青海省电力中长期交易规则补充规定》的通知.html; 03_处理后文本\2025-09-25_西北区域_国家能源局派出机构_国家能源局西北监管局_青海省能源局关于印发《青海省电力中长期交易规则补充规定》的通知.txt; 01_原始资料\PDF附件\AUTO-20260427-4BE00C1720_01_国家能源局西北监管局_青海省能源局关于印发《青海省电力中长期交易规则补充规定》的通知.pdf_292A74C3.pdf; 03_处理后文本\AUTO-20260427-4BE00C1720_01_国家能源局西北监管局_青海省能源局关于印发《青海省电力中长期交易规则补充规定》的通知.pdf_292A74C3.ocr.txt,,,国家能源局西北监管局 青海省能源局关于印发《青海省电力中长期交易规则补充规定》... 2025-09-25；OCR文本待人工复核,2026-04-27,待人工复核
AUTO-20260427-5EF9021CE0,国家能源局西北监管局关于征求《西北区域跨省电力中长期交易实施细则——新型储能交易专章（征求意见稿）》意见建议的通知,国家能源局派出机构,国家能源局西北监管局,2025-08-25,,西北区域,监管规则,国家级,中长期;储能,中长期,B,中期参考型,现行有效,是,https://xbj.nea.gov.cn/dtyw/tzgg/202508/t20250825_286163.html,01_原始资料\官方政策\2025-08-25_西北区域_国家能源局派出机构_国家能源局西北监管局关于征求《西北区域跨省电力中长期交易实施细则——新型储能交易专章（征求意见稿）》意见建议的通知.html; 03_处理后文本\2025-08-25_西北区域_国家能源局派出机构_国家能源局西北监管局关于征求《西北区域跨省电力中长期交易实施细则——新型储能交易专章（征求意见稿）》意见建议的通知.txt; 01_原始资料\PDF附件\AUTO-20260427-5EF9021CE0_01_附件：西北区域跨省电力中长期交易实施细则——新型储能交易专章（征求意见稿）.pdf_7BBDA3E9.pdf; 03_处理后文本\AUTO-20260427-5EF9021CE0_01_附件：西北区域跨省电力中长期交易实施细则——新型储能交易专章（征求意见稿）.pdf_7BBDA3E9.txt,,,国家能源局西北监管局关于征求《西北区域跨省电力中长期交易实施细则——新型储能... 2025-08-25,2026-04-27,待人工复核
AUTO-20260427-6B0EF18171,国家能源局西北监管局关于征求《青海省电力中长期交易规则补充规定（征求意见稿）》意见建议的通知,国家能源局派出机构,国家能源局西北监管局,2025-08-13,,西北区域,监管规则,国家级,中长期,交易规则;中长期,B,中期参考型,征求意见,是,https://xbj.nea.gov.cn/dtyw/tzgg/202508/t20250813_285708.html,01_原始资料\官方政策\2025-08-13_西北区域_国家能源局派出机构_国家能源局西北监管局关于征求《青海省电力中长期交易规则补充规定（征求意见稿）》意见建议的通知.html; 03_处理后文本\2025-08-13_西北区域_国家能源局派出机构_国家能源局西北监管局关于征求《青海省电力中长期交易规则补充规定（征求意见稿）》意见建议的通知.txt; 01_原始资料\PDF附件\AUTO-20260427-6B0EF18171_01_附件-青海省电力中长期交易规则补充规定（征求意见稿）.pdf_E44EE72D.pdf; 03_处理后文本\AUTO-20260427-6B0EF18171_01_附件-青海省电力中长期交易规则补充规定（征求意见稿）.pdf_E44EE72D.txt,,,国家能源局西北监管局关于征求《青海省电力中长期交易规则补充规定（征求意见稿）... 2025-08-13,2026-04-27,待人工复核
AUTO-20260427-2E09D15F4D,国家能源局西北监管局关于明确电力辅助服务市场价格机制等相关事项的通知,国家能源局派出机构,国家能源局西北监管局,2025-07-01,,西北区域,监管规则,国家级,辅助服务,辅助服务,B,中期参考型,现行有效,是,https://xbj.nea.gov.cn/dtyw/tzgg/202507/t20250701_283698.html,01_原始资料\官方政策\2025-07-01_西北区域_国家能源局派出机构_国家能源局西北监管局关于明确电力辅助服务市场价格机制等相关事项的通知.html; 03_处理后文本\2025-07-01_西北区域_国家能源局派出机构_国家能源局西北监管局关于明确电力辅助服务市场价格机制等相关事项的通知.txt; 01_原始资料\PDF附件\AUTO-20260427-2E09D15F4D_01_国家能源局西北监管局关于明确电力辅助服务市场价格机制等相关事项的通知.pdf_024F1196.pdf; 03_处理后文本\AUTO-20260427-2E09D15F4D_01_国家能源局西北监管局关于明确电力辅助服务市场价格机制等相关事项的通知.pdf_024F1196.ocr.txt,,,国家能源局西北监管局关于明确电力辅助服务市场价格机制等相关事项的通知 2025-07-01；OCR文本待人工复核,2026-04-27,待人工复核
AUTO-20260427-CC8285BA8B,华中能源监管局关于征求《湖北、江西、重庆电力调频辅助服务市场运行规则（征求意见稿）》意见的通知,国家能源局派出机构,国家能源局华中监管局,2024-11-20,,华中区域,监管规则,国家级,辅助服务,辅助服务,B,中期参考型,现行有效,是,https://hzj.nea.gov.cn/dtyw/tzgg/202411/t20241120_272552.html,01_原始资料\官方政策\2024-11-20_华中区域_国家能源局派出机构_华中能源监管局关于征求《湖北、江西、重庆电力调频辅助服务市场运行规则（征求意见稿）》意见的通知.html; 03_处理后文本\2024-11-20_华中区域_国家能源局派出机构_华中能源监管局关于征求《湖北、江西、重庆电力调频辅助服务市场运行规则（征求意见稿）》意见的通知.txt; 01_原始资料\PDF附件\AUTO-20260427-CC8285BA8B_01_湖北、江西、重庆电力调频辅助服务市场运行规则（征求意见稿）.pdf_D052C17E.pdf; 01_原始资料\PDF附件\AUTO-20260427-CC8285BA8B_02_编制说明.pdf_AA6573ED.pdf; 03_处理后文本\AUTO-20260427-CC8285BA8B_01_湖北、江西、重庆电力调频辅助服务市场运行规则（征求意见稿）.pdf_D052C17E.txt; 03_处理后文本\AUTO-20260427-CC8285BA8B_02_编制说明.pdf_AA6573ED.txt,,,华中能源监管局关于征求《湖北、江西、重庆电力调频辅助服务市场运行规则（征求意... 2024-11-20,2026-04-27,待人工复核
AUTO-20260427-D5C34F91B8,市工业和信息化局关于做好天津市2025年电力市场化交易工作的通知_委局文件_政务公开,天津市工业和信息化局,天津市工业和信息化局,2024-11-15,津工信电力〔2024〕21号,天津,官方政策,,电力市场,电力市场,A,长期有效型,现行有效,是,https://gyxxh.tj.gov.cn/ZWGK4147/ZCWJ6355/wjwj/202411/t20241115_6780472.html,01_原始资料\官方政策\2024-11-15_天津_天津市工业和信息化局_市工业和信息化局关于做好天津市2025年电力市场化交易工作的通知_委局文件_政务公开.html; 03_处理后文本\2024-11-15_天津_天津市工业和信息化局_市工业和信息化局关于做好天津市2025年电力市场化交易工作的通知_委局文件_政务公开.txt,,,市工业和信息化局关于做好天津市2025年电力市场化交易工作的通知2024-11-15,2026-04-27,待人工复核
AUTO-20260427-9549320EF2,华中能源监管局关于《重庆市电力中长期交易规则（修订稿）》公开征求意见的通知,国家能源局派出机构,国家能源局华中监管局,2024-11-01,,华中区域,监管规则,国家级,中长期,交易规则;中长期,B,中期参考型,征求意见,是,https://hzj.nea.gov.cn/dtyw/tzgg/202411/t20241112_272191.html,01_原始资料\官方政策\2024-11-01_华中区域_国家能源局派出机构_华中能源监管局关于《重庆市电力中长期交易规则（修订稿）》公开征求意见的通知.html; 03_处理后文本\2024-11-01_华中区域_国家能源局派出机构_华中能源监管局关于《重庆市电力中长期交易规则（修订稿）》公开征求意见的通知.txt; 01_原始资料\PDF附件\AUTO-20260427-9549320EF2_01_《重庆市电力中长期交易规则（修订稿）》.pdf_B5643A67.pdf; 03_处理后文本\AUTO-20260427-9549320EF2_01_《重庆市电力中长期交易规则（修订稿）》.pdf_B5643A67.txt,,,华中能源监管局关于《重庆市电力中长期交易规则（修订稿）》公开征求意见的通知 2024-11-01,2026-04-27,待人工复核
AUTO-20260427-28574D8021,国家能源局华中监管局关于公开征求《川渝一体化电力调峰辅助服务市场交易规则（征求意见稿）》意见的通知,国家能源局派出机构,国家能源局华中监管局,2024-04-30,,华中区域,监管规则,国家级,辅助服务,交易规则;辅助服务,B,中期参考型,征求意见,是,https://hzj.nea.gov.cn/dtyw/tzgg/202404/t20240430_261642.html,01_原始资料\官方政策\2024-04-30_华中区域_国家能源局派出机构_国家能源局华中监管局关于公开征求《川渝一体化电力调峰辅助服务市场交易规则（征求意见稿）》意见的通知.html; 03_处理后文本\2024-04-30_华中区域_国家能源局派出机构_国家能源局华中监管局关于公开征求《川渝一体化电力调峰辅助服务市场交易规则（征求意见稿）》意见的通知.txt; 01_原始资料\PDF附件\AUTO-20260427-28574D8021_01_附件1_川渝一体化电力调峰辅助服务市场交易规则（征求意见稿）.pdf_812BD1F0.pdf; 01_原始资料\PDF附件\AUTO-20260427-28574D8021_02_附件2_《川渝一体化电力调峰辅助服务市场交易规则（征求意见稿）》编制说明.pdf_6DB56B27.pdf; 03_处理后文本\AUTO-20260427-28574D8021_01_附件1_川渝一体化电力调峰辅助服务市场交易规则（征求意见稿）.pdf_812BD1F0.txt; 03_处理后文本\AUTO-20260427-28574D8021_02_附件2_《川渝一体化电力调峰辅助服务市场交易规则（征求意见稿）》编制说明.pdf_6DB56B27.txt,,,国家能源局华中监管局关于公开征求《川渝一体化电力调峰辅助服务市场交易规则（征... 2024-04-30,2026-04-27,待人工复核
AUTO-20260427-F77C27F149,国家能源局华中监管局关于公开征求《华中区域省间电力中长期交易规则（征求意见稿）》意见的通知,国家能源局派出机构,国家能源局华中监管局,2024-04-30,,华中区域,监管规则,国家级,中长期;省间交易,交易规则;中长期;省间,B,中期参考型,征求意见,是,https://hzj.nea.gov.cn/dtyw/tzgg/202404/t20240430_261641.html,01_原始资料\官方政策\2024-04-30_华中区域_国家能源局派出机构_国家能源局华中监管局关于公开征求《华中区域省间电力中长期交易规则（征求意见稿）》意见的通知.html; 03_处理后文本\2024-04-30_华中区域_国家能源局派出机构_国家能源局华中监管局关于公开征求《华中区域省间电力中长期交易规则（征求意见稿）》意见的通知.txt; 01_原始资料\PDF附件\AUTO-20260427-F77C27F149_01_附件1：华中区域省间电力中长期交易规则（征求意见稿）.pdf_D793D1A4.pdf; 01_原始资料\PDF附件\AUTO-20260427-F77C27F149_02_附件2：关于《华中区域省间电力中长期交易规则（征求意见稿）》的编制说明.pdf_A7C4303D.pdf; 03_处理后文本\AUTO-20260427-F77C27F149_01_附件1：华中区域省间电力中长期交易规则（征求意见稿）.pdf_D793D1A4.txt; 03_处理后文本\AUTO-20260427-F77C27F149_02_附件2：关于《华中区域省间电力中长期交易规则（征求意见稿）》的编制说明.pdf_A7C4303D.txt,,,国家能源局华中监管局关于公开征求《华中区域省间电力中长期交易规则（征求意见稿... 2024-04-30,2026-04-27,待人工复核
AUTO-20260427-66F282BB0B,山东能源监管办关于《山东省电力中长期交易规则(征求意见稿)》公开征求意见的公告,国家能源局派出机构,国家能源局山东监管办公室,2021-02-11,,山东,监管规则,国家级,中长期,交易规则;中长期,B,中期参考型,征求意见,是,https://sdb.nea.gov.cn/dtyw/tzgg/202309/t20230919_110449.html,01_原始资料\官方政策\2021-02-11_山东_国家能源局派出机构_山东能源监管办关于《山东省电力中长期交易规则(征求意见稿)》公开征求意见的公告_国家能源局山东监管办公室.html; 03_处理后文本\2021-02-11_山东_国家能源局派出机构_山东能源监管办关于《山东省电力中长期交易规则(征求意见稿)》公开征求意见的公告_国家能源局山东监管办公室.txt; 01_原始资料\PDF附件\AUTO-20260427-66F282BB0B_01_202102110851543391.pdf_209D3027.pdf; 03_处理后文本\AUTO-20260427-66F282BB0B_01_202102110851543391.pdf_209D3027.txt,,,山东能源监管办关于《山东省电力中长期交易规则(征求意见稿)》公开征求意见的公告 2021-02-11,2026-04-27,待人工复核
AUTO-20260427-0B7C65169B,关于修订《山东电力辅助服务市场运营规则（试行）（2020年修订版）》的通知,国家能源局派出机构,国家能源局山东监管办公室,2020-12-31,,山东,监管规则,国家级,辅助服务,辅助服务,B,中期参考型,试行,是,https://sdb.nea.gov.cn/dtyw/tzgg/202309/t20230919_110446.html,01_原始资料\官方政策\2020-12-31_山东_国家能源局派出机构_关于修订《山东电力辅助服务市场运营规则（试行）（2020年修订版）》的通知_国家能源局山东监管办公室.html; 03_处理后文本\2020-12-31_山东_国家能源局派出机构_关于修订《山东电力辅助服务市场运营规则（试行）（2020年修订版）》的通知_国家能源局山东监管办公室.txt; 01_原始资料\PDF附件\AUTO-20260427-0B7C65169B_01_202012311358387845.pdf_57EBC192.pdf; 03_处理后文本\AUTO-20260427-0B7C65169B_01_202012311358387845.pdf_57EBC192.txt,,,关于修订《山东电力辅助服务市场运营规则（试行）（2020年修订版）》的通知 2020-12-31,2026-04-27,待人工复核
AUTO-20260427-D691BB80BC,关于简化新能源发电企业参与山东电力市场准入流程的通知,国家能源局派出机构,国家能源局山东监管办公室,2020-12-02,,山东,监管规则,国家级,电力市场;新能源,电力市场;新能源,B,中期参考型,现行有效,是,https://sdb.nea.gov.cn/dtyw/tzgg/202309/t20230919_110444.html,01_原始资料\官方政策\2020-12-02_山东_国家能源局派出机构_关于简化新能源发电企业参与山东电力市场准入流程的通知_国家能源局山东监管办公室.html; 03_处理后文本\2020-12-02_山东_国家能源局派出机构_关于简化新能源发电企业参与山东电力市场准入流程的通知_国家能源局山东监管办公室.txt; 01_原始资料\PDF附件\AUTO-20260427-D691BB80BC_01_202012021452583209.pdf_B1D21F4A.pdf; 03_处理后文本\AUTO-20260427-D691BB80BC_01_202012021452583209.pdf_B1D21F4A.ocr.txt,,,关于简化新能源发电企业参与山东电力市场准入流程的通知 2020-12-02；OCR文本待人工复核,2026-04-27,待人工复核
AUTO-20260427-3923155EE0,关于征求《山东电力辅助服务市场运营规则（试行）（2020年修订版）》（征求意见稿）意见的函,国家能源局派出机构,国家能源局山东监管办公室,2020-10-20,,山东,监管规则,国家级,辅助服务,辅助服务,B,中期参考型,征求意见,是,https://sdb.nea.gov.cn/dtyw/tzgg/202309/t20230919_110439.html,01_原始资料\官方政策\2020-10-20_山东_国家能源局派出机构_关于征求《山东电力辅助服务市场运营规则（试行）（2020年修订版）》（征求意见稿）意见的函_国家能源局山东监管办公室.html; 03_处理后文本\2020-10-20_山东_国家能源局派出机构_关于征求《山东电力辅助服务市场运营规则（试行）（2020年修订版）》（征求意见稿）意见的函_国家能源局山东监管办公室.txt; 01_原始资料\PDF附件\AUTO-20260427-3923155EE0_01_202010201425462756.pdf_B98527FA.pdf; 03_处理后文本\AUTO-20260427-3923155EE0_01_202010201425462756.pdf_B98527FA.ocr.txt,,,关于征求《山东电力辅助服务市场运营规则（试行）（2020年修订版）》（征求意见稿）意见的函 2020-10-20；OCR文本待人工复核,2026-04-27,待人工复核
AUTO-20260427-E4EE7C8D82,关于公布山东电力现货市场结算试运行有关市场参数的通知(试行),国家能源局派出机构,国家能源局山东监管办公室,2020-08-05,鲁发改价格〔2019〕878号,山东,监管规则,国家级,现货;计量结算,现货;结算,B,中期参考型,试行,是,https://sdb.nea.gov.cn/dtyw/tzgg/202309/t20230919_110429.html,01_原始资料\官方政策\2020-08-05_山东_国家能源局派出机构_关于公布山东电力现货市场结算试运行有关市场参数的通知(试行)_国家能源局山东监管办公室.html; 03_处理后文本\2020-08-05_山东_国家能源局派出机构_关于公布山东电力现货市场结算试运行有关市场参数的通知(试行)_国家能源局山东监管办公室.txt; 01_原始资料\PDF附件\AUTO-20260427-E4EE7C8D82_01_山东电力现货市场结算试运行期间有关市场参数_A1F0C0DC.pdf; 03_处理后文本\AUTO-20260427-E4EE7C8D82_01_山东电力现货市场结算试运行期间有关市场参数_A1F0C0DC.txt,,,关于公布山东电力现货市场结算试运行有关市场参数的通知(试行) 2020-08-05,2026-04-27,待人工复核
AUTO-20260427-698A8D7E10,关于修订《山东省电力现货市场交易规则(试行)》《山东省电力中长期市场交易规则(试行)》《山东省电力零售市场交易规则(试行)》的通知,国家能源局派出机构,国家能源局山东监管办公室,2020-07-31,,山东,监管规则,国家级,中长期;现货,交易规则;中长期;现货,B,中期参考型,试行,是,https://sdb.nea.gov.cn/dtyw/tzgg/202309/t20230919_110428.html,01_原始资料\官方政策\2020-07-31_山东_国家能源局派出机构_关于修订《山东省电力现货市场交易规则(试行)》《山东省电力中长期市场交易规则(试行)》《山东省电力零售市场交易规则(试行)》的通知_国家能源局山东监管办公室.html; 03_处理后文本\2020-07-31_山东_国家能源局派出机构_关于修订《山东省电力现货市场交易规则(试行)》《山东省电力中长期市场交易规则(试行)》《山东省电力零售市场交易规则(试行)》的通知_国家能源局山东监管办公室.txt; 01_原始资料\PDF附件\AUTO-20260427-698A8D7E10_01_1._三个市场交易规则有关修订条款(2020年7月修订版)_06A20D19.pdf; 01_原始资料\PDF附件\AUTO-20260427-698A8D7E10_02_2._三个市场交易规则(2020年7月修订版)_451775D2.pdf; 03_处理后文本\AUTO-20260427-698A8D7E10_01_1._三个市场交易规则有关修订条款(2020年7月修订版)_06A20D19.txt; 03_处理后文本\AUTO-20260427-698A8D7E10_02_2._三个市场交易规则(2020年7月修订版)_451775D2.txt,,,关于修订《山东省电力现货市场交易规则(试行)》《山东省电力中长期市场交易规则(试行)》《山... 2020-07-31,2026-04-27,待人工复核
AUTO-20260427-FBC65BBD1E,贵州电力市场规则,广州电力交易中心,广州电力交易中心,2024-11-02,,南方区域,交易规则,,电力市场,电力市场,B,中期参考型,现行有效,是,https://www.gzpec.cn/law/jygz/202502/t20250214_34020.html,01_原始资料\交易规则\2024-11-02_南方区域_广州电力交易中心_广州电力交易中心.html; 03_处理后文本\2024-11-02_南方区域_广州电力交易中心_广州电力交易中心.txt; 01_原始资料\PDF附件\AUTO-20260427-FBC65BBD1E_01_〔2024〕_关于南方区域电力市场全月结算试运行市场监管有关事项的通知.pdf_579AB11C.pdf; 01_原始资料\PDF附件\AUTO-20260427-FBC65BBD1E_02_〔2024〕_南方区域电力市场运行规则（试行）.pdf_3ED6EC71.pdf; 03_处理后文本\AUTO-20260427-FBC65BBD1E_01_〔2024〕_关于南方区域电力市场全月结算试运行市场监管有关事项的通知.pdf_579AB11C.txt; 03_处理后文本\AUTO-20260427-FBC65BBD1E_02_〔2024〕_南方区域电力市场运行规则（试行）.pdf_3ED6EC71.txt,,,贵州电力市场规则,2026-04-27,待人工复核
AUTO-20260427-D81BDF16D0,第20号_中华人民共和国国家发展和改革委员会令（电力市场运行基本规则）,广州电力交易中心,广州电力交易中心,2024-04-28,,南方区域,交易规则,,电力市场,电力市场,B,中期参考型,现行有效,是,https://www.gzpec.cn/law/jygz/202505/t20250516_34494.html,01_原始资料\交易规则\2024-04-28_南方区域_广州电力交易中心_广州电力交易中心.html; 03_处理后文本\2024-04-28_南方区域_广州电力交易中心_广州电力交易中心.txt; 01_原始资料\PDF附件\AUTO-20260427-D81BDF16D0_01_第20号_中华人民共和国国家发展和改革委员会令（电力市场运行基本规则）.pdf_9D7E2BB2.pdf,,,第20号_中华人民共和国国家发展和改革委员会令（电力市场运行基本规则）,2026-04-27,待人工复核
AUTO-20260427-780DD684D9,电力市场运行基本规则,广州电力交易中心,广州电力交易中心,2024-04-25,,南方区域,交易规则,,电力市场,电力市场,B,中期参考型,现行有效,是,https://www.gzpec.cn/law/jygz/202502/t20250226_34096.html,01_原始资料\交易规则\2024-04-25_南方区域_广州电力交易中心_广州电力交易中心.html; 03_处理后文本\2024-04-25_南方区域_广州电力交易中心_广州电力交易中心.txt,,,电力市场运行基本规则,2026-04-27,待人工复核
AUTO-20260427-AF700450D9,电力市场注册基本规则,广州电力交易中心,广州电力交易中心,2024-09-13,,南方区域,交易规则,,电力市场,电力市场,B,中期参考型,现行有效,是,https://www.gzpec.cn/law/jygz/202502/t20250226_34100.html,01_原始资料\交易规则\2024-09-13_南方区域_广州电力交易中心_广州电力交易中心.html; 03_处理后文本\2024-09-13_南方区域_广州电力交易中心_广州电力交易中心.txt,,,电力市场注册基本规则,2026-04-27,待人工复核
AUTO-20260427-5DD9FFE71E,电力中长期交易基本规则—绿色电力交易专章,广州电力交易中心,广州电力交易中心,2024-07-24,,南方区域,交易规则,,中长期,中长期,B,中期参考型,现行有效,是,https://www.gzpec.cn/law/jygz/202502/t20250226_34102.html,01_原始资料\交易规则\2024-07-24_南方区域_广州电力交易中心_广州电力交易中心.html; 03_处理后文本\2024-07-24_南方区域_广州电力交易中心_广州电力交易中心.txt,,,电力中长期交易基本规则—绿色电力交易专章,2026-04-27,待人工复核
AUTO-20260427-344B99BC3D,广东省发展和改革委员会 - 广东省能源局关于做好2026年电力市场年度交易工作的通知,广东省能源局,广东省能源局,2025-12-03,粤能电力〔2021〕82号,广东,官方政策,,电力市场,电力市场,A,长期有效型,现行有效,是,https://drc.gd.gov.cn/snyj/tzgg/content/post_4808354.html,01_原始资料\官方政策\2025-12-03_广东_广东省能源局_广东省发展和改革委员会_-_广东省能源局关于做好2026年电力市场年度交易工作的通知.html; 03_处理后文本\2025-12-03_广东_广东省能源局_广东省发展和改革委员会_-_广东省能源局关于做好2026年电力市场年度交易工作的通知.txt; 01_原始资料\PDF附件\AUTO-20260427-344B99BC3D_01_附件1-4.pdf_21276E31.pdf; 03_处理后文本\AUTO-20260427-344B99BC3D_01_附件1-4.pdf_21276E31.txt,,,广东省能源局关于做好2026年电力市场年度交易工作的通知12-03,2026-04-27,待人工复核
AUTO-20260427-EF110663B6,广东省发展和改革委员会 - 广东省能源局 国家能源局南方监管局关于印发《广东电力市场常态化开展年度交易实施方案》的通知,广东省能源局,广东省能源局,2025-10-28,,广东,官方政策,,电力市场,电力市场,A,长期有效型,现行有效,是,https://drc.gd.gov.cn/snyj/tzgg/content/post_4790294.html,01_原始资料\官方政策\2025-10-28_广东_广东省能源局_广东省发展和改革委员会_-_广东省能源局_国家能源局南方监管局关于印发《广东电力市场常态化开展年度交易实施方案》的通知.html; 03_处理后文本\2025-10-28_广东_广东省能源局_广东省发展和改革委员会_-_广东省能源局_国家能源局南方监管局关于印发《广东电力市场常态化开展年度交易实施方案》的通知.txt; 01_原始资料\PDF附件\AUTO-20260427-EF110663B6_01_广东电力市场常态化开展年度交易实施方案.pdf_FF695068.pdf; 03_处理后文本\AUTO-20260427-EF110663B6_01_广东电力市场常态化开展年度交易实施方案.pdf_FF695068.txt,,,广东省能源局 国家能源局南方监管局关于印发《广东电力市场常态化开展年度交易实施方案》的通知10-28,2026-04-27,待人工复核
AUTO-20260427-ED15D5C741,广东省发展和改革委员会 - 广东省发展改革委关于申报新能源可持续发展价格结算机制存量项目的通知,广东省能源局,广东省能源局,2025-09-30,,广东,官方政策,,新能源;计量结算,结算;新能源,A,长期有效型,现行有效,是,https://drc.gd.gov.cn/snyj/tzgg/content/post_4781135.html,01_原始资料\官方政策\2025-09-30_广东_广东省能源局_广东省发展和改革委员会_-_广东省发展改革委关于申报新能源可持续发展价格结算机制存量项目的通知.html; 03_处理后文本\2025-09-30_广东_广东省能源局_广东省发展和改革委员会_-_广东省发展改革委关于申报新能源可持续发展价格结算机制存量项目的通知.txt,,,广东省发展改革委关于申报新能源可持续发展价格结算机制存量项目的通知09-30,2026-04-27,待人工复核
AUTO-20260427-CA2DDC4243,关于发布广东电力市场配套实施细则（2024年修订）的通知,广州电力交易中心,广州电力交易中心,2024-05-10,广东交易〔2024〕79号,南方区域,交易规则,,电力市场,电力市场,B,中期参考型,现行有效,是,https://www.gzpec.cn/law/jygz/202502/t20250214_34017.html,01_原始资料\交易规则\2024-05-10_南方区域_广州电力交易中心_广州电力交易中心.html; 03_处理后文本\2024-05-10_南方区域_广州电力交易中心_广州电力交易中心.txt; 01_原始资料\PDF附件\AUTO-20260427-CA2DDC4243_01_广东交易〔2024〕79号_关于发布广东电力市场配套实施细则（2024年修订）的通知.pdf_46FF7181.pdf; 01_原始资料\PDF附件\AUTO-20260427-CA2DDC4243_02_广东交易〔2024〕79号_广东电力市场现货电能量交易实施细则（2024年修订）.pdf_D43620FB.pdf; 01_原始资料\PDF附件\AUTO-20260427-CA2DDC4243_03_广东交易〔2024〕79号_广东电力市场信息披露管理实施细则（2024年修订）.pdf_E2D35FB4.pdf; 01_原始资料\PDF附件\AUTO-20260427-CA2DDC4243_04_广东交易〔2024〕79号_广东电力市场中长期电能量交易实施细则（2024年修订）.pdf_21207631.pdf; 01_原始资料\PDF附件\AUTO-20260427-CA2DDC4243_05_广东交易〔2024〕79号_广东电力现货市场结算实施细则（2024年修订）.pdf_63281AF2.pdf; 03_处理后文本\AUTO-20260427-CA2DDC4243_01_广东交易〔2024〕79号_关于发布广东电力市场配套实施细则（2024年修订）的通知.pdf_46FF7181.txt; 03_处理后文本\AUTO-20260427-CA2DDC4243_02_广东交易〔2024〕79号_广东电力市场现货电能量交易实施细则（2024年修订）.pdf_D43620FB.txt; 03_处理后文本\AUTO-20260427-CA2DDC4243_03_广东交易〔2024〕79号_广东电力市场信息披露管理实施细则（2024年修订）.pdf_E2D35FB4.txt; 03_处理后文本\AUTO-20260427-CA2DDC4243_04_广东交易〔2024〕79号_广东电力市场中长期电能量交易实施细则（2024年修订）.pdf_21207631.txt; 03_处理后文本\AUTO-20260427-CA2DDC4243_05_广东交易〔2024〕79号_广东电力现货市场结算实施细则（2024年修订）.pdf_63281AF2.txt,,,广东交易〔2024〕79号 关于发布广东电力市场配套实施细则（2024年修订）的通知,2026-04-27,待人工复核
AUTO-20260427-E24F3D75D9,关于印发《电力中长期交易基本规则》的通知,广州电力交易中心,广州电力交易中心,2020-06-14,,南方区域,交易规则,,中长期,中长期,B,中期参考型,现行有效,是,https://www.gzpec.cn/law/jygz/202505/t20250516_34493.html,01_原始资料\交易规则\2020-06-14_南方区域_广州电力交易中心_广州电力交易中心.html; 03_处理后文本\2020-06-14_南方区域_广州电力交易中心_广州电力交易中心.txt; 01_原始资料\PDF附件\AUTO-20260427-E24F3D75D9_01_正文1.pdf_0AAE01DB.pdf,,,国家发展改革委、国家能源局关于印发《电力中长期交易基本规则》的通知,2026-04-27,待人工复核
AUTO-20260427-890E791E0D,可再生能源绿色电力证书核发和交易规则,广州电力交易中心,广州电力交易中心,2024-08-26,,南方区域,交易规则,,电力市场,交易规则,B,中期参考型,现行有效,是,https://www.gzpec.cn/law/jygz/202502/t20250226_34101.html,01_原始资料\交易规则\2024-08-26_南方区域_广州电力交易中心_广州电力交易中心.html; 03_处理后文本\2024-08-26_南方区域_广州电力交易中心_广州电力交易中心.txt,,,可再生能源绿色电力证书核发和交易规则,2026-04-27,待人工复核
AUTO-20260427-EE6D85F7E0,发改能源规〔2023〕1217号 《电力现货市场基本规则（试行）》,广州电力交易中心,广州电力交易中心,2023-09-10,发改能源规〔2023〕1217号,南方区域,交易规则,,现货,现货,B,中期参考型,试行,是,https://www.gzpec.cn/law/jygz/202502/t20250226_34120.html,01_原始资料\交易规则\2023-09-10_南方区域_广州电力交易中心_广州电力交易中心.html; 03_处理后文本\2023-09-10_南方区域_广州电力交易中心_广州电力交易中心.txt,,,发改能源规〔2023〕1217号 《电力现货市场基本规则（试行）》,2026-04-27,待人工复核
AUTO-20260427-6620523786,关于印发《内蒙古自治区单一电力用户绿电直连项目开发建设实施方案（试行）》的通知,内蒙古自治区能源局,内蒙古自治区能源局,2026-01-14,,内蒙古自治区,官方政策,,绿电,绿电,A,长期有效型,试行,是,https://nyj.nmg.gov.cn/slh/tz/202601/t20260115_2848788.html,01_原始资料\官方政策\2026-01-14_内蒙古自治区_内蒙古自治区能源局_四、交易与价格机制.html; 03_处理后文本\2026-01-14_内蒙古自治区_内蒙古自治区能源局_四、交易与价格机制.txt,,,内蒙古自治区能源局关于印发《内蒙古自治区单一电力用户绿电直连项目开发建设实施方案（试行）》的通知,2026-04-27,待人工复核
AUTO-20260427-2492100A42,关于公开征求《内蒙古电力多边交易市场规则体系2026年修订版(征求意见稿)》《蒙东电力市场规则体系2026年修订版(征求意见稿)》意见建议的公告,内蒙古自治区能源局,内蒙古自治区能源局,2026-02-14,内能源公告〔2026〕3号,内蒙古自治区,官方政策,,电力市场,电力市场,A,中期参考型,征求意见,是,https://nyj.nmg.gov.cn/slh/tz/202602/t20260214_2863478.html,01_原始资料\官方政策\2026-02-14_内蒙古自治区_内蒙古自治区能源局_通知公告__内蒙古自治区能源局.html; 03_处理后文本\2026-02-14_内蒙古自治区_内蒙古自治区能源局_通知公告__内蒙古自治区能源局.txt,,,内蒙古自治区能源局关于公开征求《内蒙古电力多边交易市场规则体系2026年修订版(征求意见稿)》《蒙东电力市场规则体系2026年修订版(征求意见稿)》意见建议的公告,2026-04-27,待人工复核
AUTO-20260427-7F4BF875A3,关于做好2026年内蒙古电力多边交易市场中长期交易有关事宜的通知,内蒙古自治区能源局,内蒙古自治区能源局,2025-12-30,,内蒙古自治区,官方政策,,中长期,中长期,A,长期有效型,现行有效,是,https://nyj.nmg.gov.cn/slh/tz/202512/t20251230_2843227.html,01_原始资料\官方政策\2025-12-30_内蒙古自治区_内蒙古自治区能源局_通知公告__内蒙古自治区能源局.html; 03_处理后文本\2025-12-30_内蒙古自治区_内蒙古自治区能源局_通知公告__内蒙古自治区能源局.txt,,,内蒙古自治区能源局关于做好2026年内蒙古电力多边交易市场中长期交易有关事宜的通知,2026-04-27,待人工复核
AUTO-20260427-543BC9B2A3,关于做好2026年内蒙古东部电力交易市场中长期交易有关事宜的通知,内蒙古自治区能源局,内蒙古自治区能源局,2025-12-30,,内蒙古自治区,官方政策,,中长期,中长期,A,长期有效型,现行有效,是,https://nyj.nmg.gov.cn/slh/tz/202512/t20251230_2843236.html,01_原始资料\官方政策\2025-12-30_内蒙古自治区_内蒙古自治区能源局_通知公告__内蒙古自治区能源局.html; 03_处理后文本\2025-12-30_内蒙古自治区_内蒙古自治区能源局_通知公告__内蒙古自治区能源局.txt,,,内蒙古自治区能源局关于做好2026年内蒙古东部电力交易市场中长期交易有关事宜的通知,2026-04-27,待人工复核
AUTO-20260427-502852DE5B,关于印发《深化蒙西电网新能源上网电价市场化改革实施方案》的通知,内蒙古自治区能源局,内蒙古自治区能源局,2025-05-29,,内蒙古自治区,官方政策,,新能源,新能源,A,长期有效型,现行有效,是,https://nyj.nmg.gov.cn/slh/tz/202601/t20260109_2847060.html,01_原始资料\官方政策\2025-05-29_内蒙古自治区_内蒙古自治区能源局_通知公告__内蒙古自治区能源局.html; 03_处理后文本\2025-05-29_内蒙古自治区_内蒙古自治区能源局_通知公告__内蒙古自治区能源局.txt,,,内蒙古自治区发展改革委 能源局关于印发《深化蒙西电网新能源上网电价市场化改革实施方案》的通知,2026-04-27,待人工复核
AUTO-20260427-A525045BF7,关于印发《深化蒙东电网新能源上网电价市场化改革实施方案》的通知,内蒙古自治区能源局,内蒙古自治区能源局,2025-05-29,,内蒙古自治区,官方政策,,新能源,新能源,A,长期有效型,现行有效,是,https://nyj.nmg.gov.cn/slh/tz/202601/t20260109_2847080.html,01_原始资料\官方政策\2025-05-29_内蒙古自治区_内蒙古自治区能源局_通知公告__内蒙古自治区能源局.html; 03_处理后文本\2025-05-29_内蒙古自治区_内蒙古自治区能源局_通知公告__内蒙古自治区能源局.txt,,,内蒙古自治区发展改革委 能源局关于印发《深化蒙东电网新能源上网电价市场化改革实施方案》的通知,2026-04-27,待人工复核
AUTO-20260427-1906B16212,关于进一步做好我市电力现货市场限价相关事项的通知_价格管理,上海市发展和改革委员会,上海市发展和改革委员会,2026-02-11,沪发改价管〔2026〕5号,上海,官方政策,,现货,现货,A,长期有效型,现行有效,是,http://fgw.sh.gov.cn/fgw_jggl/20260211/35cf80d1b101492dacbad5a6c9504c6b.html,01_原始资料\官方政策\2026-02-11_上海_上海市发展和改革委员会_关于进一步做好我市电力现货市场限价相关事项的通知_价格管理.html; 03_处理后文本\2026-02-11_上海_上海市发展和改革委员会_关于进一步做好我市电力现货市场限价相关事项的通知_价格管理.txt; 01_原始资料\PDF附件\AUTO-20260427-1906B16212_01_32bd56acd31b1f88234ecbce52fa0b3e.pdf_E97F4A59.pdf; 03_处理后文本\AUTO-20260427-1906B16212_01_32bd56acd31b1f88234ecbce52fa0b3e.pdf_E97F4A59.txt,,,关于进一步做好我市电力现货市场限价相关事项的通知,2026-04-27,待人工复核
AUTO-20260427-5ED24A4111,关于调整我市煤电容量电价有关事项的通知_价格管理,上海市发展和改革委员会,上海市发展和改革委员会,2025-12-24,沪发改价管〔2025〕52号,上海,官方政策,,容量电价,容量电价,A,长期有效型,现行有效,是,http://fgw.sh.gov.cn/fgw_jggl/20251224/68a86b82ba89475eb9b57f3b6d88be02.html,01_原始资料\官方政策\2025-12-24_上海_上海市发展和改革委员会_关于调整我市煤电容量电价有关事项的通知_价格管理.html; 03_处理后文本\2025-12-24_上海_上海市发展和改革委员会_关于调整我市煤电容量电价有关事项的通知_价格管理.txt; 01_原始资料\PDF附件\AUTO-20260427-5ED24A4111_01_49c3a9514703ee123d50259ff1669579.pdf_4DDD706E.pdf,,,关于调整我市煤电容量电价有关事项的通知,2026-04-27,待人工复核
AUTO-20260427-1E20E600C3,关于深化新能源上网电价市场化改革 促进新能源高质量发展的通知(发改价格〔2025〕136号),国家发展改革委,国家发展改革委-政策通知,2025-02-09,发改价格〔2025〕136号,全国,官方政策,国家级,新能源,新能源,A,长期有效型,现行有效,是,https://www.ndrc.gov.cn/xxgk/zcfb/tz/202502/t20250209_1396066.html,01_原始资料\官方政策\2025-02-09_全国_国家发展改革委_【关于深化新能源上网电价市场化改革_促进新能源高质量发展的通知(发改价格〔2025〕136号)】-国家发展和改革委员会.html; 03_处理后文本\2025-02-09_全国_国家发展改革委_【关于深化新能源上网电价市场化改革_促进新能源高质量发展的通知(发改价格〔2025〕136号)】-国家发展和改革委员会.txt,,,关于深化新能源上网电价市场化改革 促进新能源高质量发展的通知(发改价格〔2025〕136号),2026-04-27,待人工复核
AUTO-20260427-51C6A877DC,关于有序推动绿电直连发展有关事项的通知(发改能源〔2025〕650号),国家发展改革委,国家发展改革委-政策通知,2025-05-30,发改能源〔2025〕650号,全国,官方政策,国家级,绿电,绿电,A,长期有效型,现行有效,是,https://www.ndrc.gov.cn/xxgk/zcfb/tz/202505/t20250530_1398138.html,01_原始资料\官方政策\2025-05-30_全国_国家发展改革委_【关于有序推动绿电直连发展有关事项的通知(发改能源〔2025〕650号)】-国家发展和改革委员会.html; 03_处理后文本\2025-05-30_全国_国家发展改革委_【关于有序推动绿电直连发展有关事项的通知(发改能源〔2025〕650号)】-国家发展和改革委员会.txt,,,关于有序推动绿电直连发展有关事项的通知(发改能源〔2025〕650号),2026-04-27,待人工复核
AUTO-20260427-851724B835,关于明确我市应急备用煤电机组容量电价有关事项的通知_价格管理,上海市发展和改革委员会,上海市发展和改革委员会,2025-11-17,沪发改价管〔2025〕43号,上海,官方政策,,容量电价,容量电价,A,长期有效型,现行有效,是,http://fgw.sh.gov.cn/fgw_jggl/20251117/ebc8f3ed4221492ca1dec080bae71d18.html,01_原始资料\官方政策\2025-11-17_上海_上海市发展和改革委员会_关于明确我市应急备用煤电机组容量电价有关事项的通知_价格管理.html; 03_处理后文本\2025-11-17_上海_上海市发展和改革委员会_关于明确我市应急备用煤电机组容量电价有关事项的通知_价格管理.txt; 01_原始资料\PDF附件\AUTO-20260427-851724B835_01_d759a1df2720bd292cd9758d500ae385.pdf_7A58C8C6.pdf,,,关于明确我市应急备用煤电机组容量电价有关事项的通知,2026-04-27,待人工复核
AUTO-20260427-257CE410F0,关于推进电力源网荷储一体化和多能互补发展的指导意见(发改能源规〔2021〕280号),国家发展改革委,国家发展改革委,2021-03-05,发改能源规〔2021〕280号,全国,官方政策,国家级,电力市场,源网荷储,A,长期有效型,现行有效,是,https://www.ndrc.gov.cn/xxgk/zcfb/ghxwj/202103/t20210305_1269046.html,01_原始资料\官方政策\2021-03-05_全国_国家发展改革委_【关于推进电力源网荷储一体化和多能互补发展的指导意见(发改能源规〔2021〕280号)】-国家发展和改革委员会.html; 03_处理后文本\2021-03-05_全国_国家发展改革委_【关于推进电力源网荷储一体化和多能互补发展的指导意见(发改能源规〔2021〕280号)】-国家发展和改革委员会.txt,,,关于推进电力源网荷储一体化和多能互补发展的指导意见(发改能源规〔2021〕280号),2026-04-27,待人工复核
AUTO-20260427-257D529B27,关于完善价格机制促进新能源发电就近消纳的通知(发改价格〔2025〕1192号),国家发展改革委,国家发展改革委-政策通知,2025-09-12,发改价格〔2025〕1192号,全国,官方政策,国家级,新能源,新能源,A,长期有效型,现行有效,是,https://www.ndrc.gov.cn/xxgk/zcfb/tz/202509/t20250912_1400444.html,01_原始资料\官方政策\2025-09-12_全国_国家发展改革委_【关于完善价格机制促进新能源发电就近消纳的通知(发改价格〔2025〕1192号)】-国家发展和改革委员会.html; 03_处理后文本\2025-09-12_全国_国家发展改革委_【关于完善价格机制促进新能源发电就近消纳的通知(发改价格〔2025〕1192号)】-国家发展和改革委员会.txt,,,关于完善价格机制促进新能源发电就近消纳的通知(发改价格〔2025〕1192号),2026-04-27,待人工复核
AUTO-20260427-2DD331A266,关于印发《电力现货连续运行地区市场建设指引》的通知(发改能源〔2025〕1171号),国家发展改革委,国家发展改革委-政策通知,2025-09-12,发改能源〔2025〕1171号,全国,官方政策,国家级,现货,现货,A,长期有效型,现行有效,是,https://www.ndrc.gov.cn/xxgk/zcfb/tz/202509/t20250912_1400454.html,01_原始资料\官方政策\2025-09-12_全国_国家发展改革委_【关于印发《电力现货连续运行地区市场建设指引》的通知(发改能源〔2025〕1171号)】-国家发展和改革委员会.html; 03_处理后文本\2025-09-12_全国_国家发展改革委_【关于印发《电力现货连续运行地区市场建设指引》的通知(发改能源〔2025〕1171号)】-国家发展和改革委员会.txt; 01_原始资料\PDF附件\AUTO-20260427-2DD331A266_01_《电力现货连续运行地区市场建设指引》.pdf_EB2C3CB2.pdf; 03_处理后文本\AUTO-20260427-2DD331A266_01_《电力现货连续运行地区市场建设指引》.pdf_EB2C3CB2.txt,,,关于印发《电力现货连续运行地区市场建设指引》的通知(发改能源〔2025〕1171号),2026-04-27,待人工复核
AUTO-20260427-B292F45571,关于印发《电力现货市场基本规则（试行）》的通知(发改能源规〔2023〕1217号),国家发展改革委,国家发展改革委,2023-09-15,发改能源规〔2023〕1217号,全国,官方政策,国家级,现货,现货,A,长期有效型,试行,是,https://www.ndrc.gov.cn/xxgk/zcfb/ghxwj/202309/t20230915_1360625.html,01_原始资料\官方政策\2023-09-15_全国_国家发展改革委_【关于印发《电力现货市场基本规则（试行）》的通知(发改能源规〔2023〕1217号)】-国家发展和改革委员会.html; 03_处理后文本\2023-09-15_全国_国家发展改革委_【关于印发《电力现货市场基本规则（试行）》的通知(发改能源规〔2023〕1217号)】-国家发展和改革委员会.txt; 01_原始资料\PDF附件\AUTO-20260427-B292F45571_01_《电力现货市场基本规则（试行）》.pdf_05D3C855.pdf; 03_处理后文本\AUTO-20260427-B292F45571_01_《电力现货市场基本规则（试行）》.pdf_05D3C855.txt,,,关于印发《电力现货市场基本规则（试行）》的通知(发改能源规〔2023〕1217号),2026-04-27,待人工复核
AUTO-20260427-F3E6DA37CB,关于印发《南方区域跨区跨省电力中长期交易规则》的通知,广州电力交易中心,广州电力交易中心,2024-04-08,,南方区域,交易规则,,中长期,交易规则;中长期,B,中期参考型,现行有效,是,https://www.gzpec.cn/law/jygz/202502/t20250226_34119.html,01_原始资料\交易规则\2024-04-08_南方区域_广州电力交易中心_广州电力交易中心.html; 03_处理后文本\2024-04-08_南方区域_广州电力交易中心_广州电力交易中心.txt,,,关于印发《南方区域跨区跨省电力中长期交易规则》的通知,2026-04-27,待人工复核
AUTO-20260427-ED23AB24F7,关于印发《南方区域绿色电力交易规则（试行）》的通知,广州电力交易中心,广州电力交易中心,2022-01-28,,南方区域,交易规则,,电力市场,交易规则,B,中期参考型,试行,是,https://www.gzpec.cn/law/jygz/202502/t20250226_34121.html,01_原始资料\交易规则\2022-01-28_南方区域_广州电力交易中心_广州电力交易中心.html; 03_处理后文本\2022-01-28_南方区域_广州电力交易中心_广州电力交易中心.txt; 01_原始资料\PDF附件\AUTO-20260427-ED23AB24F7_01_关于印发《南方区域绿色电力交易规则（试行）》的通知.pdf.pdf_A18038C7.pdf; 03_处理后文本\AUTO-20260427-ED23AB24F7_01_关于印发《南方区域绿色电力交易规则（试行）》的通知.pdf.pdf_A18038C7.txt,,,关于印发《南方区域绿色电力交易规则（试行）》的通知,2026-04-27,待人工复核
AUTO-20260427-F33CEF16E8,关于南方区域电力市场全月结算试运行市场监管有关事项,广州电力交易中心,广州电力交易中心,2024-11-02,,南方区域,交易规则,,电力市场;计量结算,电力市场;结算,B,中期参考型,现行有效,是,https://www.gzpec.cn/law/jygz/202502/t20250214_34022.html,01_原始资料\交易规则\2024-11-02_南方区域_广州电力交易中心_广州电力交易中心.html; 03_处理后文本\2024-11-02_南方区域_广州电力交易中心_广州电力交易中心.txt; 01_原始资料\PDF附件\AUTO-20260427-F33CEF16E8_01_〔2024〕_关于南方区域电力市场全月结算试运行市场监管有关事项的通知.pdf_579AB11C.pdf; 01_原始资料\PDF附件\AUTO-20260427-F33CEF16E8_02_〔2024〕_南方区域电力市场运行规则（试行）.pdf_3ED6EC71.pdf; 03_处理后文本\AUTO-20260427-F33CEF16E8_01_〔2024〕_关于南方区域电力市场全月结算试运行市场监管有关事项的通知.pdf_579AB11C.txt; 03_处理后文本\AUTO-20260427-F33CEF16E8_02_〔2024〕_南方区域电力市场运行规则（试行）.pdf_3ED6EC71.txt,,,关于南方区域电力市场全月结算试运行市场监管有关事项,2026-04-27,待人工复核
AUTO-20260427-CDA7AFEC1D,关于公开征求《内蒙古自治区绿电直连项目开发建设实施方案（试行）》意见的公告,内蒙古自治区能源局,内蒙古自治区能源局,2025-11-19,内能源公告〔2025〕17号,内蒙古自治区,官方政策,,绿电,绿电,A,中期参考型,征求意见,是,https://nyj.nmg.gov.cn/slh/tz/202511/t20251119_2820339.html,01_原始资料\官方政策\2025-11-19_内蒙古自治区_内蒙古自治区能源局_通知公告__内蒙古自治区能源局.html; 03_处理后文本\2025-11-19_内蒙古自治区_内蒙古自治区能源局_通知公告__内蒙古自治区能源局.txt,,,关于公开征求《内蒙古自治区绿电直连项目开发建设实施方案（试行）》意见的公告,2026-04-27,待人工复核
AUTO-20260427-03A84802A0,关于全面加快电力现货市场建设工作的通知(发改办体改〔2025〕394号),国家发展改革委,国家发展改革委-政策通知,2025-04-29,发改办体改〔2025〕394号,全国,官方政策,国家级,现货,现货,A,长期有效型,现行有效,是,https://www.ndrc.gov.cn/xxgk/zcfb/tz/202504/t20250429_1397488.html,01_原始资料\官方政策\2025-04-29_全国_国家发展改革委_【关于全面加快电力现货市场建设工作的通知(发改办体改〔2025〕394号)】-国家发展和改革委员会.html; 03_处理后文本\2025-04-29_全国_国家发展改革委_【关于全面加快电力现货市场建设工作的通知(发改办体改〔2025〕394号)】-国家发展和改革委员会.txt,,,关于全面加快电力现货市场建设工作的通知(发改办体改〔2025〕394号),2026-04-27,待人工复核
AUTO-20260427-0866006539,关于做好电力现货市场试点连续试结算相关工作的通知(发改办能源规〔2020〕245号),国家发展改革委,国家发展改革委,2020-04-03,发改办能源规〔2020〕245号,全国,官方政策,国家级,现货;计量结算,现货;结算,A,长期有效型,现行有效,是,https://www.ndrc.gov.cn/xxgk/zcfb/ghxwj/202004/t20200403_1225133.html,01_原始资料\官方政策\2020-04-03_全国_国家发展改革委_【关于做好电力现货市场试点连续试结算相关工作的通知(发改办能源规〔2020〕245号)】-国家发展和改革委员会.html; 03_处理后文本\2020-04-03_全国_国家发展改革委_【关于做好电力现货市场试点连续试结算相关工作的通知(发改办能源规〔2020〕245号)】-国家发展和改革委员会.txt,,,关于做好电力现货市场试点连续试结算相关工作的通知(发改办能源规〔2020〕245号),2026-04-27,待人工复核
AUTO-20260427-6FF22802C9,关于促进新能源消纳和调控的指导意见(发改能源〔2025〕1360号),国家发展改革委,国家发展改革委-政策通知,2025-11-10,发改能源〔2025〕1360号,全国,官方政策,国家级,新能源,新能源,A,长期有效型,现行有效,是,https://www.ndrc.gov.cn/xxgk/zcfb/tz/202511/t20251110_1401469.html,01_原始资料\官方政策\2025-11-10_全国_国家发展改革委_【关于促进新能源消纳和调控的指导意见(发改能源〔2025〕1360号)】-国家发展和改革委员会.html; 03_处理后文本\2025-11-10_全国_国家发展改革委_【关于促进新能源消纳和调控的指导意见(发改能源〔2025〕1360号)】-国家发展和改革委员会.txt,,,关于促进新能源消纳和调控的指导意见(发改能源〔2025〕1360号),2026-04-27,待人工复核
AUTO-20260427-A739C746F8,关于上海市2025年度新能源增量项目机制电价竞价结果的通知_价格管理,上海市发展和改革委员会,上海市发展和改革委员会,2025-12-03,沪发改价管〔2025〕45号,上海,官方政策,,新能源,新能源,A,长期有效型,现行有效,是,http://fgw.sh.gov.cn/fgw_jggl/20251203/fe1be03f19b8401a8e2c765b1477c39c.html,01_原始资料\官方政策\2025-12-03_上海_上海市发展和改革委员会_关于上海市2025年度新能源增量项目机制电价竞价结果的通知_价格管理.html; 03_处理后文本\2025-12-03_上海_上海市发展和改革委员会_关于上海市2025年度新能源增量项目机制电价竞价结果的通知_价格管理.txt; 01_原始资料\PDF附件\AUTO-20260427-A739C746F8_01_42ce242adb89b94415e1ec57d20df78f.pdf_C5B1F554.pdf,,,关于上海市2025年度新能源增量项目机制电价竞价结果的通知,2026-04-27,待人工复核
AUTO-20260427-C45458E7FC,国家能源局西北监管局关于印发《西北区域跨省电力中长期交易实施细则》的通知（全文）,国家能源局派出机构,国家能源局西北监管局,2024-10-18,西北监能市场〔2024〕74号,西北区域,监管规则,国家级,中长期,实施细则;中长期;跨省,B,中期参考型,现行有效,是,https://xbj.nea.gov.cn/dtyw/tzgg/202410/t20241018_271012.html,01_原始资料\官方政策\2024-10-18_西北区域_国家能源局派出机构_国家能源局西北监管局关于印发《西北区域跨省电力中长期交易实施细则》的通知（全文）.html; 03_处理后文本\2024-10-18_西北区域_国家能源局派出机构_国家能源局西北监管局关于印发《西北区域跨省电力中长期交易实施细则》的通知（全文）.txt; 01_原始资料\PDF附件\AUTO-20260427-C45458E7FC_01_西北监能市场〔2024〕74号-国家能源局西北监管局关于印发《西北区域跨省电力中长期交易实施细则》的通知（全文）.pdf_33626124.pdf,,,国家能源局西北监管局关于印发《西北区域跨省电力中长期交易实施细则》的通知（全文） 2024-10-18,2026-04-27,待人工复核
AUTO-20260427-EC19F02593,国家能源局西北监管局关于印发《西北区域省间电力互济交易实施细则(试行)》的通知,国家能源局派出机构,国家能源局西北监管局,2026-04-27,,西北区域,监管规则,国家级,省间交易,实施细则;省间,B,中期参考型,试行,是,https://xbj.nea.gov.cn/dtyw/tzgg/202604/t20260427_300347.html,01_原始资料\官方政策\2026-04-27_西北区域_国家能源局派出机构_国家能源局西北监管局关于印发《西北区域省间电力互济交易实施细则(试行)》的通知.html; 03_处理后文本\2026-04-27_西北区域_国家能源局派出机构_国家能源局西北监管局关于印发《西北区域省间电力互济交易实施细则(试行)》的通知.txt; 01_原始资料\PDF附件\AUTO-20260427-EC19F02593_01_国家能源局西北监管局关于印发《西北区域省间电力互济交易实施细则(试行)》的通知_.pdf_DE817B79.pdf; 03_处理后文本\AUTO-20260427-EC19F02593_01_国家能源局西北监管局关于印发《西北区域省间电力互济交易实施细则(试行)》的通知_.pdf_DE817B79.txt,,,国家能源局西北监管局关于印发《西北区域省间电力互济交易实施细则(试行)》的通知 2026-04-27,2026-04-27,待人工复核
AUTO-20260427-BAC94CD920,关于印发《山东省电力现货市场交易规则(试行)》《山东省电力中长期市场交易规则(试行)》《山东省电力零售市场交易规则(试行)》的通知,国家能源局派出机构,国家能源局山东监管办公室,2020-06-16,鲁监能市场规〔2020〕51号,山东,监管规则,国家级,中长期;现货,交易规则;中长期;现货,B,中期参考型,试行,是,https://sdb.nea.gov.cn/dtyw/tzgg/202309/t20230919_110422.html,01_原始资料\官方政策\2020-06-16_山东_国家能源局派出机构_关于印发《山东省电力现货市场交易规则(试行)》《山东省电力中长期市场交易规则(试行)》《山东省电力零售市场交易规则(试行)》的通知_国家能源局山东监管办公室.html; 03_处理后文本\2020-06-16_山东_国家能源局派出机构_关于印发《山东省电力现货市场交易规则(试行)》《山东省电力中长期市场交易规则(试行)》《山东省电力零售市场交易规则(试行)》的通知_国家能源局山东监管办公室.txt; 01_原始资料\PDF附件\AUTO-20260427-BAC94CD920_01_1.山东省电力现货市场交易规则（试行)_B4958BE9.pdf; 01_原始资料\PDF附件\AUTO-20260427-BAC94CD920_02_2.山东省电力中长期市场交易规则（试行)_6068C1DF.pdf; 01_原始资料\PDF附件\AUTO-20260427-BAC94CD920_03_3.山东省电力零售市场交易规则（试行)_5AAC8CCC.pdf; 03_处理后文本\AUTO-20260427-BAC94CD920_01_1.山东省电力现货市场交易规则（试行)_B4958BE9.txt; 03_处理后文本\AUTO-20260427-BAC94CD920_02_2.山东省电力中长期市场交易规则（试行)_6068C1DF.txt; 03_处理后文本\AUTO-20260427-BAC94CD920_03_3.山东省电力零售市场交易规则（试行)_5AAC8CCC.txt,,,关于印发《山东省电力现货市场交易规则(试行)》《山东省电力中长期市场交易规则(试行)》《山... 2020-06-16,2026-04-27,待人工复核
AUTO-20260427-E22FE01186,国家能源局华中监管局关于印发《华中省间电力调峰及备用辅助服务市场运营规则》的通知,国家能源局派出机构,国家能源局华中监管局,2022-10-11,,华中区域,监管规则,国家级,辅助服务;省间交易,运营规则;辅助服务;调峰;备用;省间,B,中期参考型,现行有效,是,https://hzj.nea.gov.cn/dtyw/tzgg/202310/t20231021_165597.html,01_原始资料\官方政策\2022-10-11_华中区域_国家能源局派出机构_国家能源局华中监管局关于印发《华中省间电力调峰及备用辅助服务市场运营规则》的通知.html; 03_处理后文本\2022-10-11_华中区域_国家能源局派出机构_国家能源局华中监管局关于印发《华中省间电力调峰及备用辅助服务市场运营规则》的通知.txt; 01_原始资料\PDF附件\AUTO-20260427-E22FE01186_01_华中省间电力调峰及备用辅助服务市场运营规则.pdf_63F691CC.pdf; 03_处理后文本\AUTO-20260427-E22FE01186_01_华中省间电力调峰及备用辅助服务市场运营规则.pdf_63F691CC.txt,,,国家能源局华中监管局关于印发《华中省间电力调峰及备用辅助服务市场运营规则》的通知 2022-10-11,2026-04-27,待人工复核
AUTO-20260427-5D8B9D2AA9,国家能源局西北监管局关于印发《西北区域备用辅助服务市场运营规则》的通知,国家能源局派出机构,国家能源局西北监管局,2023-05-18,,西北区域,监管规则,国家级,辅助服务,运营规则;辅助服务;备用,B,中期参考型,现行有效,是,https://xbj.nea.gov.cn/dtyw/tzgg/202310/t20231013_147606.html,01_原始资料\官方政策\2023-05-18_西北区域_国家能源局派出机构_国家能源局西北监管局关于印发《西北区域备用辅助服务市场运营规则》的通知.html; 03_处理后文本\2023-05-18_西北区域_国家能源局派出机构_国家能源局西北监管局关于印发《西北区域备用辅助服务市场运营规则》的通知.txt; 01_原始资料\PDF附件\AUTO-20260427-5D8B9D2AA9_01_西北区域备用辅助服务市场运营规则.pdf_986F5687.pdf,,,国家能源局西北监管局关于印发《西北区域备用辅助服务市场运营规则》的通知 2023-05-18,2026-04-27,待人工复核
AUTO-20260427-426F6E93C0,国家能源局西北监管局关于印发《西北区域省间调峰辅助服务市场运营规则》补充修订条款的通知,国家能源局派出机构,国家能源局西北监管局,2023-11-21,西北监能市场〔2023〕2号,西北区域,监管规则,国家级,辅助服务;省间交易,运营规则;辅助服务;调峰;省间,B,中期参考型,现行有效,是,https://xbj.nea.gov.cn/dtyw/tzgg/202312/t20231214_220694.html,01_原始资料\官方政策\2023-11-21_西北区域_国家能源局派出机构_国家能源局西北监管局关于印发《西北区域省间调峰辅助服务市场运营规则》补充修订条款的通知.html; 03_处理后文本\2023-11-21_西北区域_国家能源局派出机构_国家能源局西北监管局关于印发《西北区域省间调峰辅助服务市场运营规则》补充修订条款的通知.txt; 01_原始资料\PDF附件\AUTO-20260427-426F6E93C0_01_西北监能市场〔2023〕2号-国家能源局西北监管局关于印发《西北区域省间调峰辅助服务市场运营规则》补充修订条款的通知.pdf_1DA93248.pdf,,,国家能源局西北监管局关于印发《西北区域省间调峰辅助服务市场运营规则》补充修订... 2023-11-21,2026-04-27,待人工复核
AUTO-20260427-A21BC5FA77,国家能源局华中监管局关于印发《湖北源网荷储电力调峰辅助服务市场运营规则》的通知,国家能源局派出机构,国家能源局华中监管局,2024-01-03,,华中区域,监管规则,国家级,辅助服务,运营规则;辅助服务;调峰;源网荷储,B,中期参考型,现行有效,是,https://hzj.nea.gov.cn/dtyw/tzgg/202401/t20240124_229471.html,01_原始资料\官方政策\2024-01-03_华中区域_国家能源局派出机构_国家能源局华中监管局关于印发《湖北源网荷储电力调峰辅助服务市场运营规则》的通知.html; 03_处理后文本\2024-01-03_华中区域_国家能源局派出机构_国家能源局华中监管局关于印发《湖北源网荷储电力调峰辅助服务市场运营规则》的通知.txt; 01_原始资料\PDF附件\AUTO-20260427-A21BC5FA77_01_国家能源局华中监管局关于印发《湖北源网荷储电力调峰辅助服务市场运营规则》的通知.pdf_CF41E02A.pdf; 03_处理后文本\AUTO-20260427-A21BC5FA77_01_国家能源局华中监管局关于印发《湖北源网荷储电力调峰辅助服务市场运营规则》的通知.pdf_CF41E02A.txt,,,国家能源局华中监管局关于印发《湖北源网荷储电力调峰辅助服务市场运营规则》的通知 2024-01-03,2026-04-27,待人工复核
AUTO-20260427-EDE85AAF9A,关于印发修订后的《上海电力中长期交易规则》的通知（华东监...,国家能源局派出机构,国家能源局华东监管局,2025-02-21,,华东区域,监管规则,国家级,中长期,交易规则;中长期,B,中期参考型,现行有效,是,https://hdj.nea.gov.cn/dtyw/tzgg/202502/P020250221488658226958.pdf,01_原始资料\官方政策\2025-02-21_华东区域_国家能源局派出机构_关于印发修订后的《上海电力中长期交易规则》的通知（华东监..._2025-02-21.pdf; 03_处理后文本\2025-02-21_华东区域_国家能源局派出机构_关于印发修订后的《上海电力中长期交易规则》的通知（华东监..._2025-02-21.ocr.txt,,,关于印发修订后的《上海电力中长期交易规则》的通知（华东监... 2025-02-21；OCR文本待人工复核,2026-04-27,待人工复核
AUTO-20260427-EC24CC36EA,关于印发修订后的《安徽电力中长期交易规则》的通知（华东监...,国家能源局派出机构,国家能源局华东监管局,2025-02-21,中发〔2015〕9号,华东区域,监管规则,国家级,中长期,交易规则;中长期,B,中期参考型,现行有效,是,https://hdj.nea.gov.cn/dtyw/tzgg/202502/P020250221489106643014.pdf,01_原始资料\官方政策\2025-02-21_华东区域_国家能源局派出机构_关于印发修订后的《安徽电力中长期交易规则》的通知（华东监..._2025-02-21.pdf; 03_处理后文本\2025-02-21_华东区域_国家能源局派出机构_关于印发修订后的《安徽电力中长期交易规则》的通知（华东监..._2025-02-21.ocr.txt,,,关于印发修订后的《安徽电力中长期交易规则》的通知（华东监... 2025-02-21；OCR文本待人工复核,2026-04-27,待人工复核
AUTO-20260427-3ADCAA1520,国家能源局西北监管局关于印发《西北区域抽水蓄能电站参与跨省电力交易实施细则（试行）》的通知,国家能源局派出机构,国家能源局西北监管局,2025-05-15,,西北区域,监管规则,国家级,电力市场,电力交易;实施细则;跨省,B,中期参考型,现行有效,是,https://xbj.nea.gov.cn/dtyw/tzgg/202505/t20250515_281064.html,01_原始资料\官方政策\2025-05-15_西北区域_国家能源局派出机构_国家能源局西北监管局关于印发《西北区域抽水蓄能电站参与跨省电力交易实施细则（试行）》的通知.html; 03_处理后文本\2025-05-15_西北区域_国家能源局派出机构_国家能源局西北监管局关于印发《西北区域抽水蓄能电站参与跨省电力交易实施细则（试行）》的通知.txt; 01_原始资料\PDF附件\AUTO-20260427-3ADCAA1520_01_国家能源局西北监管局关于印发《西北区域抽水蓄能电站参与跨省电力交易实施细则（试行）》的通知.pdf_4ECD923C.pdf,,,国家能源局西北监管局关于印发《西北区域抽水蓄能电站参与跨省电力交易实施细则（... 2025-05-15,2026-04-27,待人工复核
AUTO-20260427-166CF8A8B5,华东能源监管局关于加强电力中长期批发交易监管的通知,国家能源局派出机构,国家能源局华东监管局,2025-12-23,,华东区域,监管规则,国家级,中长期,中长期,B,中期参考型,现行有效,是,https://hdj.nea.gov.cn/dtyw/tzgg/202512/P020251223588968488157.pdf,01_原始资料\官方政策\2025-12-23_华东区域_国家能源局派出机构_华东能源监管局关于加强电力中长期批发交易监管的通知_2025-12-23.pdf; 03_处理后文本\2025-12-23_华东区域_国家能源局派出机构_华东能源监管局关于加强电力中长期批发交易监管的通知_2025-12-23.ocr.txt,,,华东能源监管局关于加强电力中长期批发交易监管的通知 2025-12-23；OCR文本待人工复核,2026-04-27,待人工复核
AUTO-20260427-054169DB65,华中能源监管局关于印发《华中区域（东四省）电力互济交易实施细则》的通知,国家能源局派出机构,国家能源局华中监管局,2026-01-30,,华中区域,监管规则,国家级,电力市场,实施细则,B,中期参考型,现行有效,是,https://hzj.nea.gov.cn/dtyw/tzgg/202601/t20260130_295027.html,01_原始资料\官方政策\2026-01-30_华中区域_国家能源局派出机构_华中能源监管局关于印发《华中区域（东四省）电力互济交易实施细则》的通知.html; 03_处理后文本\2026-01-30_华中区域_国家能源局派出机构_华中能源监管局关于印发《华中区域（东四省）电力互济交易实施细则》的通知.txt; 01_原始资料\PDF附件\AUTO-20260427-054169DB65_01_华中区域（东四省）电力互济交易实施细则.pdf_9DB19070.pdf; 03_处理后文本\AUTO-20260427-054169DB65_01_华中区域（东四省）电力互济交易实施细则.pdf_9DB19070.txt,,,华中能源监管局关于印发《华中区域（东四省）电力互济交易实施细则》的通知 2026-01-30,2026-04-27,待人工复核
AUTO-20260427-2C79213C08,关于修订山东省电力中长期交易规则有关条款的通知,国家能源局派出机构,国家能源局山东监管办公室,2019-12-20,,山东,监管规则,国家级,中长期,交易规则;中长期,B,中期参考型,现行有效,是,https://sdb.nea.gov.cn/dtyw/tzgg/202309/t20230919_110409.html,01_原始资料\官方政策\2019-12-20_山东_国家能源局派出机构_关于修订山东省电力中长期交易规则有关条款的通知_国家能源局山东监管办公室.html; 03_处理后文本\2019-12-20_山东_国家能源局派出机构_关于修订山东省电力中长期交易规则有关条款的通知_国家能源局山东监管办公室.txt; 01_原始资料\PDF附件\AUTO-20260427-2C79213C08_01_1.《山东省电力中长期交易规则(试行)》有关修订条款_87234FE6.pdf; 01_原始资料\PDF附件\AUTO-20260427-2C79213C08_02_2.《山东省电力中长期交易规则(试行)》(修订版)_49A844EE.pdf; 03_处理后文本\AUTO-20260427-2C79213C08_01_1.《山东省电力中长期交易规则(试行)》有关修订条款_87234FE6.txt; 03_处理后文本\AUTO-20260427-2C79213C08_02_2.《山东省电力中长期交易规则(试行)》(修订版)_49A844EE.txt,,,关于修订山东省电力中长期交易规则有关条款的通知 2019-12-20,2026-04-27,待人工复核
AUTO-20260427-E6623247A3,山东能源监管办 山东省发展改革委 山东省能源局关于征求《山东省电力现货市场交易规则》、《山东省电力中长期市场交易规则》、《山东省电力零售市场交易规则》(征求意见稿)意见的通知,国家能源局派出机构,国家能源局山东监管办公室,2020-02-03,,山东,监管规则,国家级,现货,交易规则;现货,B,中期参考型,现行有效,是,https://sdb.nea.gov.cn/dtyw/tzgg/202309/t20230919_110414.html,01_原始资料\官方政策\2020-02-03_山东_国家能源局派出机构_山东能源监管办_山东省发展改革委_山东省能源局关于征求《山东省电力现货市场交易规则》、《山东省电力中长期市场交易规则》、《山东省电力零售市场交易规则》(征求意见稿)意见的通知_国家能源局山东监.html; 03_处理后文本\2020-02-03_山东_国家能源局派出机构_山东能源监管办_山东省发展改革委_山东省能源局关于征求《山东省电力现货市场交易规则》、《山东省电力中长期市场交易规则》、《山东省电力零售市场交易规则》(征求意见稿)意见的通知_国家能源局山东监.txt; 01_原始资料\PDF附件\AUTO-20260427-E6623247A3_01_1.山东省电力现货市场交易规则(第二次征求意见稿)_A3287DCE.pdf; 01_原始资料\PDF附件\AUTO-20260427-E6623247A3_02_2.山东省电力中长期市场交易规则(第二次征求意见稿)_B0B97AE8.pdf; 01_原始资料\PDF附件\AUTO-20260427-E6623247A3_03_3.山东省电力零售市场交易规则(征求意见稿)_9E53F540.pdf; 03_处理后文本\AUTO-20260427-E6623247A3_01_1.山东省电力现货市场交易规则(第二次征求意见稿)_A3287DCE.txt; 03_处理后文本\AUTO-20260427-E6623247A3_02_2.山东省电力中长期市场交易规则(第二次征求意见稿)_B0B97AE8.txt; 03_处理后文本\AUTO-20260427-E6623247A3_03_3.山东省电力零售市场交易规则(征求意见稿)_9E53F540.txt,,,山东能源监管办 山东省发展改革委 山东省能源局关于征求《山东省电力现货市场交易规则》、《... 2020-02-03,2026-04-27,待人工复核
AUTO-20260427-90D968B235,华中能源监管局关于印发《湖北电力调峰辅助服务市场运营规则（试行）》的通知,国家能源局派出机构,国家能源局华中监管局,2020-06-09,,华中区域,监管规则,国家级,辅助服务,运营规则;辅助服务;调峰,B,中期参考型,试行,是,https://hzj.nea.gov.cn/dtyw/tzgg/202310/t20231021_165543.html,01_原始资料\官方政策\2020-06-09_华中区域_国家能源局派出机构_华中能源监管局关于印发《湖北电力调峰辅助服务市场运营规则（试行）》的通知.html; 03_处理后文本\2020-06-09_华中区域_国家能源局派出机构_华中能源监管局关于印发《湖北电力调峰辅助服务市场运营规则（试行）》的通知.txt,,,华中能源监管局关于印发《湖北电力调峰辅助服务市场运营规则（试行）》的通知 2020-06-09,2026-04-27,待人工复核
AUTO-20260427-A0DD00C851,关于组织开展南方区域跨省电力备用辅助服务市场模拟试运行的通知,国家能源局派出机构,国家能源局南方监管局,2022-04-13,,南方区域,监管规则,国家级,辅助服务,辅助服务;备用;跨省,B,中期参考型,现行有效,是,http://nfj.nea.gov.cn/xxgk/fdzdgknr/scjg/202402/t20240208_240243.html,01_原始资料\官方政策\2022-04-13_南方区域_国家能源局派出机构_关于组织开展南方区域跨省电力备用辅助服务市场模拟试运行的通知.html; 03_处理后文本\2022-04-13_南方区域_国家能源局派出机构_关于组织开展南方区域跨省电力备用辅助服务市场模拟试运行的通知.txt; 01_原始资料\PDF附件\AUTO-20260427-A0DD00C851_01_1.关于组织开展南方区域跨省电力备用辅助服务市场模拟试运行的通知.pdf_2EC30C09.pdf; 03_处理后文本\AUTO-20260427-A0DD00C851_01_1.关于组织开展南方区域跨省电力备用辅助服务市场模拟试运行的通知.pdf_2EC30C09.txt,,,关于组织开展南方区域跨省电力备用辅助服务市场模拟试运行的通知 2022-04-13,2026-04-27,待人工复核
AUTO-20260427-6348CCF597,关于审定广西电力市场中长期电能量交易等实施细则的复函,国家能源局派出机构,国家能源局南方监管局,2022-04-18,,南方区域,监管规则,国家级,电力市场;中长期,电力市场;实施细则;中长期;电能量,B,中期参考型,现行有效,是,https://nfj.nea.gov.cn/xwzx/tzgg/202402/t20240208_245758.html,01_原始资料\官方政策\2022-04-18_南方区域_国家能源局派出机构_关于审定广西电力市场中长期电能量交易等实施细则的复函.html; 03_处理后文本\2022-04-18_南方区域_国家能源局派出机构_关于审定广西电力市场中长期电能量交易等实施细则的复函.txt; 01_原始资料\PDF附件\AUTO-20260427-6348CCF597_01_1.关于审定广西电力市场中长期电能量交易等实施细则的复函.pdf_F654F894.pdf; 03_处理后文本\AUTO-20260427-6348CCF597_01_1.关于审定广西电力市场中长期电能量交易等实施细则的复函.pdf_F654F894.txt,,,关于审定广西电力市场中长期电能量交易等实施细则的复函 2022-04-18,2026-04-27,待人工复核
AUTO-20260427-167238164B,国家能源局华中监管局关于《华中省间电力调峰及备用辅助服务市场运营规则（征求意见稿）》公开征求意见的通知,国家能源局派出机构,国家能源局华中监管局,2022-04-24,,华中区域,监管规则,国家级,辅助服务;省间交易,运营规则;辅助服务;调峰;备用;省间,B,中期参考型,现行有效,是,https://hzj.nea.gov.cn/dtyw/tzgg/202310/t20231021_165574.html,01_原始资料\官方政策\2022-04-24_华中区域_国家能源局派出机构_国家能源局华中监管局关于《华中省间电力调峰及备用辅助服务市场运营规则（征求意见稿）》公开征求意见的通知.html; 03_处理后文本\2022-04-24_华中区域_国家能源局派出机构_国家能源局华中监管局关于《华中省间电力调峰及备用辅助服务市场运营规则（征求意见稿）》公开征求意见的通知.txt; 01_原始资料\PDF附件\AUTO-20260427-167238164B_01_华中省间电力调峰及备用辅助服务市场运营规则（征求意见稿）.pdf_772EA35C.pdf; 03_处理后文本\AUTO-20260427-167238164B_01_华中省间电力调峰及备用辅助服务市场运营规则（征求意见稿）.pdf_772EA35C.txt,,,国家能源局华中监管局关于《华中省间电力调峰及备用辅助服务市场运营规则（征求意... 2022-04-24,2026-04-27,待人工复核
AUTO-20260427-3CFB9AC233,跨省跨区送电参与南方（以广东起步）现货市场偏差处理办法解读,国家能源局派出机构,国家能源局南方监管局,2022-08-01,,南方区域,监管规则,国家级,现货,现货;跨省;跨区,B,中期参考型,现行有效,是,https://nfj.nea.gov.cn/xwzx/tzgg/202402/t20240208_245790.html,01_原始资料\官方政策\2022-08-01_南方区域_国家能源局派出机构_跨省跨区送电参与南方（以广东起步）现货市场偏差处理办法解读.html; 03_处理后文本\2022-08-01_南方区域_国家能源局派出机构_跨省跨区送电参与南方（以广东起步）现货市场偏差处理办法解读.txt,,,跨省跨区送电参与南方（以广东起步）现货市场偏差处理办法解读 2022-08-01,2026-04-27,待人工复核
AUTO-20260427-A21D2B578A,关于印发《江西省电力中长期交易实施细则》的通知,国家能源局派出机构,国家能源局华中监管局,2022-08-18,,华中区域,监管规则,国家级,中长期,实施细则;中长期,B,中期参考型,现行有效,是,https://hzj.nea.gov.cn/dtyw/tzgg/202310/t20231021_165593.html,01_原始资料\官方政策\2022-08-18_华中区域_国家能源局派出机构_关于印发《江西省电力中长期交易实施细则》的通知.html; 03_处理后文本\2022-08-18_华中区域_国家能源局派出机构_关于印发《江西省电力中长期交易实施细则》的通知.txt; 01_原始资料\PDF附件\AUTO-20260427-A21D2B578A_01_江西省电力中长期交易实施细则.pdf_3B829A6F.pdf; 03_处理后文本\AUTO-20260427-A21D2B578A_01_江西省电力中长期交易实施细则.pdf_3B829A6F.txt,,,关于印发《江西省电力中长期交易实施细则》的通知 2022-08-18,2026-04-27,待人工复核
AUTO-20260427-F79895D50A,关于印发《重庆市电力中长期交易规则》的通知,国家能源局派出机构,国家能源局华中监管局,2022-09-28,,华中区域,监管规则,国家级,中长期,交易规则;中长期,B,中期参考型,现行有效,是,https://hzj.nea.gov.cn/dtyw/tzgg/202310/t20231021_165596.html,01_原始资料\官方政策\2022-09-28_华中区域_国家能源局派出机构_关于印发《重庆市电力中长期交易规则》的通知.html; 03_处理后文本\2022-09-28_华中区域_国家能源局派出机构_关于印发《重庆市电力中长期交易规则》的通知.txt; 01_原始资料\PDF附件\AUTO-20260427-F79895D50A_01_重庆市电力中长期交易规则_E1AC68E0.pdf; 03_处理后文本\AUTO-20260427-F79895D50A_01_重庆市电力中长期交易规则_E1AC68E0.txt,,,关于印发《重庆市电力中长期交易规则》的通知 2022-09-28,2026-04-27,待人工复核
AUTO-20260427-D122E3E18C,关于印发《重庆电力调频辅助服务市场运营规则》的通知,国家能源局派出机构,国家能源局华中监管局,2022-12-09,华中监能市场〔2022〕264号,华中区域,监管规则,国家级,辅助服务,运营规则;辅助服务;调频,B,中期参考型,现行有效,是,https://hzj.nea.gov.cn/dtyw/tzgg/202310/t20231021_165603.html,01_原始资料\官方政策\2022-12-09_华中区域_国家能源局派出机构_关于印发《重庆电力调频辅助服务市场运营规则》的通知.html; 03_处理后文本\2022-12-09_华中区域_国家能源局派出机构_关于印发《重庆电力调频辅助服务市场运营规则》的通知.txt; 01_原始资料\PDF附件\AUTO-20260427-D122E3E18C_01_重庆电力调频辅助服务市场运营规则.pdf_5D506D25.pdf; 03_处理后文本\AUTO-20260427-D122E3E18C_01_重庆电力调频辅助服务市场运营规则.pdf_5D506D25.txt,,,关于印发《重庆电力调频辅助服务市场运营规则》的通知 2022-12-09,2026-04-27,待人工复核
AUTO-20260427-9347AA22F9,华中能源监管局关于印发《江西电力调频辅助服务市场运营规则》的通知,国家能源局派出机构,国家能源局华中监管局,2022-12-29,,华中区域,监管规则,国家级,辅助服务,运营规则;辅助服务;调频,B,中期参考型,现行有效,是,https://hzj.nea.gov.cn/dtyw/tzgg/202310/t20231021_165604.html,01_原始资料\官方政策\2022-12-29_华中区域_国家能源局派出机构_华中能源监管局关于印发《江西电力调频辅助服务市场运营规则》的通知.html; 03_处理后文本\2022-12-29_华中区域_国家能源局派出机构_华中能源监管局关于印发《江西电力调频辅助服务市场运营规则》的通知.txt; 01_原始资料\PDF附件\AUTO-20260427-9347AA22F9_01_附件：江西电力调频辅助服务市场运营规则.pdf_6BDDF500.pdf; 03_处理后文本\AUTO-20260427-9347AA22F9_01_附件：江西电力调频辅助服务市场运营规则.pdf_6BDDF500.txt,,,华中能源监管局关于印发《江西电力调频辅助服务市场运营规则》的通知 2022-12-29,2026-04-27,待人工复核
AUTO-20260427-897D121E2E,国家能源局西北监管局 陕西省发展和改革委员会关于印发《陕西省电力中长期交易规则》的通知,国家能源局派出机构,国家能源局西北监管局,2023-05-15,西北监能市场〔2023〕3号,西北区域,监管规则,国家级,中长期,交易规则;中长期,B,中期参考型,现行有效,是,https://xbj.nea.gov.cn/dtyw/tzgg/202310/t20231013_147603.html,01_原始资料\官方政策\2023-05-15_西北区域_国家能源局派出机构_国家能源局西北监管局_陕西省发展和改革委员会关于印发《陕西省电力中长期交易规则》的通知.html; 03_处理后文本\2023-05-15_西北区域_国家能源局派出机构_国家能源局西北监管局_陕西省发展和改革委员会关于印发《陕西省电力中长期交易规则》的通知.txt; 01_原始资料\PDF附件\AUTO-20260427-897D121E2E_01_西北监能市场〔2023〕3号_-国家能源局西北监管局_陕西省发展和改革委员会关于印发《陕西省电力中长期交易规则》的通知.pdf_C41063F0.pdf,,,国家能源局西北监管局 陕西省发展和改革委员会关于印发《陕西省电力中长期交易规则... 2023-05-15,2026-04-27,待人工复核
AUTO-20260427-B436377657,关于印发《南方区域跨省（区）电力应急调度暂行规则》的通知,国家能源局派出机构,国家能源局南方监管局,2023-10-08,,南方区域,监管规则,国家级,电力市场,跨省,B,中期参考型,现行有效,是,https://nfj.nea.gov.cn/xwzx/tzgg/202402/t20240208_245918.html,01_原始资料\官方政策\2023-10-08_南方区域_国家能源局派出机构_关于印发《南方区域跨省（区）电力应急调度暂行规则》的通知.html; 03_处理后文本\2023-10-08_南方区域_国家能源局派出机构_关于印发《南方区域跨省（区）电力应急调度暂行规则》的通知.txt; 01_原始资料\PDF附件\AUTO-20260427-B436377657_01_2.关于印发《南方区域跨省（区）电力应急调度暂行规则》的通知.pdf_EDE321E1.pdf; 03_处理后文本\AUTO-20260427-B436377657_01_2.关于印发《南方区域跨省（区）电力应急调度暂行规则》的通知.pdf_EDE321E1.txt,,,关于印发《南方区域跨省（区）电力应急调度暂行规则》的通知 2023-10-08,2026-04-27,待人工复核
AUTO-20260427-4EB78C6B0F,上海电力中长期交易规则—绿色电力交易专章,国家能源局派出机构,国家能源局华东监管局,2024-10-28,发改能源〔2024〕1123号,华东区域,监管规则,国家级,中长期,电力交易;交易规则;中长期,B,中期参考型,现行有效,是,https://hdj.nea.gov.cn/dtyw/tzgg/202410/P020241028483509077634.pdf,01_原始资料\官方政策\2024-10-28_华东区域_国家能源局派出机构_上海电力中长期交易规则—绿色电力交易专章_2024-10-28.pdf; 03_处理后文本\2024-10-28_华东区域_国家能源局派出机构_上海电力中长期交易规则—绿色电力交易专章_2024-10-28.txt,,,上海电力中长期交易规则—绿色电力交易专章 2024-10-28,2026-04-27,待人工复核
AUTO-20260427-075F05064A,华东能源监管局关于扩展华东电力调峰辅助服务市场交易至日内...,国家能源局派出机构,国家能源局华东监管局,2024-12-13,中发〔2015〕9号,华东区域,监管规则,国家级,辅助服务,辅助服务;调峰,B,中期参考型,现行有效,是,https://hdj.nea.gov.cn/dtyw/tzgg/202412/P020241213517426410288.pdf,01_原始资料\官方政策\2024-12-13_华东区域_国家能源局派出机构_华东能源监管局关于扩展华东电力调峰辅助服务市场交易至日内..._2024-12-13.pdf; 03_处理后文本\2024-12-13_华东区域_国家能源局派出机构_华东能源监管局关于扩展华东电力调峰辅助服务市场交易至日内..._2024-12-13.txt,,,华东能源监管局关于扩展华东电力调峰辅助服务市场交易至日内... 2024-12-13,2026-04-27,待人工复核
AUTO-20260427-C52ED507A1,国家能源局南方监管局 广东省能源局关于印发《广东电力市场运行规则》的通知,国家能源局派出机构,国家能源局南方监管局,2025-02-17,,南方区域,监管规则,国家级,电力市场,电力市场,B,中期参考型,现行有效,是,https://nfj.nea.gov.cn/xwzx/tzgg/202502/t20250217_276657.html,01_原始资料\官方政策\2025-02-17_南方区域_国家能源局派出机构_国家能源局南方监管局_广东省能源局关于印发《广东电力市场运行规则》的通知.html; 03_处理后文本\2025-02-17_南方区域_国家能源局派出机构_国家能源局南方监管局_广东省能源局关于印发《广东电力市场运行规则》的通知.txt; 01_原始资料\PDF附件\AUTO-20260427-C52ED507A1_01_国家能源局南方监管局_广东省能源局关于印发《广东电力市场运行规则》的通知.pdf_BDFA7C53.pdf; 03_处理后文本\AUTO-20260427-C52ED507A1_01_国家能源局南方监管局_广东省能源局关于印发《广东电力市场运行规则》的通知.pdf_BDFA7C53.txt,,,国家能源局南方监管局 广东省能源局关于印发《广东电力市场运行规则》的通知 2025-02-17,2026-04-27,待人工复核
AUTO-20260427-8C78A58B24,关于印发《区域电网输电价格定价办法(试行)》《跨省跨区专项工程输电价格定价办法(试行)》和《关于制定地方电网和增量配电网配电价格的指导意见》的通知(发改价格规﹝2017﹞2269号),国家发展改革委,国家发展改革委,2018-01-03,,全国,官方政策,国家级,电力市场,跨省;跨区,A,长期有效型,试行,是,https://www.ndrc.gov.cn/xxgk/zcfb/ghxwj/201801/t20180103_960934.html,01_原始资料\官方政策\2018-01-03_全国_国家发展改革委_【关于印发《区域电网输电价格定价办法(试行)》《跨省跨区专项工程输电价格定价办法(试行)》和《关于制定地方电网和增量配电网配电价格的指导意见》的通知(发改价格规﹝2017﹞2269号)】-国家发展.html; 03_处理后文本\2018-01-03_全国_国家发展改革委_【关于印发《区域电网输电价格定价办法(试行)》《跨省跨区专项工程输电价格定价办法(试行)》和《关于制定地方电网和增量配电网配电价格的指导意见》的通知(发改价格规﹝2017﹞2269号)】-国家发展.txt; 01_原始资料\PDF附件\AUTO-20260427-8C78A58B24_01_1.区域电网输电价格定价办法（试行）_643BFB88.pdf; 01_原始资料\PDF附件\AUTO-20260427-8C78A58B24_02_2.跨省跨区专项工程输电价格定价办法（试行）_6E6A0C8C.pdf; 01_原始资料\PDF附件\AUTO-20260427-8C78A58B24_03_3.关于制定地方电网和增量配电网配电价格的指导意见_2982A39E.pdf; 03_处理后文本\AUTO-20260427-8C78A58B24_01_1.区域电网输电价格定价办法（试行）_643BFB88.txt; 03_处理后文本\AUTO-20260427-8C78A58B24_02_2.跨省跨区专项工程输电价格定价办法（试行）_6E6A0C8C.txt; 03_处理后文本\AUTO-20260427-8C78A58B24_03_3.关于制定地方电网和增量配电网配电价格的指导意见_2982A39E.txt,,,关于印发《区域电网输电价格定价办法(试行)》《跨省跨区专项工程输电价格定价办法(试行)》和《关于制定地方电网和增量配电网配电价格的指导意见》的通知(发改价格规﹝2017﹞2269号),2026-04-27,待人工复核
AUTO-20260427-51EB30208F,关于印发《跨省跨区专项工程输电价格定价办法》的通知(发改价格规〔2021〕1455号),国家发展改革委,国家发展改革委,2021-10-15,发改价格规〔2021〕1455号,全国,官方政策,国家级,电力市场,跨省;跨区,A,长期有效型,现行有效,是,https://www.ndrc.gov.cn/xxgk/zcfb/ghxwj/202110/t20211015_1299846.html,01_原始资料\官方政策\2021-10-15_全国_国家发展改革委_【关于印发《跨省跨区专项工程输电价格定价办法》的通知(发改价格规〔2021〕1455号)】-国家发展和改革委员会.html; 03_处理后文本\2021-10-15_全国_国家发展改革委_【关于印发《跨省跨区专项工程输电价格定价办法》的通知(发改价格规〔2021〕1455号)】-国家发展和改革委员会.txt; 01_原始资料\PDF附件\AUTO-20260427-51EB30208F_01_跨省跨区专项工程输电价格定价办法_5135E68A.pdf; 03_处理后文本\AUTO-20260427-51EB30208F_01_跨省跨区专项工程输电价格定价办法_5135E68A.txt,,,关于印发《跨省跨区专项工程输电价格定价办法》的通知(发改价格规〔2021〕1455号),2026-04-27,待人工复核
AUTO-20260427-DCD3AEB88C,关于印发《跨省跨区电力应急调度管理办法》的通知(发改运行规〔2025〕1193号),国家发展改革委,国家发展改革委,2025-10-13,发改运行规〔2025〕1193号,全国,官方政策,国家级,电力市场,跨省;跨区,A,长期有效型,现行有效,是,https://www.ndrc.gov.cn/xxgk/zcfb/ghxwj/202510/t20251013_1400912.html,01_原始资料\官方政策\2025-10-13_全国_国家发展改革委_【关于印发《跨省跨区电力应急调度管理办法》的通知(发改运行规〔2025〕1193号)】-国家发展和改革委员会.html; 03_处理后文本\2025-10-13_全国_国家发展改革委_【关于印发《跨省跨区电力应急调度管理办法》的通知(发改运行规〔2025〕1193号)】-国家发展和改革委员会.txt; 01_原始资料\PDF附件\AUTO-20260427-DCD3AEB88C_01_《跨省跨区电力应急调度管理办法》.pdf_1096ED9A.pdf; 03_处理后文本\AUTO-20260427-DCD3AEB88C_01_《跨省跨区电力应急调度管理办法》.pdf_1096ED9A.txt,,,关于印发《跨省跨区电力应急调度管理办法》的通知(发改运行规〔2025〕1193号),2026-04-27,待人工复核
AUTO-20260427-B0F72F5007,关于建立健全电力辅助服务市场价格机制的通知(发改价格〔2024〕196号),国家发展改革委,国家发展改革委-政策通知,2024-02-08,发改价格〔2024〕196号,全国,官方政策,国家级,辅助服务,辅助服务,A,长期有效型,现行有效,是,https://www.ndrc.gov.cn/xxgk/zcfb/tz/202402/t20240208_1364053.html,01_原始资料\官方政策\2024-02-08_全国_国家发展改革委_【关于建立健全电力辅助服务市场价格机制的通知(发改价格〔2024〕196号)】-国家发展和改革委员会.html; 03_处理后文本\2024-02-08_全国_国家发展改革委_【关于建立健全电力辅助服务市场价格机制的通知(发改价格〔2024〕196号)】-国家发展和改革委员会.txt,,,关于建立健全电力辅助服务市场价格机制的通知(发改价格〔2024〕196号),2026-04-27,待人工复核
AUTO-20260427-A0AD12B7E0,关于进一步加快电力现货市场建设工作的通知(发改办体改〔2023〕813号),国家发展改革委,国家发展改革委-政策通知,2023-11-01,发改办体改〔2023〕813号,全国,官方政策,国家级,现货,现货,A,长期有效型,现行有效,是,https://www.ndrc.gov.cn/xxgk/zcfb/tz/202311/t20231101_1361704.html,01_原始资料\官方政策\2023-11-01_全国_国家发展改革委_【关于进一步加快电力现货市场建设工作的通知(发改办体改〔2023〕813号)】-国家发展和改革委员会.html; 03_处理后文本\2023-11-01_全国_国家发展改革委_【关于进一步加快电力现货市场建设工作的通知(发改办体改〔2023〕813号)】-国家发展和改革委员会.txt,,,关于进一步加快电力现货市场建设工作的通知(发改办体改〔2023〕813号),2026-04-27,待人工复核
AUTO-20260427-49126C771F,印发《关于加快储气设施建设和完善储气调峰辅助服务市场机制的意见》的通知(发改能源规〔2018〕637号),国家发展改革委,国家发展改革委,2018-04-27,发改能源规〔2018〕637号,全国,官方政策,国家级,辅助服务,辅助服务;调峰,A,长期有效型,现行有效,是,https://www.ndrc.gov.cn/xxgk/zcfb/ghxwj/201804/t20180427_960946.html,01_原始资料\官方政策\2018-04-27_全国_国家发展改革委_【印发《关于加快储气设施建设和完善储气调峰辅助服务市场机制的意见》的通知(发改能源规〔2018〕637号)】-国家发展和改革委员会.html; 03_处理后文本\2018-04-27_全国_国家发展改革委_【印发《关于加快储气设施建设和完善储气调峰辅助服务市场机制的意见》的通知(发改能源规〔2018〕637号)】-国家发展和改革委员会.txt; 01_原始资料\PDF附件\AUTO-20260427-49126C771F_01_关于加快储气设施建设和完善储气调峰辅助服务市场机制的意见_FF70CB70.pdf; 03_处理后文本\AUTO-20260427-49126C771F_01_关于加快储气设施建设和完善储气调峰辅助服务市场机制的意见_FF70CB70.txt,,,印发《关于加快储气设施建设和完善储气调峰辅助服务市场机制的意见》的通知(发改能源规〔2018〕637号),2026-04-27,待人工复核
AUTO-20260427-7BEF23BDDE,印发《关于深化电力现货市场建设试点工作的意见》 的通知(发改办能源规〔2019〕828号),国家发展改革委,国家发展改革委,2019-08-07,发改办能源规〔2019〕828号,全国,官方政策,国家级,现货,现货,A,长期有效型,现行有效,是,https://www.ndrc.gov.cn/xxgk/zcfb/ghxwj/201908/t20190807_960970.html,01_原始资料\官方政策\2019-08-07_全国_国家发展改革委_【印发《关于深化电力现货市场建设试点工作的意见》_的通知(发改办能源规〔2019〕828号)】-国家发展和改革委员会.html; 03_处理后文本\2019-08-07_全国_国家发展改革委_【印发《关于深化电力现货市场建设试点工作的意见》_的通知(发改办能源规〔2019〕828号)】-国家发展和改革委员会.txt; 01_原始资料\PDF附件\AUTO-20260427-7BEF23BDDE_01_《关于深化电力现货市场建设试点工作的意见》_82FAAFE5.pdf; 03_处理后文本\AUTO-20260427-7BEF23BDDE_01_《关于深化电力现货市场建设试点工作的意见》_82FAAFE5.txt,,,印发《关于深化电力现货市场建设试点工作的意见》 的通知(发改办能源规〔2019〕828号),2026-04-27,待人工复核
AUTO-20260427-11E67EF119,关于印发《内蒙古电力多边交易市场规则体系》的通知,内蒙古自治区能源局,内蒙古自治区能源局,2024-12-27,内能源电力发〔2024〕33号,内蒙古自治区,官方政策,,电力市场,规则体系,A,长期有效型,现行有效,是,https://nyj.nmg.gov.cn/slh/tz/202412/t20241231_2646275.html,01_原始资料\官方政策\2024-12-27_内蒙古自治区_内蒙古自治区能源局_通知公告__内蒙古自治区能源局.html; 03_处理后文本\2024-12-27_内蒙古自治区_内蒙古自治区能源局_通知公告__内蒙古自治区能源局.txt,,,内蒙古自治区能源局 国家能源局华北监管局关于印发《内蒙古电力多边交易市场规则体系》的通知,2026-04-27,待人工复核
AUTO-20260427-33FCB0ED92,关于做好2025年内蒙古东部电力交易市场中长期交易有关事宜的通知,内蒙古自治区能源局,内蒙古自治区能源局,2024-12-19,,内蒙古自治区,官方政策,,中长期,电力交易;中长期,A,长期有效型,现行有效,是,https://nyj.nmg.gov.cn/slh/tz/202412/t20241220_2641262.html,01_原始资料\官方政策\2024-12-19_内蒙古自治区_内蒙古自治区能源局_通知公告__内蒙古自治区能源局.html; 03_处理后文本\2024-12-19_内蒙古自治区_内蒙古自治区能源局_通知公告__内蒙古自治区能源局.txt,,,内蒙古自治区能源局关于做好2025年内蒙古东部电力交易市场中长期交易有关事宜的通知,2026-04-27,待人工复核
AUTO-20260427-6861D688D2,关于做好2025年内蒙古电力多边交易市场中长期交易有关事宜的通知,内蒙古自治区能源局,内蒙古自治区能源局,2024-12-19,,内蒙古自治区,官方政策,,中长期,中长期,A,长期有效型,现行有效,是,https://nyj.nmg.gov.cn/slh/tz/202412/t20241220_2641194.html,01_原始资料\官方政策\2024-12-19_内蒙古自治区_内蒙古自治区能源局_通知公告__内蒙古自治区能源局.html; 03_处理后文本\2024-12-19_内蒙古自治区_内蒙古自治区能源局_通知公告__内蒙古自治区能源局.txt,,,内蒙古自治区能源局关于做好2025年内蒙古电力多边交易市场中长期交易有关事宜的通知,2026-04-27,待人工复核
AUTO-20260427-D2550973DB,广东省发展和改革委员会 - 广东省能源局 国家能源局南方监管局关于印发《广东省虚拟电厂参与电力市场交易实施方案》的通知,广东省能源局,广东省能源局,2024-11-18,,广东,官方政策,,电力市场,电力市场,A,长期有效型,现行有效,是,https://drc.gd.gov.cn/snyj/tzgg/content/post_4526577.html,01_原始资料\官方政策\2024-11-18_广东_广东省能源局_广东省发展和改革委员会_-_广东省能源局_国家能源局南方监管局关于印发《广东省虚拟电厂参与电力市场交易实施方案》的通知.html; 03_处理后文本\2024-11-18_广东_广东省能源局_广东省发展和改革委员会_-_广东省能源局_国家能源局南方监管局关于印发《广东省虚拟电厂参与电力市场交易实施方案》的通知.txt; 01_原始资料\PDF附件\AUTO-20260427-D2550973DB_01_附件：广东省虚拟电厂参与电力市场交易实施方案.pdf_AB551087.pdf; 03_处理后文本\AUTO-20260427-D2550973DB_01_附件：广东省虚拟电厂参与电力市场交易实施方案.pdf_AB551087.txt,,,广东省能源局 国家能源局南方监管局关于印发《广东省虚拟电厂参与电力市场交易实施方案》的通知11-18,2026-04-27,待人工复核
AUTO-20260427-8933E85058,广东省发展和改革委员会 - 广东省能源局 国家能源局南方监管局关于印发广东省抽水蓄能参与电力市场交易实施方案的通知,广东省能源局,广东省能源局,2024-07-17,,广东,官方政策,,电力市场,电力市场,A,长期有效型,现行有效,是,https://drc.gd.gov.cn/snyj/tzgg/content/post_4457025.html,01_原始资料\官方政策\2024-07-17_广东_广东省能源局_广东省发展和改革委员会_-_广东省能源局_国家能源局南方监管局关于印发广东省抽水蓄能参与电力市场交易实施方案的通知.html; 03_处理后文本\2024-07-17_广东_广东省能源局_广东省发展和改革委员会_-_广东省能源局_国家能源局南方监管局关于印发广东省抽水蓄能参与电力市场交易实施方案的通知.txt,,,广东省能源局 国家能源局南方监管局关于印发广东省抽水蓄能参与电力市场交易实施方案的通知07-17,2026-04-27,待人工复核
AUTO-20260427-EC4C5789C9,国家发改委国家能源局关于印发《电力中长期交易基本规则（暂行）》的通知,国家能源局派出机构,国家能源局山东监管办公室,2017-01-18,,山东,监管规则,国家级,中长期,中长期,B,中期参考型,现行有效,是,https://sdb.nea.gov.cn/dtyw/tzgg/202309/t20230919_110316.html,01_原始资料\官方政策\2017-01-18_山东_国家能源局派出机构_国家发改委国家能源局关于印发《电力中长期交易基本规则（暂行）》的通知_国家能源局山东监管办公室.html; 03_处理后文本\2017-01-18_山东_国家能源局派出机构_国家发改委国家能源局关于印发《电力中长期交易基本规则（暂行）》的通知_国家能源局山东监管办公室.txt; 01_原始资料\PDF附件\AUTO-20260427-EC4C5789C9_01_点击下载相关附件！_1573ED55.pdf; 03_处理后文本\AUTO-20260427-EC4C5789C9_01_点击下载相关附件！_1573ED55.txt,,,国家发改委国家能源局关于印发《电力中长期交易基本规则（暂行）》的通知 2017-01-18,2026-04-27,待人工复核
AUTO-20260427-0A3E4D6579,关于印发《山东电力辅助服务市场运营规则（试行）》的通知,国家能源局派出机构,国家能源局山东监管办公室,2017-06-05,,山东,监管规则,国家级,辅助服务,运营规则;辅助服务,B,中期参考型,试行,是,https://sdb.nea.gov.cn/dtyw/tzgg/202309/t20230919_110342.html,01_原始资料\官方政策\2017-06-05_山东_国家能源局派出机构_关于印发《山东电力辅助服务市场运营规则（试行）》的通知_国家能源局山东监管办公室.html; 03_处理后文本\2017-06-05_山东_国家能源局派出机构_关于印发《山东电力辅助服务市场运营规则（试行）》的通知_国家能源局山东监管办公室.txt; 01_原始资料\PDF附件\AUTO-20260427-0A3E4D6579_01_点击下载相关附件！_4AF7443C.pdf; 03_处理后文本\AUTO-20260427-0A3E4D6579_01_点击下载相关附件！_4AF7443C.txt,,,关于印发《山东电力辅助服务市场运营规则（试行）》的通知 2017-06-05,2026-04-27,待人工复核
AUTO-20260427-AD0E26D414,关于修订电力中长期交易规则的通知,国家能源局派出机构,国家能源局山东监管办公室,2017-08-30,,山东,监管规则,国家级,中长期,交易规则;中长期,B,中期参考型,现行有效,是,https://sdb.nea.gov.cn/dtyw/tzgg/202309/t20230919_110349.html,01_原始资料\官方政策\2017-08-30_山东_国家能源局派出机构_关于修订电力中长期交易规则的通知_国家能源局山东监管办公室.html; 03_处理后文本\2017-08-30_山东_国家能源局派出机构_关于修订电力中长期交易规则的通知_国家能源局山东监管办公室.txt; 01_原始资料\PDF附件\AUTO-20260427-AD0E26D414_01_点击下载相关附件！_E1C91E2F.pdf; 03_处理后文本\AUTO-20260427-AD0E26D414_01_点击下载相关附件！_E1C91E2F.txt,,,关于修订电力中长期交易规则的通知 2017-08-30,2026-04-27,待人工复核
AUTO-20260427-0378DA9BD2,关于修订山东省电力中长期交易规则的通知,国家能源局派出机构,国家能源局山东监管办公室,2017-12-08,,山东,监管规则,国家级,中长期,交易规则;中长期,B,中期参考型,现行有效,是,https://sdb.nea.gov.cn/dtyw/tzgg/202309/t20230919_110353.html,01_原始资料\官方政策\2017-12-08_山东_国家能源局派出机构_关于修订山东省电力中长期交易规则的通知_国家能源局山东监管办公室.html; 03_处理后文本\2017-12-08_山东_国家能源局派出机构_关于修订山东省电力中长期交易规则的通知_国家能源局山东监管办公室.txt; 01_原始资料\PDF附件\AUTO-20260427-0378DA9BD2_01_点击下载相关附件！_CE211FAA.pdf,,,关于修订山东省电力中长期交易规则的通知 2017-12-08,2026-04-27,待人工复核
AUTO-20260427-5F7D6C5FF5,关于征求《北京电力交易中心省间电力中长期交易实施细则（暂行）》意见的函,国家能源局派出机构,国家能源局山东监管办公室,2018-03-28,,山东,监管规则,国家级,中长期;省间交易,电力交易;实施细则;中长期;省间,B,中期参考型,现行有效,是,https://sdb.nea.gov.cn/dtyw/tzgg/202309/t20230919_110364.html,01_原始资料\官方政策\2018-03-28_山东_国家能源局派出机构_关于征求《北京电力交易中心省间电力中长期交易实施细则（暂行）》意见的函_国家能源局山东监管办公室.html; 03_处理后文本\2018-03-28_山东_国家能源局派出机构_关于征求《北京电力交易中心省间电力中长期交易实施细则（暂行）》意见的函_国家能源局山东监管办公室.txt; 01_原始资料\PDF附件\AUTO-20260427-5F7D6C5FF5_01_关于征求《北京电力交易中心省间电力中长期交易实施细则（暂行）》意见的函_E230224E.pdf; 01_原始资料\PDF附件\AUTO-20260427-5F7D6C5FF5_02_《北京电力交易中心省间电力中长期交易实施细则（暂行）》_6464574B.pdf; 03_处理后文本\AUTO-20260427-5F7D6C5FF5_01_关于征求《北京电力交易中心省间电力中长期交易实施细则（暂行）》意见的函_E230224E.txt; 03_处理后文本\AUTO-20260427-5F7D6C5FF5_02_《北京电力交易中心省间电力中长期交易实施细则（暂行）》_6464574B.txt,,,关于征求《北京电力交易中心省间电力中长期交易实施细则（暂行）》意见的函 2018-03-28,2026-04-27,待人工复核
AUTO-20260427-0276F5E7CC,关于修订《山东省电力市场监管办法(试行)》的通知,国家能源局派出机构,国家能源局山东监管办公室,2019-04-02,鲁监能市场〔2019〕45号,山东,监管规则,国家级,电力市场,电力市场;市场监管,B,中期参考型,试行,是,https://sdb.nea.gov.cn/dtyw/tzgg/202309/t20230919_110393.html,01_原始资料\官方政策\2019-04-02_山东_国家能源局派出机构_关于修订《山东省电力市场监管办法(试行)》的通知_国家能源局山东监管办公室.html; 03_处理后文本\2019-04-02_山东_国家能源局派出机构_关于修订《山东省电力市场监管办法(试行)》的通知_国家能源局山东监管办公室.txt; 01_原始资料\PDF附件\AUTO-20260427-0276F5E7CC_01_1.《山东省电力市场监管办法(试行)》有关修订条款_9760803C.pdf; 01_原始资料\PDF附件\AUTO-20260427-0276F5E7CC_02_2.《山东省电力市场监管办法(试行)》(修订版)_9816B3C9.pdf; 03_处理后文本\AUTO-20260427-0276F5E7CC_01_1.《山东省电力市场监管办法(试行)》有关修订条款_9760803C.txt; 03_处理后文本\AUTO-20260427-0276F5E7CC_02_2.《山东省电力市场监管办法(试行)》(修订版)_9816B3C9.txt,,,关于修订《山东省电力市场监管办法(试行)》的通知 2019-04-02,2026-04-27,待人工复核
AUTO-20260427-9AE540E7CE,关于征求《山东省电力现货市场交易规则》《山东省电力中长期市场交易规则》(征求意见稿)意见的通知,国家能源局派出机构,国家能源局山东监管办公室,2019-06-12,鲁监能市场函〔2019〕43号,山东,监管规则,国家级,中长期;现货,交易规则;中长期;现货,B,中期参考型,征求意见,是,https://sdb.nea.gov.cn/dtyw/tzgg/202309/t20230919_110398.html,01_原始资料\官方政策\2019-06-12_山东_国家能源局派出机构_关于征求《山东省电力现货市场交易规则》《山东省电力中长期市场交易规则》(征求意见稿)意见的通知_国家能源局山东监管办公室.html; 03_处理后文本\2019-06-12_山东_国家能源局派出机构_关于征求《山东省电力现货市场交易规则》《山东省电力中长期市场交易规则》(征求意见稿)意见的通知_国家能源局山东监管办公室.txt; 01_原始资料\PDF附件\AUTO-20260427-9AE540E7CE_01_1.山东省电力现货市场交易规则(征求意见稿)_16E3471A.pdf; 01_原始资料\PDF附件\AUTO-20260427-9AE540E7CE_02_2.山东省电力中长期市场交易规则(征求意见稿)_38382E1A.pdf; 01_原始资料\PDF附件\AUTO-20260427-9AE540E7CE_03_3.两个规则编制说明_EA015669.pdf; 03_处理后文本\AUTO-20260427-9AE540E7CE_01_1.山东省电力现货市场交易规则(征求意见稿)_16E3471A.txt; 03_处理后文本\AUTO-20260427-9AE540E7CE_02_2.山东省电力中长期市场交易规则(征求意见稿)_38382E1A.txt; 03_处理后文本\AUTO-20260427-9AE540E7CE_03_3.两个规则编制说明_EA015669.txt,,,关于征求《山东省电力现货市场交易规则》《山东省电力中长期市场交易规则》(征求意见稿)意见... 2019-06-12,2026-04-27,待人工复核
AUTO-20260427-5D282BE538,关于对山东广能节能科技有限公司违反电力市场交易规则情况的通报,国家能源局派出机构,国家能源局山东监管办公室,2019-12-25,,山东,监管规则,国家级,电力市场,电力市场;交易规则,B,中期参考型,现行有效,是,https://sdb.nea.gov.cn/dtyw/tzgg/202309/t20230919_110411.html,01_原始资料\官方政策\2019-12-25_山东_国家能源局派出机构_关于对山东广能节能科技有限公司违反电力市场交易规则情况的通报_国家能源局山东监管办公室.html; 03_处理后文本\2019-12-25_山东_国家能源局派出机构_关于对山东广能节能科技有限公司违反电力市场交易规则情况的通报_国家能源局山东监管办公室.txt; 01_原始资料\PDF附件\AUTO-20260427-5D282BE538_01_点击下载相关附件！_C5D7090A.pdf; 03_处理后文本\AUTO-20260427-5D282BE538_01_点击下载相关附件！_C5D7090A.txt,,,关于对山东广能节能科技有限公司违反电力市场交易规则情况的通报 2019-12-25,2026-04-27,待人工复核
AUTO-20260427-D51C84C078,关于征求山东电力现货市场结算试运行有关市场参数意见的公告,国家能源局派出机构,国家能源局山东监管办公室,2020-07-17,,山东,监管规则,国家级,现货;计量结算,现货;结算,B,中期参考型,现行有效,是,https://sdb.nea.gov.cn/dtyw/tzgg/202309/t20230919_110426.html,01_原始资料\官方政策\2020-07-17_山东_国家能源局派出机构_关于征求山东电力现货市场结算试运行有关市场参数意见的公告_国家能源局山东监管办公室.html; 03_处理后文本\2020-07-17_山东_国家能源局派出机构_关于征求山东电力现货市场结算试运行有关市场参数意见的公告_国家能源局山东监管办公室.txt,,,关于征求山东电力现货市场结算试运行有关市场参数意见的公告 2020-07-17,2026-04-27,待人工复核
AUTO-20260427-3CAEDBBD74,国家能源局华中监管局 江西省能源局关于印发《江西省电力辅助服务市场运营规则（试行）》的通知,国家能源局派出机构,国家能源局华中监管局,2020-11-05,华中监能市场〔2020〕187号,华中区域,监管规则,国家级,辅助服务,运营规则;辅助服务,B,中期参考型,现行有效,是,https://hzj.nea.gov.cn/dtyw/tzgg/202310/t20231021_165550.html,01_原始资料\官方政策\2020-11-05_华中区域_国家能源局派出机构_国家能源局华中监管局_江西省能源局关于印发《江西省电力辅助服务市场运营规则（试行）》的通知.html; 03_处理后文本\2020-11-05_华中区域_国家能源局派出机构_国家能源局华中监管局_江西省能源局关于印发《江西省电力辅助服务市场运营规则（试行）》的通知.txt,,,国家能源局华中监管局 江西省能源局关于印发《江西省电力辅助服务市场运营规则（试... 2020-11-05,2026-04-27,待人工复核
AUTO-20260427-FA91B2D801,华北能源监管局关于再次征求华北电力调峰容量市场运营规则意见通知,国家能源局派出机构,国家能源局华北监管局,2021-09-06,,华北区域,监管规则,国家级,电力市场,运营规则;调峰,B,中期参考型,现行有效,是,https://hbj.nea.gov.cn/dtyw/tzgg/202309/t20230925_120322.html,01_原始资料\官方政策\2021-09-06_华北区域_国家能源局派出机构_华北能源监管局关于再次征求华北电力调峰容量市场运营规则意见通知.html; 03_处理后文本\2021-09-06_华北区域_国家能源局派出机构_华北能源监管局关于再次征求华北电力调峰容量市场运营规则意见通知.txt,,,华北能源监管局关于再次征求华北电力调峰容量市场运营规则意见通知 2021-09-06,2026-04-27,待人工复核
AUTO-20260427-12E862EC73,华中电力调峰辅助服务市场省间调峰辅助服 务河南电网售出电量分摊细则,国家能源局派出机构,国家能源局华中监管局,2021-09-10,,华中区域,监管规则,国家级,辅助服务;省间交易,辅助服务;调峰;省间,B,中期参考型,现行有效,是,https://hzj.nea.gov.cn/dtyw/tzgg/202310/t20231021_165561.html,01_原始资料\官方政策\2021-09-10_华中区域_国家能源局派出机构_华中电力调峰辅助服务市场省间调峰辅助服_务河南电网售出电量分摊细则.html; 03_处理后文本\2021-09-10_华中区域_国家能源局派出机构_华中电力调峰辅助服务市场省间调峰辅助服_务河南电网售出电量分摊细则.txt,,,华中能源监管局关于印发修订《华中电力调峰辅助服务市场省间调峰辅助服务河南电网... 2021-09-10,2026-04-27,待人工复核
AUTO-20260427-D18D54C2E0,华中能源监管局关于印发《新型市场主体参与华中电力调峰辅助服务市场规则（试行）》的通知,国家能源局派出机构,国家能源局华中监管局,2021-11-23,,华中区域,监管规则,国家级,电力市场;辅助服务,辅助服务;调峰,B,中期参考型,试行,是,https://hzj.nea.gov.cn/dtyw/tzgg/202310/t20231021_165565.html,01_原始资料\官方政策\2021-11-23_华中区域_国家能源局派出机构_华中能源监管局关于印发《新型市场主体参与华中电力调峰辅助服务市场规则（试行）》的通知.html; 03_处理后文本\2021-11-23_华中区域_国家能源局派出机构_华中能源监管局关于印发《新型市场主体参与华中电力调峰辅助服务市场规则（试行）》的通知.txt; 01_原始资料\PDF附件\AUTO-20260427-D18D54C2E0_01_附件：新型市场主体参与华中电力调峰辅助服务市场规则（试行）.pdf_EC4948AD.pdf; 03_处理后文本\AUTO-20260427-D18D54C2E0_01_附件：新型市场主体参与华中电力调峰辅助服务市场规则（试行）.pdf_EC4948AD.txt,,,华中能源监管局关于印发《新型市场主体参与华中电力调峰辅助服务市场规则（试行）... 2021-11-23,2026-04-27,待人工复核
AUTO-20260427-F61B124506,华中能源监管局 四川能源监管办关于印发《川渝一体化电力调峰辅助服务市场运营规则（试行）》的通知,国家能源局派出机构,国家能源局华中监管局,2021-11-25,华中监能市场〔2021〕278号,华中区域,监管规则,国家级,辅助服务,运营规则;辅助服务;调峰,B,中期参考型,现行有效,是,https://hzj.nea.gov.cn/dtyw/tzgg/202310/t20231021_165566.html,01_原始资料\官方政策\2021-11-25_华中区域_国家能源局派出机构_华中能源监管局_四川能源监管办关于印发《川渝一体化电力调峰辅助服务市场运营规则（试行）》的通知.html; 03_处理后文本\2021-11-25_华中区域_国家能源局派出机构_华中能源监管局_四川能源监管办关于印发《川渝一体化电力调峰辅助服务市场运营规则（试行）》的通知.txt; 01_原始资料\PDF附件\AUTO-20260427-F61B124506_01_附件：川渝一体化电力调峰辅助服务市场运营规则（试行）.pdf_AECC2212.pdf; 03_处理后文本\AUTO-20260427-F61B124506_01_附件：川渝一体化电力调峰辅助服务市场运营规则（试行）.pdf_AECC2212.txt,,,华中能源监管局 四川能源监管办关于印发《川渝一体化电力调峰辅助服务市场运营规则... 2021-11-25,2026-04-27,待人工复核
AUTO-20260427-20E8A38E78,华北能源监管局关于明确2022年京津唐电网电力中长期交易有关事项的通知,国家能源局派出机构,国家能源局华北监管局,2021-12-20,华北监能市场〔2021〕212号,华北区域,监管规则,国家级,中长期,中长期,B,中期参考型,现行有效,是,https://hbj.nea.gov.cn/dtyw/tzgg/202309/t20230925_120343.html,01_原始资料\官方政策\2021-12-20_华北区域_国家能源局派出机构_华北能源监管局关于明确2022年京津唐电网电力中长期交易有关事项的通知.html; 03_处理后文本\2021-12-20_华北区域_国家能源局派出机构_华北能源监管局关于明确2022年京津唐电网电力中长期交易有关事项的通知.txt,,,华北能源监管局关于明确2022年京津唐电网电力中长期交易有关事项的通知 2021-12-20,2026-04-27,待人工复核
AUTO-20260427-ACF967E65E,华中能源监管局关于印发《华中区域电力市场信息披露办法》的通知,国家能源局派出机构,国家能源局华中监管局,2022-04-01,,华中区域,监管规则,国家级,电力市场,电力市场,B,中期参考型,现行有效,是,https://hzj.nea.gov.cn/dtyw/tzgg/202310/t20231021_165573.html,01_原始资料\官方政策\2022-04-01_华中区域_国家能源局派出机构_华中能源监管局关于印发《华中区域电力市场信息披露办法》的通知.html; 03_处理后文本\2022-04-01_华中区域_国家能源局派出机构_华中能源监管局关于印发《华中区域电力市场信息披露办法》的通知.txt; 01_原始资料\PDF附件\AUTO-20260427-ACF967E65E_01_附件：华中区域电力市场信息披露办法.pdf_E25D4306.pdf; 03_处理后文本\AUTO-20260427-ACF967E65E_01_附件：华中区域电力市场信息披露办法.pdf_E25D4306.txt,,,华中能源监管局关于印发《华中区域电力市场信息披露办法》的通知 2022-04-01,2026-04-27,待人工复核
AUTO-20260427-46701D6E76,国家能源局华中监管局 湖北省能源局 关于印发《湖北省电力中长期交易实施 细则》的通知,国家能源局派出机构,国家能源局华中监管局,2022-08-19,,华中区域,监管规则,国家级,中长期,中长期,B,中期参考型,现行有效,是,https://hzj.nea.gov.cn/dtyw/tzgg/202310/t20231021_165594.html,01_原始资料\官方政策\2022-08-19_华中区域_国家能源局派出机构_国家能源局华中监管局_湖北省能源局_关于印发《湖北省电力中长期交易实施_细则》的通知.html; 03_处理后文本\2022-08-19_华中区域_国家能源局派出机构_国家能源局华中监管局_湖北省能源局_关于印发《湖北省电力中长期交易实施_细则》的通知.txt; 01_原始资料\PDF附件\AUTO-20260427-46701D6E76_01_湖北省电力中长期交易实施细则.pdf_D6169C86.pdf; 03_处理后文本\AUTO-20260427-46701D6E76_01_湖北省电力中长期交易实施细则.pdf_D6169C86.txt,,,国家能源局华中监管局 湖北省能源局 关于印发《湖北省电力中长期交易实施 细则》的... 2022-08-19,2026-04-27,待人工复核
AUTO-20260427-D747CE2B16,关于印发《西藏电力辅助服务管理实施细则》《西藏电力并网运行管理实施细则》的通知,国家能源局派出机构,国家能源局华中监管局,2022-12-29,,华中区域,监管规则,国家级,辅助服务,实施细则;辅助服务,B,中期参考型,现行有效,是,https://hzj.nea.gov.cn/dtyw/tzgg/202310/t20231021_165605.html,01_原始资料\官方政策\2022-12-29_华中区域_国家能源局派出机构_关于印发《西藏电力辅助服务管理实施细则》《西藏电力并网运行管理实施细则》的通知.html; 03_处理后文本\2022-12-29_华中区域_国家能源局派出机构_关于印发《西藏电力辅助服务管理实施细则》《西藏电力并网运行管理实施细则》的通知.txt; 01_原始资料\PDF附件\AUTO-20260427-D747CE2B16_01_附件：《西藏电力辅助服务管理实施细则》《西藏电力并网运行管理实施细则》.pdf_0D162EFC.pdf,,,关于印发《西藏电力辅助服务管理实施细则》《西藏电力并网运行管理实施细则》的通知 2022-12-29,2026-04-27,待人工复核
AUTO-20260427-9BE26E7413,市工业和信息化局关于做好天津市2024年电力市场化交易工作的通知_委局文件_政务公开,天津市工业和信息化局,天津市工业和信息化局,2023-11-07,津工信电力〔2023〕23号,天津,官方政策,,电力市场,电力市场;市场化交易,A,长期有效型,现行有效,是,https://gyxxh.tj.gov.cn/ZWGK4147/ZCWJ6355/wjwj/202311/t20231107_6449862.html,01_原始资料\官方政策\2023-11-07_天津_天津市工业和信息化局_市工业和信息化局关于做好天津市2024年电力市场化交易工作的通知_委局文件_政务公开.html; 03_处理后文本\2023-11-07_天津_天津市工业和信息化局_市工业和信息化局关于做好天津市2024年电力市场化交易工作的通知_委局文件_政务公开.txt,,,市工业和信息化局关于做好天津市2024年电力市场化交易工作的通知2023-11-07,2026-04-27,待人工复核
AUTO-20260427-EE7FE966EB,关于印发《广东、广西、海南发电机组进入及退出商业运营实施细则》的通知,国家能源局派出机构,国家能源局南方监管局,2023-11-24,,南方区域,监管规则,国家级,电力市场,实施细则,B,中期参考型,现行有效,是,https://nfj.nea.gov.cn/xwzx/tzgg/202402/t20240208_245932.html,01_原始资料\官方政策\2023-11-24_南方区域_国家能源局派出机构_关于印发《广东、广西、海南发电机组进入及退出商业运营实施细则》的通知.html; 03_处理后文本\2023-11-24_南方区域_国家能源局派出机构_关于印发《广东、广西、海南发电机组进入及退出商业运营实施细则》的通知.txt; 01_原始资料\PDF附件\AUTO-20260427-EE7FE966EB_01_2.关于印发《广东、广西、海南发电机组进入及退出商业运营实施细则》的通知.pdf_D027E586.pdf; 03_处理后文本\AUTO-20260427-EE7FE966EB_01_2.关于印发《广东、广西、海南发电机组进入及退出商业运营实施细则》的通知.pdf_D027E586.txt,,,关于印发《广东、广西、海南发电机组进入及退出商业运营实施细则》的通知 2023-11-24,2026-04-27,待人工复核
AUTO-20260427-6122A07CB6,国家能源局西北监管局关于公开征求《西北区域跨省电力中长期交易实施细则（征求意见稿）》意见建议的通知,国家能源局派出机构,国家能源局西北监管局,2024-03-28,,西北区域,监管规则,国家级,中长期,实施细则;中长期;跨省,B,中期参考型,征求意见,是,https://xbj.nea.gov.cn/dtyw/tzgg/202403/t20240328_259809.html,01_原始资料\官方政策\2024-03-28_西北区域_国家能源局派出机构_国家能源局西北监管局关于公开征求《西北区域跨省电力中长期交易实施细则（征求意见稿）》意见建议的通知.html; 03_处理后文本\2024-03-28_西北区域_国家能源局派出机构_国家能源局西北监管局关于公开征求《西北区域跨省电力中长期交易实施细则（征求意见稿）》意见建议的通知.txt; 01_原始资料\PDF附件\AUTO-20260427-6122A07CB6_01_国家能源局西北监管局关于公开征求《西北区域跨省电力中长期交易实施细则（征求意见稿）》意见建议的通知.pdf_2581989F.pdf; 03_处理后文本\AUTO-20260427-6122A07CB6_01_国家能源局西北监管局关于公开征求《西北区域跨省电力中长期交易实施细则（征求意见稿）》意见建议的通知.pdf_2581989F.txt,,,国家能源局西北监管局关于公开征求《西北区域跨省电力中长期交易实施细则（征求意... 2024-03-28,2026-04-27,待人工复核
AUTO-20260427-3AAD7C60CC,长三角省市间富余新能源消纳互济交易规则（试行）,国家能源局派出机构,国家能源局华东监管局,2024-12-13,中发〔2015〕9号,华东区域,监管规则,国家级,新能源,交易规则,B,中期参考型,试行,是,https://hdj.nea.gov.cn/dtyw/tzgg/202412/P020241213517196349987.pdf,01_原始资料\官方政策\2024-12-13_华东区域_国家能源局派出机构_长三角省市间富余新能源消纳互济交易规则（试行）_2024-12-13.pdf; 03_处理后文本\2024-12-13_华东区域_国家能源局派出机构_长三角省市间富余新能源消纳互济交易规则（试行）_2024-12-13.txt,,,长三角省市间富余新能源消纳互济交易规则（试行） 2024-12-13,2026-04-27,待人工复核
AUTO-20260427-5E3CE632ED,市工业和信息化局等部门关于印发《天津市电力需求侧管理实施细则》的通知_委局文件_政务公开,天津市工业和信息化局,天津市工业和信息化局,2025-11-25,津工信规〔2025〕1号,天津,官方政策,,电力市场,实施细则,A,长期有效型,现行有效,是,https://gyxxh.tj.gov.cn/ZWGK4147/ZCWJ6355/wjwj/202505/t20250515_6931797.html,01_原始资料\官方政策\2025-11-25_天津_天津市工业和信息化局_市工业和信息化局等部门关于印发《天津市电力需求侧管理实施细则》的通知_委局文件_政务公开.html; 03_处理后文本\2025-11-25_天津_天津市工业和信息化局_市工业和信息化局等部门关于印发《天津市电力需求侧管理实施细则》的通知_委局文件_政务公开.txt,,,市工业和信息化局等部门关于印发《天津市电力需求侧管理实施细则》的通知2025-11-25,2026-04-27,待人工复核
AUTO-20260427-2C2D80BAFA,关于做好2021年电力中长期合同签订工作的通知(发改运行〔2020〕1784号),国家发展改革委,国家发展改革委-政策通知,2020-12-02,发改运行〔2020〕1784号,全国,官方政策,国家级,中长期,中长期,A,长期有效型,现行有效,是,https://www.ndrc.gov.cn/xxgk/zcfb/tz/202012/t20201202_1252094.html,01_原始资料\官方政策\2020-12-02_全国_国家发展改革委_【关于做好2021年电力中长期合同签订工作的通知(发改运行〔2020〕1784号)】-国家发展和改革委员会.html; 03_处理后文本\2020-12-02_全国_国家发展改革委_【关于做好2021年电力中长期合同签订工作的通知(发改运行〔2020〕1784号)】-国家发展和改革委员会.txt; 01_原始资料\PDF附件\AUTO-20260427-2C2D80BAFA_01_各省级电网典型电力负荷曲线_2802AB6A.pdf; 03_处理后文本\AUTO-20260427-2C2D80BAFA_01_各省级电网典型电力负荷曲线_2802AB6A.txt,,,关于做好2021年电力中长期合同签订工作的通知(发改运行〔2020〕1784号),2026-04-27,待人工复核
AUTO-20260427-BD45999335,关于做好2023年电力中长期合同签订履约工作的通知(发改运行〔2022〕1861号),国家发展改革委,国家发展改革委-政策通知,2022-12-21,发改运行〔2022〕1861号,全国,官方政策,国家级,中长期,中长期,A,长期有效型,现行有效,是,https://www.ndrc.gov.cn/xxgk/zcfb/tz/202212/t20221222_1343756.html,01_原始资料\官方政策\2022-12-21_全国_国家发展改革委_【关于做好2023年电力中长期合同签订履约工作的通知(发改运行〔2022〕1861号)】-国家发展和改革委员会.html; 03_处理后文本\2022-12-21_全国_国家发展改革委_【关于做好2023年电力中长期合同签订履约工作的通知(发改运行〔2022〕1861号)】-国家发展和改革委员会.txt,,,关于做好2023年电力中长期合同签订履约工作的通知(发改运行〔2022〕1861号),2026-04-27,待人工复核
AUTO-20260427-B903E2C09B,关于做好发电供热企业直保煤炭中长期合同全覆盖铁路运力保障有关工作的通知(发改办运行〔2021〕750号),国家发展改革委,国家发展改革委-政策通知,2021-09-29,发改办运行〔2021〕750号,全国,官方政策,国家级,中长期,中长期,A,长期有效型,现行有效,是,https://www.ndrc.gov.cn/xxgk/zcfb/tz/202109/t20210929_1298125.html,01_原始资料\官方政策\2021-09-29_全国_国家发展改革委_【关于做好发电供热企业直保煤炭中长期合同全覆盖铁路运力保障有关工作的通知(发改办运行〔2021〕750号)】-国家发展和改革委员会.html; 03_处理后文本\2021-09-29_全国_国家发展改革委_【关于做好发电供热企业直保煤炭中长期合同全覆盖铁路运力保障有关工作的通知(发改办运行〔2021〕750号)】-国家发展和改革委员会.txt,,,关于做好发电供热企业直保煤炭中长期合同全覆盖铁路运力保障有关工作的通知(发改办运行〔2021〕750号),2026-04-27,待人工复核
AUTO-20260427-C2621C7DE7,关于印发《“十四五”新型储能发展实施方案》的通知(发改能源〔2022〕209号),国家发展改革委,国家发展改革委-政策通知,2022-03-21,发改能源〔2022〕209号,全国,官方政策,国家级,储能,新型储能,A,长期有效型,现行有效,是,https://www.ndrc.gov.cn/xxgk/zcfb/tz/202203/t20220321_1319772.html,01_原始资料\官方政策\2022-03-21_全国_国家发展改革委_【关于印发《“十四五”新型储能发展实施方案》的通知(发改能源〔2022〕209号)】-国家发展和改革委员会.html; 03_处理后文本\2022-03-21_全国_国家发展改革委_【关于印发《“十四五”新型储能发展实施方案》的通知(发改能源〔2022〕209号)】-国家发展和改革委员会.txt; 01_原始资料\PDF附件\AUTO-20260427-C2621C7DE7_01_《“十四五”新型储能发展实施方案》_C07230B1.pdf; 03_处理后文本\AUTO-20260427-C2621C7DE7_01_《“十四五”新型储能发展实施方案》_C07230B1.txt,,,关于印发《“十四五”新型储能发展实施方案》的通知(发改能源〔2022〕209号),2026-04-27,待人工复核
AUTO-20260427-69BAE4E34E,关于建立煤电容量电价机制的通知(发改价格〔2023〕1501号),国家发展改革委,国家发展改革委-政策通知,2023-11-10,发改价格〔2023〕1501号,全国,官方政策,国家级,容量电价,容量电价,A,长期有效型,现行有效,是,https://www.ndrc.gov.cn/xxgk/zcfb/tz/202311/t20231110_1361897.html,01_原始资料\官方政策\2023-11-10_全国_国家发展改革委_【关于建立煤电容量电价机制的通知(发改价格〔2023〕1501号)】-国家发展和改革委员会.html; 03_处理后文本\2023-11-10_全国_国家发展改革委_【关于建立煤电容量电价机制的通知(发改价格〔2023〕1501号)】-国家发展和改革委员会.txt; 01_原始资料\PDF附件\AUTO-20260427-69BAE4E34E_01_省级电网煤电容量电价表.pdf_120758FE.pdf; 03_处理后文本\AUTO-20260427-69BAE4E34E_01_省级电网煤电容量电价表.pdf_120758FE.txt,,,关于建立煤电容量电价机制的通知(发改价格〔2023〕1501号),2026-04-27,待人工复核
AUTO-20260427-BCED5F5381,关于抽水蓄能电站容量电价及有关事项的通知(发改价格〔2023〕533号),国家发展改革委,国家发展改革委-政策通知,2023-05-15,发改价格〔2023〕533号,全国,官方政策,国家级,容量电价,容量电价,A,长期有效型,现行有效,是,https://www.ndrc.gov.cn/xxgk/zcfb/tz/202305/t20230515_1355744.html,01_原始资料\官方政策\2023-05-15_全国_国家发展改革委_【关于抽水蓄能电站容量电价及有关事项的通知(发改价格〔2023〕533号)】-国家发展和改革委员会.html; 03_处理后文本\2023-05-15_全国_国家发展改革委_【关于抽水蓄能电站容量电价及有关事项的通知(发改价格〔2023〕533号)】-国家发展和改革委员会.txt; 01_原始资料\PDF附件\AUTO-20260427-BCED5F5381_01_抽水蓄能电站容量电价表.pdf_DC1B3FDA.pdf; 03_处理后文本\AUTO-20260427-BCED5F5381_01_抽水蓄能电站容量电价表.pdf_DC1B3FDA.txt,,,关于抽水蓄能电站容量电价及有关事项的通知(发改价格〔2023〕533号),2026-04-27,待人工复核
AUTO-20260427-0ABCD56E46,关于进一步推动新型储能参与电力市场和调度运用的通知(发改办运行〔2022〕475号),国家发展改革委,国家发展改革委-政策通知,2022-06-07,发改办运行〔2022〕475号,全国,官方政策,国家级,电力市场;储能,电力市场;新型储能,A,长期有效型,现行有效,是,https://www.ndrc.gov.cn/xxgk/zcfb/tz/202206/t20220607_1326854.html,01_原始资料\官方政策\2022-06-07_全国_国家发展改革委_【关于进一步推动新型储能参与电力市场和调度运用的通知(发改办运行〔2022〕475号)】-国家发展和改革委员会.html; 03_处理后文本\2022-06-07_全国_国家发展改革委_【关于进一步推动新型储能参与电力市场和调度运用的通知(发改办运行〔2022〕475号)】-国家发展和改革委员会.txt,,,关于进一步推动新型储能参与电力市场和调度运用的通知(发改办运行〔2022〕475号),2026-04-27,待人工复核
AUTO-20260427-42E984C2AA,关于进一步深化燃煤发电上网电价市场化改革的通知(发改价格〔2021〕1439号),国家发展改革委,国家发展改革委-政策通知,2021-10-12,发改价格〔2021〕1439号,全国,官方政策,国家级,电力市场,上网电价,A,长期有效型,现行有效,是,https://www.ndrc.gov.cn/xxgk/zcfb/tz/202110/t20211012_1299461.html,01_原始资料\官方政策\2021-10-12_全国_国家发展改革委_【关于进一步深化燃煤发电上网电价市场化改革的通知(发改价格〔2021〕1439号)】-国家发展和改革委员会.html; 03_处理后文本\2021-10-12_全国_国家发展改革委_【关于进一步深化燃煤发电上网电价市场化改革的通知(发改价格〔2021〕1439号)】-国家发展和改革委员会.txt,,,关于进一步深化燃煤发电上网电价市场化改革的通知(发改价格〔2021〕1439号),2026-04-27,待人工复核
AUTO-20260427-6E98A81878,关于国家电网有限公司省间电力现货交易规则的复函(发改办体改〔2021〕837号),国家发展改革委,国家发展改革委-政策通知,2021-11-16,发改办体改〔2021〕837号,全国,官方政策,国家级,现货;省间交易,交易规则;现货;省间,A,长期有效型,现行有效,是,https://www.ndrc.gov.cn/xxgk/zcfb/tz/202111/t20211116_1304017.html,01_原始资料\官方政策\2021-11-16_全国_国家发展改革委_【关于国家电网有限公司省间电力现货交易规则的复函(发改办体改〔2021〕837号)】-国家发展和改革委员会.html; 03_处理后文本\2021-11-16_全国_国家发展改革委_【关于国家电网有限公司省间电力现货交易规则的复函(发改办体改〔2021〕837号)】-国家发展和改革委员会.txt,,,关于国家电网有限公司省间电力现货交易规则的复函(发改办体改〔2021〕837号),2026-04-27,待人工复核
AUTO-20260427-B85C17304B,关于印发《四川电力辅助服务市场交易实施细则》的通知,国家能源局四川监管办公室,国家能源局四川监管办公室,2025-12-22,,四川,监管规则,国家级,辅助服务,实施细则;辅助服务,B,中期参考型,现行有效,是,https://scb.nea.gov.cn/dtyw/tzgg/202512/P020251222570561450248.pdf,01_原始资料\官方政策\2025-12-22_四川_国家能源局四川监管办公室_关于印发《四川电力辅助服务市场交易实施细则》的通知_2025-12-22.pdf; 03_处理后文本\2025-12-22_四川_国家能源局四川监管办公室_关于印发《四川电力辅助服务市场交易实施细则》的通知_2025-12-22.ocr.txt,,,关于印发《四川电力辅助服务市场交易实施细则》的通知 2025-12-22；OCR文本待人工复核,2026-04-27,待人工复核
AUTO-20260427-C78A139FE6,关于印发《部分条款修订稿》的通知,国家能源局新疆监管办公室,国家能源局新疆监管办公室,2025-07-11,,新疆,监管规则,国家级,中长期,实施细则;中长期,B,中期参考型,现行有效,是,https://xjb.nea.gov.cn/dtyw/tzgg/202507/t20250711_284174.html,01_原始资料\官方政策\2025-07-11_新疆_国家能源局新疆监管办公室_关于印发《部分条款修订稿》的通知.html; 03_处理后文本\2025-07-11_新疆_国家能源局新疆监管办公室_关于印发《部分条款修订稿》的通知.txt; 01_原始资料\PDF附件\AUTO-20260427-C78A139FE6_01_《新疆电力中长期交易实施细则》部分条款修订稿.pdf_300CEB64.pdf; 03_处理后文本\AUTO-20260427-C78A139FE6_01_《新疆电力中长期交易实施细则》部分条款修订稿.pdf_300CEB64.txt,,,关于印发《<新疆电力中长期市场实施细则>部分条款修订稿》的通知 2025-07-11,2026-04-27,待人工复核
AUTO-20260427-F447945296,关于印发《新疆电力辅助服务市场实施细则》的通知,国家能源局新疆监管办公室,国家能源局新疆监管办公室,2025-07-11,,新疆,监管规则,国家级,辅助服务,实施细则;辅助服务,B,中期参考型,现行有效,是,https://xjb.nea.gov.cn/dtyw/tzgg/202507/t20250711_284173.html,01_原始资料\官方政策\2025-07-11_新疆_国家能源局新疆监管办公室_关于印发《新疆电力辅助服务市场实施细则》的通知.html; 03_处理后文本\2025-07-11_新疆_国家能源局新疆监管办公室_关于印发《新疆电力辅助服务市场实施细则》的通知.txt; 01_原始资料\PDF附件\AUTO-20260427-F447945296_01_《新疆电力辅助服务市场实施细则》.pdf_4F2B54EA.pdf; 03_处理后文本\AUTO-20260427-F447945296_01_《新疆电力辅助服务市场实施细则》.pdf_4F2B54EA.txt,,,关于印发《新疆电力辅助服务市场实施细则》的通知 2025-07-11,2026-04-27,待人工复核
AUTO-20260427-AB6A507796,关于印发《四川2026年电力市场交易总体方案》及《四川电力市场规则体系V4.0》的通知,四川省发展和改革委员会,四川省发展和改革委员会,2025-12-08,,四川,官方政策,,电力市场,电力市场;规则体系,A,长期有效型,现行有效,是,https://fgw.sc.gov.cn/sfgw/tzgg/2025/12/8/bc04db0a82d24e1cbae09083d59b25b4.shtml,01_原始资料\官方政策\2025-12-08_四川_四川省发展和改革委员会_关于印发《四川2026年电力市场交易总体方案》及《四川电力市场规则体系V4.0》的通知.html; 03_处理后文本\2025-12-08_四川_四川省发展和改革委员会_关于印发《四川2026年电力市场交易总体方案》及《四川电力市场规则体系V4.0》的通知.txt; 01_原始资料\PDF附件\AUTO-20260427-AB6A507796_01_四川2026年电力市场总体交易方案_DD5078D1.pdf; 01_原始资料\PDF附件\AUTO-20260427-AB6A507796_02_四川电力市场规则体系V4.0_612025EB.pdf; 03_处理后文本\AUTO-20260427-AB6A507796_01_四川2026年电力市场总体交易方案_DD5078D1.txt; 03_处理后文本\AUTO-20260427-AB6A507796_02_四川电力市场规则体系V4.0_612025EB.txt,,,关于印发《四川2026年电力市场交易总体方案》及《四川电力市场规则体系V4.0》的通知,2026-04-27,待人工复核
AUTO-20260427-B587DC0124,关于印发《四川电力市场结算细则V1.0）》的通知,四川省发展和改革委员会,四川省发展和改革委员会,2026-01-06,,四川,官方政策,,电力市场;计量结算,电力市场;结算,A,长期有效型,现行有效,是,https://fgw.sc.gov.cn/sfgw/tzgg/2026/1/6/596d7ac4fc8d4599aa4d0837cb77c8b3.shtml,01_原始资料\官方政策\2026-01-06_四川_四川省发展和改革委员会_关于印发《四川电力市场结算细则V1.0）》的通知.html; 03_处理后文本\2026-01-06_四川_四川省发展和改革委员会_关于印发《四川电力市场结算细则V1.0）》的通知.txt; 01_原始资料\PDF附件\AUTO-20260427-B587DC0124_01_四川电力市场结算细则V1.0_098F1810.pdf; 03_处理后文本\AUTO-20260427-B587DC0124_01_四川电力市场结算细则V1.0_098F1810.txt,,,关于印发《四川电力市场结算细则V1.0）》的通知,2026-04-27,待人工复核
AUTO-20260427-E1D1006CB7,关于印发《江苏省电力中长期市场实施细则（2026版）》的通知,国家能源局江苏监管办公室,国家能源局江苏监管办公室-通知,2026-03-06,,江苏,监管规则,国家级,中长期,实施细则;中长期,B,中期参考型,现行有效,是,https://jsb.nea.gov.cn/dtyw/tz/202603/t20260306_297521.html,01_原始资料\官方政策\2026-03-06_江苏_国家能源局江苏监管办公室_关于印发《江苏省电力中长期市场实施细则（2026版）》的通知_国家能源局江苏监管办公室.html; 03_处理后文本\2026-03-06_江苏_国家能源局江苏监管办公室_关于印发《江苏省电力中长期市场实施细则（2026版）》的通知_国家能源局江苏监管办公室.txt; 01_原始资料\PDF附件\AUTO-20260427-E1D1006CB7_01_江苏省电力中长期市场实施细则（2026版）.pdf_9003C71D.pdf; 03_处理后文本\AUTO-20260427-E1D1006CB7_01_江苏省电力中长期市场实施细则（2026版）.pdf_9003C71D.txt,,,关于印发《江苏省电力中长期市场实施细则（2026版）》的通知 2026-03-06,2026-04-27,待人工复核
AUTO-20260427-D816ADFC99,关于印发《新疆电力中长期市场实施细则》 的通知,国家能源局新疆监管办公室,国家能源局新疆监管办公室,2026-03-30,,新疆,监管规则,国家级,中长期,实施细则;中长期,B,中期参考型,现行有效,是,https://xjb.nea.gov.cn/dtyw/tzgg/202603/t20260330_298799.html,01_原始资料\官方政策\2026-03-30_新疆_国家能源局新疆监管办公室_关于印发《新疆电力中长期市场实施细则》_的通知.html; 03_处理后文本\2026-03-30_新疆_国家能源局新疆监管办公室_关于印发《新疆电力中长期市场实施细则》_的通知.txt; 01_原始资料\PDF附件\AUTO-20260427-D816ADFC99_01_关于印发《新疆电力中长期市场实施细则》的通知.pdf_12861473.pdf,,,关于印发《新疆电力中长期市场实施细则》 的通知 2026-03-30,2026-04-27,待人工复核
AUTO-20260427-B23CD79013,关于印发《江苏电力辅助服务（调峰）市场启停交易补充规则》的通知,国家能源局江苏监管办公室,国家能源局江苏监管办公室-通知,2019-09-30,,江苏,监管规则,国家级,辅助服务,辅助服务;调峰,B,中期参考型,现行有效,是,https://jsb.nea.gov.cn/dtyw/tz/202309/t20230910_32155.html,01_原始资料\官方政策\2019-09-30_江苏_国家能源局江苏监管办公室_关于印发《江苏电力辅助服务（调峰）市场启停交易补充规则》的通知_国家能源局江苏监管办公室.html; 03_处理后文本\2019-09-30_江苏_国家能源局江苏监管办公室_关于印发《江苏电力辅助服务（调峰）市场启停交易补充规则》的通知_国家能源局江苏监管办公室.txt,,,关于印发《江苏电力辅助服务（调峰）市场启停交易补充规则》的通知 2019-09-30,2026-04-27,待人工复核
AUTO-20260427-2C2684AFB7,关于印发《江苏电力辅助服务（调频）市场交易规则（试行）》的通知,国家能源局江苏监管办公室,国家能源局江苏监管办公室-通知,2020-07-03,,江苏,监管规则,国家级,辅助服务,交易规则;辅助服务;调频,B,中期参考型,试行,是,https://jsb.nea.gov.cn/dtyw/tz/202309/t20230910_32184.html,01_原始资料\官方政策\2020-07-03_江苏_国家能源局江苏监管办公室_关于印发《江苏电力辅助服务（调频）市场交易规则（试行）》的通知_国家能源局江苏监管办公室.html; 03_处理后文本\2020-07-03_江苏_国家能源局江苏监管办公室_关于印发《江苏电力辅助服务（调频）市场交易规则（试行）》的通知_国家能源局江苏监管办公室.txt; 01_原始资料\PDF附件\AUTO-20260427-2C2684AFB7_01_江苏电力辅助服务（调频）市场交易规则（试行）.pdf_BFA38857.pdf; 03_处理后文本\AUTO-20260427-2C2684AFB7_01_江苏电力辅助服务（调频）市场交易规则（试行）.pdf_BFA38857.txt,,,关于印发《江苏电力辅助服务（调频）市场交易规则（试行）》的通知 2020-07-03,2026-04-27,待人工复核
AUTO-20260427-A83640585B,关于印发《江苏电力市场用户可调负荷参与辅助服务市场交易规则（试行）》的通知,国家能源局江苏监管办公室,国家能源局江苏监管办公室-通知,2020-11-10,,江苏,监管规则,国家级,电力市场;辅助服务,电力市场;交易规则;辅助服务,B,中期参考型,试行,是,https://jsb.nea.gov.cn/dtyw/tz/202309/t20230910_32189.html,01_原始资料\官方政策\2020-11-10_江苏_国家能源局江苏监管办公室_关于印发《江苏电力市场用户可调负荷参与辅助服务市场交易规则（试行）》的通知_国家能源局江苏监管办公室.html; 03_处理后文本\2020-11-10_江苏_国家能源局江苏监管办公室_关于印发《江苏电力市场用户可调负荷参与辅助服务市场交易规则（试行）》的通知_国家能源局江苏监管办公室.txt; 01_原始资料\PDF附件\AUTO-20260427-A83640585B_01_江苏电力市场用户可调负荷参与辅助服务市场交易规则（试行）.pdf_631841F7.pdf; 03_处理后文本\AUTO-20260427-A83640585B_01_江苏电力市场用户可调负荷参与辅助服务市场交易规则（试行）.pdf_631841F7.txt,,,关于印发《江苏电力市场用户可调负荷参与辅助服务市场交易规则（试行）》的通知 2020-11-10,2026-04-27,待人工复核
AUTO-20260427-56F605665F,关于印发《江苏省电力中长期交易规则（2023版）》的通知,国家能源局江苏监管办公室,国家能源局江苏监管办公室-通知,2023-12-08,,江苏,监管规则,国家级,中长期,交易规则;中长期,B,中期参考型,现行有效,是,https://jsb.nea.gov.cn/dtyw/tz/202312/t20231220_221500.html,01_原始资料\官方政策\2023-12-08_江苏_国家能源局江苏监管办公室_关于印发《江苏省电力中长期交易规则（2023版）》的通知_国家能源局江苏监管办公室.html; 03_处理后文本\2023-12-08_江苏_国家能源局江苏监管办公室_关于印发《江苏省电力中长期交易规则（2023版）》的通知_国家能源局江苏监管办公室.txt; 01_原始资料\PDF附件\AUTO-20260427-56F605665F_01_江苏省电力中长期交易规则（2023版）.pdf_7345ACE2.pdf; 03_处理后文本\AUTO-20260427-56F605665F_01_江苏省电力中长期交易规则（2023版）.pdf_7345ACE2.txt,,,关于印发《江苏省电力中长期交易规则（2023版）》的通知 2023-12-08,2026-04-27,待人工复核
AUTO-20260427-3B4DEB2D95,浙江能源监管办 省发展改革委 省能源局关于印发《浙江电力现货市场规则》的通知,国家能源局浙江监管办公室,国家能源局浙江监管办公室,2024-04-08,浙监能市场〔2024〕4号,浙江,监管规则,国家级,电力市场;现货,现货,B,中期参考型,现行有效,是,https://zjb.nea.gov.cn/dtyw/tzgg/202404/P020240408500060021928.pdf,01_原始资料\官方政策\2024-04-08_浙江_国家能源局浙江监管办公室_浙江能源监管办_省发展改革委_省能源局关于印发《浙江电力现货市场规则》的通知_2024-04-08.pdf; 03_处理后文本\2024-04-08_浙江_国家能源局浙江监管办公室_浙江能源监管办_省发展改革委_省能源局关于印发《浙江电力现货市场规则》的通知_2024-04-08.txt,,,浙江能源监管办 省发展改革委 省能源局关于印发《浙江电力现货市场规则》的通知 2024-04-08,2026-04-27,待人工复核
AUTO-20260427-D808C3C69B,浙江能源监管办关于征求《关于做好浙江省长三角“两个细则”结算试运行有关事项的通知（征求意见稿）》意见的函,国家能源局浙江监管办公室,国家能源局浙江监管办公室,2025-06-30,浙发改价格〔2024〕21号,浙江,监管规则,国家级,计量结算,结算,B,中期参考型,现行有效,是,https://zjb.nea.gov.cn/dtyw/tzgg/202506/t20250630_283559.html,01_原始资料\官方政策\2025-06-30_浙江_国家能源局浙江监管办公室_浙江能源监管办关于征求《关于做好浙江省长三角“两个细则”结算试运行有关事项的通知（征求意见稿）》意见的函_国家能源局浙江监管办公室.html; 03_处理后文本\2025-06-30_浙江_国家能源局浙江监管办公室_浙江能源监管办关于征求《关于做好浙江省长三角“两个细则”结算试运行有关事项的通知（征求意见稿）》意见的函_国家能源局浙江监管办公室.txt; 01_原始资料\PDF附件\AUTO-20260427-D808C3C69B_01_浙江能源监管办关于征求《关于做好浙江省长三角“两个细则”结算试运行有关事项的通知（征求意见稿）》意见的函.PDF_D230C753.pdf; 01_原始资料\PDF附件\AUTO-20260427-D808C3C69B_02_华东能源监管局关于印发《长三角电力辅助服务管理实施细则（结算试运行稿）》和《长三角电力并网运行管理实施细则（结算试运行稿）》.pdf_B69ECFE6.pdf; 01_原始资料\PDF附件\AUTO-20260427-D808C3C69B_03_省发展改革委关于调整工商业峰谷分时电价政策有关事项的通知（浙发改价格〔2024〕21号）.pdf_AAD029CB.pdf; 03_处理后文本\AUTO-20260427-D808C3C69B_01_浙江能源监管办关于征求《关于做好浙江省长三角“两个细则”结算试运行有关事项的通知（征求意见稿）》意见的函.PDF_D230C753.txt; 03_处理后文本\AUTO-20260427-D808C3C69B_02_华东能源监管局关于印发《长三角电力辅助服务管理实施细则（结算试运行稿）》和《长三角电力并网运行管理实施细则（结算试运行稿）》.pdf_B69ECFE6.txt; 03_处理后文本\AUTO-20260427-D808C3C69B_03_省发展改革委关于调整工商业峰谷分时电价政策有关事项的通知（浙发改价格〔2024〕21号）.pdf_AAD029CB.txt,,,浙江能源监管办关于征求《关于做好浙江省长三角“两个细则”结算试运行有关事项的通知（征求... 2025-06-30,2026-04-27,待人工复核
AUTO-20260427-0B5231DDC9,关于公开征求《四川电力辅助服务市场交易实施细则（征求意见稿）》意见的通知,国家能源局四川监管办公室,国家能源局四川监管办公室,2025-08-20,,四川,监管规则,国家级,辅助服务,实施细则;辅助服务,B,中期参考型,征求意见,是,https://scb.nea.gov.cn/dtyw/tzgg/202508/P020250820624702758188.pdf,01_原始资料\官方政策\2025-08-20_四川_国家能源局四川监管办公室_关于公开征求《四川电力辅助服务市场交易实施细则（征求意见稿）》意见的通知_2025-08-20.pdf; 03_处理后文本\2025-08-20_四川_国家能源局四川监管办公室_关于公开征求《四川电力辅助服务市场交易实施细则（征求意见稿）》意见的通知_2025-08-20.ocr.txt,,,关于公开征求《四川电力辅助服务市场交易实施细则（征求意见稿）》意见的通知 2025-08-20；OCR文本待人工复核,2026-04-27,待人工复核
AUTO-20260427-AD1ACA65D0,关于公开征求《四川电力市场中长期交易规则（2024年修订版）补充修订条款》意见的通知,国家能源局四川监管办公室,国家能源局四川监管办公室,2025-11-25,,四川,监管规则,国家级,电力市场;中长期,电力市场;交易规则;中长期,B,中期参考型,征求意见,是,https://scb.nea.gov.cn/dtyw/tzgg/202511/t20251125_291078.html,01_原始资料\官方政策\2025-11-25_四川_国家能源局四川监管办公室_关于公开征求《四川电力市场中长期交易规则（2024年修订版）补充修订条款》意见的通知_国家能源局四川监管办公室.html; 03_处理后文本\2025-11-25_四川_国家能源局四川监管办公室_关于公开征求《四川电力市场中长期交易规则（2024年修订版）补充修订条款》意见的通知_国家能源局四川监管办公室.txt,,,关于公开征求《四川电力市场中长期交易规则（2024年修订版）补充修订条款》意见的通知 2025-11-25,2026-04-27,待人工复核
AUTO-20260427-04351EFDD0,关于印发2026年浙江省电力中长期交易合同示范文本的通知,国家能源局浙江监管办公室,国家能源局浙江监管办公室,2025-12-12,,浙江,监管规则,国家级,中长期,中长期,B,中期参考型,现行有效,是,https://zjb.nea.gov.cn/dtyw/tzgg/202512/t20251212_292246.html,01_原始资料\官方政策\2025-12-12_浙江_国家能源局浙江监管办公室_关于印发2026年浙江省电力中长期交易合同示范文本的通知_国家能源局浙江监管办公室.html; 03_处理后文本\2025-12-12_浙江_国家能源局浙江监管办公室_关于印发2026年浙江省电力中长期交易合同示范文本的通知_国家能源局浙江监管办公室.txt; 01_原始资料\PDF附件\AUTO-20260427-04351EFDD0_01_关于印发2026年浙江省电力中长期交易合同示范文本的通知.PDF_49C71E83.pdf; 01_原始资料\PDF附件\AUTO-20260427-04351EFDD0_02_附件1_浙江省电力中长期交易及输配电服务合同（示范文本，2026年版）.pdf_D9D06392.pdf; 01_原始资料\PDF附件\AUTO-20260427-04351EFDD0_03_附件2_浙江省绿色电力交易及输配电服务合同（示范文本，2026年版）.pdf_1801D548.pdf; 03_处理后文本\AUTO-20260427-04351EFDD0_02_附件1_浙江省电力中长期交易及输配电服务合同（示范文本，2026年版）.pdf_D9D06392.txt; 03_处理后文本\AUTO-20260427-04351EFDD0_03_附件2_浙江省绿色电力交易及输配电服务合同（示范文本，2026年版）.pdf_1801D548.txt,,,关于印发2026年浙江省电力中长期交易合同示范文本的通知 2025-12-12,2026-04-27,待人工复核
AUTO-20260427-E623436BEE,浙江能源监管办关于贯彻落实《电力市场信息披露基本规则》有关事项的通知,国家能源局浙江监管办公室,国家能源局浙江监管办公室,2025-12-20,浙监能市场〔2025〕13号,浙江,监管规则,国家级,电力市场,电力市场,B,中期参考型,现行有效,是,https://zjb.nea.gov.cn/dtyw/tzgg/202512/t20251220_292821.html,01_原始资料\官方政策\2025-12-20_浙江_国家能源局浙江监管办公室_浙江能源监管办关于贯彻落实《电力市场信息披露基本规则》有关事项的通知_国家能源局浙江监管办公室.html; 03_处理后文本\2025-12-20_浙江_国家能源局浙江监管办公室_浙江能源监管办关于贯彻落实《电力市场信息披露基本规则》有关事项的通知_国家能源局浙江监管办公室.txt; 01_原始资料\PDF附件\AUTO-20260427-E623436BEE_01_浙江能源监管办关于贯彻落实《电力市场信息披露基本规则》有关事项的通知（浙监能市场〔2025〕13号）.PDF_59103F8D.pdf; 03_处理后文本\AUTO-20260427-E623436BEE_01_浙江能源监管办关于贯彻落实《电力市场信息披露基本规则》有关事项的通知（浙监能市场〔2025〕13号）.PDF_59103F8D.txt,,,浙江能源监管办关于贯彻落实《电力市场信息披露基本规则》有关事项的通知 2025-12-20,2026-04-27,待人工复核
AUTO-20260427-3CBC11905B,关于印发《电力市场规则体系（V16.0）》的通知,山西省能源局,山西省能源局-政策文件检索电力,2025-12-29,晋能源电力发〔2025〕260号,山西,官方政策,,电力市场,电力市场;规则体系,A,长期有效型,现行有效,是,http://nyj.shanxi.gov.cn/zfxxgk/fdzdgknr/sjwj/202601/t20260126_10048484.shtml,01_原始资料\官方政策\2025-12-29_山西_山西省能源局_山西省能源局.html; 03_处理后文本\2025-12-29_山西_山西省能源局_山西省能源局.txt; 01_原始资料\PDF附件\AUTO-20260427-3CBC11905B_01_《电力市场规则体系（V16.0）》.pdf_6689E9AD.pdf; 03_处理后文本\AUTO-20260427-3CBC11905B_01_《电力市场规则体系（V16.0）》.pdf_6689E9AD.txt,,,山西省能源局 国家能源局山西监管办公室关于印发《电力市场规则体系（V16.0）》的通知,2026-04-27,待人工复核
AUTO-20260427-8B8776AC2F,关于印发《推动绿电直连项目有序建设实施方案》的通知,山西省能源局,山西省能源局-政策文件检索电力,2025-12-29,晋能源规发〔2025〕259号,山西,官方政策,,绿电,绿电,A,长期有效型,现行有效,是,http://nyj.shanxi.gov.cn/zfxxgk/fdzdgknr/sjwj/202601/t20260104_10031488.shtml,01_原始资料\官方政策\2025-12-29_山西_山西省能源局_一、总体要求.html; 03_处理后文本\2025-12-29_山西_山西省能源局_一、总体要求.txt,,,山西省能源局关于印发《推动绿电直连项目有序建设实施方案》的通知,2026-04-27,待人工复核
AUTO-20260427-1188644239,关于印发《江苏电力并网运行管理实施细则》《江苏电力辅助服务管理实施细则》的通知,国家能源局江苏监管办公室,国家能源局江苏监管办公室-通知,2025-12-30,,江苏,监管规则,国家级,辅助服务,实施细则;辅助服务,B,中期参考型,现行有效,是,https://jsb.nea.gov.cn/dtyw/tz/202512/t20251231_293387.html,01_原始资料\官方政策\2025-12-30_江苏_国家能源局江苏监管办公室_关于印发《江苏电力并网运行管理实施细则》《江苏电力辅助服务管理实施细则》的通知_国家能源局江苏监管办公室.html; 03_处理后文本\2025-12-30_江苏_国家能源局江苏监管办公室_关于印发《江苏电力并网运行管理实施细则》《江苏电力辅助服务管理实施细则》的通知_国家能源局江苏监管办公室.txt; 01_原始资料\PDF附件\AUTO-20260427-1188644239_01_《江苏电力并网运行管理实施细则》《江苏电力辅助服务管理实施细则》.pdf_4178D9F2.pdf; 03_处理后文本\AUTO-20260427-1188644239_01_《江苏电力并网运行管理实施细则》《江苏电力辅助服务管理实施细则》.pdf_4178D9F2.txt,,,关于印发《江苏电力并网运行管理实施细则》《江苏电力辅助服务管理实施细则》的通知 2025-12-30,2026-04-27,待人工复核
AUTO-20260427-D4EAEA6B13,关于征求四川电力中长期市场实施细则有关意见的函,国家能源局四川监管办公室,国家能源局四川监管办公室,2026-02-11,,四川,监管规则,国家级,中长期,实施细则;中长期,B,中期参考型,现行有效,是,https://scb.nea.gov.cn/dtyw/tzgg/202602/t20260211_295803.html,01_原始资料\官方政策\2026-02-11_四川_国家能源局四川监管办公室_关于征求四川电力中长期市场实施细则有关意见的函_国家能源局四川监管办公室.html; 03_处理后文本\2026-02-11_四川_国家能源局四川监管办公室_关于征求四川电力中长期市场实施细则有关意见的函_国家能源局四川监管办公室.txt,,,关于征求四川电力中长期市场实施细则有关意见的函 2026-02-11,2026-04-27,待人工复核
AUTO-20260427-3A34896615,关于开展江苏售电企业电力市场交易规则执行情况专项监管工作的通知,国家能源局江苏监管办公室,国家能源局江苏监管办公室-通知,2018-09-29,,江苏,监管规则,国家级,电力市场,电力市场;交易规则,B,中期参考型,现行有效,是,https://jsb.nea.gov.cn/dtyw/tz/202309/t20230910_32122.html,01_原始资料\官方政策\2018-09-29_江苏_国家能源局江苏监管办公室_关于开展江苏售电企业电力市场交易规则执行情况专项监管工作的通知_国家能源局江苏监管办公室.html; 03_处理后文本\2018-09-29_江苏_国家能源局江苏监管办公室_关于开展江苏售电企业电力市场交易规则执行情况专项监管工作的通知_国家能源局江苏监管办公室.txt,,,关于开展江苏售电企业电力市场交易规则执行情况专项监管工作的通知 2018-09-29,2026-04-27,待人工复核
AUTO-20260427-22A1964B41,关于印发《江苏省分布式发电市场化交易规则（试行）》的通知,国家能源局江苏监管办公室,国家能源局江苏监管办公室-通知,2019-12-09,,江苏,监管规则,国家级,电力市场,交易规则;市场化交易,B,中期参考型,试行,是,https://jsb.nea.gov.cn/dtyw/tz/202309/t20230910_32162.html,01_原始资料\官方政策\2019-12-09_江苏_国家能源局江苏监管办公室_关于印发《江苏省分布式发电市场化交易规则（试行）》的通知_国家能源局江苏监管办公室.html; 03_处理后文本\2019-12-09_江苏_国家能源局江苏监管办公室_关于印发《江苏省分布式发电市场化交易规则（试行）》的通知_国家能源局江苏监管办公室.txt,,,关于印发《江苏省分布式发电市场化交易规则（试行）》的通知 2019-12-09,2026-04-27,待人工复核
AUTO-20260427-9F3288D69E,关于印发《江苏省电力中长期交易规则》的通知,国家能源局江苏监管办公室,国家能源局江苏监管办公室-通知,2021-02-03,,江苏,监管规则,国家级,中长期,交易规则;中长期,B,中期参考型,现行有效,是,https://jsb.nea.gov.cn/dtyw/tz/202309/t20230910_32194.html,01_原始资料\官方政策\2021-02-03_江苏_国家能源局江苏监管办公室_关于印发《江苏省电力中长期交易规则》的通知_国家能源局江苏监管办公室.html; 03_处理后文本\2021-02-03_江苏_国家能源局江苏监管办公室_关于印发《江苏省电力中长期交易规则》的通知_国家能源局江苏监管办公室.txt; 01_原始资料\PDF附件\AUTO-20260427-9F3288D69E_01_江苏省电力中长期交易规则.pdf_F14F8959.pdf; 03_处理后文本\AUTO-20260427-9F3288D69E_01_江苏省电力中长期交易规则.pdf_F14F8959.txt,,,关于印发《江苏省电力中长期交易规则》的通知 2021-02-03,2026-04-27,待人工复核
AUTO-20260427-DD7C4546BF,关于征求《华东区域跨省电力中长期交易规则（修订稿）》意见的函,国家能源局浙江监管办公室,国家能源局浙江监管办公室,2022-05-27,浙监能便函〔2022〕116号,浙江,监管规则,国家级,中长期,交易规则;中长期;跨省,B,中期参考型,现行有效,是,https://zjb.nea.gov.cn/dtyw/tzgg/202309/t20230914_75882.html,01_原始资料\官方政策\2022-05-27_浙江_国家能源局浙江监管办公室_关于征求《华东区域跨省电力中长期交易规则（修订稿）》意见的函_国家能源局浙江监管办公室.html; 03_处理后文本\2022-05-27_浙江_国家能源局浙江监管办公室_关于征求《华东区域跨省电力中长期交易规则（修订稿）》意见的函_国家能源局浙江监管办公室.txt; 01_原始资料\PDF附件\AUTO-20260427-DD7C4546BF_01_浙江能源监管办关于征求《华东区域跨省电力中长期交易规则（修订稿）》意见的函（浙监能便函〔2022〕116号）.pdf_3BDE5154.pdf; 03_处理后文本\AUTO-20260427-DD7C4546BF_01_浙江能源监管办关于征求《华东区域跨省电力中长期交易规则（修订稿）》意见的函（浙监能便函〔2022〕116号）.pdf_3BDE5154.txt,,,关于征求《华东区域跨省电力中长期交易规则（修订稿）》意见的函 2022-05-27,2026-04-27,待人工复核
AUTO-20260427-FB654119A3,关于印发《新疆电力中长期市场实施细则》的通知,国家能源局新疆监管办公室,国家能源局新疆监管办公室,2023-01-04,,新疆,监管规则,国家级,中长期,实施细则;中长期,B,中期参考型,现行有效,是,https://xjb.nea.gov.cn/dtyw/tzgg/202309/t20230923_116566.html,01_原始资料\官方政策\2023-01-04_新疆_国家能源局新疆监管办公室_关于印发《新疆电力中长期市场实施细则》的通知.html; 03_处理后文本\2023-01-04_新疆_国家能源局新疆监管办公室_关于印发《新疆电力中长期市场实施细则》的通知.txt; 01_原始资料\PDF附件\AUTO-20260427-FB654119A3_01_关于印发《新疆电力中长期市场实施细则》的通知.pdf_510ADD92.pdf,,,关于印发《新疆电力中长期市场实施细则》的通知 2023-01-04,2026-04-27,待人工复核
AUTO-20260427-C4E6EA0484,关于印发山西省电力市场化交易专项整治工作方案的通知,山西省能源局,山西省能源局-政策文件检索电力,2023-10-20,晋能源电力发〔2023〕262号,山西,官方政策,,电力市场,电力市场;市场化交易,A,长期有效型,现行有效,是,http://nyj.shanxi.gov.cn/zfxxgk/fdzdgknr/sjwj/202312/t20231207_9440760.shtml,01_原始资料\官方政策\2023-10-20_山西_山西省能源局_山西省能源局.html; 03_处理后文本\2023-10-20_山西_山西省能源局_山西省能源局.txt,,,山西省能源局关于印发山西省电力市场化交易专项整治工作方案的通知,2026-04-27,待人工复核
AUTO-20260427-C3DDFE1C05,关于山西电力现货市场由试运行转正式运行的通知,山西省能源局,山西省能源局-政策文件检索电力,2023-12-22,晋能源电力发〔2023〕320号,山西,官方政策,,现货,现货,A,长期有效型,现行有效,是,http://nyj.shanxi.gov.cn/zfxxgk/fdzdgknr/sjwj/202312/t20231223_9451813.shtml,01_原始资料\官方政策\2023-12-22_山西_山西省能源局_山西省能源局.html; 03_处理后文本\2023-12-22_山西_山西省能源局_山西省能源局.txt,,,山西省能源局国家能源局山西监管办公室关于山西电力现货市场由试运行转正式运行的通知,2026-04-27,待人工复核
AUTO-20260427-A5A96B278D,关于印发电力市场规则体系（V14.0）的通知,山西省能源局,山西省能源局-政策文件检索电力,2024-01-24,晋能源规〔2024〕1号,山西,官方政策,,电力市场,电力市场;规则体系,A,长期有效型,现行有效,是,http://nyj.shanxi.gov.cn/zfxxgk/fdzdgknr/sjwj/202403/t20240311_9517331.shtml,01_原始资料\官方政策\2024-01-24_山西_山西省能源局_山西省能源局.html; 03_处理后文本\2024-01-24_山西_山西省能源局_山西省能源局.txt; 01_原始资料\PDF附件\AUTO-20260427-A5A96B278D_01_电力市场规则体系（V14.0）.pdf_BC18F9AE.pdf; 03_处理后文本\AUTO-20260427-A5A96B278D_01_电力市场规则体系（V14.0）.pdf_BC18F9AE.txt,,,山西省能源局国家能源局山西监管办公室关于印发电力市场规则体系（V14.0）的通知,2026-04-27,待人工复核
AUTO-20260427-98DA675CE3,关于印发电力市场规则体系（V14.0）的通知,山西省能源局,山西省能源局-政策文件检索电力,2024-01-24,晋能源规〔2024〕1号,山西,官方政策,,电力市场,电力市场;规则体系,A,长期有效型,现行有效,是,http://nyj.shanxi.gov.cn/zfxxgk/fdzdgknr/gfxwj/sx_82094/202403/t20240311_9517329.shtml,01_原始资料\官方政策\2024-01-24_山西_山西省能源局_山西省能源局.html; 03_处理后文本\2024-01-24_山西_山西省能源局_山西省能源局.txt; 01_原始资料\PDF附件\AUTO-20260427-98DA675CE3_01_电力市场规则体系（V14.0）.pdf_023EEEC9.pdf; 03_处理后文本\AUTO-20260427-98DA675CE3_01_电力市场规则体系（V14.0）.pdf_023EEEC9.txt,,,山西省能源局国家能源局山西监管办公室关于印发电力市场规则体系（V14.0）的通知,2026-04-27,待人工复核
AUTO-20260427-2A3ABE6092,浙江能源监管办关于印发2025年浙江省电力中长期交易合同示范文本的通知,国家能源局浙江监管办公室,国家能源局浙江监管办公室,2024-12-19,,浙江,监管规则,国家级,中长期,中长期,B,中期参考型,现行有效,是,https://zjb.nea.gov.cn/dtyw/tzgg/202412/t20241219_274176.html,01_原始资料\官方政策\2024-12-19_浙江_国家能源局浙江监管办公室_浙江能源监管办关于印发2025年浙江省电力中长期交易合同示范文本的通知_国家能源局浙江监管办公室.html; 03_处理后文本\2024-12-19_浙江_国家能源局浙江监管办公室_浙江能源监管办关于印发2025年浙江省电力中长期交易合同示范文本的通知_国家能源局浙江监管办公室.txt,,,浙江能源监管办关于印发2025年浙江省电力中长期交易合同示范文本的通知 2024-12-19,2026-04-27,待人工复核
AUTO-20260427-5C3FEF8C0F,关于印发《电力市场规则体系（V15.0）》的通知,山西省能源局,山西省能源局-政策文件检索电力,2024-12-30,晋能源规〔2024〕7号,山西,官方政策,,电力市场,电力市场;规则体系,A,长期有效型,现行有效,是,http://nyj.shanxi.gov.cn/zfxxgk/fdzdgknr/gfxwj/xxyx_82093/202504/t20250410_9806695.shtml,01_原始资料\官方政策\2024-12-30_山西_山西省能源局_山西省能源局.html; 03_处理后文本\2024-12-30_山西_山西省能源局_山西省能源局.txt; 01_原始资料\PDF附件\AUTO-20260427-5C3FEF8C0F_01_《电力市场规则体系（V15.0）》.pdf_F184AC00.pdf; 03_处理后文本\AUTO-20260427-5C3FEF8C0F_01_《电力市场规则体系（V15.0）》.pdf_F184AC00.txt,,,山西省能源局国家能源局山西监管办公室关于印发《电力市场规则体系（V15.0）》的通知,2026-04-27,待人工复核
AUTO-20260427-002763E163,关于印发《新疆电力市场监管实施办法》 的通知 新监能市场〔2025〕24号,国家能源局新疆监管办公室,国家能源局新疆监管办公室,2025-03-21,新监能市场〔2025〕24号,新疆,监管规则,国家级,电力市场,电力市场;市场监管,B,中期参考型,现行有效,是,https://xjb.nea.gov.cn/dtyw/tzgg/202503/t20250321_278435.html,01_原始资料\官方政策\2025-03-21_新疆_国家能源局新疆监管办公室_关于印发《新疆电力市场监管实施办法》_的通知_新监能市场〔2025〕24号.html; 03_处理后文本\2025-03-21_新疆_国家能源局新疆监管办公室_关于印发《新疆电力市场监管实施办法》_的通知_新监能市场〔2025〕24号.txt,,,关于印发《新疆电力市场监管实施办法》 的通知 新监能市场〔2025〕24号 2025-03-21,2026-04-27,待人工复核
AUTO-20260427-DB74AC69C2,浙江能源监管办关于开展2025年电力市场秩序突出问题专项监管的通知,国家能源局浙江监管办公室,国家能源局浙江监管办公室,2025-04-29,,浙江,监管规则,国家级,电力市场,电力市场,B,中期参考型,现行有效,是,https://zjb.nea.gov.cn/dtyw/tzgg/202504/P020250429365464036214.pdf,01_原始资料\官方政策\2025-04-29_浙江_国家能源局浙江监管办公室_浙江能源监管办关于开展2025年电力市场秩序突出问题专项监管的通知_2025-04-29.pdf; 03_处理后文本\2025-04-29_浙江_国家能源局浙江监管办公室_浙江能源监管办关于开展2025年电力市场秩序突出问题专项监管的通知_2025-04-29.ocr.txt,,,浙江能源监管办关于开展2025年电力市场秩序突出问题专项监管的通知 2025-04-29；OCR文本待人工复核,2026-04-27,待人工复核
AUTO-20260427-B7B2A6455E,关于开展四川省2025年电力市场秩序突出问题专项监管的通知,国家能源局四川监管办公室,国家能源局四川监管办公室,2025-05-08,,四川,监管规则,国家级,电力市场,电力市场,B,中期参考型,现行有效,是,https://scb.nea.gov.cn/dtyw/tzgg/202505/P020250508581014736937.pdf,01_原始资料\官方政策\2025-05-08_四川_国家能源局四川监管办公室_关于开展四川省2025年电力市场秩序突出问题专项监管的通知_2025-05-08.pdf; 03_处理后文本\2025-05-08_四川_国家能源局四川监管办公室_关于开展四川省2025年电力市场秩序突出问题专项监管的通知_2025-05-08.ocr.txt,,,关于开展四川省2025年电力市场秩序突出问题专项监管的通知 2025-05-08；OCR文本待人工复核,2026-04-27,待人工复核
AUTO-20260427-08350D960F,关于进一步做好电力市场信息披露工作的通知,国家能源局江苏监管办公室,国家能源局江苏监管办公室-通知,2025-05-23,国能发监管〔2024〕9号,江苏,监管规则,国家级,电力市场,电力市场,B,中期参考型,现行有效,是,https://jsb.nea.gov.cn/dtyw/tz/202505/t20250523_281496.html,01_原始资料\官方政策\2025-05-23_江苏_国家能源局江苏监管办公室_关于进一步做好电力市场信息披露工作的通知_国家能源局江苏监管办公室.html; 03_处理后文本\2025-05-23_江苏_国家能源局江苏监管办公室_关于进一步做好电力市场信息披露工作的通知_国家能源局江苏监管办公室.txt,,,关于进一步做好电力市场信息披露工作的通知 2025-05-23,2026-04-27,待人工复核
AUTO-20260427-4E8F5E6BB6,关于印发《分布式光伏发电开发建设管理实施细则（试行）》的通知,山西省能源局,山西省能源局-政策文件检索电力,2025-06-24,晋能源规〔2025〕2号,山西,官方政策,,电力市场,实施细则,A,长期有效型,试行,是,http://nyj.shanxi.gov.cn/zfxxgk/fdzdgknr/gfxwj/xxyx_82093/202507/t20250702_9896605.shtml,01_原始资料\官方政策\2025-06-24_山西_山西省能源局_山西省能源局.html; 03_处理后文本\2025-06-24_山西_山西省能源局_山西省能源局.txt,,,山西省能源局国家能源局山西监管办公室关于印发《分布式光伏发电开发建设管理实施细则（试行）》的通知,2026-04-27,待人工复核
AUTO-20260427-9DEF0F2D44,关于印发《分布式光伏发电开发建设管理实施细则（试行）》的通知,山西省能源局,山西省能源局-政策文件检索电力,2025-06-24,晋能源规〔2025〕2号,山西,官方政策,,电力市场,实施细则,A,长期有效型,试行,是,http://nyj.shanxi.gov.cn/zfxxgk/fdzdgknr/sjwj/202507/t20250702_9896604.shtml,01_原始资料\官方政策\2025-06-24_山西_山西省能源局_山西省能源局.html; 03_处理后文本\2025-06-24_山西_山西省能源局_山西省能源局.txt,,,山西省能源局国家能源局山西监管办公室关于印发《分布式光伏发电开发建设管理实施细则（试行）》的通知,2026-04-27,待人工复核
AUTO-20260427-7369F01D27,浙江省发展和改革委员会 浙江省能源局 国家能源局浙江监管办公室关于浙江电力现货市场转正式...,国家能源局浙江监管办公室,国家能源局浙江监管办公室,2025-08-26,浙发改能源〔2025〕191号,浙江,监管规则,国家级,现货,现货,B,中期参考型,现行有效,是,https://zjb.nea.gov.cn/dtyw/tzgg/202508/P020250826509906214935.pdf,01_原始资料\官方政策\2025-08-26_浙江_国家能源局浙江监管办公室_浙江省发展和改革委员会_浙江省能源局_国家能源局浙江监管办公室关于浙江电力现货市场转正式..._2025-08-26.pdf; 03_处理后文本\2025-08-26_浙江_国家能源局浙江监管办公室_浙江省发展和改革委员会_浙江省能源局_国家能源局浙江监管办公室关于浙江电力现货市场转正式..._2025-08-26.txt,,,浙江省发展和改革委员会 浙江省能源局 国家能源局浙江监管办公室关于浙江电力现货市场转正式... 2025-08-26,2026-04-27,待人工复核
AUTO-20260427-6344CB4B08,关于公开征求《四川电力市场结算细则（征求意见稿）》意见的通知,四川省发展和改革委员会,四川省发展和改革委员会,2025-09-04,,四川,官方政策,,电力市场;计量结算,电力市场;结算,A,中期参考型,征求意见,是,https://fgw.sc.gov.cn/sfgw/tzgg/2025/9/4/b8bb9121ac124681b4749a34196a48e9.shtml,01_原始资料\官方政策\2025-09-04_四川_四川省发展和改革委员会_关于公开征求《四川电力市场结算细则（征求意见稿）》意见的通知.html; 03_处理后文本\2025-09-04_四川_四川省发展和改革委员会_关于公开征求《四川电力市场结算细则（征求意见稿）》意见的通知.txt; 01_原始资料\PDF附件\AUTO-20260427-6344CB4B08_01_四川电力市场结算细则（征求意见稿）_F9FE1283.pdf; 03_处理后文本\AUTO-20260427-6344CB4B08_01_四川电力市场结算细则（征求意见稿）_F9FE1283.txt,,,关于公开征求《四川电力市场结算细则（征求意见稿）》意见的通知,2026-04-27,待人工复核
AUTO-20260427-9AE8418A06,江苏能源监管办关于公开征求《江苏电力调频辅助服务市场交易规则（征求意见稿）》意见的公告,国家能源局江苏监管办公室,国家能源局江苏监管办公室-公告,2025-10-31,,江苏,监管规则,国家级,辅助服务,交易规则;辅助服务;调频,B,中期参考型,征求意见,是,https://jsb.nea.gov.cn/dtyw/gg/202510/t20251031_289741.html,01_原始资料\官方政策\2025-10-31_江苏_国家能源局江苏监管办公室_江苏能源监管办关于公开征求《江苏电力调频辅助服务市场交易规则（征求意见稿）》意见的公告_国家能源局江苏监管办公室.html; 03_处理后文本\2025-10-31_江苏_国家能源局江苏监管办公室_江苏能源监管办关于公开征求《江苏电力调频辅助服务市场交易规则（征求意见稿）》意见的公告_国家能源局江苏监管办公室.txt,,,江苏能源监管办关于公开征求《江苏电力调频辅助服务市场交易规则（征求意见稿）》意见的公告 2025-10-31,2026-04-27,待人工复核
AUTO-20260427-790BD08DF9,关于印发《绿电园区规划、建设和运营工作指引（2025年）》的通知,山西省能源局,山西省能源局-政策文件检索电力,2025-11-10,晋能源规发〔2025〕224号,山西,官方政策,,绿电,绿电,A,长期有效型,现行有效,是,http://nyj.shanxi.gov.cn/zfxxgk/fdzdgknr/sjwj/202511/t20251113_9995497.shtml,01_原始资料\官方政策\2025-11-10_山西_山西省能源局_山西省能源局.html; 03_处理后文本\2025-11-10_山西_山西省能源局_山西省能源局.txt,,,山西省能源局关于印发《绿电园区规划、建设和运营工作指引（2025年）》的通知,2026-04-27,待人工复核
AUTO-20260427-FDD3BF6D20,关于再次公开征求《四川电力市场结算细则（征求意见稿）》的通知,四川省发展和改革委员会,四川省发展和改革委员会,2025-11-11,,四川,官方政策,,电力市场;计量结算,电力市场;结算,A,中期参考型,征求意见,是,https://fgw.sc.gov.cn/sfgw/tzgg/2025/11/11/d0515cfc1c7e481593bc876f82fc0aef.shtml,01_原始资料\官方政策\2025-11-11_四川_四川省发展和改革委员会_关于再次公开征求《四川电力市场结算细则（征求意见稿）》的通知.html; 03_处理后文本\2025-11-11_四川_四川省发展和改革委员会_关于再次公开征求《四川电力市场结算细则（征求意见稿）》的通知.txt; 01_原始资料\PDF附件\AUTO-20260427-FDD3BF6D20_01_四川电力市场结算细则（征求意见稿）_61A83D36.pdf; 03_处理后文本\AUTO-20260427-FDD3BF6D20_01_四川电力市场结算细则（征求意见稿）_61A83D36.txt,,,关于再次公开征求《四川电力市场结算细则（征求意见稿）》的通知,2026-04-27,待人工复核
AUTO-20260427-F694D4BAAB,关于征求2026年浙江省电力中长期交易合同示范文本意见的函,国家能源局浙江监管办公室,国家能源局浙江监管办公室,2025-12-01,,浙江,监管规则,国家级,中长期,中长期,B,中期参考型,现行有效,是,https://zjb.nea.gov.cn/dtyw/tzgg/202512/t20251201_291500.html,01_原始资料\官方政策\2025-12-01_浙江_国家能源局浙江监管办公室_关于征求2026年浙江省电力中长期交易合同示范文本意见的函_国家能源局浙江监管办公室.html; 03_处理后文本\2025-12-01_浙江_国家能源局浙江监管办公室_关于征求2026年浙江省电力中长期交易合同示范文本意见的函_国家能源局浙江监管办公室.txt; 01_原始资料\PDF附件\AUTO-20260427-F694D4BAAB_01_关于征求2026年浙江省电力中长期交易合同示范文本意见的函.PDF_1AC592CC.pdf,,,关于征求2026年浙江省电力中长期交易合同示范文本意见的函 2025-12-01,2026-04-27,待人工复核
AUTO-20260427-87C8FAFF1E,国家能源局福建监管办公室 福建省发展和改革委员会关于印发《福建电力市场规则体系管理办法（试行）》的通知,国家能源局福建监管办公室,国家能源局福建监管办公室,2025-12-05,,福建,监管规则,国家级,电力市场,电力市场;规则体系,B,中期参考型,现行有效,是,https://fjb.nea.gov.cn/dtyw/tzgg/202512/t20251205_291799.html,01_原始资料\官方政策\2025-12-05_福建_国家能源局福建监管办公室_国家能源局福建监管办公室_福建省发展和改革委员会关于印发《福建电力市场规则体系管理办法（试行）》的通知_国家能源局福建监管办公室.html; 03_处理后文本\2025-12-05_福建_国家能源局福建监管办公室_国家能源局福建监管办公室_福建省发展和改革委员会关于印发《福建电力市场规则体系管理办法（试行）》的通知_国家能源局福建监管办公室.txt; 01_原始资料\PDF附件\AUTO-20260427-87C8FAFF1E_01_国家能源局福建监管办公室_福建省发展和改革委员会关于印发《福建电力市场规则体系管理办法（试行）》的通知_B3B60A12.pdf,,,国家能源局福建监管办公室 福建省发展和改革委员会关于印发《福建电力市场规则体系... 2025-12-05,2026-04-27,待人工复核
AUTO-20260427-8E9C5D7331,关于公开征求《新疆电力中长期市场实施细则（征求意见稿）》意见建议的通知,国家能源局新疆监管办公室,国家能源局新疆监管办公室,2026-01-23,,新疆,监管规则,国家级,中长期,实施细则;中长期,B,中期参考型,征求意见,是,https://xjb.nea.gov.cn/dtyw/tzgg/202601/t20260128_294929.html,01_原始资料\官方政策\2026-01-23_新疆_国家能源局新疆监管办公室_关于公开征求《新疆电力中长期市场实施细则（征求意见稿）》意见建议的通知.html; 03_处理后文本\2026-01-23_新疆_国家能源局新疆监管办公室_关于公开征求《新疆电力中长期市场实施细则（征求意见稿）》意见建议的通知.txt,,,关于公开征求《新疆电力中长期市场实施细则（征求意见稿）》意见建议的通知 2026-01-23,2026-04-27,待人工复核
AUTO-20260427-175A83DAA9,关于将山西尚太（四期）、阳曲县绿电园区2个项目纳入省级绿电直连项目清单的通知,山西省能源局,山西省能源局-政策文件检索电力,2026-02-13,晋能源规函〔2026〕49号,山西,官方政策,,绿电,绿电,A,长期有效型,现行有效,是,http://nyj.shanxi.gov.cn/zfxxgk/fdzdgknr/sjwj/202603/t20260305_10073168.shtml,01_原始资料\官方政策\2026-02-13_山西_山西省能源局_山西省能源局.html; 03_处理后文本\2026-02-13_山西_山西省能源局_山西省能源局.txt; 01_原始资料\PDF附件\AUTO-20260427-175A83DAA9_01_山西省2026年第一批绿电直连项目清单_AE0D5734.pdf; 03_处理后文本\AUTO-20260427-175A83DAA9_01_山西省2026年第一批绿电直连项目清单_AE0D5734.txt,,,山西省能源局关于将山西尚太（四期）、阳曲县绿电园区2个项目纳入省级绿电直连项目清单的通知,2026-04-27,待人工复核
AUTO-20260427-3D2FA4A769,关于印发《四川省电力辅助服务管理实施细则》和《四川省电力并网运行管理实施细则...,国家能源局四川监管办公室,国家能源局四川监管办公室,2026-04-13,,四川,监管规则,国家级,辅助服务,实施细则;辅助服务,B,中期参考型,现行有效,是,https://scb.nea.gov.cn/dtyw/tzgg/202604/P020260413395067315497.pdf,01_原始资料\官方政策\2026-04-13_四川_国家能源局四川监管办公室_关于印发《四川省电力辅助服务管理实施细则》和《四川省电力并网运行管理实施细则..._2026-04-13.pdf; 03_处理后文本\2026-04-13_四川_国家能源局四川监管办公室_关于印发《四川省电力辅助服务管理实施细则》和《四川省电力并网运行管理实施细则..._2026-04-13.ocr.txt,,,关于印发《四川省电力辅助服务管理实施细则》和《四川省电力并网运行管理实施细则... 2026-04-13；OCR文本待人工复核,2026-04-27,待人工复核
AUTO-20260502-B85D7DD04E,关于印发《省级电网输配电价定价办法》的通知(发改价格规〔2020〕101号),国家发展改革委,国家发展改革委,2020-02-05,发改价格规〔2020〕101号,全国,官方政策,国家级,电网;输配电价,输配电价;电网,A,长期有效型,现行有效,是,https://www.ndrc.gov.cn/xxgk/zcfb/ghxwj/202002/t20200205_1219961.html,01_原始资料\官方政策\2020-02-05_全国_国家发展改革委_关于印发《省级电网输配电价定价办法》的通知(发改价格规〔2020〕101号).html; 03_处理后文本\2020-02-05_全国_国家发展改革委_关于印发《省级电网输配电价定价办法》的通知(发改价格规〔2020〕101号).txt; 01_原始资料\PDF附件\AUTO-20260502-B85D7DD04E_01_省级电网输配电价定价办法_4176760C.pdf; 03_处理后文本\AUTO-20260502-B85D7DD04E_01_省级电网输配电价定价办法_4176760C.txt,,,关于印发《省级电网输配电价定价办法》的通知(发改价格规〔2020〕101号),2026-05-02,待人工复核
AUTO-20260502-F19174E368,关于印发《福建省电力市场中长期交易规则》补充修订内容的通知,国家能源局福建监管办公室,国家能源局福建监管办公室,2021-03-19,,福建,监管规则,国家级,电力市场;中长期,电力市场;交易规则;中长期,B,中期参考型,现行有效,是,https://fjb.nea.gov.cn/dtyw/tzgg/202312/t20231217_221253.html,01_原始资料\官方政策\2021-03-19_福建_国家能源局福建监管办公室_关于印发《福建省电力市场中长期交易规则》补充修订内容的通知.html; 03_处理后文本\2021-03-19_福建_国家能源局福建监管办公室_关于印发《福建省电力市场中长期交易规则》补充修订内容的通知.txt; 01_原始资料\PDF附件\AUTO-20260502-F19174E368_01_关于印发《福建省电力市场中长期交易规则》补充修订内容的通知（点击打开）_55814F2A.pdf,,,关于印发《福建省电力市场中长期交易规则》补充修订内容的通知 2021-03-19,2026-05-02,待人工复核
AUTO-20260502-0628D0B13F,关于印发《贵州电力调峰辅助服务市场交易规则》的通知,国家能源局贵州监管办公室,国家能源局贵州监管办公室,2023-03-31,,贵州,监管规则,国家级,辅助服务,交易规则;辅助服务;调峰,B,中期参考型,现行有效,是,https://gzb.nea.gov.cn/dtyw/tzgg/202308/t20230821_3907.html,01_原始资料\官方政策\2023-03-31_贵州_国家能源局贵州监管办公室_关于印发《贵州电力调峰辅助服务市场交易规则》的通知.html; 03_处理后文本\2023-03-31_贵州_国家能源局贵州监管办公室_关于印发《贵州电力调峰辅助服务市场交易规则》的通知.txt; 01_原始资料\PDF附件\AUTO-20260502-0628D0B13F_01_关于印发《贵州电力调峰辅助服务市场交易规则》的通知.pdf_FD801231.pdf; 03_处理后文本\AUTO-20260502-0628D0B13F_01_关于印发《贵州电力调峰辅助服务市场交易规则》的通知.pdf_FD801231.txt,,,关于印发《贵州电力调峰辅助服务市场交易规则》的通知 2023-03-31,2026-05-02,待人工复核
AUTO-20260502-32DD0BDC61,国家能源局西北监管局关于做好2025年迎峰度夏能源保供工作的通知（西北监能市场[2025]43号）,国家能源局派出机构,国家能源局西北监管局,2025-07-01,西北监能市场〔2025〕43号,西北区域,监管规则,国家级,电力保供,迎峰度夏,B,中期参考型,现行有效,是,https://xbj.nea.gov.cn/dtyw/tzgg/202507/t20250701_283700.html,01_原始资料\官方政策\2025-07-01_西北区域_国家能源局派出机构_国家能源局西北监管局关于做好2025年迎峰度夏能源保供工作的通知（西北监能市场[2025]43号）.html; 03_处理后文本\2025-07-01_西北区域_国家能源局派出机构_国家能源局西北监管局关于做好2025年迎峰度夏能源保供工作的通知（西北监能市场[2025]43号）.txt; 01_原始资料\PDF附件\AUTO-20260502-32DD0BDC61_01_国家能源局西北监管局关于做好2025年迎峰度夏能源保供工作的通知（西北监能市场[2025]43号）.pdf_A3A03C6D.pdf,,,国家能源局西北监管局关于做好2025年迎峰度夏能源保供工作的通知（西北监能市场[20... 2025-07-01,2026-05-02,待人工复核
AUTO-20260502-C1292B6683,国家能源局西北监管局关于做好2025年迎峰度冬能源保供工作的通知（西北监能市场〔2025〕82号）,国家能源局派出机构,国家能源局西北监管局,2025-11-20,西北监能市场〔2025〕82号,西北区域,监管规则,国家级,电力保供,迎峰度冬,B,中期参考型,现行有效,是,https://xbj.nea.gov.cn/dtyw/tzgg/202511/t20251120_290811.html,01_原始资料\官方政策\2025-11-20_西北区域_国家能源局派出机构_国家能源局西北监管局关于做好2025年迎峰度冬能源保供工作的通知（西北监能市场〔2025〕82号）.html; 03_处理后文本\2025-11-20_西北区域_国家能源局派出机构_国家能源局西北监管局关于做好2025年迎峰度冬能源保供工作的通知（西北监能市场〔2025〕82号）.txt; 01_原始资料\PDF附件\AUTO-20260502-C1292B6683_01_国家能源局西北监管局关于做好2025年迎峰度冬能源保供工作的通知（西北监能市场〔2025〕82号）.pdf_6D094972.pdf,,,国家能源局西北监管局关于做好2025年迎峰度冬能源保供工作的通知（西北监能市场〔2... 2025-11-20,2026-05-02,待人工复核
AUTO-20260502-EE25AD8C79,关于印发《区域电网输电价格定价办法》的通知(发改价格规〔2020〕100号),国家发展改革委,国家发展改革委,2020-02-05,发改价格规〔2020〕100号,全国,官方政策,国家级,电网;输配电价,电网,A,长期有效型,现行有效,是,https://www.ndrc.gov.cn/xxgk/zcfb/ghxwj/202002/t20200205_1219960.html,01_原始资料\官方政策\2020-02-05_全国_国家发展改革委_关于印发《区域电网输电价格定价办法》的通知(发改价格规〔2020〕100号).html; 03_处理后文本\2020-02-05_全国_国家发展改革委_关于印发《区域电网输电价格定价办法》的通知(发改价格规〔2020〕100号).txt; 01_原始资料\PDF附件\AUTO-20260502-EE25AD8C79_01_区域电网输电价格定价办法_851346D1.pdf; 03_处理后文本\AUTO-20260502-EE25AD8C79_01_区域电网输电价格定价办法_851346D1.txt,,,关于印发《区域电网输电价格定价办法》的通知(发改价格规〔2020〕100号),2026-05-02,待人工复核
AUTO-20260502-67AB5EB68F,关于核定2020～2022年省级电网输配电价的通知(发改价格规〔2020〕1508号),国家发展改革委,国家发展改革委,2020-09-30,发改价格规〔2020〕1508号,全国,官方政策,国家级,电网;输配电价,输配电价;电网,A,长期有效型,现行有效,是,https://www.ndrc.gov.cn/xxgk/zcfb/ghxwj/202009/t20200930_1243682.html,01_原始资料\官方政策\2020-09-30_全国_国家发展改革委_关于核定2020～2022年省级电网输配电价的通知(发改价格规〔2020〕1508号).html; 03_处理后文本\2020-09-30_全国_国家发展改革委_关于核定2020～2022年省级电网输配电价的通知(发改价格规〔2020〕1508号).txt; 01_原始资料\PDF附件\AUTO-20260502-67AB5EB68F_01_省级电网输配电价表_4F7E50B4.pdf; 03_处理后文本\AUTO-20260502-67AB5EB68F_01_省级电网输配电价表_4F7E50B4.txt,,,关于核定2020～2022年省级电网输配电价的通知(发改价格规〔2020〕1508号),2026-05-02,待人工复核
AUTO-20260502-9C5CF5AFC7,关于第三监管周期省级电网输配电价及有关事项的通知(发改价格〔2023〕526号),国家发展改革委,国家发展改革委-政策通知,2023-05-15,发改价格〔2023〕526号,全国,官方政策,国家级,电网;输配电价,输配电价;电网,A,长期有效型,现行有效,是,https://www.ndrc.gov.cn/xxgk/zcfb/tz/202305/t20230515_1355747.html,01_原始资料\官方政策\2023-05-15_全国_国家发展改革委_关于第三监管周期省级电网输配电价及有关事项的通知(发改价格〔2023〕526号).html; 03_处理后文本\2023-05-15_全国_国家发展改革委_关于第三监管周期省级电网输配电价及有关事项的通知(发改价格〔2023〕526号).txt; 01_原始资料\PDF附件\AUTO-20260502-9C5CF5AFC7_01_省级电网输配电价表.pdf_65D5AE64.pdf; 03_处理后文本\AUTO-20260502-9C5CF5AFC7_01_省级电网输配电价表.pdf_65D5AE64.txt,,,关于第三监管周期省级电网输配电价及有关事项的通知(发改价格〔2023〕526号),2026-05-02,待人工复核
AUTO-20260502-CA3E4C4B01,关于印发《湖北电网非统调发电企业辅助服务管理实施细则（试行）》的通知,国家能源局派出机构,国家能源局华中监管局,2012-12-14,,华中区域,监管规则,国家级,电网;辅助服务,实施细则;辅助服务;电网,B,中期参考型,试行,是,https://hzj.nea.gov.cn/dtyw/tzgg/202310/t20231021_165494.html,01_原始资料\官方政策\2012-12-14_华中区域_国家能源局派出机构_关于印发《湖北电网非统调发电企业辅助服务管理实施细则（试行）》的通知.html; 03_处理后文本\2012-12-14_华中区域_国家能源局派出机构_关于印发《湖北电网非统调发电企业辅助服务管理实施细则（试行）》的通知.txt,,,关于印发《湖北电网非统调发电企业辅助服务管理实施细则（试行）》的通知 2012-12-14,2026-05-02,待人工复核
AUTO-20260502-2F839964D5,关于印发《湖北电网非统调发电企业辅助服务管理实施细则（试行）》的通知,国家能源局派出机构,国家能源局华中监管局,2013-01-14,,华中区域,监管规则,国家级,电网;辅助服务,实施细则;辅助服务;电网,B,中期参考型,试行,是,https://hzj.nea.gov.cn/dtyw/tzgg/202310/t20231021_165495.html,01_原始资料\官方政策\2013-01-14_华中区域_国家能源局派出机构_关于印发《湖北电网非统调发电企业辅助服务管理实施细则（试行）》的通知.html; 03_处理后文本\2013-01-14_华中区域_国家能源局派出机构_关于印发《湖北电网非统调发电企业辅助服务管理实施细则（试行）》的通知.txt,,,关于印发《湖北电网非统调发电企业辅助服务管理实施细则（试行）》的通知 2013-01-14,2026-05-02,待人工复核
AUTO-20260502-AC14F2D45A,关于印发《山东省新建电源接入电网监管暂行办法实施细则(试行)》的通知,国家能源局派出机构,国家能源局山东监管办公室,2014-07-14,,山东,监管规则,国家级,电网,实施细则;电网,B,中期参考型,试行,是,https://sdb.nea.gov.cn/dtyw/tzgg/202309/t20230919_110167.html,01_原始资料\官方政策\2014-07-14_山东_国家能源局派出机构_关于印发《山东省新建电源接入电网监管暂行办法实施细则(试行)》的通知.html; 03_处理后文本\2014-07-14_山东_国家能源局派出机构_关于印发《山东省新建电源接入电网监管暂行办法实施细则(试行)》的通知.txt,,,关于印发《山东省新建电源接入电网监管暂行办法实施细则(试行)》的通知 2014-07-14,2026-05-02,待人工复核
AUTO-20260502-938C076F58,关于印发《新疆电力辅助服务市场运营规则》的通知,国家能源局新疆监管办公室,国家能源局新疆监管办公室,2020-01-16,,新疆,监管规则,国家级,辅助服务,运营规则;辅助服务,B,中期参考型,现行有效,是,https://xjb.nea.gov.cn/dtyw/tzgg/202309/t20230923_116373.html,01_原始资料\官方政策\2020-01-16_新疆_国家能源局新疆监管办公室_关于印发《新疆电力辅助服务市场运营规则》的通知.html; 03_处理后文本\2020-01-16_新疆_国家能源局新疆监管办公室_关于印发《新疆电力辅助服务市场运营规则》的通知.txt; 01_原始资料\PDF附件\AUTO-20260502-938C076F58_01_关于印发《新疆电力辅助服务市场运营规则》的通知.pdf_BA1D9E2E.pdf; 01_原始资料\PDF附件\AUTO-20260502-938C076F58_02_附件：新疆电力辅助服务市场运营规则.pdf_F72CEC12.pdf; 03_处理后文本\AUTO-20260502-938C076F58_02_附件：新疆电力辅助服务市场运营规则.pdf_F72CEC12.txt,,,关于印发《新疆电力辅助服务市场运营规则》的通知 2020-01-16,2026-05-02,待人工复核
AUTO-20260502-53881076C7,关于转发《国家发改委 国家能源局关于印发电力中长期交易基本规则的通知》,国家能源局新疆监管办公室,国家能源局新疆监管办公室,2020-09-09,发改能源规〔2020〕889号,新疆,监管规则,国家级,中长期,中长期,B,中期参考型,现行有效,是,https://xjb.nea.gov.cn/dtyw/tzgg/202309/t20230923_116428.html,01_原始资料\官方政策\2020-09-09_新疆_国家能源局新疆监管办公室_关于转发《国家发改委_国家能源局关于印发电力中长期交易基本规则的通知》.html; 03_处理后文本\2020-09-09_新疆_国家能源局新疆监管办公室_关于转发《国家发改委_国家能源局关于印发电力中长期交易基本规则的通知》.txt; 01_原始资料\PDF附件\AUTO-20260502-53881076C7_01_关于转发《国家发改委_国家能源局关于印发电力中长期交易基本规则的通知》.pdf_19AD799C.pdf; 01_原始资料\PDF附件\AUTO-20260502-53881076C7_02_国家发展改革委_国家能源局关于印发《电力中长期交易基本规则》的通知（发改能源规〔2020〕889号）.pdf_46442441.pdf,,,关于转发《国家发改委 国家能源局关于印发电力中长期交易基本规则的通知》 2020-09-09,2026-05-02,待人工复核
AUTO-20260502-2EA2D2C696,关于印发《新疆电力市场交易信用评价及评定管理办法（试行）》的通知,国家能源局新疆监管办公室,国家能源局新疆监管办公室,2020-09-22,,新疆,监管规则,国家级,电力市场,电力市场,B,中期参考型,试行,是,https://xjb.nea.gov.cn/dtyw/tzgg/202309/t20230923_116431.html,01_原始资料\官方政策\2020-09-22_新疆_国家能源局新疆监管办公室_关于印发《新疆电力市场交易信用评价及评定管理办法（试行）》的通知.html; 03_处理后文本\2020-09-22_新疆_国家能源局新疆监管办公室_关于印发《新疆电力市场交易信用评价及评定管理办法（试行）》的通知.txt; 01_原始资料\PDF附件\AUTO-20260502-2EA2D2C696_01_关于印发《新疆电力市场交易信用评价及评定管理办法（试行）》的通知.pdf_80E9E114.pdf; 01_原始资料\PDF附件\AUTO-20260502-2EA2D2C696_02_附件：新疆电力市场交易信用评价及评定管理办法（试行）.pdf_F08BF531.pdf; 03_处理后文本\AUTO-20260502-2EA2D2C696_02_附件：新疆电力市场交易信用评价及评定管理办法（试行）.pdf_F08BF531.txt,,,关于印发《新疆电力市场交易信用评价及评定管理办法（试行）》的通知 2020-09-22,2026-05-02,待人工复核
AUTO-20260502-AC00442207,关于印发《江苏分布式发电市场化交易及电网企业输配电服务三方合同（示范文本）》的通知,国家能源局江苏监管办公室,国家能源局江苏监管办公室-通知,2020-12-10,,江苏,监管规则,国家级,电网;电力市场,市场化交易;电网,B,中期参考型,现行有效,是,https://jsb.nea.gov.cn/dtyw/tz/202309/t20230910_32192.html,01_原始资料\官方政策\2020-12-10_江苏_国家能源局江苏监管办公室_关于印发《江苏分布式发电市场化交易及电网企业输配电服务三方合同（示范文本）》的通知.html; 03_处理后文本\2020-12-10_江苏_国家能源局江苏监管办公室_关于印发《江苏分布式发电市场化交易及电网企业输配电服务三方合同（示范文本）》的通知.txt; 01_原始资料\PDF附件\AUTO-20260502-AC00442207_01_江苏分布式发电市场化交易及电网企业输配电服务三方合同（示范文本）.pdf_176E7441.pdf; 03_处理后文本\AUTO-20260502-AC00442207_01_江苏分布式发电市场化交易及电网企业输配电服务三方合同（示范文本）.pdf_176E7441.txt,,,关于印发《江苏分布式发电市场化交易及电网企业输配电服务三方合同（示范文本）》的通知 2020-12-10,2026-05-02,待人工复核
AUTO-20260502-F9194BABA6,福建能源监管办关于转发国家能源局《电力现货市场信息披露办法（暂行）》的通知,国家能源局福建监管办公室,国家能源局福建监管办公室,2020-12-14,,福建,监管规则,国家级,现货,现货,B,中期参考型,现行有效,是,https://fjb.nea.gov.cn/dtyw/tzgg/202312/t20231217_221245.html,01_原始资料\官方政策\2020-12-14_福建_国家能源局福建监管办公室_福建能源监管办关于转发国家能源局《电力现货市场信息披露办法（暂行）》的通知.html; 03_处理后文本\2020-12-14_福建_国家能源局福建监管办公室_福建能源监管办关于转发国家能源局《电力现货市场信息披露办法（暂行）》的通知.txt; 01_原始资料\PDF附件\AUTO-20260502-F9194BABA6_01_福建能源监管办关于转发国家能源局《电力现货市场信息披露办法（暂行）》的通知_5C07D446.pdf; 01_原始资料\PDF附件\AUTO-20260502-F9194BABA6_02_国家能源局关于印发《电力现货市场信息披露办法（暂行）》的通知_59DDF01C.pdf,,,福建能源监管办关于转发国家能源局《电力现货市场信息披露办法（暂行）》的通知 2020-12-14,2026-05-02,待人工复核
AUTO-20260502-4DA9E89D90,关于转发《发电企业与电网企业电费结算办法》的通知,国家能源局浙江监管办公室,国家能源局浙江监管办公室,2021-01-18,,浙江,监管规则,国家级,电网;计量结算,结算;电网,B,中期参考型,现行有效,是,https://zjb.nea.gov.cn/dtyw/tzgg/202309/t20230914_75861.html,01_原始资料\官方政策\2021-01-18_浙江_国家能源局浙江监管办公室_关于转发《发电企业与电网企业电费结算办法》的通知.html; 03_处理后文本\2021-01-18_浙江_国家能源局浙江监管办公室_关于转发《发电企业与电网企业电费结算办法》的通知.txt; 01_原始资料\PDF附件\AUTO-20260502-4DA9E89D90_01_浙江能源监管办关于转发《发电企业与电网企业电费结算办法》的通知.PDF_6F4E8786.pdf; 03_处理后文本\AUTO-20260502-4DA9E89D90_01_浙江能源监管办关于转发《发电企业与电网企业电费结算办法》的通知.PDF_6F4E8786.txt,,,关于转发《发电企业与电网企业电费结算办法》的通知 2021-01-18,2026-05-02,待人工复核
AUTO-20260502-151D70D93E,关于征求《福建电力市场中长期交易规则》补充修订意见的函,国家能源局福建监管办公室,国家能源局福建监管办公室,2021-01-19,发改能源规〔2020〕889号,福建,监管规则,国家级,电力市场;中长期,电力市场;交易规则;中长期,B,中期参考型,现行有效,是,https://fjb.nea.gov.cn/dtyw/tzgg/202312/t20231217_221247.html,01_原始资料\官方政策\2021-01-19_福建_国家能源局福建监管办公室_关于征求《福建电力市场中长期交易规则》补充修订意见的函.html; 03_处理后文本\2021-01-19_福建_国家能源局福建监管办公室_关于征求《福建电力市场中长期交易规则》补充修订意见的函.txt; 01_原始资料\PDF附件\AUTO-20260502-151D70D93E_01_关于征求《福建电力市场中长期交易规则》补充修订意见的函（点击打开）_FCA97265.pdf; 01_原始资料\PDF附件\AUTO-20260502-151D70D93E_02_国家发展改革委国家能源局关于印发《电力中长期交易基本规则》（发改能源规〔2020〕889号）（点击打开）_11DD9256.pdf; 01_原始资料\PDF附件\AUTO-20260502-151D70D93E_03_国家发改委国家能源局关于做好2021年电力中长期合同签订工作的通知（发改运行〔2020〕1784号）（点击打开）_1AA5A302.pdf,,,关于征求《福建电力市场中长期交易规则》补充修订意见的函 2021-01-19,2026-05-02,待人工复核
AUTO-20260502-51C3E7A2FC,福建能源监管办关于转发国家能源局《发电企业与电网企业电费结算办法》的通知（闽监能市场〔2021〕12号）,国家能源局福建监管办公室,国家能源局福建监管办公室,2021-02-19,闽监能市场〔2021〕12号,福建,监管规则,国家级,电网;计量结算,结算;电网,B,中期参考型,现行有效,是,https://fjb.nea.gov.cn/dtyw/tzgg/202312/t20231217_221251.html,01_原始资料\官方政策\2021-02-19_福建_国家能源局福建监管办公室_福建能源监管办关于转发国家能源局《发电企业与电网企业电费结算办法》的通知（闽监能市场〔2021〕12号）.html; 03_处理后文本\2021-02-19_福建_国家能源局福建监管办公室_福建能源监管办关于转发国家能源局《发电企业与电网企业电费结算办法》的通知（闽监能市场〔2021〕12号）.txt; 01_原始资料\PDF附件\AUTO-20260502-51C3E7A2FC_01_福建能源监管办关于转发国家能源局《发电企业与电网企业电费结算办法》的通知_5CA081D0.pdf; 01_原始资料\PDF附件\AUTO-20260502-51C3E7A2FC_02_国家能源局关于印发《发电企业与电网企业电费结算办法》的通知_9502682C.pdf,,,福建能源监管办关于转发国家能源局《发电企业与电网企业电费结算办法》的通知（闽... 2021-02-19,2026-05-02,待人工复核
AUTO-20260502-63CC94BB35,福建能源监管办关于征求《关于完善福建省电力市场中长期交易规则的若干意见》（征求意见稿）意见的函,国家能源局福建监管办公室,国家能源局福建监管办公室,2021-12-29,,福建,监管规则,国家级,电力市场;中长期,电力市场;交易规则;中长期,B,中期参考型,现行有效,是,https://fjb.nea.gov.cn/dtyw/tzgg/202312/t20231217_221266.html,01_原始资料\官方政策\2021-12-29_福建_国家能源局福建监管办公室_福建能源监管办关于征求《关于完善福建省电力市场中长期交易规则的若干意见》（征求意见稿）意见的函.html; 03_处理后文本\2021-12-29_福建_国家能源局福建监管办公室_福建能源监管办关于征求《关于完善福建省电力市场中长期交易规则的若干意见》（征求意见稿）意见的函.txt; 01_原始资料\PDF附件\AUTO-20260502-63CC94BB35_01_福建能源监管办关于征求《关于完善福建省电力市场中长期交易规则的若干意见》（征求意见稿）意见的函（点击打开）_8AA92140.pdf,,,福建能源监管办关于征求《关于完善福建省电力市场中长期交易规则的若干意见》（征... 2021-12-29,2026-05-02,待人工复核
AUTO-20260502-249D43FE0F,关于印发《京津唐电网燃煤发电机组灵活性改造能力验收监管暂行办法》的通知,国家能源局派出机构,国家能源局华北监管局,2021-12-31,,华北区域,监管规则,国家级,电网,电网,B,中期参考型,现行有效,是,https://hbj.nea.gov.cn/dtyw/tzgg/202309/t20230925_120344.html,01_原始资料\官方政策\2021-12-31_华北区域_国家能源局派出机构_关于印发《京津唐电网燃煤发电机组灵活性改造能力验收监管暂行办法》的通知.html; 03_处理后文本\2021-12-31_华北区域_国家能源局派出机构_关于印发《京津唐电网燃煤发电机组灵活性改造能力验收监管暂行办法》的通知.txt,,,关于印发《京津唐电网燃煤发电机组灵活性改造能力验收监管暂行办法》的通知 2021-12-31,2026-05-02,待人工复核
AUTO-20260502-0CE4A6EDB8,关于征求《福建省电力调频辅助服务市场交易规则（试行）（2022年修订版）》（征求意见稿）意见的函,国家能源局福建监管办公室,国家能源局福建监管办公室,2022-01-21,,福建,监管规则,国家级,辅助服务,交易规则;辅助服务;调频,B,中期参考型,试行,是,https://fjb.nea.gov.cn/dtyw/tzgg/202312/t20231217_221267.html,01_原始资料\官方政策\2022-01-21_福建_国家能源局福建监管办公室_关于征求《福建省电力调频辅助服务市场交易规则（试行）（2022年修订版）》（征求意见稿）意见的函.html; 03_处理后文本\2022-01-21_福建_国家能源局福建监管办公室_关于征求《福建省电力调频辅助服务市场交易规则（试行）（2022年修订版）》（征求意见稿）意见的函.txt; 01_原始资料\PDF附件\AUTO-20260502-0CE4A6EDB8_01_关于征求《福建省电力调频辅助服务市场交易规则（试行）（2022年修订版）》（征求意见稿）意见的函（点击打开）_17750A7B.pdf,,,关于征求《福建省电力调频辅助服务市场交易规则（试行）（2022年修订版）》（征求... 2022-01-21,2026-05-02,待人工复核
AUTO-20260502-5990BDF80F,国家能源局福建监管办公室关于印发《福建省电力调频辅助服务市场交易规则（试行）（2022年修订版）》的通知（闽监能市场规〔2022〕45号 ）,国家能源局福建监管办公室,国家能源局福建监管办公室,2022-04-29,闽监能市场规〔2022〕45号,福建,监管规则,国家级,辅助服务,交易规则;辅助服务;调频,B,中期参考型,试行,是,https://fjb.nea.gov.cn/xxgk/zcfg/202311/t20231114_217701.html,01_原始资料\官方政策\2022-04-29_福建_国家能源局福建监管办公室_国家能源局福建监管办公室关于印发《福建省电力调频辅助服务市场交易规则（试行）（2022年修订版）》的通知（闽监能市场规〔2022〕45号_）.html; 03_处理后文本\2022-04-29_福建_国家能源局福建监管办公室_国家能源局福建监管办公室关于印发《福建省电力调频辅助服务市场交易规则（试行）（2022年修订版）》的通知（闽监能市场规〔2022〕45号_）.txt; 01_原始资料\PDF附件\AUTO-20260502-5990BDF80F_01_国家能源局福建监管办公室关于印发《福建省电力调频辅助服务市场交易规则（试行）（2022年修订版）》的通知（闽监能市场规〔2022〕45号_）（点击打开）_19A4481C.pdf,,,国家能源局福建监管办公室关于印发《福建省电力调频辅助服务市场交易规则（试行）... 2022-04-29,2026-05-02,待人工复核
AUTO-20260502-3381A48EFB,关于征求《山东电网地方公用电厂并网运行管理实施细则》意见的通知,国家能源局派出机构,国家能源局山东监管办公室,2022-05-05,,山东,监管规则,国家级,电网,实施细则;电网,B,中期参考型,现行有效,是,https://sdb.nea.gov.cn/dtyw/tzgg/202309/t20230919_110465.html,01_原始资料\官方政策\2022-05-05_山东_国家能源局派出机构_关于征求《山东电网地方公用电厂并网运行管理实施细则》意见的通知.html; 03_处理后文本\2022-05-05_山东_国家能源局派出机构_关于征求《山东电网地方公用电厂并网运行管理实施细则》意见的通知.txt,,,关于征求《山东电网地方公用电厂并网运行管理实施细则》意见的通知 2022-05-05,2026-05-02,待人工复核
AUTO-20260502-B58BD846B2,关于公布2022年6月新疆电网、 天中、吉泉直流配套电源“两个细则” 考核补偿结果的通知,国家能源局新疆监管办公室,国家能源局新疆监管办公室,2023-06-05,,新疆,监管规则,国家级,电网,电网,B,中期参考型,现行有效,是,https://xjb.nea.gov.cn/dtyw/tzgg/202309/t20230923_116589.html,01_原始资料\官方政策\2023-06-05_新疆_国家能源局新疆监管办公室_关于公布2022年6月新疆电网、_天中、吉泉直流配套电源“两个细则”_考核补偿结果的通知.html; 03_处理后文本\2023-06-05_新疆_国家能源局新疆监管办公室_关于公布2022年6月新疆电网、_天中、吉泉直流配套电源“两个细则”_考核补偿结果的通知.txt,,,关于公布2022年6月新疆电网、 天中、吉泉直流配套电源“两个细则” 考核补偿结果的通知 2023-06-05,2026-05-02,待人工复核
AUTO-20260502-528AAED7BF,广西电网中调直调电厂辅助服务补偿及并网运行考核清单（2023年1月份）,国家能源局派出机构,国家能源局南方监管局,2023-06-20,,南方区域,监管规则,国家级,电网;辅助服务,辅助服务;电网,B,中期参考型,现行有效,是,https://nfj.nea.gov.cn/xwzx/tzgg/202402/t20240208_245877.html,01_原始资料\官方政策\2023-06-20_南方区域_国家能源局派出机构_广西电网中调直调电厂辅助服务补偿及并网运行考核清单（2023年1月份）.html; 03_处理后文本\2023-06-20_南方区域_国家能源局派出机构_广西电网中调直调电厂辅助服务补偿及并网运行考核清单（2023年1月份）.txt; 01_原始资料\PDF附件\AUTO-20260502-528AAED7BF_01_广西电网中调直调电厂辅助服务补偿及并网运行考核清单（2023年1月份）.pdf_07EE7537.pdf; 03_处理后文本\AUTO-20260502-528AAED7BF_01_广西电网中调直调电厂辅助服务补偿及并网运行考核清单（2023年1月份）.pdf_07EE7537.txt,,,广西电网中调直调电厂辅助服务补偿及并网运行考核清单（2023年1月份） 2023-06-20,2026-05-02,待人工复核
AUTO-20260502-4BDB59627A,广西电网中调直调电厂辅助服务补偿及并网运行考核清单（2023年2月份）,国家能源局派出机构,国家能源局南方监管局,2023-06-20,,南方区域,监管规则,国家级,电网;辅助服务,辅助服务;电网,B,中期参考型,现行有效,是,https://nfj.nea.gov.cn/xwzx/tzgg/202402/t20240208_245878.html,01_原始资料\官方政策\2023-06-20_南方区域_国家能源局派出机构_广西电网中调直调电厂辅助服务补偿及并网运行考核清单（2023年2月份）.html; 03_处理后文本\2023-06-20_南方区域_国家能源局派出机构_广西电网中调直调电厂辅助服务补偿及并网运行考核清单（2023年2月份）.txt; 01_原始资料\PDF附件\AUTO-20260502-4BDB59627A_01_广西电网中调直调电厂辅助服务补偿及并网运行考核清单（2023年2月份）.pdf_8C050AB5.pdf; 03_处理后文本\AUTO-20260502-4BDB59627A_01_广西电网中调直调电厂辅助服务补偿及并网运行考核清单（2023年2月份）.pdf_8C050AB5.txt,,,广西电网中调直调电厂辅助服务补偿及并网运行考核清单（2023年2月份） 2023-06-20,2026-05-02,待人工复核
AUTO-20260502-5D0F7AD380,关于公布2022年7、8月新疆电网、 天中、吉泉直流配套电源“两个细则” 考核补偿结果的通知,国家能源局新疆监管办公室,国家能源局新疆监管办公室,2023-07-12,,新疆,监管规则,国家级,电网,电网,B,中期参考型,现行有效,是,https://xjb.nea.gov.cn/dtyw/tzgg/202309/t20230923_116593.html,01_原始资料\官方政策\2023-07-12_新疆_国家能源局新疆监管办公室_关于公布2022年7、8月新疆电网、_天中、吉泉直流配套电源“两个细则”_考核补偿结果的通知.html; 03_处理后文本\2023-07-12_新疆_国家能源局新疆监管办公室_关于公布2022年7、8月新疆电网、_天中、吉泉直流配套电源“两个细则”_考核补偿结果的通知.txt; 01_原始资料\PDF附件\AUTO-20260502-5D0F7AD380_01_关于公布2022年7.8月新疆电网、天中、吉泉直流配套电源“两个细则”考核补偿结果的通知.pdf_6B48A59A.pdf,,,关于公布2022年7、8月新疆电网、 天中、吉泉直流配套电源“两个细则” 考核补偿结果的通知 2023-07-12,2026-05-02,待人工复核
AUTO-20260502-1C4010163C,关于公布2022年9、10月新疆电网、天中、吉泉直流配套电源“两个细则”考核补偿结果的通知,国家能源局新疆监管办公室,国家能源局新疆监管办公室,2023-08-18,,新疆,监管规则,国家级,电网,电网,B,中期参考型,现行有效,是,https://xjb.nea.gov.cn/dtyw/tzgg/202309/t20230923_116596.html,01_原始资料\官方政策\2023-08-18_新疆_国家能源局新疆监管办公室_关于公布2022年9、10月新疆电网、天中、吉泉直流配套电源“两个细则”考核补偿结果的通知.html; 03_处理后文本\2023-08-18_新疆_国家能源局新疆监管办公室_关于公布2022年9、10月新疆电网、天中、吉泉直流配套电源“两个细则”考核补偿结果的通知.txt; 01_原始资料\PDF附件\AUTO-20260502-1C4010163C_01_关于公布2022年9、10月新疆电网、天中、吉泉直流配套电源“两个细则”考核补偿结果的通知.pdf_E4577DB1.pdf; 01_原始资料\PDF附件\AUTO-20260502-1C4010163C_02_附件_97D349D7.pdf,,,关于公布2022年9、10月新疆电网、天中、吉泉直流配套电源“两个细则”考核补偿结果的通知 2023-08-18,2026-05-02,待人工复核
AUTO-20260502-D6CB362613,国家能源局浙江监管办公室关于发布浙江电网2023年10-12月份“两个细则”运行结果的通知 2024-03-11,国家能源局浙江监管办公室,国家能源局浙江监管办公室,2023-10-12,,浙江,监管规则,国家级,电网,电网,B,中期参考型,现行有效,是,https://zjb.nea.gov.cn/dtyw/tzgg/202403/P020240312502449455497.pdf,01_原始资料\官方政策\2023-10-12_浙江_国家能源局浙江监管办公室_国家能源局浙江监管办公室关于发布浙江电网2023年10-12月份“两个细则”运行结果的通知_2024-03-11.pdf; 03_处理后文本\2023-10-12_浙江_国家能源局浙江监管办公室_国家能源局浙江监管办公室关于发布浙江电网2023年10-12月份“两个细则”运行结果的通知_2024-03-11.ocr.txt,,,国家能源局浙江监管办公室关于发布浙江电网2023年10-12月份“两个细则”运行结果的通知 2024-03-11；OCR文本待人工复核,2026-05-02,待人工复核
AUTO-20260502-B082375700,关于公布2023年1、2月新疆电网、 天中、吉泉直流配套电源“两个细则” 考核补偿结果的通知,国家能源局新疆监管办公室,国家能源局新疆监管办公室,2023-11-13,,新疆,监管规则,国家级,电网,电网,B,中期参考型,现行有效,是,https://xjb.nea.gov.cn/dtyw/tzgg/202401/t20240129_230964.html,01_原始资料\官方政策\2023-11-13_新疆_国家能源局新疆监管办公室_关于公布2023年1、2月新疆电网、_天中、吉泉直流配套电源“两个细则”_考核补偿结果的通知.html; 03_处理后文本\2023-11-13_新疆_国家能源局新疆监管办公室_关于公布2023年1、2月新疆电网、_天中、吉泉直流配套电源“两个细则”_考核补偿结果的通知.txt,,,关于公布2023年1、2月新疆电网、 天中、吉泉直流配套电源“两个细则” 考核补偿结果的通知 2023-11-13,2026-05-02,待人工复核
AUTO-20260502-2DEB917D91,关于印发《四川新建电源接入电网监管实施细则》的通知,国家能源局四川监管办公室,国家能源局四川监管办公室,2023-11-27,,四川,监管规则,国家级,电网,实施细则;电网,B,中期参考型,现行有效,是,https://scb.nea.gov.cn/dtyw/tzgg/202401/t20240119_227904.html,01_原始资料\官方政策\2023-11-27_四川_国家能源局四川监管办公室_关于印发《四川新建电源接入电网监管实施细则》的通知.html; 03_处理后文本\2023-11-27_四川_国家能源局四川监管办公室_关于印发《四川新建电源接入电网监管实施细则》的通知.txt; 01_原始资料\PDF附件\AUTO-20260502-2DEB917D91_01_关于印发《四川新建电源接入电网监管实施细则》的通知.pdf_3E9E94C2.pdf,,,关于印发《四川新建电源接入电网监管实施细则》的通知 2023-11-27,2026-05-02,待人工复核
AUTO-20260502-D745981CF2,国家能源局浙江监管办公室关于发布浙江电网2024年1-3月份“两个细则”运行结果的通知 2024-06-05,国家能源局浙江监管办公室,国家能源局浙江监管办公室,2024-01-03,,浙江,监管规则,国家级,电网,电网,B,中期参考型,现行有效,是,https://zjb.nea.gov.cn/dtyw/tzgg/202406/P020240605312300114902.pdf,01_原始资料\官方政策\2024-01-03_浙江_国家能源局浙江监管办公室_国家能源局浙江监管办公室关于发布浙江电网2024年1-3月份“两个细则”运行结果的通知_2024-06-05.pdf; 03_处理后文本\2024-01-03_浙江_国家能源局浙江监管办公室_国家能源局浙江监管办公室关于发布浙江电网2024年1-3月份“两个细则”运行结果的通知_2024-06-05.ocr.txt,,,国家能源局浙江监管办公室关于发布浙江电网2024年1-3月份“两个细则”运行结果的通知 2024-06-05；OCR文本待人工复核,2026-05-02,待人工复核
AUTO-20260502-84CFE51CF3,关于公布2023年3、4月新疆电网、 天中、吉泉直流配套电源“两个细则” 考核补偿结果的通知,国家能源局新疆监管办公室,国家能源局新疆监管办公室,2024-01-17,,新疆,监管规则,国家级,电网,电网,B,中期参考型,现行有效,是,https://xjb.nea.gov.cn/dtyw/tzgg/202401/t20240129_230969.html,01_原始资料\官方政策\2024-01-17_新疆_国家能源局新疆监管办公室_关于公布2023年3、4月新疆电网、_天中、吉泉直流配套电源“两个细则”_考核补偿结果的通知.html; 03_处理后文本\2024-01-17_新疆_国家能源局新疆监管办公室_关于公布2023年3、4月新疆电网、_天中、吉泉直流配套电源“两个细则”_考核补偿结果的通知.txt,,,关于公布2023年3、4月新疆电网、 天中、吉泉直流配套电源“两个细则” 考核补偿结果的通知 2024-01-17,2026-05-02,待人工复核
AUTO-20260502-7F6A0EC8C5,关于印发《四川省两项改革涉改乡镇农村电网巩固提升项目省级预算内基本建设投资补助管理办法》的通知（川发改能源规〔2024〕61号）,四川省发展和改革委员会,四川省发展和改革委员会,2024-02-18,川发改能源规〔2024〕61号,四川,官方政策,,电网,电网,A,长期有效型,现行有效,是,https://fgw.sc.gov.cn/sfgw/qtwj/2024/2/18/4f66289b5f2e401db846852a083ae46e.shtml,01_原始资料\官方政策\2024-02-18_四川_四川省发展和改革委员会_关于印发《四川省两项改革涉改乡镇农村电网巩固提升项目省级预算内基本建设投资补助管理办法》的通知（川发改能源规〔2024〕61号）.html; 03_处理后文本\2024-02-18_四川_四川省发展和改革委员会_关于印发《四川省两项改革涉改乡镇农村电网巩固提升项目省级预算内基本建设投资补助管理办法》的通知（川发改能源规〔2024〕61号）.txt,,,关于印发《四川省两项改革涉改乡镇农村电网巩固提升项目省级预算内基本建设投资补助管理办法》的通知（川发...,2026-05-02,待人工复核
AUTO-20260502-04A8BBEF37,关于印发《四川省电力辅助服务管理实施细则》和《四川省电力并网管理实施细则》的通知 2024-03-01,国家能源局四川监管办公室,国家能源局四川监管办公室,2024-03-01,,四川,监管规则,国家级,辅助服务,实施细则;辅助服务,B,中期参考型,现行有效,是,https://scb.nea.gov.cn/dtyw/tzgg/202403/P020240301582216887470.pdf,01_原始资料\官方政策\2024-03-01_四川_国家能源局四川监管办公室_关于印发《四川省电力辅助服务管理实施细则》和《四川省电力并网管理实施细则》的通知_2024-03-01.pdf; 03_处理后文本\2024-03-01_四川_国家能源局四川监管办公室_关于印发《四川省电力辅助服务管理实施细则》和《四川省电力并网管理实施细则》的通知_2024-03-01.ocr.txt,,,关于印发《四川省电力辅助服务管理实施细则》和《四川省电力并网管理实施细则》的通知 2024-03-01；OCR文本待人工复核,2026-05-02,待人工复核
AUTO-20260502-82D7DD7E71,关于公布2023年5月、6月新疆电网、 天中、吉泉直流配套电源“两个细则” 考核补偿结果的通知,国家能源局新疆监管办公室,国家能源局新疆监管办公室,2024-03-15,西北监能市场〔2018〕66号,新疆,监管规则,国家级,电网,电网,B,中期参考型,现行有效,是,https://xjb.nea.gov.cn/dtyw/tzgg/202403/t20240315_259050.html,01_原始资料\官方政策\2024-03-15_新疆_国家能源局新疆监管办公室_关于公布2023年5月、6月新疆电网、_天中、吉泉直流配套电源“两个细则”_考核补偿结果的通知.html; 03_处理后文本\2024-03-15_新疆_国家能源局新疆监管办公室_关于公布2023年5月、6月新疆电网、_天中、吉泉直流配套电源“两个细则”_考核补偿结果的通知.txt; 01_原始资料\PDF附件\AUTO-20260502-82D7DD7E71_01_关于公布2023年5月、6月新疆电网、天中、吉泉直流配套电源“两个细则”考核补偿结果的通知.pdf_F6DDD064.pdf,,,关于公布2023年5月、6月新疆电网、 天中、吉泉直流配套电源“两个细则” 考核补偿结果的通知 2024-03-15,2026-05-02,待人工复核
AUTO-20260502-AC38FC825D,关于公布2023年7月、8月新疆电网、 天中、吉泉直流配套电源“两个细则” 考核补偿结果的通知,国家能源局新疆监管办公室,国家能源局新疆监管办公室,2024-03-15,西北监能市场〔2018〕66号,新疆,监管规则,国家级,电网,电网,B,中期参考型,现行有效,是,https://xjb.nea.gov.cn/dtyw/tzgg/202403/t20240315_259051.html,01_原始资料\官方政策\2024-03-15_新疆_国家能源局新疆监管办公室_关于公布2023年7月、8月新疆电网、_天中、吉泉直流配套电源“两个细则”_考核补偿结果的通知.html; 03_处理后文本\2024-03-15_新疆_国家能源局新疆监管办公室_关于公布2023年7月、8月新疆电网、_天中、吉泉直流配套电源“两个细则”_考核补偿结果的通知.txt; 01_原始资料\PDF附件\AUTO-20260502-AC38FC825D_01_关于公布2023年7月、8月新疆电网、天中、吉泉直流配套电源“两个细则”考核补偿结果的通知.pdf_0FF0949D.pdf,,,关于公布2023年7月、8月新疆电网、 天中、吉泉直流配套电源“两个细则” 考核补偿结果的通知 2024-03-15,2026-05-02,待人工复核
AUTO-20260502-12D273D838,关于公布2023年11月、12月新疆电网、天中、吉泉直流配套电源“两个细则”考核补偿结果的通知,国家能源局新疆监管办公室,国家能源局新疆监管办公室,2024-04-09,西北监能市场〔2018〕66号,新疆,监管规则,国家级,电网,电网,B,中期参考型,现行有效,是,https://xjb.nea.gov.cn/dtyw/tzgg/202404/t20240409_260373.html,01_原始资料\官方政策\2024-04-09_新疆_国家能源局新疆监管办公室_关于公布2023年11月、12月新疆电网、天中、吉泉直流配套电源“两个细则”考核补偿结果的通知.html; 03_处理后文本\2024-04-09_新疆_国家能源局新疆监管办公室_关于公布2023年11月、12月新疆电网、天中、吉泉直流配套电源“两个细则”考核补偿结果的通知.txt; 01_原始资料\PDF附件\AUTO-20260502-12D273D838_01_关于公布2023年11月、12月新疆电网、天中、吉泉直流配套电源“两个细则”考核补偿结果的通知.pdf_62178724.pdf,,,关于公布2023年11月、12月新疆电网、天中、吉泉直流配套电源“两个细则”考核补偿结果的通知 2024-04-09,2026-05-02,待人工复核
AUTO-20260502-95AA629F47,关于公布2023年9月、10月新疆电网、 天中、吉泉直流配套电源“两个细则” 考核补偿结果的通知,国家能源局新疆监管办公室,国家能源局新疆监管办公室,2024-04-09,西北监能市场〔2018〕66号,新疆,监管规则,国家级,电网,电网,B,中期参考型,现行有效,是,https://xjb.nea.gov.cn/dtyw/tzgg/202404/t20240409_260370.html,01_原始资料\官方政策\2024-04-09_新疆_国家能源局新疆监管办公室_关于公布2023年9月、10月新疆电网、_天中、吉泉直流配套电源“两个细则”_考核补偿结果的通知.html; 03_处理后文本\2024-04-09_新疆_国家能源局新疆监管办公室_关于公布2023年9月、10月新疆电网、_天中、吉泉直流配套电源“两个细则”_考核补偿结果的通知.txt; 01_原始资料\PDF附件\AUTO-20260502-95AA629F47_01_关于公布2023年9月、10月新疆电网、天中、吉泉直流配套电源“两个细则”考核补偿结果的通知.pdf_65E74C0C.pdf,,,关于公布2023年9月、10月新疆电网、 天中、吉泉直流配套电源“两个细则” 考核补偿结果的通知 2024-04-09,2026-05-02,待人工复核
AUTO-20260502-D2E612383A,上海市经济信息化委关于发布 《上海电力供应环境可持续性关键绩效指标报告 （2023年度）》的通知,上海市经济和信息化委员会,上海市经济和信息化委员会,2024-04-30,,上海,官方政策,,高质量发展;新型电力系统,高质量发展;新型电力系统;绿色低碳;碳达峰;碳中和,A,长期有效型,现行有效,是,https://www.sheitc.sh.gov.cn/jjyx/20240430/8cd8e51540534c908c2d69565bf41c63.html,01_原始资料\官方政策\2024-04-30_上海_上海市经济和信息化委员会_上海市经济信息化委关于发布_《上海电力供应环境可持续性关键绩效指标报告_（2023年度）》的通知.html; 03_处理后文本\2024-04-30_上海_上海市经济和信息化委员会_上海市经济信息化委关于发布_《上海电力供应环境可持续性关键绩效指标报告_（2023年度）》的通知.txt; 01_原始资料\PDF附件\AUTO-20260502-D2E612383A_01_点击查看_61AAD936.pdf; 03_处理后文本\AUTO-20260502-D2E612383A_01_点击查看_61AAD936.txt,,,上海市经济信息化委关于发布 《上海电力供应环境可持续性关键绩效指标报告 （2023年度）》的通知 为深入贯彻落实国家和我市关于碳达峰、碳中和的重大战略决策，扎实推进我市能源绿色低碳转型，加快构建新型电力系统，推动可持续高质量发展，我委会同相关部门和单位编写了《上海电力供应环境可持续性关键绩效指标报告（2023年度）》，现予以发布。 2024-04-30,2026-05-02,待人工复核
AUTO-20260502-78C667A747,国家能源局西北监管局关于报送2023年度电网企业和发电企业价格与成本信息的通知,国家能源局派出机构,国家能源局西北监管局,2024-05-16,,西北区域,监管规则,国家级,电网,电网,B,中期参考型,现行有效,是,https://xbj.nea.gov.cn/dtyw/tzgg/202405/t20240516_262978.html,01_原始资料\官方政策\2024-05-16_西北区域_国家能源局派出机构_国家能源局西北监管局关于报送2023年度电网企业和发电企业价格与成本信息的通知.html; 03_处理后文本\2024-05-16_西北区域_国家能源局派出机构_国家能源局西北监管局关于报送2023年度电网企业和发电企业价格与成本信息的通知.txt; 01_原始资料\PDF附件\AUTO-20260502-78C667A747_01_国家能源局西北监管局关于报送2023年度电网企业价格与成本信息的通知.pdf_5493D8AF.pdf; 01_原始资料\PDF附件\AUTO-20260502-78C667A747_02_国家能源局西北监管局关于报送2023年度发电企业价格与成本信息的通知.pdf_28155457.pdf,,,国家能源局西北监管局关于报送2023年度电网企业和发电企业价格与成本信息的通知 2024-05-16,2026-05-02,待人工复核
AUTO-20260502-99BECE515C,关于印发《四川省电力市场秩序突出问题专项监管实施方案》的通知 2024-06-17,国家能源局四川监管办公室,国家能源局四川监管办公室,2024-06-17,国务院令第432号,四川,监管规则,国家级,电力市场,电力市场,B,中期参考型,现行有效,是,https://scb.nea.gov.cn/dtyw/tzgg/202406/P020240617609699992969.pdf,01_原始资料\官方政策\2024-06-17_四川_国家能源局四川监管办公室_关于印发《四川省电力市场秩序突出问题专项监管实施方案》的通知_2024-06-17.pdf; 03_处理后文本\2024-06-17_四川_国家能源局四川监管办公室_关于印发《四川省电力市场秩序突出问题专项监管实施方案》的通知_2024-06-17.ocr.txt,,,关于印发《四川省电力市场秩序突出问题专项监管实施方案》的通知 2024-06-17；OCR文本待人工复核,2026-05-02,待人工复核
AUTO-20260502-6712165152,国家能源局浙江监管办公室关于发布浙江电网2024年7-9月份“两个细则”运行结果的通知 2024-12-18,国家能源局浙江监管办公室,国家能源局浙江监管办公室,2024-07-09,,浙江,监管规则,国家级,电网,电网,B,中期参考型,现行有效,是,https://zjb.nea.gov.cn/dtyw/tzgg/202412/P020241218296060584394.pdf,01_原始资料\官方政策\2024-07-09_浙江_国家能源局浙江监管办公室_国家能源局浙江监管办公室关于发布浙江电网2024年7-9月份“两个细则”运行结果的通知_2024-12-18.pdf; 03_处理后文本\2024-07-09_浙江_国家能源局浙江监管办公室_国家能源局浙江监管办公室关于发布浙江电网2024年7-9月份“两个细则”运行结果的通知_2024-12-18.ocr.txt,,,国家能源局浙江监管办公室关于发布浙江电网2024年7-9月份“两个细则”运行结果的通知 2024-12-18；OCR文本待人工复核,2026-05-02,待人工复核
AUTO-20260502-6AF7FE5926,国家能源局浙江监管办公室关于发布浙江电网2024年10-12月份“两个细则”运行结果的通知,国家能源局浙江监管办公室,国家能源局浙江监管办公室,2024-10-12,,浙江,监管规则,国家级,电网,电网,B,中期参考型,现行有效,是,https://zjb.nea.gov.cn/dtyw/tzgg/202504/t20250415_279621.html,01_原始资料\官方政策\2024-10-12_浙江_国家能源局浙江监管办公室_国家能源局浙江监管办公室关于发布浙江电网2024年10-12月份“两个细则”运行结果的通知.html; 03_处理后文本\2024-10-12_浙江_国家能源局浙江监管办公室_国家能源局浙江监管办公室关于发布浙江电网2024年10-12月份“两个细则”运行结果的通知.txt; 01_原始资料\PDF附件\AUTO-20260502-6AF7FE5926_01_国家能源局浙江监管办公室关于发布浙江电网2024年10-12月份“两个细则”运行结果的通知.PDF_FCC0E751.pdf; 03_处理后文本\AUTO-20260502-6AF7FE5926_01_国家能源局浙江监管办公室关于发布浙江电网2024年10-12月份“两个细则”运行结果的通知.PDF_FCC0E751.txt,,,国家能源局浙江监管办公室关于发布浙江电网2024年10-12月份“两个细则”运行结果的通知 2025-04-15,2026-05-02,待人工复核
AUTO-20260502-755A9B598E,国家能源局浙江监管办公室关于发布浙江电网2025年1-3月份“两个细则”运行结果的通知,国家能源局浙江监管办公室,国家能源局浙江监管办公室,2025-01-03,,浙江,监管规则,国家级,电网,电网,B,中期参考型,现行有效,是,https://zjb.nea.gov.cn/dtyw/tzgg/202509/t20250903_286732.html,01_原始资料\官方政策\2025-01-03_浙江_国家能源局浙江监管办公室_国家能源局浙江监管办公室关于发布浙江电网2025年1-3月份“两个细则”运行结果的通知.html; 03_处理后文本\2025-01-03_浙江_国家能源局浙江监管办公室_国家能源局浙江监管办公室关于发布浙江电网2025年1-3月份“两个细则”运行结果的通知.txt; 01_原始资料\PDF附件\AUTO-20260502-755A9B598E_01_国家能源局浙江监管办公室关于发布浙江电网2025年1-3月份“两个细则”运行结果的通知.PDF_4527B691.pdf,,,国家能源局浙江监管办公室关于发布浙江电网2025年1-3月份“两个细则”运行结果的通知 2025-07-02,2026-05-02,待人工复核
AUTO-20260502-EA3CB8F3CF,国家能源局浙江监管办公室关于发布浙江电网2025年1-3月份“两个细则”运行结果的通知,国家能源局浙江监管办公室,国家能源局浙江监管办公室,2025-01-03,,浙江,监管规则,国家级,电网,电网,B,中期参考型,现行有效,是,https://zjb.nea.gov.cn/dtyw/tzgg/202509/t20250903_286729.html,01_原始资料\官方政策\2025-01-03_浙江_国家能源局浙江监管办公室_国家能源局浙江监管办公室关于发布浙江电网2025年1-3月份“两个细则”运行结果的通知.html; 03_处理后文本\2025-01-03_浙江_国家能源局浙江监管办公室_国家能源局浙江监管办公室关于发布浙江电网2025年1-3月份“两个细则”运行结果的通知.txt; 01_原始资料\PDF附件\AUTO-20260502-EA3CB8F3CF_01_国家能源局浙江监管办公室关于发布浙江电网2025年1-3月份“两个细则”运行结果的通知.PDF_4527B691.pdf,,,国家能源局浙江监管办公室关于发布浙江电网2025年1-3月份“两个细则”运行结果的通知 2025-07-02,2026-05-02,待人工复核
AUTO-20260502-60B47C167C,国家能源局浙江监管办公室关于发布浙江电网2025年1-3月份“两个细则”运行结果的通知,国家能源局浙江监管办公室,国家能源局浙江监管办公室,2025-01-03,,浙江,监管规则,国家级,电网,电网,B,中期参考型,现行有效,是,https://zjb.nea.gov.cn/dtyw/tzgg/202509/t20250904_286796.html,01_原始资料\官方政策\2025-01-03_浙江_国家能源局浙江监管办公室_国家能源局浙江监管办公室关于发布浙江电网2025年1-3月份“两个细则”运行结果的通知.html; 03_处理后文本\2025-01-03_浙江_国家能源局浙江监管办公室_国家能源局浙江监管办公室关于发布浙江电网2025年1-3月份“两个细则”运行结果的通知.txt; 01_原始资料\PDF附件\AUTO-20260502-60B47C167C_01_国家能源局浙江监管办公室关于发布浙江电网2025年1-3月份“两个细则”运行结果的通知.PDF_4527B691.pdf,,,国家能源局浙江监管办公室关于发布浙江电网2025年1-3月份“两个细则”运行结果的通知 2025-09-04,2026-05-02,待人工复核
AUTO-20260502-E6C404A9A8,浙江能源监管办关于认真贯彻落实《电网安全风险管控办法》的通知 2025-01-07,国家能源局浙江监管办公室,国家能源局浙江监管办公室,2025-01-07,,浙江,监管规则,国家级,电网,电网,B,中期参考型,现行有效,是,https://zjb.nea.gov.cn/dtyw/tzgg/202501/P020250107549924784163.pdf,01_原始资料\官方政策\2025-01-07_浙江_国家能源局浙江监管办公室_浙江能源监管办关于认真贯彻落实《电网安全风险管控办法》的通知_2025-01-07.pdf; 03_处理后文本\2025-01-07_浙江_国家能源局浙江监管办公室_浙江能源监管办关于认真贯彻落实《电网安全风险管控办法》的通知_2025-01-07.ocr.txt,,,浙江能源监管办关于认真贯彻落实《电网安全风险管控办法》的通知 2025-01-07；OCR文本待人工复核,2026-05-02,待人工复核
AUTO-20260502-3623F08B0E,国家能源局浙江监管办公室关于发布浙江电网2025年4-6月份“两个细则”运行结果的通知,国家能源局浙江监管办公室,国家能源局浙江监管办公室,2025-04-06,,浙江,监管规则,国家级,电网,电网,B,中期参考型,现行有效,是,https://zjb.nea.gov.cn/dtyw/tzgg/202509/t20250904_286799.html,01_原始资料\官方政策\2025-04-06_浙江_国家能源局浙江监管办公室_国家能源局浙江监管办公室关于发布浙江电网2025年4-6月份“两个细则”运行结果的通知.html; 03_处理后文本\2025-04-06_浙江_国家能源局浙江监管办公室_国家能源局浙江监管办公室关于发布浙江电网2025年4-6月份“两个细则”运行结果的通知.txt; 01_原始资料\PDF附件\AUTO-20260502-3623F08B0E_01_国家能源局浙江监管办公室关于发布浙江电网2025年4-6月份“两个细则”运行结果的通知.PDF_38DE9F80.pdf,,,国家能源局浙江监管办公室关于发布浙江电网2025年4-6月份“两个细则”运行结果的通知 2025-09-04,2026-05-02,待人工复核
AUTO-20260502-E67230368E,四川省能源局关于征集智能电网国家科技重大专项2026年度重大研发攻关需求建议的通知,四川省发展和改革委员会,四川省发展和改革委员会,2025-05-22,,四川,官方政策,,电网,电网;智能电网,A,长期有效型,现行有效,是,https://fgw.sc.gov.cn/sfgw/tzgg/2025/5/22/e1643cf3ba8e401281d7ea38b446587e.shtml,01_原始资料\官方政策\2025-05-22_四川_四川省发展和改革委员会_四川省能源局关于征集智能电网国家科技重大专项2026年度重大研发攻关需求建议的通知.html; 03_处理后文本\2025-05-22_四川_四川省发展和改革委员会_四川省能源局关于征集智能电网国家科技重大专项2026年度重大研发攻关需求建议的通知.txt; 01_原始资料\PDF附件\AUTO-20260502-E67230368E_01_国家能源局综合司关于征集智能电网国家科技重大_专项_2026_年度重大研发攻关需求建议的函_602D42E5.pdf,,,四川省能源局关于征集智能电网国家科技重大专项2026年度重大研发攻关需求建议的通知,2026-05-02,待人工复核
AUTO-20260502-CC59936556,关于印发《四川省电网侧新型储能项目清单（2025年度）》的通知(川发改能源〔2025〕309号),四川省发展和改革委员会,四川省发展和改革委员会,2025-07-11,川发改能源〔2025〕309号,四川,官方政策,,电网;储能,新型储能;电网,A,长期有效型,现行有效,是,https://fgw.sc.gov.cn/sfgw/tzgg/2025/7/11/61db13aa9e1f45758288959fadc9f1ea.shtml,01_原始资料\官方政策\2025-07-11_四川_四川省发展和改革委员会_关于印发《四川省电网侧新型储能项目清单（2025年度）》的通知(川发改能源〔2025〕309号).html; 03_处理后文本\2025-07-11_四川_四川省发展和改革委员会_关于印发《四川省电网侧新型储能项目清单（2025年度）》的通知(川发改能源〔2025〕309号).txt,,,关于印发《四川省电网侧新型储能项目清单（2025年度）》的通知(川发改能源〔2025〕309号),2026-05-02,待人工复核
AUTO-20260502-717F870021,四川省能源局 国家能源局四川监管办公室关于进一步加强我省电网建设项目质量监督和启动验收管理的通知,四川省发展和改革委员会,四川省发展和改革委员会,2025-07-22,,四川,官方政策,,电网,电网,A,长期有效型,现行有效,是,https://fgw.sc.gov.cn/sfgw/tzgg/2025/7/22/1a1489dd90a54210b40dcb2e23bb9e15.shtml,01_原始资料\官方政策\2025-07-22_四川_四川省发展和改革委员会_四川省能源局_国家能源局四川监管办公室关于进一步加强我省电网建设项目质量监督和启动验收管理的通知.html; 03_处理后文本\2025-07-22_四川_四川省发展和改革委员会_四川省能源局_国家能源局四川监管办公室关于进一步加强我省电网建设项目质量监督和启动验收管理的通知.txt,,,四川省能源局 国家能源局四川监管办公室关于进一步加强我省电网建设项目质量监督和启动验收管理的通知,2026-05-02,待人工复核
AUTO-20260502-8B017B6B7F,山西省能源局 国家能源局山西监管办公室 国网山西省电力有限公司关于进一步加强新能源配套送出工程管理推动新能源高质量发展的通知,山西省能源局,山西省能源局-政策文件检索电力,2025-08-18,晋能源新能源发〔2025〕161号,山西,官方政策,,高质量发展;新能源,高质量发展,A,长期有效型,现行有效,是,http://nyj.shanxi.gov.cn/zfxxgk/fdzdgknr/sjwj/202509/t20250901_9949161.shtml,01_原始资料\官方政策\2025-08-18_山西_山西省能源局_山西省能源局_国家能源局山西监管办公室_国网山西省电力有限公司关于进一步加强新能源配套送出工程管理推动新能源高质量发展的通知.html; 03_处理后文本\2025-08-18_山西_山西省能源局_山西省能源局_国家能源局山西监管办公室_国网山西省电力有限公司关于进一步加强新能源配套送出工程管理推动新能源高质量发展的通知.txt; 01_原始资料\PDF附件\AUTO-20260502-8B017B6B7F_01_电网公平开放承诺书（参考模板）_5B4F5938.pdf; 01_原始资料\PDF附件\AUTO-20260502-8B017B6B7F_02_异议调解情况统计表_D157B992.pdf; 03_处理后文本\AUTO-20260502-8B017B6B7F_01_电网公平开放承诺书（参考模板）_5B4F5938.txt; 03_处理后文本\AUTO-20260502-8B017B6B7F_02_异议调解情况统计表_D157B992.txt,,,山西省能源局 国家能源局山西监管办公室 国网山西省电力有限公司关于进一步加强新能源配套送出工程管理推动新能源高质量发展的通知,2026-05-02,待人工复核
AUTO-20260502-F3F5060517,四川省发展和改革委员会关于地方电网居民生活用电执行低谷电价政策有关事项的通知,四川省发展和改革委员会,四川省发展和改革委员会,2025-08-27,,四川,官方政策,,电网,电网,A,长期有效型,现行有效,是,https://fgw.sc.gov.cn/sfgw/tzgg/2025/8/27/e63ab79fc8f941b1abce01e3e88a7b46.shtml,01_原始资料\官方政策\2025-08-27_四川_四川省发展和改革委员会_四川省发展和改革委员会关于地方电网居民生活用电执行低谷电价政策有关事项的通知.html; 03_处理后文本\2025-08-27_四川_四川省发展和改革委员会_四川省发展和改革委员会关于地方电网居民生活用电执行低谷电价政策有关事项的通知.txt,,,四川省发展和改革委员会关于地方电网居民生活用电执行低谷电价政策有关事项的通知,2026-05-02,待人工复核
AUTO-20260502-A3BBD32046,关于印发《四川省电网侧新型储能项目清单（2025年第二批）》的通知(川发改能源〔2025〕518号),四川省发展和改革委员会,四川省发展和改革委员会,2025-10-24,川发改能源〔2025〕518号,四川,官方政策,,电网;储能,新型储能;电网,A,长期有效型,现行有效,是,https://fgw.sc.gov.cn/sfgw/tzgg/2025/10/24/eb0c9a1c30f544fe9264c9be874f056e.shtml,01_原始资料\官方政策\2025-10-24_四川_四川省发展和改革委员会_关于印发《四川省电网侧新型储能项目清单（2025年第二批）》的通知(川发改能源〔2025〕518号).html; 03_处理后文本\2025-10-24_四川_四川省发展和改革委员会_关于印发《四川省电网侧新型储能项目清单（2025年第二批）》的通知(川发改能源〔2025〕518号).txt; 01_原始资料\PDF附件\AUTO-20260502-A3BBD32046_01_四川省电网侧新型储能项目清单（2025年第二批）_CD5344B1.pdf; 03_处理后文本\AUTO-20260502-A3BBD32046_01_四川省电网侧新型储能项目清单（2025年第二批）_CD5344B1.txt,,,关于印发《四川省电网侧新型储能项目清单（2025年第二批）》的通知(川发改能源〔2025〕518号),2026-05-02,待人工复核
AUTO-20260502-B841DF8667,华中能源监管局关于公开征求《川渝藏省间电力互济交易实施细则（征求意见稿）》意见的通知,国家能源局派出机构,国家能源局华中监管局,2026-04-30,,华中区域,监管规则,国家级,省间交易,实施细则;省间,B,中期参考型,征求意见,是,https://hzj.nea.gov.cn/dtyw/tzgg/202604/t20260430_300476.html,01_原始资料\官方政策\2026-04-30_华中区域_国家能源局派出机构_华中能源监管局关于公开征求《川渝藏省间电力互济交易实施细则（征求意见稿）》意见的通知.html; 03_处理后文本\2026-04-30_华中区域_国家能源局派出机构_华中能源监管局关于公开征求《川渝藏省间电力互济交易实施细则（征求意见稿）》意见的通知.txt; 01_原始资料\PDF附件\AUTO-20260502-B841DF8667_01_附件1_川渝藏省间电力互济交易实施细则.pdf_7785EC65.pdf; 01_原始资料\PDF附件\AUTO-20260502-B841DF8667_02_附件2_编制说明.pdf_9E003095.pdf; 03_处理后文本\AUTO-20260502-B841DF8667_01_附件1_川渝藏省间电力互济交易实施细则.pdf_7785EC65.txt; 03_处理后文本\AUTO-20260502-B841DF8667_02_附件2_编制说明.pdf_9E003095.txt,,,华中能源监管局关于公开征求《川渝藏省间电力互济交易实施细则（征求意见稿）》意... 2026-04-30,2026-05-02,待人工复核
AUTO-20260502-94192CD7A5,关于促进可再生能源绿色电力证书市场高质量发展的意见(发改能源〔2025〕262号),国家发展改革委,国家发展改革委-政策通知,2025-03-18,发改能源〔2025〕262号,全国,官方政策,国家级,高质量发展;绿电,高质量发展,A,长期有效型,现行有效,是,https://www.ndrc.gov.cn/xxgk/zcfb/tz/202503/t20250318_1396627.html,01_原始资料\官方政策\2025-03-18_全国_国家发展改革委_关于促进可再生能源绿色电力证书市场高质量发展的意见(发改能源〔2025〕262号).html; 03_处理后文本\2025-03-18_全国_国家发展改革委_关于促进可再生能源绿色电力证书市场高质量发展的意见(发改能源〔2025〕262号).txt,,,关于促进可再生能源绿色电力证书市场高质量发展的意见(发改能源〔2025〕262号),2026-05-02,待人工复核
AUTO-20260502-9C1051AE3A,关于促进电网高质量发展的指导意见(发改能源〔2025〕1710号),国家发展改革委,国家发展改革委-政策通知,2025-12-31,发改能源〔2025〕1710号,全国,官方政策,国家级,高质量发展;电网,高质量发展;电网,A,长期有效型,现行有效,是,https://www.ndrc.gov.cn/xxgk/zcfb/tz/202512/t20251231_1402949.html,01_原始资料\官方政策\2025-12-31_全国_国家发展改革委_关于促进电网高质量发展的指导意见(发改能源〔2025〕1710号).html; 03_处理后文本\2025-12-31_全国_国家发展改革委_关于促进电网高质量发展的指导意见(发改能源〔2025〕1710号).txt,,,关于促进电网高质量发展的指导意见(发改能源〔2025〕1710号),2026-05-02,待人工复核
AUTO-20260502-11A59453A9,关于加强和规范电网规划投资管理工作的通知(发改能源规〔2020〕816号),国家发展改革委,国家发展改革委,2020-06-08,发改能源规〔2020〕816号,全国,官方政策,国家级,电网,电网;电网规划,A,长期有效型,现行有效,是,https://www.ndrc.gov.cn/xxgk/zcfb/ghxwj/202006/t20200608_1230930.html,01_原始资料\官方政策\2020-06-08_全国_国家发展改革委_关于加强和规范电网规划投资管理工作的通知(发改能源规〔2020〕816号).html; 03_处理后文本\2020-06-08_全国_国家发展改革委_关于加强和规范电网规划投资管理工作的通知(发改能源规〔2020〕816号).txt,,,关于加强和规范电网规划投资管理工作的通知(发改能源规〔2020〕816号),2026-05-02,待人工复核
AUTO-20260502-A406C4F625,关于印发《加快构建新型电力系统行动方案(2024—2027年)》的通知(发改能源〔2024〕1128号),国家发展改革委,国家发展改革委-政策通知,2024-08-06,发改能源〔2024〕1128号,全国,官方政策,国家级,新型电力系统,新型电力系统,A,长期有效型,现行有效,是,https://www.ndrc.gov.cn/xxgk/zcfb/tz/202408/t20240806_1392258.html,01_原始资料\官方政策\2024-08-06_全国_国家发展改革委_关于印发《加快构建新型电力系统行动方案(2024—2027年)》的通知(发改能源〔2024〕1128号).html; 03_处理后文本\2024-08-06_全国_国家发展改革委_关于印发《加快构建新型电力系统行动方案(2024—2027年)》的通知(发改能源〔2024〕1128号).txt; 01_原始资料\PDF附件\AUTO-20260502-A406C4F625_01_《加快构建新型电力系统行动方案（2024—2027年）》.pdf_CA5F3B8E.pdf; 03_处理后文本\AUTO-20260502-A406C4F625_01_《加快构建新型电力系统行动方案（2024—2027年）》.pdf_CA5F3B8E.txt,,,关于印发《加快构建新型电力系统行动方案(2024—2027年)》的通知(发改能源〔2024〕1128号),2026-05-02,待人工复核
AUTO-20260502-8FBE71AB3F,关于新形势下配电网高质量发展的指导意见(发改能源〔2024〕187号),国家发展改革委,国家发展改革委-政策通知,2024-03-01,发改能源〔2024〕187号,全国,官方政策,国家级,高质量发展;电网,高质量发展;电网;配电网,A,长期有效型,现行有效,是,https://www.ndrc.gov.cn/xxgk/zcfb/tz/202403/t20240301_1364313.html,01_原始资料\官方政策\2024-03-01_全国_国家发展改革委_关于新形势下配电网高质量发展的指导意见(发改能源〔2024〕187号).html; 03_处理后文本\2024-03-01_全国_国家发展改革委_关于新形势下配电网高质量发展的指导意见(发改能源〔2024〕187号).txt,,,关于新形势下配电网高质量发展的指导意见(发改能源〔2024〕187号),2026-05-02,待人工复核
AUTO-20260502-135D10C5E6,关于核定2020～2022年区域电网输电价格的通知(发改价格规〔2020〕1441号),国家发展改革委,国家发展改革委,2020-09-30,发改价格规〔2020〕1441号,全国,官方政策,国家级,电网;输配电价,电网,A,长期有效型,现行有效,是,https://www.ndrc.gov.cn/xxgk/zcfb/ghxwj/202009/t20200930_1243683.html,01_原始资料\官方政策\2020-09-30_全国_国家发展改革委_关于核定2020～2022年区域电网输电价格的通知(发改价格规〔2020〕1441号).html; 03_处理后文本\2020-09-30_全国_国家发展改革委_关于核定2020～2022年区域电网输电价格的通知(发改价格规〔2020〕1441号).txt; 01_原始资料\PDF附件\AUTO-20260502-135D10C5E6_01_2020～2022年区域电网输电价格表_15F3F1BB.pdf; 03_处理后文本\AUTO-20260502-135D10C5E6_01_2020～2022年区域电网输电价格表_15F3F1BB.txt,,,关于核定2020～2022年区域电网输电价格的通知(发改价格规〔2020〕1441号),2026-05-02,待人工复核
AUTO-20260502-F1C4251461,关于第三监管周期区域电网输电价格及有关事项的通知(发改价格〔2023〕532号),国家发展改革委,国家发展改革委-政策通知,2023-05-15,发改价格〔2023〕532号,全国,官方政策,国家级,电网;输配电价,电网,A,长期有效型,现行有效,是,https://www.ndrc.gov.cn/xxgk/zcfb/tz/202305/t20230515_1355741.html,01_原始资料\官方政策\2023-05-15_全国_国家发展改革委_关于第三监管周期区域电网输电价格及有关事项的通知(发改价格〔2023〕532号).html; 03_处理后文本\2023-05-15_全国_国家发展改革委_关于第三监管周期区域电网输电价格及有关事项的通知(发改价格〔2023〕532号).txt; 01_原始资料\PDF附件\AUTO-20260502-F1C4251461_01_第三监管周期区域电网输电价格表.pdf_9745DAEC.pdf; 03_处理后文本\AUTO-20260502-F1C4251461_01_第三监管周期区域电网输电价格表.pdf_9745DAEC.txt,,,关于第三监管周期区域电网输电价格及有关事项的通知(发改价格〔2023〕532号),2026-05-02,待人工复核
AUTO-20260502-3F932A6BA5,关于组织开展电网企业代理购电工作有关事项的通知(发改办价格〔2021〕809号),国家发展改革委,国家发展改革委-政策通知,2021-10-26,发改办价格〔2021〕809号,全国,官方政策,国家级,电网,电网,A,长期有效型,现行有效,是,https://www.ndrc.gov.cn/xxgk/zcfb/tz/202110/t20211026_1300892.html,01_原始资料\官方政策\2021-10-26_全国_国家发展改革委_关于组织开展电网企业代理购电工作有关事项的通知(发改办价格〔2021〕809号).html; 03_处理后文本\2021-10-26_全国_国家发展改革委_关于组织开展电网企业代理购电工作有关事项的通知(发改办价格〔2021〕809号).txt,,,关于组织开展电网企业代理购电工作有关事项的通知(发改办价格〔2021〕809号),2026-05-02,待人工复核
AUTO-20260502-A3DEF63765,关于跨电网经营区常态化电力交易机制方案的复函(发改体改〔2025〕915号),国家发展改革委,国家发展改革委-政策通知,2025-07-11,发改体改〔2025〕915号,全国,官方政策,国家级,电网,电力交易;电网,A,长期有效型,现行有效,是,https://www.ndrc.gov.cn/xxgk/zcfb/tz/202507/t20250711_1399134.html,01_原始资料\官方政策\2025-07-11_全国_国家发展改革委_关于跨电网经营区常态化电力交易机制方案的复函(发改体改〔2025〕915号).html; 03_处理后文本\2025-07-11_全国_国家发展改革委_关于跨电网经营区常态化电力交易机制方案的复函(发改体改〔2025〕915号).txt; 01_原始资料\PDF附件\AUTO-20260502-A3DEF63765_01_跨电网经营区常态化电力交易机制方案.pdf_3E671EDD.pdf; 03_处理后文本\AUTO-20260502-A3DEF63765_01_跨电网经营区常态化电力交易机制方案.pdf_3E671EDD.txt,,,关于跨电网经营区常态化电力交易机制方案的复函(发改体改〔2025〕915号),2026-05-02,待人工复核
AUTO-20260502-EC360A7FC3,关于进一步做好电网企业代理购电工作的通知(发改办价格〔2022〕1047号),国家发展改革委,国家发展改革委-政策通知,2023-01-10,发改办价格〔2022〕1047号,全国,官方政策,国家级,电网,电网,A,长期有效型,现行有效,是,https://www.ndrc.gov.cn/xxgk/zcfb/tz/202301/t20230110_1346271.html,01_原始资料\官方政策\2023-01-10_全国_国家发展改革委_关于进一步做好电网企业代理购电工作的通知(发改办价格〔2022〕1047号).html; 03_处理后文本\2023-01-10_全国_国家发展改革委_关于进一步做好电网企业代理购电工作的通知(发改办价格〔2022〕1047号).txt,,,关于进一步做好电网企业代理购电工作的通知(发改办价格〔2022〕1047号),2026-05-02,待人工复核
AUTO-20260502-2D4C6E9F5F,华北能源监管局关于印发蒙西电力市场调频、备用两个辅助服务交易实施细则的通知,国家能源局派出机构,国家能源局华北监管局,2020-06-18,华北监能市场〔2020〕119号,华北区域,监管规则,国家级,电力市场;辅助服务,电力市场;实施细则;辅助服务;调频;备用,B,中期参考型,现行有效,是,https://hbj.nea.gov.cn/dtyw/tzgg/202309/t20230925_120276.html,01_原始资料\官方政策\2020-06-18_华北区域_国家能源局派出机构_华北能源监管局关于印发蒙西电力市场调频、备用两个辅助服务交易实施细则的通知.html; 03_处理后文本\2020-06-18_华北区域_国家能源局派出机构_华北能源监管局关于印发蒙西电力市场调频、备用两个辅助服务交易实施细则的通知.txt; 01_原始资料\PDF附件\AUTO-20260502-2D4C6E9F5F_01_蒙西电力市场调频、备用辅助服务交易实施细则（试行）.pdf_C4ADDBD1.pdf; 03_处理后文本\AUTO-20260502-2D4C6E9F5F_01_蒙西电力市场调频、备用辅助服务交易实施细则（试行）.pdf_C4ADDBD1.txt,,,华北能源监管局关于印发蒙西电力市场调频、备用两个辅助服务交易实施细则的通知 2020-06-18,2026-05-02,待人工复核
AUTO-20260502-AD195410B7,华北能源监管局关于印发京津冀绿色电力市场化交易规则及配套优先调度实施细则的通知,国家能源局派出机构,国家能源局华北监管局,2021-01-28,华北监能市场〔2020〕259号,华北区域,监管规则,国家级,电力市场;绿电,电力市场;交易规则;实施细则;市场化交易,B,中期参考型,现行有效,是,https://hbj.nea.gov.cn/dtyw/tzgg/202309/t20230925_120303.html,01_原始资料\官方政策\2021-01-28_华北区域_国家能源局派出机构_华北能源监管局关于印发京津冀绿色电力市场化交易规则及配套优先调度实施细则的通知.html; 03_处理后文本\2021-01-28_华北区域_国家能源局派出机构_华北能源监管局关于印发京津冀绿色电力市场化交易规则及配套优先调度实施细则的通知.txt; 01_原始资料\PDF附件\AUTO-20260502-AD195410B7_01_京津冀绿色电力市场化交易规则及配套优先调度实施细则.pdf_7025264D.pdf; 03_处理后文本\AUTO-20260502-AD195410B7_01_京津冀绿色电力市场化交易规则及配套优先调度实施细则.pdf_7025264D.txt,,,华北能源监管局关于印发京津冀绿色电力市场化交易规则及配套优先调度实施细则的通知 2021-01-28,2026-05-02,待人工复核
AUTO-20260502-0CBB75111D,关于将《华东电网备用辅助服务市场运营规则（试行）》转入正式运行的公告,国家能源局派出机构,国家能源局华东监管局,2023-12-13,,华东区域,监管规则,国家级,电网;辅助服务,运营规则;辅助服务;备用;电网,B,中期参考型,试行,是,https://hdj.nea.gov.cn/dtyw/tzgg/202402/t20240209_247780.html,01_原始资料\官方政策\2023-12-13_华东区域_国家能源局派出机构_关于将《华东电网备用辅助服务市场运营规则（试行）》转入正式运行的公告.html; 03_处理后文本\2023-12-13_华东区域_国家能源局派出机构_关于将《华东电网备用辅助服务市场运营规则（试行）》转入正式运行的公告.txt; 01_原始资料\PDF附件\AUTO-20260502-0CBB75111D_01_《华东电网备用辅助服务市场运营规则》_E8FCA39B.pdf; 03_处理后文本\AUTO-20260502-0CBB75111D_01_《华东电网备用辅助服务市场运营规则》_E8FCA39B.txt,,,关于将《华东电网备用辅助服务市场运营规则（试行）》转入正... 2023-12-13,2026-05-02,待人工复核
AUTO-20260502-447019A4E0,华北能源监管局关于印发华北电力调峰辅助服务市场运营规则（试运行版）的通知,国家能源局派出机构,国家能源局华北监管局,2018-12-29,,华北区域,监管规则,国家级,辅助服务,运营规则;辅助服务;调峰,B,中期参考型,现行有效,是,https://hbj.nea.gov.cn/dtyw/tzgg/202309/t20230925_120205.html,01_原始资料\官方政策\2018-12-29_华北区域_国家能源局派出机构_华北能源监管局关于印发华北电力调峰辅助服务市场运营规则（试运行版）的通知.html; 03_处理后文本\2018-12-29_华北区域_国家能源局派出机构_华北能源监管局关于印发华北电力调峰辅助服务市场运营规则（试运行版）的通知.txt; 01_原始资料\PDF附件\AUTO-20260502-447019A4E0_01_华北能源监管局关于印发华北电力调峰辅助服务市场运营.pdf_E2A0A0BD.pdf; 03_处理后文本\AUTO-20260502-447019A4E0_01_华北能源监管局关于印发华北电力调峰辅助服务市场运营.pdf_E2A0A0BD.txt,,,华北能源监管局关于印发华北电力调峰辅助服务市场运营规则（试运行版）的通知 2018-12-29,2026-05-02,待人工复核
AUTO-20260502-618DBAA604,华北能源监管局关于印发京津唐电网参与跨区域省间可再生能源电力现货交易差额收益分配方案的通知,国家能源局派出机构,国家能源局华北监管局,2019-08-06,华北监能市场〔2019〕228号,华北区域,监管规则,国家级,电网;现货;省间交易,现货;省间;跨区;电网,B,中期参考型,现行有效,是,https://hbj.nea.gov.cn/dtyw/tzgg/202309/t20230925_120243.html,01_原始资料\官方政策\2019-08-06_华北区域_国家能源局派出机构_华北能源监管局关于印发京津唐电网参与跨区域省间可再生能源电力现货交易差额收益分配方案的通知.html; 03_处理后文本\2019-08-06_华北区域_国家能源局派出机构_华北能源监管局关于印发京津唐电网参与跨区域省间可再生能源电力现货交易差额收益分配方案的通知.txt,,,华北能源监管局关于印发京津唐电网参与跨区域省间可再生能源电力现货交易差额收益... 2019-08-06,2026-05-02,待人工复核
AUTO-20260502-988283654F,华北能源监管局关于印发《华北电力调峰辅助服务市场运营规则》（2019年修订版）的通知,国家能源局派出机构,国家能源局华北监管局,2019-09-29,华北监能市场〔2019〕257号,华北区域,监管规则,国家级,辅助服务,运营规则;辅助服务;调峰,B,中期参考型,现行有效,是,https://hbj.nea.gov.cn/dtyw/tzgg/202309/t20230925_120249.html,01_原始资料\官方政策\2019-09-29_华北区域_国家能源局派出机构_华北能源监管局关于印发《华北电力调峰辅助服务市场运营规则》（2019年修订版）的通知.html; 03_处理后文本\2019-09-29_华北区域_国家能源局派出机构_华北能源监管局关于印发《华北电力调峰辅助服务市场运营规则》（2019年修订版）的通知.txt,,,华北能源监管局关于印发《华北电力调峰辅助服务市场运营规则》（2019年修订版）的通知 2019-09-29,2026-05-02,待人工复核
AUTO-20260502-59B23CBDC6,华北能源监管局关于征求蒙西电力市场调频和备用辅助服务交易实施细则意见的函,国家能源局派出机构,国家能源局华北监管局,2020-05-11,,华北区域,监管规则,国家级,电力市场;辅助服务,电力市场;实施细则;辅助服务;调频;备用,B,中期参考型,现行有效,是,https://hbj.nea.gov.cn/dtyw/tzgg/202309/t20230925_120272.html,01_原始资料\官方政策\2020-05-11_华北区域_国家能源局派出机构_华北能源监管局关于征求蒙西电力市场调频和备用辅助服务交易实施细则意见的函.html; 03_处理后文本\2020-05-11_华北区域_国家能源局派出机构_华北能源监管局关于征求蒙西电力市场调频和备用辅助服务交易实施细则意见的函.txt; 01_原始资料\PDF附件\AUTO-20260502-59B23CBDC6_01_华北能源监管局关于征求蒙西电力市场调频和备用辅助服务交易实施细则意见的函.pdf_8327846B.pdf; 03_处理后文本\AUTO-20260502-59B23CBDC6_01_华北能源监管局关于征求蒙西电力市场调频和备用辅助服务交易实施细则意见的函.pdf_8327846B.txt,,,华北能源监管局关于征求蒙西电力市场调频和备用辅助服务交易实施细则意见的函 2020-05-11,2026-05-02,待人工复核
AUTO-20260502-F372A8F2B7,华北能源监管局关于修订《河北南网电力调峰辅助服务市场运营规则》部分条款的通知,国家能源局派出机构,国家能源局华北监管局,2020-11-16,华北监能市场〔2020〕215号,华北区域,监管规则,国家级,辅助服务,运营规则;辅助服务;调峰,B,中期参考型,现行有效,是,https://hbj.nea.gov.cn/dtyw/tzgg/202309/t20230925_120294.html,01_原始资料\官方政策\2020-11-16_华北区域_国家能源局派出机构_华北能源监管局关于修订《河北南网电力调峰辅助服务市场运营规则》部分条款的通知.html; 03_处理后文本\2020-11-16_华北区域_国家能源局派出机构_华北能源监管局关于修订《河北南网电力调峰辅助服务市场运营规则》部分条款的通知.txt; 01_原始资料\PDF附件\AUTO-20260502-F372A8F2B7_01_河北南网电力调峰辅助服务市场运营规则修订内容.pdf_E9796203.pdf; 03_处理后文本\AUTO-20260502-F372A8F2B7_01_河北南网电力调峰辅助服务市场运营规则修订内容.pdf_E9796203.txt,,,华北能源监管局关于修订《河北南网电力调峰辅助服务市场运营规则》部分条款的通知 2020-11-16,2026-05-02,待人工复核
AUTO-20260502-CE737F8C61,关于转发国家能源局《发电企业与电网企业电费结算办法》的通知,国家能源局派出机构,国家能源局南方监管局,2021-01-27,,南方区域,监管规则,国家级,电网;计量结算,结算;电网,B,中期参考型,现行有效,是,https://nfj.nea.gov.cn/xwzx/tzgg/202402/t20240208_245637.html,01_原始资料\官方政策\2021-01-27_南方区域_国家能源局派出机构_关于转发国家能源局《发电企业与电网企业电费结算办法》的通知.html; 03_处理后文本\2021-01-27_南方区域_国家能源局派出机构_关于转发国家能源局《发电企业与电网企业电费结算办法》的通知.txt; 01_原始资料\PDF附件\AUTO-20260502-CE737F8C61_01_3.关于转发国家能源局《发电企业与电网企业电费结算办法》的通知.pdf_6F3F7D5E.pdf; 03_处理后文本\AUTO-20260502-CE737F8C61_01_3.关于转发国家能源局《发电企业与电网企业电费结算办法》的通知.pdf_6F3F7D5E.txt,,,关于转发国家能源局《发电企业与电网企业电费结算办法》的通知 2021-01-27,2026-05-02,待人工复核
AUTO-20260502-91EDC8EDE9,华北能源监管局关于进一步规范电力调峰辅助服务市场结算流程的通知,国家能源局派出机构,国家能源局华北监管局,2021-02-09,华北监能市场〔2021〕47号,华北区域,监管规则,国家级,辅助服务;计量结算,辅助服务;调峰;结算,B,中期参考型,现行有效,是,https://hbj.nea.gov.cn/dtyw/tzgg/202309/t20230925_120305.html,01_原始资料\官方政策\2021-02-09_华北区域_国家能源局派出机构_华北能源监管局关于进一步规范电力调峰辅助服务市场结算流程的通知.html; 03_处理后文本\2021-02-09_华北区域_国家能源局派出机构_华北能源监管局关于进一步规范电力调峰辅助服务市场结算流程的通知.txt,,,华北能源监管局关于进一步规范电力调峰辅助服务市场结算流程的通知 2021-02-09,2026-05-02,待人工复核
AUTO-20260502-E3C5794853,关于南方（以广东起步）电力现货市场 2022年结算试运行市场监管有关事项的通知,国家能源局派出机构,国家能源局南方监管局,2022-01-07,,南方区域,监管规则,国家级,电力市场;现货;计量结算,市场监管;现货;结算,B,中期参考型,现行有效,是,https://nfj.nea.gov.cn/xwzx/tzgg/202402/t20240208_245723.html,01_原始资料\官方政策\2022-01-07_南方区域_国家能源局派出机构_关于南方（以广东起步）电力现货市场_2022年结算试运行市场监管有关事项的通知.html; 03_处理后文本\2022-01-07_南方区域_国家能源局派出机构_关于南方（以广东起步）电力现货市场_2022年结算试运行市场监管有关事项的通知.txt; 01_原始资料\PDF附件\AUTO-20260502-E3C5794853_01_关于南方（以广东起步）电力现货市场+2022年结算试运行市场监管有关事项的通知(无盖章).pdf_39CCA865.pdf; 01_原始资料\PDF附件\AUTO-20260502-E3C5794853_02_1.广东电力市场运营规则（2022年试行版）.pdf_45C68ADB.pdf; 01_原始资料\PDF附件\AUTO-20260502-E3C5794853_03_2.广东电力市场现货电能量交易实施细则（2022年试行版）.pdf_99DE0B0C.pdf; 01_原始资料\PDF附件\AUTO-20260502-E3C5794853_04_3.广东电力市场中长期电能量交易实施细则（2022年试行版）.pdf_7C487344.pdf; 01_原始资料\PDF附件\AUTO-20260502-E3C5794853_05_4.广东电力市场现货结算实施细则（2022年试行版）.pdf_AC09F180.pdf; 01_原始资料\PDF附件\AUTO-20260502-E3C5794853_06_5.广东电力市场注册管理实施细则（2022年试行版）.pdf_271CF9FC.pdf; 01_原始资料\PDF附件\AUTO-20260502-E3C5794853_07_6.广东电力市场信息披露管理细则（2022年试行版）.pdf_8A1D78D3.pdf; 03_处理后文本\AUTO-20260502-E3C5794853_01_关于南方（以广东起步）电力现货市场+2022年结算试运行市场监管有关事项的通知(无盖章).pdf_39CCA865.txt; 03_处理后文本\AUTO-20260502-E3C5794853_02_1.广东电力市场运营规则（2022年试行版）.pdf_45C68ADB.txt; 03_处理后文本\AUTO-20260502-E3C5794853_03_2.广东电力市场现货电能量交易实施细则（2022年试行版）.pdf_99DE0B0C.txt; 03_处理后文本\AUTO-20260502-E3C5794853_04_3.广东电力市场中长期电能量交易实施细则（2022年试行版）.pdf_7C487344.txt; 03_处理后文本\AUTO-20260502-E3C5794853_05_4.广东电力市场现货结算实施细则（2022年试行版）.pdf_AC09F180.txt; 03_处理后文本\AUTO-20260502-E3C5794853_06_5.广东电力市场注册管理实施细则（2022年试行版）.pdf_271CF9FC.txt; 03_处理后文本\AUTO-20260502-E3C5794853_07_6.广东电力市场信息披露管理细则（2022年试行版）.pdf_8A1D78D3.txt,,,关于南方（以广东起步）电力现货市场 2022年结算试运行市场监管有关事项的通知 2022-01-07,2026-05-02,待人工复核
AUTO-20260502-83C288CD96,关于印发《上海市省间清洁购电交易机制实施办法》的通知,上海市发展和改革委员会,上海市发展和改革委员会,2021-10-12,沪发改规范〔2021〕11号,上海,官方政策,,省间交易,省间,A,长期有效型,现行有效,是,http://fgw.sh.gov.cn/fgw_gfxwj/20211123/81863ac5bc414f64a878fd1ba7dd939b.html,01_原始资料\官方政策\2021-10-12_上海_上海市发展和改革委员会_关于印发《上海市省间清洁购电交易机制实施办法》的通知.html; 03_处理后文本\2021-10-12_上海_上海市发展和改革委员会_关于印发《上海市省间清洁购电交易机制实施办法》的通知.txt; 01_原始资料\PDF附件\AUTO-20260502-83C288CD96_01_c6afabc5502510edb06be87c4dc48698.pdf_76A91A12.pdf,,,关于印发《上海市省间清洁购电交易机制实施办法》的通知,2026-05-02,待人工复核
AUTO-20260502-E85F70E1D4,关于印发《上海市省间清洁购电交易机制实施办法（试行）》的通知,上海市发展和改革委员会,上海市发展和改革委员会,2019-05-31,沪发改规范〔2019〕7号,上海,官方政策,,省间交易,省间,A,长期有效型,试行,是,http://fgw.sh.gov.cn/fgw_ny/20211101/4563a15a939c4108b5c6d0b8a568d32c.html,01_原始资料\官方政策\2019-05-31_上海_上海市发展和改革委员会_关于印发《上海市省间清洁购电交易机制实施办法（试行）》的通知.html; 03_处理后文本\2019-05-31_上海_上海市发展和改革委员会_关于印发《上海市省间清洁购电交易机制实施办法（试行）》的通知.txt,,,关于印发《上海市省间清洁购电交易机制实施办法（试行）》的通知,2026-05-02,待人工复核
AUTO-20260502-DAE6DF96FD,广东省能源局 国家能源局南方监管局关于印发广东省新型储能参与电力市场交易实施方案的通知,广东省能源局,广东省能源局,2023-04-04,,广东,官方政策,,电力市场;储能,电力市场;新型储能,A,长期有效型,现行有效,是,https://drc.gd.gov.cn/snyj/tzgg/content/post_4148213.html,01_原始资料\官方政策\2023-04-04_广东_广东省能源局_广东省能源局_国家能源局南方监管局关于印发广东省新型储能参与电力市场交易实施方案的通知.html; 03_处理后文本\2023-04-04_广东_广东省能源局_广东省能源局_国家能源局南方监管局关于印发广东省新型储能参与电力市场交易实施方案的通知.txt; 01_原始资料\PDF附件\AUTO-20260502-DAE6DF96FD_01_广东省新型储能参与电力市场交易实施方案.pdf_9651F438.pdf; 03_处理后文本\AUTO-20260502-DAE6DF96FD_01_广东省新型储能参与电力市场交易实施方案.pdf_9651F438.txt,,,广东省能源局 国家能源局南方监管局关于印发广东省新型储能参与电力市场交易实施方案的通知04-04,2026-05-02,待人工复核
AUTO-20260502-BCB05B4725,关于印发《新疆电力中长期交易实施细则（试行）》的通知,国家能源局新疆监管办公室,国家能源局新疆监管办公室,2018-05-31,,新疆,监管规则,国家级,中长期,实施细则;中长期,B,中期参考型,试行,是,https://xjb.nea.gov.cn/dtyw/tzgg/202309/t20230923_116193.html,01_原始资料\官方政策\2018-05-31_新疆_国家能源局新疆监管办公室_关于印发《新疆电力中长期交易实施细则（试行）》的通知.html; 03_处理后文本\2018-05-31_新疆_国家能源局新疆监管办公室_关于印发《新疆电力中长期交易实施细则（试行）》的通知.txt; 01_原始资料\PDF附件\AUTO-20260502-BCB05B4725_01_关于印发《新疆电力中长期交易实施细则（试行）》的通知.pdf_8BB00A80.pdf; 01_原始资料\PDF附件\AUTO-20260502-BCB05B4725_02_新疆电力中长期交易实施细则（试行）.pdf_05DC1E5C.pdf; 03_处理后文本\AUTO-20260502-BCB05B4725_02_新疆电力中长期交易实施细则（试行）.pdf_05DC1E5C.txt,,,关于印发《新疆电力中长期交易实施细则（试行）》的通知 2018-05-31,2026-05-02,待人工复核
AUTO-20260502-9542D0479B,关于印发《新疆电力辅助服务市场运营规则（试行）》的解释说明的通知,国家能源局新疆监管办公室,国家能源局新疆监管办公室,2018-09-04,,新疆,监管规则,国家级,辅助服务,运营规则;辅助服务,B,中期参考型,试行,是,https://xjb.nea.gov.cn/dtyw/tzgg/202309/t20230923_116210.html,01_原始资料\官方政策\2018-09-04_新疆_国家能源局新疆监管办公室_关于印发《新疆电力辅助服务市场运营规则（试行）》的解释说明的通知.html; 03_处理后文本\2018-09-04_新疆_国家能源局新疆监管办公室_关于印发《新疆电力辅助服务市场运营规则（试行）》的解释说明的通知.txt; 01_原始资料\PDF附件\AUTO-20260502-9542D0479B_01_关于印发《新疆电力辅助服务市场运营规则（试行）》的解释说明的通知.pdf_1BFE2B90.pdf; 01_原始资料\PDF附件\AUTO-20260502-9542D0479B_02_附件：《新疆电力辅助服务市场运营规则（试行）》的解释说明.pdf_6C8D39F6.pdf,,,关于印发《新疆电力辅助服务市场运营规则（试行）》的解释说明的通知 2018-09-04,2026-05-02,待人工复核
AUTO-20260502-B2EA2CE0EA,京津冀绿色电力市场化交易规则（试行）,国家能源局派出机构,国家能源局华北监管局,2018-11-29,华北监能市场〔2018〕497号,华北区域,监管规则,国家级,电力市场;绿电,电力市场;交易规则;市场化交易,B,中期参考型,试行,是,https://hbj.nea.gov.cn/dtyw/tzgg/202309/t20230925_120195.html,01_原始资料\官方政策\2018-11-29_华北区域_国家能源局派出机构_京津冀绿色电力市场化交易规则（试行）.html; 03_处理后文本\2018-11-29_华北区域_国家能源局派出机构_京津冀绿色电力市场化交易规则（试行）.txt; 01_原始资料\PDF附件\AUTO-20260502-B2EA2CE0EA_01_京津冀绿色电力市场化交易规则（试行）华北监能市场[2018]497号.pdf_1BB48FF9.pdf; 03_处理后文本\AUTO-20260502-B2EA2CE0EA_01_京津冀绿色电力市场化交易规则（试行）华北监能市场[2018]497号.pdf_1BB48FF9.txt,,,京津冀绿色电力市场化交易规则（试行） 2018-11-29,2026-05-02,待人工复核
AUTO-20260502-6A0C52BCCB,国家能源局福建监管办公室关于印发《福建省电力调频辅助服务市场交易规则（试行）》的通知（闽监能市场〔2018〕140号）,国家能源局福建监管办公室,国家能源局福建监管办公室,2018-12-22,闽监能市场〔2018〕140号,福建,监管规则,国家级,辅助服务,交易规则;辅助服务;调频,B,中期参考型,试行,是,https://fjb.nea.gov.cn/dtyw/tzgg/202312/t20231217_221207.html,01_原始资料\官方政策\2018-12-22_福建_国家能源局福建监管办公室_国家能源局福建监管办公室关于印发《福建省电力调频辅助服务市场交易规则（试行）》的通知（闽监能市场〔2018〕140号）.html; 03_处理后文本\2018-12-22_福建_国家能源局福建监管办公室_国家能源局福建监管办公室关于印发《福建省电力调频辅助服务市场交易规则（试行）》的通知（闽监能市场〔2018〕140号）.txt; 01_原始资料\PDF附件\AUTO-20260502-6A0C52BCCB_01_国家能源局福建监管办公室关于印发《福建省电力调频辅助服务市场交易规则（试行）》的通知_9CB57D06.pdf,,,国家能源局福建监管办公室关于印发《福建省电力调频辅助服务市场交易规则（试行）... 2018-12-22,2026-05-02,待人工复核
AUTO-20260502-B12FCEA11A,华北能源监管局关于公示华北电力调峰辅助服务市场模拟运行试结算报告的公告,国家能源局派出机构,国家能源局华北监管局,2018-12-29,,华北区域,监管规则,国家级,辅助服务;计量结算,辅助服务;调峰;结算,B,中期参考型,现行有效,是,https://hbj.nea.gov.cn/dtyw/tzgg/202309/t20230925_120204.html,01_原始资料\官方政策\2018-12-29_华北区域_国家能源局派出机构_华北能源监管局关于公示华北电力调峰辅助服务市场模拟运行试结算报告的公告.html; 03_处理后文本\2018-12-29_华北区域_国家能源局派出机构_华北能源监管局关于公示华北电力调峰辅助服务市场模拟运行试结算报告的公告.txt,,,华北能源监管局关于公示华北电力调峰辅助服务市场模拟运行试结算报告的公告 2018-12-29,2026-05-02,待人工复核
AUTO-20260502-5B403CA863,关于印发《〈新疆电力辅助服务市场运营规则（试行）〉的说明》的通知,国家能源局新疆监管办公室,国家能源局新疆监管办公室,2019-01-25,,新疆,监管规则,国家级,辅助服务,运营规则;辅助服务,B,中期参考型,试行,是,https://xjb.nea.gov.cn/dtyw/tzgg/202309/t20230923_116259.html,01_原始资料\官方政策\2019-01-25_新疆_国家能源局新疆监管办公室_关于印发《〈新疆电力辅助服务市场运营规则（试行）〉的说明》的通知.html; 03_处理后文本\2019-01-25_新疆_国家能源局新疆监管办公室_关于印发《〈新疆电力辅助服务市场运营规则（试行）〉的说明》的通知.txt; 01_原始资料\PDF附件\AUTO-20260502-5B403CA863_01_关于印发《〈新疆电力辅助服务市场运营规则（试行）〉的说明》的通知.pdf_5314AE5B.pdf; 01_原始资料\PDF附件\AUTO-20260502-5B403CA863_02_附件：《新疆电力辅助服务市场运营规则（试行）》的说明.pdf_46B3807B.pdf,,,关于印发《〈新疆电力辅助服务市场运营规则（试行）〉的说明》的通知 2019-01-25,2026-05-02,待人工复核
AUTO-20260502-FB2BC17138,华北能源监管局关于延长华北电力调峰辅助服务市场运行时间的通知,国家能源局派出机构,国家能源局华北监管局,2019-03-18,华北监能市场〔2019〕117号,华北区域,监管规则,国家级,辅助服务,辅助服务;调峰,B,中期参考型,现行有效,是,https://hbj.nea.gov.cn/dtyw/tzgg/202309/t20230925_120212.html,01_原始资料\官方政策\2019-03-18_华北区域_国家能源局派出机构_华北能源监管局关于延长华北电力调峰辅助服务市场运行时间的通知.html; 03_处理后文本\2019-03-18_华北区域_国家能源局派出机构_华北能源监管局关于延长华北电力调峰辅助服务市场运行时间的通知.txt,,,华北能源监管局关于延长华北电力调峰辅助服务市场运行时间的通知 2019-03-18,2026-05-02,待人工复核
AUTO-20260502-94ED2262D3,华北能源监管局关于公示内蒙古电力调峰辅助服务市场模拟运行试结算报告的公告,国家能源局派出机构,国家能源局华北监管局,2019-04-09,,华北区域,监管规则,国家级,辅助服务;计量结算,辅助服务;调峰;结算,B,中期参考型,现行有效,是,https://hbj.nea.gov.cn/dtyw/tzgg/202309/t20230925_120220.html,01_原始资料\官方政策\2019-04-09_华北区域_国家能源局派出机构_华北能源监管局关于公示内蒙古电力调峰辅助服务市场模拟运行试结算报告的公告.html; 03_处理后文本\2019-04-09_华北区域_国家能源局派出机构_华北能源监管局关于公示内蒙古电力调峰辅助服务市场模拟运行试结算报告的公告.txt; 01_原始资料\PDF附件\AUTO-20260502-94ED2262D3_01_华北能源监管局关于公示内蒙古电力调峰辅助服务市场模拟运行试结算报告的公告.pdf_67872179.pdf; 03_处理后文本\AUTO-20260502-94ED2262D3_01_华北能源监管局关于公示内蒙古电力调峰辅助服务市场模拟运行试结算报告的公告.pdf_67872179.txt,,,华北能源监管局关于公示内蒙古电力调峰辅助服务市场模拟运行试结算报告的公告 2019-04-09,2026-05-02,待人工复核
AUTO-20260502-602A69864D,华北能源监管局关于征求蒙西电力市场交易规则意见的函,国家能源局派出机构,国家能源局华北监管局,2019-04-28,华北监能市场〔2019〕165号,华北区域,监管规则,国家级,电力市场,电力市场;交易规则,B,中期参考型,现行有效,是,https://hbj.nea.gov.cn/dtyw/tzgg/202309/t20230925_120225.html,01_原始资料\官方政策\2019-04-28_华北区域_国家能源局派出机构_华北能源监管局关于征求蒙西电力市场交易规则意见的函.html; 03_处理后文本\2019-04-28_华北区域_国家能源局派出机构_华北能源监管局关于征求蒙西电力市场交易规则意见的函.txt,,,华北能源监管局关于征求蒙西电力市场交易规则意见的函 2019-04-28,2026-05-02,待人工复核
AUTO-20260502-2B57477E38,华北能源监管局关于印发蒙西电力市场系列规则的通知,国家能源局派出机构,国家能源局华北监管局,2019-06-13,,华北区域,监管规则,国家级,电力市场,电力市场,B,中期参考型,现行有效,是,https://hbj.nea.gov.cn/dtyw/tzgg/202309/t20230925_120233.html,01_原始资料\官方政策\2019-06-13_华北区域_国家能源局派出机构_华北能源监管局关于印发蒙西电力市场系列规则的通知.html; 03_处理后文本\2019-06-13_华北区域_国家能源局派出机构_华北能源监管局关于印发蒙西电力市场系列规则的通知.txt; 01_原始资料\PDF附件\AUTO-20260502-2B57477E38_01_华北能源监管局关于印发蒙西电力市场系列规则的通知_.pdf_5DF83DFB.pdf; 03_处理后文本\AUTO-20260502-2B57477E38_01_华北能源监管局关于印发蒙西电力市场系列规则的通知_.pdf_5DF83DFB.txt,,,华北能源监管局关于印发蒙西电力市场系列规则的通知 2019-06-13,2026-05-02,待人工复核
AUTO-20260502-CFD8C2584A,华北能源监管局关于征求华北电力调峰辅助服务市场运营规则修订意见的函,国家能源局派出机构,国家能源局华北监管局,2019-09-13,,华北区域,监管规则,国家级,辅助服务,运营规则;辅助服务;调峰,B,中期参考型,现行有效,是,https://hbj.nea.gov.cn/dtyw/tzgg/202309/t20230925_120246.html,01_原始资料\官方政策\2019-09-13_华北区域_国家能源局派出机构_华北能源监管局关于征求华北电力调峰辅助服务市场运营规则修订意见的函.html; 03_处理后文本\2019-09-13_华北区域_国家能源局派出机构_华北能源监管局关于征求华北电力调峰辅助服务市场运营规则修订意见的函.txt; 01_原始资料\PDF附件\AUTO-20260502-CFD8C2584A_01_华北能源监管局关于征求华北电力调峰辅助服务市场运营规则修订意见的函.pdf_189D0BD7.pdf; 03_处理后文本\AUTO-20260502-CFD8C2584A_01_华北能源监管局关于征求华北电力调峰辅助服务市场运营规则修订意见的函.pdf_189D0BD7.txt,,,华北能源监管局关于征求华北电力调峰辅助服务市场运营规则修订意见的函 2019-09-13,2026-05-02,待人工复核
AUTO-20260502-635E7480F1,华北能源监管局关于修订蒙西电网“两个细则”部分条款的通知,国家能源局派出机构,国家能源局华北监管局,2019-09-30,华北监能市场〔2019〕258号,华北区域,监管规则,国家级,电网,电网,B,中期参考型,现行有效,是,https://hbj.nea.gov.cn/dtyw/tzgg/202309/t20230925_120251.html,01_原始资料\官方政策\2019-09-30_华北区域_国家能源局派出机构_华北能源监管局关于修订蒙西电网“两个细则”部分条款的通知.html; 03_处理后文本\2019-09-30_华北区域_国家能源局派出机构_华北能源监管局关于修订蒙西电网“两个细则”部分条款的通知.txt,,,华北能源监管局关于修订蒙西电网“两个细则”部分条款的通知 2019-09-30,2026-05-02,待人工复核
AUTO-20260502-6A681BBFA9,华北能源监管局关于征求《河北南网电力调峰辅助服务市场运营规则》意见的函,国家能源局派出机构,国家能源局华北监管局,2019-10-22,,华北区域,监管规则,国家级,辅助服务,运营规则;辅助服务;调峰,B,中期参考型,现行有效,是,https://hbj.nea.gov.cn/dtyw/tzgg/202309/t20230925_120254.html,01_原始资料\官方政策\2019-10-22_华北区域_国家能源局派出机构_华北能源监管局关于征求《河北南网电力调峰辅助服务市场运营规则》意见的函.html; 03_处理后文本\2019-10-22_华北区域_国家能源局派出机构_华北能源监管局关于征求《河北南网电力调峰辅助服务市场运营规则》意见的函.txt; 01_原始资料\PDF附件\AUTO-20260502-6A681BBFA9_01_华北能源监管局关于征求《河北南网电力调峰辅助服务市场运营规则》意见的函.pdf_0C8A683B.pdf; 03_处理后文本\AUTO-20260502-6A681BBFA9_01_华北能源监管局关于征求《河北南网电力调峰辅助服务市场运营规则》意见的函.pdf_0C8A683B.txt,,,华北能源监管局关于征求《河北南网电力调峰辅助服务市场运营规则》意见的函 2019-10-22,2026-05-02,待人工复核
AUTO-20260502-342ED97968,华北能源监管局关于开展河北南网电力调峰辅助服务市场模拟运行的通知,国家能源局派出机构,国家能源局华北监管局,2019-11-15,国能发监管〔2017〕67号,华北区域,监管规则,国家级,辅助服务,辅助服务;调峰,B,中期参考型,现行有效,是,https://hbj.nea.gov.cn/dtyw/tzgg/202309/t20230925_120256.html,01_原始资料\官方政策\2019-11-15_华北区域_国家能源局派出机构_华北能源监管局关于开展河北南网电力调峰辅助服务市场模拟运行的通知.html; 03_处理后文本\2019-11-15_华北区域_国家能源局派出机构_华北能源监管局关于开展河北南网电力调峰辅助服务市场模拟运行的通知.txt,,,华北能源监管局关于开展河北南网电力调峰辅助服务市场模拟运行的通知 2019-11-15,2026-05-02,待人工复核
AUTO-20260502-104BC7F6EB,福建能源监管办关于印发《福建省电力调频辅助服务市场交易规则（试行）（2019年修订版）》的通知（闽监能市场〔2019〕113 号）,国家能源局福建监管办公室,国家能源局福建监管办公室,2020-01-03,闽监能市场〔2019〕113号,福建,监管规则,国家级,辅助服务,交易规则;辅助服务;调频,B,中期参考型,试行,是,https://fjb.nea.gov.cn/dtyw/tzgg/202312/t20231217_221220.html,01_原始资料\官方政策\2020-01-03_福建_国家能源局福建监管办公室_福建能源监管办关于印发《福建省电力调频辅助服务市场交易规则（试行）（2019年修订版）》的通知（闽监能市场〔2019〕113_号）.html; 03_处理后文本\2020-01-03_福建_国家能源局福建监管办公室_福建能源监管办关于印发《福建省电力调频辅助服务市场交易规则（试行）（2019年修订版）》的通知（闽监能市场〔2019〕113_号）.txt; 01_原始资料\PDF附件\AUTO-20260502-104BC7F6EB_01_福建能源监管办关于印发《福建省电力调频辅助服务市场交易规则（试行）（2019年修订版）》的通知（闽监能市场〔2019〕113_号）_1BB57280.pdf,,,福建能源监管办关于印发《福建省电力调频辅助服务市场交易规则（试行）（2019年修... 2020-01-03,2026-05-02,待人工复核
AUTO-20260502-DA8C7B1FD4,华北能源监管局关于公开征求京津唐电网电力中长期交易结算规则意见的公告,国家能源局派出机构,国家能源局华北监管局,2020-11-20,,华北区域,监管规则,国家级,电网;中长期;计量结算,中长期;结算;电网,B,中期参考型,征求意见,是,https://hbj.nea.gov.cn/dtyw/tzgg/202309/t20230925_120295.html,01_原始资料\官方政策\2020-11-20_华北区域_国家能源局派出机构_华北能源监管局关于公开征求京津唐电网电力中长期交易结算规则意见的公告.html; 03_处理后文本\2020-11-20_华北区域_国家能源局派出机构_华北能源监管局关于公开征求京津唐电网电力中长期交易结算规则意见的公告.txt,,,华北能源监管局关于公开征求京津唐电网电力中长期交易结算规则意见的公告 2020-11-20,2026-05-02,待人工复核
AUTO-20260502-FD0E0EB601,关于征求《四川自动发电控制辅助服务市场交易细则（试行）（2020年修订版）》（征求意见稿）意见的函,国家能源局四川监管办公室,国家能源局四川监管办公室,2020-12-09,,四川,监管规则,国家级,辅助服务,辅助服务,B,中期参考型,试行,是,https://scb.nea.gov.cn/dtyw/tzgg/202310/t20231009_134228.html,01_原始资料\官方政策\2020-12-09_四川_国家能源局四川监管办公室_关于征求《四川自动发电控制辅助服务市场交易细则（试行）（2020年修订版）》（征求意见稿）意见的函.html; 03_处理后文本\2020-12-09_四川_国家能源局四川监管办公室_关于征求《四川自动发电控制辅助服务市场交易细则（试行）（2020年修订版）》（征求意见稿）意见的函.txt; 01_原始资料\PDF附件\AUTO-20260502-FD0E0EB601_01_关于征求《四川自动发电控制辅助服务市场交易细则（试行）（2020年修订版）》（征求意见稿）意见的函_DA7F4C17.pdf,,,关于征求《四川自动发电控制辅助服务市场交易细则（试行）（2020年修订版）》（征... 2020-12-09,2026-05-02,待人工复核
AUTO-20260502-3D0367B587,关于印发《四川电力中长期交易规则》的通知,国家能源局四川监管办公室,国家能源局四川监管办公室,2021-02-09,,四川,监管规则,国家级,中长期,交易规则;中长期,B,中期参考型,现行有效,是,https://scb.nea.gov.cn/dtyw/tzgg/202310/t20231009_134236.html,01_原始资料\官方政策\2021-02-09_四川_国家能源局四川监管办公室_关于印发《四川电力中长期交易规则》的通知.html; 03_处理后文本\2021-02-09_四川_国家能源局四川监管办公室_关于印发《四川电力中长期交易规则》的通知.txt; 01_原始资料\PDF附件\AUTO-20260502-3D0367B587_01_upload_file_20210209_20210209101650_43906.pdf_72BD27CE.pdf,,,关于印发《四川电力中长期交易规则》的通知 2021-02-09,2026-05-02,待人工复核
AUTO-20260502-3CD55C11B6,关于印发《四川电力中长期交易规则》的通知,国家能源局四川监管办公室,国家能源局四川监管办公室,2021-02-09,,四川,监管规则,国家级,中长期,交易规则;中长期,B,中期参考型,现行有效,是,https://scb.nea.gov.cn/dtyw/tzgg/202310/t20231009_134235.html,01_原始资料\官方政策\2021-02-09_四川_国家能源局四川监管办公室_关于印发《四川电力中长期交易规则》的通知.html; 03_处理后文本\2021-02-09_四川_国家能源局四川监管办公室_关于印发《四川电力中长期交易规则》的通知.txt; 01_原始资料\PDF附件\AUTO-20260502-3CD55C11B6_01_upload_file_20210209_20210209101650_43906.pdf_72BD27CE.pdf,,,关于印发《四川电力中长期交易规则》的通知 2021-02-09,2026-05-02,待人工复核
AUTO-20260502-3309DC7CA7,关于开展电力市场交易规则体系建设情况调研的函,国家能源局派出机构,国家能源局南方监管局,2021-05-12,,南方区域,监管规则,国家级,电力市场,电力市场;交易规则;规则体系,B,中期参考型,现行有效,是,https://nfj.nea.gov.cn/xwzx/tzgg/202402/t20240208_245649.html,01_原始资料\官方政策\2021-05-12_南方区域_国家能源局派出机构_关于开展电力市场交易规则体系建设情况调研的函.html; 03_处理后文本\2021-05-12_南方区域_国家能源局派出机构_关于开展电力市场交易规则体系建设情况调研的函.txt; 01_原始资料\PDF附件\AUTO-20260502-3309DC7CA7_01_2.关于开展电力市场交易规则体系建设情况调研的函.pdf_D8799566.pdf; 03_处理后文本\AUTO-20260502-3309DC7CA7_01_2.关于开展电力市场交易规则体系建设情况调研的函.pdf_D8799566.txt,,,关于开展电力市场交易规则体系建设情况调研的函 2021-05-12,2026-05-02,待人工复核
AUTO-20260502-D90E15BDC5,关于印发《南方区域电力市场监管实施办法（试行）》的通知,国家能源局派出机构,国家能源局南方监管局,2021-10-26,南方监能市场〔2021〕156号,南方区域,监管规则,国家级,电力市场,电力市场;市场监管,B,中期参考型,试行,是,https://nfj.nea.gov.cn/xwzx/tzgg/202402/t20240208_245707.html,01_原始资料\官方政策\2021-10-26_南方区域_国家能源局派出机构_关于印发《南方区域电力市场监管实施办法（试行）》的通知.html; 03_处理后文本\2021-10-26_南方区域_国家能源局派出机构_关于印发《南方区域电力市场监管实施办法（试行）》的通知.txt; 01_原始资料\PDF附件\AUTO-20260502-D90E15BDC5_01_1.南方监能市场〔2021〕156号－联合发文（无章）.pdf_CDB697D1.pdf; 03_处理后文本\AUTO-20260502-D90E15BDC5_01_1.南方监能市场〔2021〕156号－联合发文（无章）.pdf_CDB697D1.txt,,,关于印发《南方区域电力市场监管实施办法（试行）》的通知 2021-10-26,2026-05-02,待人工复核
AUTO-20260502-08415C6396,南方能源监管局审定发布2022年南方（以广东起步）现货市场试运行市场规则体系,国家能源局派出机构,国家能源局南方监管局,2022-01-19,,南方区域,监管规则,国家级,电力市场;现货,规则体系;现货,B,中期参考型,现行有效,是,https://nfj.nea.gov.cn/xwzx/tzgg/202402/t20240208_245728.html,01_原始资料\官方政策\2022-01-19_南方区域_国家能源局派出机构_南方能源监管局审定发布2022年南方（以广东起步）现货市场试运行市场规则体系.html; 03_处理后文本\2022-01-19_南方区域_国家能源局派出机构_南方能源监管局审定发布2022年南方（以广东起步）现货市场试运行市场规则体系.txt; 01_原始资料\PDF附件\AUTO-20260502-08415C6396_01_2.关于南方（以广东起步）电力现货市场_2022年结算试运行市场监管有关事项的通知.pdf_2A81C1F3.pdf; 01_原始资料\PDF附件\AUTO-20260502-08415C6396_02_3.1.广东电力市场运营规则（2022年试行版）.pdf_DE6F5FE1.pdf; 01_原始资料\PDF附件\AUTO-20260502-08415C6396_03_4.2.广东电力市场现货电能量交易实施细则（2022年试行版）.pdf_6ABAB599.pdf; 01_原始资料\PDF附件\AUTO-20260502-08415C6396_04_5.3.广东电力市场中长期电能量交易实施细则（2022年试行版）.pdf_987E4F51.pdf; 01_原始资料\PDF附件\AUTO-20260502-08415C6396_05_6.4.广东电力市场现货结算实施细则（2022年试行版）.pdf_24F0B926.pdf; 01_原始资料\PDF附件\AUTO-20260502-08415C6396_06_7.5.广东电力市场注册管理实施细则（2022年试行版）.pdf_BD83A5C2.pdf; 01_原始资料\PDF附件\AUTO-20260502-08415C6396_07_8.6.广东电力市场信息披露管理细则（2022年试行版）.pdf_AFD19FC6.pdf; 03_处理后文本\AUTO-20260502-08415C6396_01_2.关于南方（以广东起步）电力现货市场_2022年结算试运行市场监管有关事项的通知.pdf_2A81C1F3.txt; 03_处理后文本\AUTO-20260502-08415C6396_02_3.1.广东电力市场运营规则（2022年试行版）.pdf_DE6F5FE1.txt; 03_处理后文本\AUTO-20260502-08415C6396_03_4.2.广东电力市场现货电能量交易实施细则（2022年试行版）.pdf_6ABAB599.txt; 03_处理后文本\AUTO-20260502-08415C6396_04_5.3.广东电力市场中长期电能量交易实施细则（2022年试行版）.pdf_987E4F51.txt; 03_处理后文本\AUTO-20260502-08415C6396_05_6.4.广东电力市场现货结算实施细则（2022年试行版）.pdf_24F0B926.txt; 03_处理后文本\AUTO-20260502-08415C6396_06_7.5.广东电力市场注册管理实施细则（2022年试行版）.pdf_BD83A5C2.txt; 03_处理后文本\AUTO-20260502-08415C6396_07_8.6.广东电力市场信息披露管理细则（2022年试行版）.pdf_AFD19FC6.txt,,,南方能源监管局审定发布2022年南方（以广东起步）现货市场试运行市场规则体系 2022-01-19,2026-05-02,待人工复核
AUTO-20260502-78DE621070,关于四川电网第三监管周期输配电价及有关事项的通知（川发改价格〔2023〕233号）,四川省发展和改革委员会,四川省发展和改革委员会,2023-05-29,川发改价格〔2023〕233号,四川,官方政策,,电网;输配电价,输配电价;电网,A,长期有效型,现行有效,是,https://fgw.sc.gov.cn/sfgw/tzgg/2023/5/29/a9a598a234c243e6a79b081a745e1e9f.shtml,01_原始资料\官方政策\2023-05-29_四川_四川省发展和改革委员会_关于四川电网第三监管周期输配电价及有关事项的通知（川发改价格〔2023〕233号）.html; 03_处理后文本\2023-05-29_四川_四川省发展和改革委员会_关于四川电网第三监管周期输配电价及有关事项的通知（川发改价格〔2023〕233号）.txt,,,关于四川电网第三监管周期输配电价及有关事项的通知（川发改价格〔2023〕233号）,2026-05-02,待人工复核
AUTO-20260502-ABF8F264A5,关于印发《上海市绿色电力交易实施方案》的通知,上海市发展和改革委员会,上海市发展和改革委员会,2024-10-17,沪发改能源〔2024〕215号,上海,官方政策,,绿电,电力交易,A,长期有效型,现行有效,是,http://fgw.sh.gov.cn/fgw_ny/20241017/a747867686704cccabc12e3e46956f27.html,01_原始资料\官方政策\2024-10-17_上海_上海市发展和改革委员会_关于印发《上海市绿色电力交易实施方案》的通知.html; 03_处理后文本\2024-10-17_上海_上海市发展和改革委员会_关于印发《上海市绿色电力交易实施方案》的通知.txt; 01_原始资料\PDF附件\AUTO-20260502-ABF8F264A5_01_9d661892e02954a05896a4ddd2986590.pdf_F69B7941.pdf,,,关于印发《上海市绿色电力交易实施方案》的通知,2026-05-02,待人工复核
AUTO-20260502-70D4C9F4D7,关于印发《上海市配电网升级改造三年行动计划 （2023－2025年）实施方案》的通知,上海市发展和改革委员会,上海市发展和改革委员会,2023-02-01,沪发改能源〔2023〕30号,上海,官方政策,,电网,电网;配电网,A,长期有效型,现行有效,是,http://fgw.sh.gov.cn/fgw_ny/20230201/ae09ea0f7995432182a70ec5560c70dc.html,01_原始资料\官方政策\2023-02-01_上海_上海市发展和改革委员会_关于印发《上海市配电网升级改造三年行动计划_（2023－2025年）实施方案》的通知.html; 03_处理后文本\2023-02-01_上海_上海市发展和改革委员会_关于印发《上海市配电网升级改造三年行动计划_（2023－2025年）实施方案》的通知.txt; 01_原始资料\PDF附件\AUTO-20260502-70D4C9F4D7_01_e2cfce8615df8f86bead26513a1b2615.pdf_3768D23F.pdf,,,关于印发《上海市配电网升级改造三年行动计划 （2023－2025年）实施方案》的通知,2026-05-02,待人工复核
AUTO-20260502-8F611517B8,关于印发《上海市新型电力系统调节能力奖励资金管理办法》的通知,上海市发展和改革委员会,上海市发展和改革委员会,2025-05-16,沪发改规范〔2025〕5号,上海,官方政策,,新型电力系统,新型电力系统,A,长期有效型,现行有效,是,http://fgw.sh.gov.cn/fgw_gfxwj/20250519/463852516eb64060b6962fb68c2b75fb.html,01_原始资料\官方政策\2025-05-16_上海_上海市发展和改革委员会_关于印发《上海市新型电力系统调节能力奖励资金管理办法》的通知.html; 03_处理后文本\2025-05-16_上海_上海市发展和改革委员会_关于印发《上海市新型电力系统调节能力奖励资金管理办法》的通知.txt; 01_原始资料\PDF附件\AUTO-20260502-8F611517B8_01_d341852764e90f5d334ccb9f323e46df.pdf_EF661340.pdf,,,关于印发《上海市新型电力系统调节能力奖励资金管理办法》的通知,2026-05-02,待人工复核
AUTO-20260502-35862D6B84,关于转发《国家发展改革委关于第三监管周期省级电网输配电价及有关事项的通知》的通知,上海市发展和改革委员会,上海市发展和改革委员会,2023-05-26,沪发改价管〔2023〕19号,上海,官方政策,,电网;输配电价,输配电价;电网,A,长期有效型,现行有效,是,http://fgw.sh.gov.cn/fgw_jggl/20230526/4b9fb8e9b852473899c791b22367bcbc.html,01_原始资料\官方政策\2023-05-26_上海_上海市发展和改革委员会_关于转发《国家发展改革委关于第三监管周期省级电网输配电价及有关事项的通知》的通知.html; 03_处理后文本\2023-05-26_上海_上海市发展和改革委员会_关于转发《国家发展改革委关于第三监管周期省级电网输配电价及有关事项的通知》的通知.txt; 01_原始资料\PDF附件\AUTO-20260502-35862D6B84_01_国家发展改革委关于第三监管周期省级电网输配电价及有关事项的通知.pdf_F7335AD8.pdf; 01_原始资料\PDF附件\AUTO-20260502-35862D6B84_02_73ccaa3495b74d2c93c33108a0b009bf.pdf_6288E0C2.pdf,,,关于转发《国家发展改革委关于第三监管周期省级电网输配电价及有关事项的通知》的通知,2026-05-02,待人工复核
AUTO-20260502-1C89E2775E,关于转发《国家发展改革委办公厅 国家能源局综合司关于加快推进电力现货市场建设工作的通知》的通知,上海市发展和改革委员会,上海市发展和改革委员会,2022-04-29,沪发改能源〔2022〕100号,上海,官方政策,,现货,现货,A,长期有效型,现行有效,是,http://fgw.sh.gov.cn/fgw_ny/20230406/da7dcd044fc34ff8b8d65f6ebc2d0e04.html,01_原始资料\官方政策\2022-04-29_上海_上海市发展和改革委员会_关于转发《国家发展改革委办公厅_国家能源局综合司关于加快推进电力现货市场建设工作的通知》的通知.html; 03_处理后文本\2022-04-29_上海_上海市发展和改革委员会_关于转发《国家发展改革委办公厅_国家能源局综合司关于加快推进电力现货市场建设工作的通知》的通知.txt; 01_原始资料\PDF附件\AUTO-20260502-1C89E2775E_01_国家发展改革委办公厅_国家能源局综合司关于加快推进电力现货市场建设工作的通知.pdf_72E1CEA0.pdf; 01_原始资料\PDF附件\AUTO-20260502-1C89E2775E_02_ec79429b5d23101a3d12635a599cd49c.pdf_4B715DB8.pdf,,,关于转发《国家发展改革委办公厅 国家能源局综合司关于加快推进电力现货市场建设工作的通知》的通知,2026-05-02,待人工复核
AUTO-20260502-25191CE6EB,关于转发《国家能源局关于印发的通知》的通知,上海市发展和改革委员会,上海市发展和改革委员会,2021-01-07,沪发改能源〔2021〕3号,上海,官方政策,,电网,电网;电网规划,A,长期有效型,现行有效,是,http://fgw.sh.gov.cn/fgw_ny/20211101/b9687ba107154c23918e939d19434be7.html,01_原始资料\官方政策\2021-01-07_上海_上海市发展和改革委员会_关于转发《国家能源局关于印发的通知》的通知.html; 03_处理后文本\2021-01-07_上海_上海市发展和改革委员会_关于转发《国家能源局关于印发的通知》的通知.txt; 01_原始资料\PDF附件\AUTO-20260502-25191CE6EB_01_国家能源局关于印发《坚强局部电网规划建设实施方案》的通知.pdf_3640EEFD.pdf; 01_原始资料\PDF附件\AUTO-20260502-25191CE6EB_02_8abcb803573a12036d7e8c23407f9b56.pdf_356FACCC.pdf; 03_处理后文本\AUTO-20260502-25191CE6EB_02_8abcb803573a12036d7e8c23407f9b56.pdf_356FACCC.txt,,,关于转发《国家能源局关于印发<坚强局部电网规划建设实施方案>的通知》的通知,2026-05-02,待人工复核
AUTO-20260502-570F289F2B,内蒙古自治区能源局 国家能源局华北监管局 内蒙古自治区发展改革委关于蒙西电力现货市场由试运行转入正式运行的通知,内蒙古自治区能源局,内蒙古自治区能源局,2025-02-21,,内蒙古自治区,官方政策,,现货,现货,A,长期有效型,现行有效,是,https://nyj.nmg.gov.cn/slh/tz/202502/t20250224_2671670.html,01_原始资料\官方政策\2025-02-21_内蒙古自治区_内蒙古自治区能源局_内蒙古自治区能源局_国家能源局华北监管局_内蒙古自治区发展改革委关于蒙西电力现货市场由试运行转入正式运行的通知.html; 03_处理后文本\2025-02-21_内蒙古自治区_内蒙古自治区能源局_内蒙古自治区能源局_国家能源局华北监管局_内蒙古自治区发展改革委关于蒙西电力现货市场由试运行转入正式运行的通知.txt,,,内蒙古自治区能源局 国家能源局华北监管局 内蒙古自治区发展改革委关于蒙西电力现货市场由试运行转入正式运行的通知,2026-05-02,待人工复核
AUTO-20260502-7ECF6F91DA,内蒙古自治区能源局 自治区工业和信息化厅关于印发《内蒙古自治区蒙西电网需求侧响应实施细则（1.0版）》的通知,内蒙古自治区能源局,内蒙古自治区能源局,2022-09-05,发改运行规〔2017〕1690号,内蒙古自治区,官方政策,,电网,实施细则;电网,A,长期有效型,现行有效,是,https://nyj.nmg.gov.cn/slh/tz/202209/t20220905_2123928.html,01_原始资料\官方政策\2022-09-05_内蒙古自治区_内蒙古自治区能源局_内蒙古自治区能源局_自治区工业和信息化厅关于印发《内蒙古自治区蒙西电网需求侧响应实施细则（1.0版）》的通知.html; 03_处理后文本\2022-09-05_内蒙古自治区_内蒙古自治区能源局_内蒙古自治区能源局_自治区工业和信息化厅关于印发《内蒙古自治区蒙西电网需求侧响应实施细则（1.0版）》的通知.txt,,,内蒙古自治区能源局 自治区工业和信息化厅关于印发《内蒙古自治区蒙西电网需求侧响应实施细则（1.0版）》的通知,2026-05-02,待人工复核
AUTO-20260502-80D4ECD388,北京市经济和信息化局关于印发《北京市新型储能产业发展实施方案（2024—2027年）》的通知,北京市经济和信息化局,北京市经济和信息化局,2024-12-05,,北京,官方政策,,储能,新型储能,A,长期有效型,现行有效,是,https://jxj.beijing.gov.cn/zwgk/2024zcwj/202412/t20241205_3957632.html,01_原始资料\官方政策\2024-12-05_北京_北京市经济和信息化局_北京市经济和信息化局关于印发《北京市新型储能产业发展实施方案（2024—2027年）》的通知.html; 03_处理后文本\2024-12-05_北京_北京市经济和信息化局_北京市经济和信息化局关于印发《北京市新型储能产业发展实施方案（2024—2027年）》的通知.txt,,,北京市经济和信息化局关于印发《北京市新型储能产业发展实施方案（2024—2027年）》的通知,2026-05-02,待人工复核
AUTO-20260502-5CD4474B0A,广东省发展改革委 广东省能源局转发关于进一步推动新型储能参与电力市场和调度运用和“十四五”新型储能发展实施方案的通知,广东省能源局,广东省能源局,2022-06-24,发改办运行〔2022〕475号,广东,官方政策,,电力市场;储能,电力市场;新型储能,A,长期有效型,现行有效,是,https://drc.gd.gov.cn/snyj/tzgg/content/post_3956651.html,01_原始资料\官方政策\2022-06-24_广东_广东省能源局_广东省发展改革委_广东省能源局转发关于进一步推动新型储能参与电力市场和调度运用和“十四五”新型储能发展实施方案的通知.html; 03_处理后文本\2022-06-24_广东_广东省能源局_广东省发展改革委_广东省能源局转发关于进一步推动新型储能参与电力市场和调度运用和“十四五”新型储能发展实施方案的通知.txt,,,广东省发展改革委 广东省能源局转发关于进一步推动新型储能参与电力市场和调度运用和“十四五”新型储能发展实施方案的通知06-24,2026-05-02,待人工复核
AUTO-20260502-C970B071A7,广东省能源局关于印发广东省推进能源高质量发展实施方案的通知,广东省能源局,广东省能源局,2023-05-24,,广东,官方政策,,高质量发展,高质量发展,A,长期有效型,现行有效,是,https://drc.gd.gov.cn/snyj/tzgg/content/post_4186275.html,01_原始资料\官方政策\2023-05-24_广东_广东省能源局_广东省能源局关于印发广东省推进能源高质量发展实施方案的通知.html; 03_处理后文本\2023-05-24_广东_广东省能源局_广东省能源局关于印发广东省推进能源高质量发展实施方案的通知.txt,,,广东省能源局关于印发广东省推进能源高质量发展实施方案的通知05-24,2026-05-02,待人工复核
AUTO-20260502-B8AE541F27,关于印发《山东省电力用户与发电企业直接交易规则(试行)》的通知,国家能源局派出机构,国家能源局山东监管办公室,2014-03-14,,山东,监管规则,国家级,电力市场,交易规则,B,中期参考型,试行,是,https://sdb.nea.gov.cn/dtyw/tzgg/202309/t20230919_110126.html,01_原始资料\官方政策\2014-03-14_山东_国家能源局派出机构_关于印发《山东省电力用户与发电企业直接交易规则(试行)》的通知.html; 03_处理后文本\2014-03-14_山东_国家能源局派出机构_关于印发《山东省电力用户与发电企业直接交易规则(试行)》的通知.txt,,,关于印发《山东省电力用户与发电企业直接交易规则(试行)》的通知 2014-03-14,2026-05-02,待人工复核
AUTO-20260502-8836090C52,关于修订《山东省电力用户与发电企业直接交易规则》的通知,国家能源局派出机构,国家能源局山东监管办公室,2015-12-29,,山东,监管规则,国家级,电力市场,交易规则,B,中期参考型,现行有效,是,https://sdb.nea.gov.cn/dtyw/tzgg/202309/t20230919_110249.html,01_原始资料\官方政策\2015-12-29_山东_国家能源局派出机构_关于修订《山东省电力用户与发电企业直接交易规则》的通知.html; 03_处理后文本\2015-12-29_山东_国家能源局派出机构_关于修订《山东省电力用户与发电企业直接交易规则》的通知.txt,,,关于修订《山东省电力用户与发电企业直接交易规则》的通知 2015-12-29,2026-05-02,待人工复核
AUTO-20260502-9D85E1DB7A,关于印发《贵州省电力市场交易规则（试行）》的通知,国家能源局贵州监管办公室,国家能源局贵州监管办公室,2016-06-20,,贵州,监管规则,国家级,电力市场,电力市场;交易规则,B,中期参考型,试行,是,https://gzb.nea.gov.cn/dtyw/tzgg/202308/t20230821_3621.html,01_原始资料\官方政策\2016-06-20_贵州_国家能源局贵州监管办公室_关于印发《贵州省电力市场交易规则（试行）》的通知.html; 03_处理后文本\2016-06-20_贵州_国家能源局贵州监管办公室_关于印发《贵州省电力市场交易规则（试行）》的通知.txt,,,关于印发《贵州省电力市场交易规则（试行）》的通知 2016-06-20,2026-05-02,待人工复核
AUTO-20260502-BD7CBEE06E,关于转发《国家发展改革委 国家能源局关于印发的通知》的通知,国家能源局新疆监管办公室,国家能源局新疆监管办公室,2017-02-22,,新疆,监管规则,国家级,中长期,中长期,B,中期参考型,现行有效,是,https://xjb.nea.gov.cn/dtyw/tzgg/202309/t20230923_116090.html,01_原始资料\官方政策\2017-02-22_新疆_国家能源局新疆监管办公室_关于转发《国家发展改革委_国家能源局关于印发的通知》的通知.html; 03_处理后文本\2017-02-22_新疆_国家能源局新疆监管办公室_关于转发《国家发展改革委_国家能源局关于印发的通知》的通知.txt,,,关于转发《国家发展改革委 国家能源局关于印发<电力中长期交易基本规则（暂行）>的通知》的通知 2017-02-22,2026-05-02,待人工复核
AUTO-20260502-82EA1B2BDB,关于修订2017年电力直接交易规则的通知,国家能源局派出机构,国家能源局山东监管办公室,2017-03-09,,山东,监管规则,国家级,电力市场,交易规则,B,中期参考型,现行有效,是,https://sdb.nea.gov.cn/dtyw/tzgg/202309/t20230919_110325.html,01_原始资料\官方政策\2017-03-09_山东_国家能源局派出机构_关于修订2017年电力直接交易规则的通知.html; 03_处理后文本\2017-03-09_山东_国家能源局派出机构_关于修订2017年电力直接交易规则的通知.txt; 01_原始资料\PDF附件\AUTO-20260502-82EA1B2BDB_01_点击下载相关附件！_CE9ACA1C.pdf; 03_处理后文本\AUTO-20260502-82EA1B2BDB_01_点击下载相关附件！_CE9ACA1C.txt,,,关于修订2017年电力直接交易规则的通知 2017-03-09,2026-05-02,待人工复核
AUTO-20260502-16C823ACD2,关于印发《新疆电力辅助服务市场运营规则（试行）》的通知,国家能源局新疆监管办公室,国家能源局新疆监管办公室,2017-09-28,,新疆,监管规则,国家级,辅助服务,运营规则;辅助服务,B,中期参考型,试行,是,https://xjb.nea.gov.cn/dtyw/tzgg/202309/t20230923_116140.html,01_原始资料\官方政策\2017-09-28_新疆_国家能源局新疆监管办公室_关于印发《新疆电力辅助服务市场运营规则（试行）》的通知.html; 03_处理后文本\2017-09-28_新疆_国家能源局新疆监管办公室_关于印发《新疆电力辅助服务市场运营规则（试行）》的通知.txt; 01_原始资料\PDF附件\AUTO-20260502-16C823ACD2_01_关于印发《新疆电力辅助服务市场运营规则（试行）》的通知.pdf_B14F5E3F.pdf; 01_原始资料\PDF附件\AUTO-20260502-16C823ACD2_02_新疆电力辅助服务市场运营规则（试行）定稿.pdf_31156434.pdf; 03_处理后文本\AUTO-20260502-16C823ACD2_02_新疆电力辅助服务市场运营规则（试行）定稿.pdf_31156434.txt,,,关于印发《新疆电力辅助服务市场运营规则（试行）》的通知 2017-09-28,2026-05-02,待人工复核
AUTO-20260502-D4AAD508AA,关于印发《江苏省电力中长期交易规则（暂行）》的通知,国家能源局江苏监管办公室,国家能源局江苏监管办公室-通知,2017-11-02,,江苏,监管规则,国家级,中长期,交易规则;中长期,B,中期参考型,现行有效,是,https://jsb.nea.gov.cn/dtyw/tz/202309/t20230910_32079.html,01_原始资料\官方政策\2017-11-02_江苏_国家能源局江苏监管办公室_关于印发《江苏省电力中长期交易规则（暂行）》的通知.html; 03_处理后文本\2017-11-02_江苏_国家能源局江苏监管办公室_关于印发《江苏省电力中长期交易规则（暂行）》的通知.txt,,,关于印发《江苏省电力中长期交易规则（暂行）》的通知 2017-11-02,2026-05-02,待人工复核
AUTO-20260502-C0039114F9,福建能源监管办关于征求《福建省电力市场交易规则(试行)》拟修订和补充条款意见的函（闽监能函〔2018〕148 号）,国家能源局福建监管办公室,国家能源局福建监管办公室,2018-10-19,闽监能函〔2018〕148号,福建,监管规则,国家级,电力市场,电力市场;交易规则,B,中期参考型,试行,是,https://fjb.nea.gov.cn/dtyw/tzgg/202312/t20231217_221189.html,01_原始资料\官方政策\2018-10-19_福建_国家能源局福建监管办公室_福建能源监管办关于征求《福建省电力市场交易规则(试行)》拟修订和补充条款意见的函（闽监能函〔2018〕148_号）.html; 03_处理后文本\2018-10-19_福建_国家能源局福建监管办公室_福建能源监管办关于征求《福建省电力市场交易规则(试行)》拟修订和补充条款意见的函（闽监能函〔2018〕148_号）.txt; 01_原始资料\PDF附件\AUTO-20260502-C0039114F9_01_福建能源监管办关于征求《福建省电力市场交易规则_(_试行_)_》拟修订和补充条款意见的函（闽监能函〔_2018_〕_148_号）_07D58970.pdf,,,福建能源监管办关于征求《福建省电力市场交易规则(试行)》拟修订和补充条款意见的... 2018-10-19,2026-05-02,待人工复核
AUTO-20260502-936B478D1F,关于做好2019年电力市场化交易注册绑定有关工作的通知,国家能源局江苏监管办公室,国家能源局江苏监管办公室-通知,2018-10-29,,江苏,监管规则,国家级,电力市场,电力市场;市场化交易;注册,B,中期参考型,现行有效,是,https://jsb.nea.gov.cn/dtyw/tz/202309/t20230910_32126.html,01_原始资料\官方政策\2018-10-29_江苏_国家能源局江苏监管办公室_关于做好2019年电力市场化交易注册绑定有关工作的通知.html; 03_处理后文本\2018-10-29_江苏_国家能源局江苏监管办公室_关于做好2019年电力市场化交易注册绑定有关工作的通知.txt,,,关于做好2019年电力市场化交易注册绑定有关工作的通知 2018-10-29,2026-05-02,待人工复核
AUTO-20260502-5359AA8284,华北能源监管局关于印发《冀北电网集中式光伏扶贫电站优先调度实施细则（试行）》的通知,国家能源局派出机构,国家能源局华北监管局,2018-11-05,华北监能市场〔2018〕489号,华北区域,监管规则,国家级,电网;新能源,实施细则;电网,B,中期参考型,试行,是,https://hbj.nea.gov.cn/dtyw/tzgg/202309/t20230925_120193.html,01_原始资料\官方政策\2018-11-05_华北区域_国家能源局派出机构_华北能源监管局关于印发《冀北电网集中式光伏扶贫电站优先调度实施细则（试行）》的通知.html; 03_处理后文本\2018-11-05_华北区域_国家能源局派出机构_华北能源监管局关于印发《冀北电网集中式光伏扶贫电站优先调度实施细则（试行）》的通知.txt,,,华北能源监管局关于印发《冀北电网集中式光伏扶贫电站优先调度实施细则（试行）》... 2018-11-05,2026-05-02,待人工复核
AUTO-20260502-5B0D55E3A4,关于印发《新疆区域新能源发电企业与燃煤自备电厂调峰替代交易实施细则（暂行）》补充条款的通知,国家能源局新疆监管办公室,国家能源局新疆监管办公室,2018-11-26,,新疆,监管规则,国家级,辅助服务;新能源,实施细则;调峰,B,中期参考型,现行有效,是,https://xjb.nea.gov.cn/dtyw/tzgg/202309/t20230923_116232.html,01_原始资料\官方政策\2018-11-26_新疆_国家能源局新疆监管办公室_关于印发《新疆区域新能源发电企业与燃煤自备电厂调峰替代交易实施细则（暂行）》补充条款的通知.html; 03_处理后文本\2018-11-26_新疆_国家能源局新疆监管办公室_关于印发《新疆区域新能源发电企业与燃煤自备电厂调峰替代交易实施细则（暂行）》补充条款的通知.txt; 01_原始资料\PDF附件\AUTO-20260502-5B0D55E3A4_01_关于印发《新疆区域新能源发电企业与燃煤自备电厂调峰替代交易实施细则（暂行）》补充条款的通知.pdf_BCFF1493.pdf; 01_原始资料\PDF附件\AUTO-20260502-5B0D55E3A4_02_附件：《新疆区域新能源发电企业与燃煤自备电厂调峰替代交易实施细则（暂行）》补充条款.pdf_4084D486.pdf,,,关于印发《新疆区域新能源发电企业与燃煤自备电厂调峰替代交易实施细则（暂行）》补充条款的通知 2018-11-26,2026-05-02,待人工复核
AUTO-20260502-2950343FAA,关于印发《新疆区域电力市场信息披露实施细则（试行）》的通知,国家能源局新疆监管办公室,国家能源局新疆监管办公室,2018-12-06,,新疆,监管规则,国家级,电力市场,电力市场;实施细则,B,中期参考型,试行,是,https://xjb.nea.gov.cn/dtyw/tzgg/202309/t20230923_116238.html,01_原始资料\官方政策\2018-12-06_新疆_国家能源局新疆监管办公室_关于印发《新疆区域电力市场信息披露实施细则（试行）》的通知.html; 03_处理后文本\2018-12-06_新疆_国家能源局新疆监管办公室_关于印发《新疆区域电力市场信息披露实施细则（试行）》的通知.txt; 01_原始资料\PDF附件\AUTO-20260502-2950343FAA_01_关于印发《新疆区域电力市场信息披露实施细则（试行）》的通知.pdf_B0C3A420.pdf; 01_原始资料\PDF附件\AUTO-20260502-2950343FAA_02_附件：《新疆区域电力市场信息披露实施细则（试行）》.pdf_0E666D61.pdf,,,关于印发《新疆区域电力市场信息披露实施细则（试行）》的通知 2018-12-06,2026-05-02,待人工复核
AUTO-20260502-B2EB4E219D,国家能源局福建监管办公室关于印发《福建省电力辅助服务（调峰）交易规则（试行）》补充修订内容的通知（闽监能市场〔2018〕138号）,国家能源局福建监管办公室,国家能源局福建监管办公室,2018-12-22,闽监能市场〔2018〕138号,福建,监管规则,国家级,辅助服务,交易规则;辅助服务;调峰,B,中期参考型,试行,是,https://fjb.nea.gov.cn/dtyw/tzgg/202312/t20231217_221205.html,01_原始资料\官方政策\2018-12-22_福建_国家能源局福建监管办公室_国家能源局福建监管办公室关于印发《福建省电力辅助服务（调峰）交易规则（试行）》补充修订内容的通知（闽监能市场〔2018〕138号）.html; 03_处理后文本\2018-12-22_福建_国家能源局福建监管办公室_国家能源局福建监管办公室关于印发《福建省电力辅助服务（调峰）交易规则（试行）》补充修订内容的通知（闽监能市场〔2018〕138号）.txt; 01_原始资料\PDF附件\AUTO-20260502-B2EB4E219D_01_国家能源局福建监管办公室关于印发《福建省电力辅助服务（调峰）交易规则（试行）》补充修订内容的通知_1E711856.pdf,,,国家能源局福建监管办公室关于印发《福建省电力辅助服务（调峰）交易规则（试行）... 2018-12-22,2026-05-02,待人工复核
AUTO-20260502-F9FA14325D,江苏能源监管办关于印发《江苏增量配电网企业供电服务规范（试行）》的通知,国家能源局江苏监管办公室,国家能源局江苏监管办公室-通知,2019-01-07,,江苏,监管规则,国家级,电网,电网;配电网,B,中期参考型,试行,是,https://jsb.nea.gov.cn/dtyw/tz/202309/t20230910_32131.html,01_原始资料\官方政策\2019-01-07_江苏_国家能源局江苏监管办公室_江苏能源监管办关于印发《江苏增量配电网企业供电服务规范（试行）》的通知.html; 03_处理后文本\2019-01-07_江苏_国家能源局江苏监管办公室_江苏能源监管办关于印发《江苏增量配电网企业供电服务规范（试行）》的通知.txt,,,江苏能源监管办关于印发《江苏增量配电网企业供电服务规范（试行）》的通知 2019-01-07,2026-05-02,待人工复核
AUTO-20260502-60F4C79A3D,关于印发《新疆电力市场监管实施细则（试行）》的通知,国家能源局新疆监管办公室,国家能源局新疆监管办公室,2019-01-17,,新疆,监管规则,国家级,电力市场,电力市场;实施细则;市场监管,B,中期参考型,试行,是,https://xjb.nea.gov.cn/dtyw/tzgg/202309/t20230923_116252.html,01_原始资料\官方政策\2019-01-17_新疆_国家能源局新疆监管办公室_关于印发《新疆电力市场监管实施细则（试行）》的通知.html; 03_处理后文本\2019-01-17_新疆_国家能源局新疆监管办公室_关于印发《新疆电力市场监管实施细则（试行）》的通知.txt; 01_原始资料\PDF附件\AUTO-20260502-60F4C79A3D_01_关于印发《新疆电力市场监管实施细则（试行）》的通知.pdf_46DF2F86.pdf; 01_原始资料\PDF附件\AUTO-20260502-60F4C79A3D_02_附件：新疆电力市场监管实施细则（试行）.pdf_61027F01.pdf,,,关于印发《新疆电力市场监管实施细则（试行）》的通知 2019-01-17,2026-05-02,待人工复核
AUTO-20260502-F67E0AF46B,山东能源监管办关于征求风电场并网管理运行管理实施细则修订意见的通知,国家能源局派出机构,国家能源局山东监管办公室,2019-04-10,,山东,监管规则,国家级,新能源,实施细则,B,中期参考型,现行有效,是,https://sdb.nea.gov.cn/dtyw/tzgg/202309/t20230919_110394.html,01_原始资料\官方政策\2019-04-10_山东_国家能源局派出机构_山东能源监管办关于征求风电场并网管理运行管理实施细则修订意见的通知.html; 03_处理后文本\2019-04-10_山东_国家能源局派出机构_山东能源监管办关于征求风电场并网管理运行管理实施细则修订意见的通知.txt; 01_原始资料\PDF附件\AUTO-20260502-F67E0AF46B_01_点击下载相关附件！_85B1181F.pdf; 03_处理后文本\AUTO-20260502-F67E0AF46B_01_点击下载相关附件！_85B1181F.txt,,,山东能源监管办关于征求风电场并网管理运行管理实施细则修订意见的通知 2019-04-10,2026-05-02,待人工复核
AUTO-20260502-565A5A12EC,国家能源局印发《关于加强电力中长期交易监管的意见》的通知（国能发监管〔2019〕70号）,国家能源局福建监管办公室,国家能源局福建监管办公室,2019-09-18,国能发监管〔2019〕70号,福建,监管规则,国家级,中长期,中长期,B,中期参考型,现行有效,是,https://fjb.nea.gov.cn/dtyw/tzgg/202312/t20231217_221213.html,01_原始资料\官方政策\2019-09-18_福建_国家能源局福建监管办公室_国家能源局印发《关于加强电力中长期交易监管的意见》的通知（国能发监管〔2019〕70号）.html; 03_处理后文本\2019-09-18_福建_国家能源局福建监管办公室_国家能源局印发《关于加强电力中长期交易监管的意见》的通知（国能发监管〔2019〕70号）.txt,,,国家能源局印发《关于加强电力中长期交易监管的意见》的通知（国能发监管〔2019〕7... 2019-09-18,2026-05-02,待人工复核
AUTO-20260502-B0BD036641,关于转发《国家能源局印发关于加强电力中长期交易监管的意见的通知》的通知,国家能源局新疆监管办公室,国家能源局新疆监管办公室,2019-12-26,,新疆,监管规则,国家级,中长期,中长期,B,中期参考型,现行有效,是,https://xjb.nea.gov.cn/dtyw/tzgg/202309/t20230923_116363.html,01_原始资料\官方政策\2019-12-26_新疆_国家能源局新疆监管办公室_关于转发《国家能源局印发关于加强电力中长期交易监管的意见的通知》的通知.html; 03_处理后文本\2019-12-26_新疆_国家能源局新疆监管办公室_关于转发《国家能源局印发关于加强电力中长期交易监管的意见的通知》的通知.txt; 01_原始资料\PDF附件\AUTO-20260502-B0BD036641_01_关于转发《国家能源局印发关于加强电力中长期交易监管的意见的通知》的通知.pdf_177A7281.pdf; 01_原始资料\PDF附件\AUTO-20260502-B0BD036641_02_附件：国家能源局印发《关于加强电力中长期交易监管的意见》的通知.pdf_DE61C084.pdf,,,关于转发《国家能源局印发关于加强电力中长期交易监管的意见的通知》的通知 2019-12-26,2026-05-02,待人工复核
AUTO-20260502-91F27D9B7D,关于印发《新疆电力市场信息报送实施细则（试行）》的通知,国家能源局新疆监管办公室,国家能源局新疆监管办公室,2020-04-14,,新疆,监管规则,国家级,电力市场,电力市场;实施细则,B,中期参考型,试行,是,https://xjb.nea.gov.cn/dtyw/tzgg/202309/t20230923_116391.html,01_原始资料\官方政策\2020-04-14_新疆_国家能源局新疆监管办公室_关于印发《新疆电力市场信息报送实施细则（试行）》的通知.html; 03_处理后文本\2020-04-14_新疆_国家能源局新疆监管办公室_关于印发《新疆电力市场信息报送实施细则（试行）》的通知.txt; 01_原始资料\PDF附件\AUTO-20260502-91F27D9B7D_01_关于印发《新疆电力市场信息报送实施细则（试行）》的通知.pdf_BF24388A.pdf; 01_原始资料\PDF附件\AUTO-20260502-91F27D9B7D_02_附件：新疆电力市场信息报送实施细则（试行）.pdf_524AD7DA.pdf,,,关于印发《新疆电力市场信息报送实施细则（试行）》的通知 2020-04-14,2026-05-02,待人工复核
AUTO-20260502-975B75285D,福建能源监管办关于征求《福建省电力调峰辅助服务交易规则（试行）（2020年修订版）》（征求意见稿）修改意见的函,国家能源局福建监管办公室,国家能源局福建监管办公室,2020-05-28,,福建,监管规则,国家级,辅助服务,交易规则;辅助服务;调峰,B,中期参考型,试行,是,https://fjb.nea.gov.cn/dtyw/tzgg/202312/t20231217_221232.html,01_原始资料\官方政策\2020-05-28_福建_国家能源局福建监管办公室_福建能源监管办关于征求《福建省电力调峰辅助服务交易规则（试行）（2020年修订版）》（征求意见稿）修改意见的函.html; 03_处理后文本\2020-05-28_福建_国家能源局福建监管办公室_福建能源监管办关于征求《福建省电力调峰辅助服务交易规则（试行）（2020年修订版）》（征求意见稿）修改意见的函.txt; 01_原始资料\PDF附件\AUTO-20260502-975B75285D_01_福建能源监管办关于征求《福建省电力调峰辅助服务交易规则（试行）（2020年修订版）》（征求意见稿）修改意见的函（点击打开）_49A50CDE.pdf,,,福建能源监管办关于征求《福建省电力调峰辅助服务交易规则（试行）（2020年修订版... 2020-05-28,2026-05-02,待人工复核
AUTO-20260502-3BF8700E79,国家能源局福建监管办公室关于印发《福建省电力调峰辅助服务交易规则(试行)(2020年修订版)》的通知,国家能源局福建监管办公室,国家能源局福建监管办公室,2020-06-30,,福建,监管规则,国家级,辅助服务,交易规则;辅助服务;调峰,B,中期参考型,试行,是,https://fjb.nea.gov.cn/dtyw/tzgg/202312/t20231217_221236.html,01_原始资料\官方政策\2020-06-30_福建_国家能源局福建监管办公室_国家能源局福建监管办公室关于印发《福建省电力调峰辅助服务交易规则(试行)(2020年修订版)》的通知.html; 03_处理后文本\2020-06-30_福建_国家能源局福建监管办公室_国家能源局福建监管办公室关于印发《福建省电力调峰辅助服务交易规则(试行)(2020年修订版)》的通知.txt; 01_原始资料\PDF附件\AUTO-20260502-3BF8700E79_01_国家能源局福建监管办公室关于印发《福建省电力调峰辅助服务交易规则(试行)(2020年修订版)》的通知（点击打开）_5B1EC579.pdf,,,国家能源局福建监管办公室关于印发《福建省电力调峰辅助服务交易规则(试行)(2020年... 2020-06-30,2026-05-02,待人工复核
AUTO-20260502-A765E1CC44,国家能源局华中监管局关于印发《华中区域并网发电厂辅助服务管理实施细则》和《华中区域发电厂并网运行管理实施细则》的通知,国家能源局派出机构,国家能源局华中监管局,2020-09-07,,华中区域,监管规则,国家级,辅助服务,实施细则;辅助服务,B,中期参考型,现行有效,是,https://hzj.nea.gov.cn/dtyw/tzgg/202310/t20231021_165548.html,01_原始资料\官方政策\2020-09-07_华中区域_国家能源局派出机构_国家能源局华中监管局关于印发《华中区域并网发电厂辅助服务管理实施细则》和《华中区域发电厂并网运行管理实施细则》的通知.html; 03_处理后文本\2020-09-07_华中区域_国家能源局派出机构_国家能源局华中监管局关于印发《华中区域并网发电厂辅助服务管理实施细则》和《华中区域发电厂并网运行管理实施细则》的通知.txt; 01_原始资料\PDF附件\AUTO-20260502-A765E1CC44_01_华中区域并网发电厂辅助服务管理实施细则.pdf_2546C45A.pdf; 01_原始资料\PDF附件\AUTO-20260502-A765E1CC44_02_华中区域发电厂并网运行管理实施细则.pdf_42410617.pdf; 03_处理后文本\AUTO-20260502-A765E1CC44_01_华中区域并网发电厂辅助服务管理实施细则.pdf_2546C45A.txt; 03_处理后文本\AUTO-20260502-A765E1CC44_02_华中区域发电厂并网运行管理实施细则.pdf_42410617.txt,,,国家能源局华中监管局关于印发《华中区域并网发电厂辅助服务管理实施细则》和《华... 2020-09-07,2026-05-02,待人工复核
AUTO-20260502-CCC64E163E,华北能源监管局关于公开征求京津冀绿色电力市场化交易规则和京津冀绿色电力市场化交易优先调度实施细则意见,国家能源局派出机构,国家能源局华北监管局,2020-11-09,,华北区域,监管规则,国家级,电力市场;绿电,电力市场;交易规则;市场化交易,B,中期参考型,征求意见,是,https://hbj.nea.gov.cn/dtyw/tzgg/202309/t20230925_120293.html,01_原始资料\官方政策\2020-11-09_华北区域_国家能源局派出机构_华北能源监管局关于公开征求京津冀绿色电力市场化交易规则和京津冀绿色电力市场化交易优先调度实施细则意见.html; 03_处理后文本\2020-11-09_华北区域_国家能源局派出机构_华北能源监管局关于公开征求京津冀绿色电力市场化交易规则和京津冀绿色电力市场化交易优先调度实施细则意见.txt; 01_原始资料\PDF附件\AUTO-20260502-CCC64E163E_01_京津冀绿色电力市场化交易规则（征求意见稿）.pdf_06B1C803.pdf; 01_原始资料\PDF附件\AUTO-20260502-CCC64E163E_02_京津冀绿色电力市场化交易优先调度实施细则（征求意见稿）.pdf_CFE94D73.pdf; 03_处理后文本\AUTO-20260502-CCC64E163E_01_京津冀绿色电力市场化交易规则（征求意见稿）.pdf_06B1C803.txt; 03_处理后文本\AUTO-20260502-CCC64E163E_02_京津冀绿色电力市场化交易优先调度实施细则（征求意见稿）.pdf_CFE94D73.txt,,,华北能源监管局关于公开征求京津冀绿色电力市场化交易规则和京津冀绿色电力市场化... 2020-11-09,2026-05-02,待人工复核
AUTO-20260502-7E77F18093,关于印发《南方区域发电厂并网运行管理实施细则》及《南方区域并网发电厂辅助服务管理实施细则》（2020,国家能源局派出机构,国家能源局南方监管局,2020-12-31,,南方区域,监管规则,国家级,辅助服务,实施细则;辅助服务,B,中期参考型,现行有效,是,https://nfj.nea.gov.cn/xwzx/tzgg/202402/t20240208_245631.html,01_原始资料\官方政策\2020-12-31_南方区域_国家能源局派出机构_关于印发《南方区域发电厂并网运行管理实施细则》及《南方区域并网发电厂辅助服务管理实施细则》（2020.html; 03_处理后文本\2020-12-31_南方区域_国家能源局派出机构_关于印发《南方区域发电厂并网运行管理实施细则》及《南方区域并网发电厂辅助服务管理实施细则》（2020.txt,,,关于印发《南方区域发电厂并网运行管理实施细则》及《南方区域并网发电厂辅助服务... 2020-12-31,2026-05-02,待人工复核
AUTO-20260502-816135392C,市工业和信息化局关于印发2021年春节期间电力需求响应实施细则的通知,天津市工业和信息化局,天津市工业和信息化局,2021-02-05,津工信电力〔2021〕3号,天津,官方政策,,需求响应,实施细则,A,长期有效型,现行有效,是,https://gyxxh.tj.gov.cn/ZWGK4147/ZCWJ6355/wjwj/202107/t20210713_5507773.html,01_原始资料\官方政策\2021-02-05_天津_天津市工业和信息化局_市工业和信息化局关于印发2021年春节期间电力需求响应实施细则的通知.html; 03_处理后文本\2021-02-05_天津_天津市工业和信息化局_市工业和信息化局关于印发2021年春节期间电力需求响应实施细则的通知.txt,,,市工业和信息化局关于印发2021年春节期间电力需求响应实施细则的通知2021-02-05,2026-05-02,待人工复核
AUTO-20260502-DD952557A2,四川能源监管办发布新版电力中长期交易规则,国家能源局四川监管办公室,国家能源局四川监管办公室,2021-02-23,,四川,监管规则,国家级,中长期,交易规则;中长期,B,中期参考型,现行有效,是,https://scb.nea.gov.cn/dtyw/tzgg/202310/t20231009_134239.html,01_原始资料\官方政策\2021-02-23_四川_国家能源局四川监管办公室_四川能源监管办发布新版电力中长期交易规则.html; 03_处理后文本\2021-02-23_四川_国家能源局四川监管办公室_四川能源监管办发布新版电力中长期交易规则.txt,,,四川能源监管办发布新版电力中长期交易规则 2021-02-23,2026-05-02,待人工复核
AUTO-20260502-63DBCD549E,关于印发《广东、广西、海南及南方区域跨省区清洁能源消纳情况综合监管实施方案》的通知,国家能源局派出机构,国家能源局南方监管局,2021-04-25,,南方区域,监管规则,国家级,省间交易,跨省,B,中期参考型,现行有效,是,https://nfj.nea.gov.cn/xwzx/tzgg/202402/t20240208_245648.html,01_原始资料\官方政策\2021-04-25_南方区域_国家能源局派出机构_关于印发《广东、广西、海南及南方区域跨省区清洁能源消纳情况综合监管实施方案》的通知.html; 03_处理后文本\2021-04-25_南方区域_国家能源局派出机构_关于印发《广东、广西、海南及南方区域跨省区清洁能源消纳情况综合监管实施方案》的通知.txt; 01_原始资料\PDF附件\AUTO-20260502-63DBCD549E_01_1.关于印发《广东、广西、海南及南方区域跨省区清洁能源消纳情况综合监管实施方案》的通知.pdf_00DCF8BD.pdf; 03_处理后文本\AUTO-20260502-63DBCD549E_01_1.关于印发《广东、广西、海南及南方区域跨省区清洁能源消纳情况综合监管实施方案》的通知.pdf_00DCF8BD.txt,,,关于印发《广东、广西、海南及南方区域跨省区清洁能源消纳情况综合监管实施方案》... 2021-04-25,2026-05-02,待人工复核
AUTO-20260502-BD716B69BA,关于印发福建省配电网建设及供电能力重点监管工作方案的通知（闽监能稽查〔2021〕40号 ）,国家能源局福建监管办公室,国家能源局福建监管办公室,2021-06-04,闽监能稽查〔2021〕40号,福建,监管规则,国家级,电网,电网;配电网,B,中期参考型,现行有效,是,https://fjb.nea.gov.cn/dtyw/tzgg/202312/t20231217_221261.html,01_原始资料\官方政策\2021-06-04_福建_国家能源局福建监管办公室_关于印发福建省配电网建设及供电能力重点监管工作方案的通知（闽监能稽查〔2021〕40号_）.html; 03_处理后文本\2021-06-04_福建_国家能源局福建监管办公室_关于印发福建省配电网建设及供电能力重点监管工作方案的通知（闽监能稽查〔2021〕40号_）.txt; 01_原始资料\PDF附件\AUTO-20260502-BD716B69BA_01_关于印发福建省配电网建设及供电能力重点监管工作方案的通知（闽监能稽查〔2021〕40号_）（点击打开）_8E2102D8.pdf,,,关于印发福建省配电网建设及供电能力重点监管工作方案的通知（闽监能稽查〔2021〕4... 2021-06-04,2026-05-02,待人工复核
AUTO-20260502-9819FB14BF,市工业和信息化局关于印发2021年夏季电力需求响应实施细则的通知,天津市工业和信息化局,天津市工业和信息化局,2021-07-05,津工信电力〔2021〕17号,天津,官方政策,,需求响应,实施细则,A,长期有效型,现行有效,是,https://gyxxh.tj.gov.cn/ZWGK4147/ZCWJ6355/wjwj/202107/t20210705_5495772.html,01_原始资料\官方政策\2021-07-05_天津_天津市工业和信息化局_市工业和信息化局关于印发2021年夏季电力需求响应实施细则的通知.html; 03_处理后文本\2021-07-05_天津_天津市工业和信息化局_市工业和信息化局关于印发2021年夏季电力需求响应实施细则的通知.txt,,,市工业和信息化局关于印发2021年夏季电力需求响应实施细则的通知2021-07-05,2026-05-02,待人工复核
AUTO-20260502-887CA055C6,关于统调统分燃煤发电市场化交易配比电量上网电价有关事项的通知（川发改价格〔2021〕265号）,四川省发展和改革委员会,四川省发展和改革委员会,2021-08-09,川发改价格〔2021〕265号,四川,官方政策,,电力市场,市场化交易;上网电价,A,长期有效型,现行有效,是,https://fgw.sc.gov.cn/sfgw/tzgg/2021/8/9/b4a3a936da134aa69d86fef113e4b7ab.shtml,01_原始资料\官方政策\2021-08-09_四川_四川省发展和改革委员会_关于统调统分燃煤发电市场化交易配比电量上网电价有关事项的通知（川发改价格〔2021〕265号）.html; 03_处理后文本\2021-08-09_四川_四川省发展和改革委员会_关于统调统分燃煤发电市场化交易配比电量上网电价有关事项的通知（川发改价格〔2021〕265号）.txt,,,关于统调统分燃煤发电市场化交易配比电量上网电价有关事项的通知（川发改价格〔2021〕265号）,2026-05-02,待人工复核
AUTO-20260502-C561726DF7,国家能源局华中监管局 西藏自治区能源局关于印发《西藏自治区电力中长期交易实施细则》的通知,国家能源局派出机构,国家能源局华中监管局,2021-09-10,,华中区域,监管规则,国家级,中长期,中长期,B,中期参考型,现行有效,是,https://hzj.nea.gov.cn/dtyw/tzgg/202310/t20231021_165562.html,01_原始资料\官方政策\2021-09-10_华中区域_国家能源局派出机构_国家能源局华中监管局_西藏自治区能源局关于印发《西藏自治区电力中长期交易实施细则》的通知.html; 03_处理后文本\2021-09-10_华中区域_国家能源局派出机构_国家能源局华中监管局_西藏自治区能源局关于印发《西藏自治区电力中长期交易实施细则》的通知.txt; 01_原始资料\PDF附件\AUTO-20260502-C561726DF7_01_附件：西藏自治区电力中长期交易实施细则（试行）.pdf_95D72DAA.pdf; 03_处理后文本\AUTO-20260502-C561726DF7_01_附件：西藏自治区电力中长期交易实施细则（试行）.pdf_95D72DAA.txt,,,国家能源局华中监管局 西藏自治区能源局关于印发《西藏自治区电力中长期交易实施细... 2021-09-10,2026-05-02,待人工复核
AUTO-20260502-E0C1290415,浙江能源监管办关于印发2022年浙江省电力中长期交易相关合同示范文本的通知,国家能源局浙江监管办公室,国家能源局浙江监管办公室,2021-12-17,,浙江,监管规则,国家级,中长期,中长期,B,中期参考型,现行有效,是,https://zjb.nea.gov.cn/dtyw/tzgg/202309/t20230914_75877.html,01_原始资料\官方政策\2021-12-17_浙江_国家能源局浙江监管办公室_浙江能源监管办关于印发2022年浙江省电力中长期交易相关合同示范文本的通知.html; 03_处理后文本\2021-12-17_浙江_国家能源局浙江监管办公室_浙江能源监管办关于印发2022年浙江省电力中长期交易相关合同示范文本的通知.txt; 01_原始资料\PDF附件\AUTO-20260502-E0C1290415_01_浙江能源监管办关于印发2022年浙江省电力中长期交易相关合同示范文本的通知.PDF_B4A20F52.pdf,,,浙江能源监管办关于印发2022年浙江省电力中长期交易相关合同示范文本的通知 2021-12-17,2026-05-02,待人工复核
AUTO-20260502-FCBBC795F1,国家能源局南方监管局广西壮族自治区工业和信息化厅关于《印发广西电力中长期交易规则》的通知,国家能源局派出机构,国家能源局南方监管局,2021-12-20,,南方区域,监管规则,国家级,中长期,中长期,B,中期参考型,现行有效,是,https://nfj.nea.gov.cn/xwzx/tzgg/202402/t20240208_245719.html,01_原始资料\官方政策\2021-12-20_南方区域_国家能源局派出机构_国家能源局南方监管局广西壮族自治区工业和信息化厅关于《印发广西电力中长期交易规则》的通知.html; 03_处理后文本\2021-12-20_南方区域_国家能源局派出机构_国家能源局南方监管局广西壮族自治区工业和信息化厅关于《印发广西电力中长期交易规则》的通知.txt; 01_原始资料\PDF附件\AUTO-20260502-FCBBC795F1_01_国家能源局南方监管局广西壮族自治区工业和信息化厅关于《印发广西电力中长期交易规则》的通知.pdf_2B2A12BB.pdf; 03_处理后文本\AUTO-20260502-FCBBC795F1_01_国家能源局南方监管局广西壮族自治区工业和信息化厅关于《印发广西电力中长期交易规则》的通知.pdf_2B2A12BB.txt,,,国家能源局南方监管局广西壮族自治区工业和信息化厅关于《印发广西电力中长期交易... 2021-12-20,2026-05-02,待人工复核
AUTO-20260502-10954479AD,市工业和信息化局关于做好天津市2022年电力市场化交易工作的通知,天津市工业和信息化局,天津市工业和信息化局,2021-12-20,津工信电力〔2021〕36号,天津,官方政策,,电力市场,电力市场;市场化交易,A,长期有效型,现行有效,是,https://gyxxh.tj.gov.cn/ZWGK4147/ZCWJ6355/wjwj/202112/t20211220_5755278.html,01_原始资料\官方政策\2021-12-20_天津_天津市工业和信息化局_市工业和信息化局关于做好天津市2022年电力市场化交易工作的通知.html; 03_处理后文本\2021-12-20_天津_天津市工业和信息化局_市工业和信息化局关于做好天津市2022年电力市场化交易工作的通知.txt,,,市工业和信息化局关于做好天津市2022年电力市场化交易工作的通知2021-12-20,2026-05-02,待人工复核
AUTO-20260502-A53E2100B8,关于印发《四川省电网企业代理购电工作实施方案》的通知（川发改价格〔2021〕544号）,四川省发展和改革委员会,四川省发展和改革委员会,2021-12-29,川发改价格〔2021〕544号,四川,官方政策,,电网,电网,A,长期有效型,现行有效,是,https://fgw.sc.gov.cn/sfgw/tzgg/2021/12/29/7c34cc154a254d5ea72b5630ad246823.shtml,01_原始资料\官方政策\2021-12-29_四川_四川省发展和改革委员会_关于印发《四川省电网企业代理购电工作实施方案》的通知（川发改价格〔2021〕544号）.html; 03_处理后文本\2021-12-29_四川_四川省发展和改革委员会_关于印发《四川省电网企业代理购电工作实施方案》的通知（川发改价格〔2021〕544号）.txt,,,关于印发《四川省电网企业代理购电工作实施方案》的通知（川发改价格〔2021〕544号）,2026-05-02,待人工复核
AUTO-20260502-7EEF2D35E6,市工业和信息化局关于印发2022年电力需求响应实施细则的通知,天津市工业和信息化局,天津市工业和信息化局,2022-01-24,津工信电力〔2022〕2号,天津,官方政策,,需求响应,实施细则,A,长期有效型,现行有效,是,https://gyxxh.tj.gov.cn/ZWGK4147/ZCWJ6355/wjwj/202201/t20220124_5787811.html,01_原始资料\官方政策\2022-01-24_天津_天津市工业和信息化局_市工业和信息化局关于印发2022年电力需求响应实施细则的通知.html; 03_处理后文本\2022-01-24_天津_天津市工业和信息化局_市工业和信息化局关于印发2022年电力需求响应实施细则的通知.txt; 01_原始资料\PDF附件\AUTO-20260502-7EEF2D35E6_01_天津市2022年电力需求响应实施细则.pdf_3E44352E.pdf; 03_处理后文本\AUTO-20260502-7EEF2D35E6_01_天津市2022年电力需求响应实施细则.pdf_3E44352E.txt,,,市工业和信息化局关于印发2022年电力需求响应实施细则的通知2022-01-24,2026-05-02,待人工复核
AUTO-20260502-0E281D1CAE,山西省能源局关于印发《源网荷储一体化项目管理办法》的通知,山西省能源局,山西省能源局-政策文件检索电力,2022-05-30,晋能源电力发〔2022〕244号,山西,官方政策,,新型电力系统,源网荷储,A,长期有效型,现行有效,是,http://nyj.shanxi.gov.cn/zfxxgk/fdzdgknr/gfxwj/xxyx_82093/202309/t20230927_9418425.shtml,01_原始资料\官方政策\2022-05-30_山西_山西省能源局_山西省能源局关于印发《源网荷储一体化项目管理办法》的通知.html; 03_处理后文本\2022-05-30_山西_山西省能源局_山西省能源局关于印发《源网荷储一体化项目管理办法》的通知.txt,,,山西省能源局关于印发《源网荷储一体化项目管理办法》的通知,2026-05-02,待人工复核
AUTO-20260502-0FBB03FA6C,关于印发《南方区域电力并网运行管理实施细则》《南方区域电力辅助服务管理实施细则》的通知,国家能源局派出机构,国家能源局南方监管局,2022-06-13,仍继续按照南方监能市场〔2020〕420号,南方区域,监管规则,国家级,辅助服务,实施细则;辅助服务,B,中期参考型,现行有效,是,https://nfj.nea.gov.cn/xwzx/tzgg/202310/t20231009_140145.html,01_原始资料\官方政策\2022-06-13_南方区域_国家能源局派出机构_关于印发《南方区域电力并网运行管理实施细则》《南方区域电力辅助服务管理实施细则》的通知.html; 03_处理后文本\2022-06-13_南方区域_国家能源局派出机构_关于印发《南方区域电力并网运行管理实施细则》《南方区域电力辅助服务管理实施细则》的通知.txt; 01_原始资料\PDF附件\AUTO-20260502-0FBB03FA6C_01_关于印发《南方区域电力并网运行管理实施细则》《南方区域电力辅助服务管理实施细则》的通知.pdf_BF8581AB.pdf; 01_原始资料\PDF附件\AUTO-20260502-0FBB03FA6C_02_附件1：《南方区域电力并网运行管理实施细则》.pdf_48E6043A.pdf; 01_原始资料\PDF附件\AUTO-20260502-0FBB03FA6C_03_附件2：《南方区域电力辅助服务管理实施细则》.pdf_0CBEEA94.pdf; 01_原始资料\PDF附件\AUTO-20260502-0FBB03FA6C_04_附件3：《南方区域风电并网运行及辅助服务管理实施细则》.pdf_F1681A4B.pdf; 01_原始资料\PDF附件\AUTO-20260502-0FBB03FA6C_05_附件4：《南方区域光伏发电并网运行及辅助服务管理实施细则》.pdf_0DC4B509.pdf; 01_原始资料\PDF附件\AUTO-20260502-0FBB03FA6C_06_附件6：《南方区域可调节负荷并网运行及辅助服务管理实施细则》.pdf_1FF43CAD.pdf; 03_处理后文本\AUTO-20260502-0FBB03FA6C_01_关于印发《南方区域电力并网运行管理实施细则》《南方区域电力辅助服务管理实施细则》的通知.pdf_BF8581AB.txt; 03_处理后文本\AUTO-20260502-0FBB03FA6C_02_附件1：《南方区域电力并网运行管理实施细则》.pdf_48E6043A.txt; 03_处理后文本\AUTO-20260502-0FBB03FA6C_03_附件2：《南方区域电力辅助服务管理实施细则》.pdf_0CBEEA94.txt; 03_处理后文本\AUTO-20260502-0FBB03FA6C_04_附件3：《南方区域风电并网运行及辅助服务管理实施细则》.pdf_F1681A4B.txt; 03_处理后文本\AUTO-20260502-0FBB03FA6C_05_附件4：《南方区域光伏发电并网运行及辅助服务管理实施细则》.pdf_0DC4B509.txt; 03_处理后文本\AUTO-20260502-0FBB03FA6C_06_附件6：《南方区域可调节负荷并网运行及辅助服务管理实施细则》.pdf_1FF43CAD.txt,,,关于印发《南方区域电力并网运行管理实施细则》《南方区域电力辅助服务管理实施细... 2022-06-13,2026-05-02,待人工复核
AUTO-20260502-C9353A3B5B,关于印发《江苏电力并网运行管理实施细则》《江苏电力辅助服务管理实施细则》的通知,国家能源局江苏监管办公室,国家能源局江苏监管办公室-通知,2022-08-12,,江苏,监管规则,国家级,辅助服务,实施细则;辅助服务,B,中期参考型,现行有效,是,https://jsb.nea.gov.cn/dtyw/tz/202309/t20230910_32209.html,01_原始资料\官方政策\2022-08-12_江苏_国家能源局江苏监管办公室_关于印发《江苏电力并网运行管理实施细则》《江苏电力辅助服务管理实施细则》的通知.html; 03_处理后文本\2022-08-12_江苏_国家能源局江苏监管办公室_关于印发《江苏电力并网运行管理实施细则》《江苏电力辅助服务管理实施细则》的通知.txt; 01_原始资料\PDF附件\AUTO-20260502-C9353A3B5B_01_关于印发《江苏电力并网运行管理实施细则》《江苏电力辅助服务管理实施细则》的通知.pdf_46125D88.pdf; 03_处理后文本\AUTO-20260502-C9353A3B5B_01_关于印发《江苏电力并网运行管理实施细则》《江苏电力辅助服务管理实施细则》的通知.pdf_46125D88.txt,,,关于印发《江苏电力并网运行管理实施细则》《江苏电力辅助服务管理实施细则》的通知 2022-08-12,2026-05-02,待人工复核
AUTO-20260502-94D2FE448E,山西省能源局关于印发《“十四五”新型储能发展实施方案》的通知,山西省能源局,山西省能源局-政策文件检索电力,2022-09-30,晋能源新能源发〔2022〕353号,山西,官方政策,,储能,新型储能,A,长期有效型,现行有效,是,http://nyj.shanxi.gov.cn/zfxxgk/fdzdgknr/sjwj/202309/t20230929_9418420.shtml,01_原始资料\官方政策\2022-09-30_山西_山西省能源局_山西省能源局关于印发《“十四五”新型储能发展实施方案》的通知.html; 03_处理后文本\2022-09-30_山西_山西省能源局_山西省能源局关于印发《“十四五”新型储能发展实施方案》的通知.txt,,,山西省能源局关于印发《“十四五”新型储能发展实施方案》的通知,2026-05-02,待人工复核
AUTO-20260502-DEF04B1A76,市工业和信息化局关于做好天津市2023年电力市场化交易工作的通知,天津市工业和信息化局,天津市工业和信息化局,2022-11-16,津工信电力〔2022〕37号,天津,官方政策,,电力市场,电力市场;市场化交易,A,长期有效型,现行有效,是,https://gyxxh.tj.gov.cn/ZWGK4147/ZCWJ6355/wjwj/202211/t20221116_6035225.html,01_原始资料\官方政策\2022-11-16_天津_天津市工业和信息化局_市工业和信息化局关于做好天津市2023年电力市场化交易工作的通知.html; 03_处理后文本\2022-11-16_天津_天津市工业和信息化局_市工业和信息化局关于做好天津市2023年电力市场化交易工作的通知.txt,,,市工业和信息化局关于做好天津市2023年电力市场化交易工作的通知2022-11-16,2026-05-02,待人工复核
AUTO-20260502-4804A59980,市工业和信息化局关于印发2023年春节期间电力需求响应实施细则的通知,天津市工业和信息化局,天津市工业和信息化局,2023-01-16,津工信电力〔2023〕1号,天津,官方政策,,需求响应,实施细则,A,长期有效型,现行有效,是,https://gyxxh.tj.gov.cn/ZWGK4147/ZCWJ6355/wjwj/202301/t20230116_6080885.html,01_原始资料\官方政策\2023-01-16_天津_天津市工业和信息化局_市工业和信息化局关于印发2023年春节期间电力需求响应实施细则的通知.html; 03_处理后文本\2023-01-16_天津_天津市工业和信息化局_市工业和信息化局关于印发2023年春节期间电力需求响应实施细则的通知.txt; 01_原始资料\PDF附件\AUTO-20260502-4804A59980_01_天津市2023年春节期间电力需求响应实施细则.pdf_8DE24D99.pdf; 03_处理后文本\AUTO-20260502-4804A59980_01_天津市2023年春节期间电力需求响应实施细则.pdf_8DE24D99.txt,,,市工业和信息化局关于印发2023年春节期间电力需求响应实施细则的通知2023-01-16,2026-05-02,待人工复核
AUTO-20260502-3905C0AD10,山西省发展和改革委员会山西省能源局关于印发《山西省煤炭行业碳达峰实施方案》的通知,山西省能源局,山西省能源局-政策文件检索电力,2023-10-19,晋能源规发〔2023〕251号,山西,官方政策,,电力市场,碳达峰,A,长期有效型,现行有效,是,http://nyj.shanxi.gov.cn/zfxxgk/fdzdgknr/sjwj/202311/t20231130_9436433.shtml,01_原始资料\官方政策\2023-10-19_山西_山西省能源局_山西省发展和改革委员会山西省能源局关于印发《山西省煤炭行业碳达峰实施方案》的通知.html; 03_处理后文本\2023-10-19_山西_山西省能源局_山西省发展和改革委员会山西省能源局关于印发《山西省煤炭行业碳达峰实施方案》的通知.txt,,,山西省发展和改革委员会山西省能源局关于印发《山西省煤炭行业碳达峰实施方案》的通知,2026-05-02,待人工复核
AUTO-20260502-26D33939CF,国家能源局西北监管局关于印发《西北区域电力并网运行管理实施细则》《西北区域电力辅助服务管理实施细则》的通知,国家能源局派出机构,国家能源局西北监管局,2023-11-22,西北监能市场〔2023〕95号,西北区域,监管规则,国家级,电力市场,实施细则,B,中期参考型,现行有效,是,https://xbj.nea.gov.cn/dtyw/tzgg/202312/t20231214_220695.html,01_原始资料\官方政策\2023-11-22_西北区域_国家能源局派出机构_国家能源局西北监管局关于印发《西北区域电力并网运行管理实施细则》《西北区域电力辅助服务管理实施细则》的通知.html; 03_处理后文本\2023-11-22_西北区域_国家能源局派出机构_国家能源局西北监管局关于印发《西北区域电力并网运行管理实施细则》《西北区域电力辅助服务管理实施细则》的通知.txt; 01_原始资料\PDF附件\AUTO-20260502-26D33939CF_01_西北监能市场〔2023〕95号-国家能源局西北监管局关于印发《西北区域电力并网运行管理实施细则》《西北区域电力辅助服务管理实施细则》的通知.pdf_68F4C59F.pdf; 01_原始资料\PDF附件\AUTO-20260502-26D33939CF_02_西北监能市场〔2023〕95号-附件2.《西北区域电力辅助服务管理实施细则》.pdf_31B6A906.pdf; 01_原始资料\PDF附件\AUTO-20260502-26D33939CF_03_西北监能市场〔2023〕95号-附件1.《西北区域电力并网运行管理实施细则》.pdf_79290A16.pdf; 03_处理后文本\AUTO-20260502-26D33939CF_02_西北监能市场〔2023〕95号-附件2.《西北区域电力辅助服务管理实施细则》.pdf_31B6A906.txt; 03_处理后文本\AUTO-20260502-26D33939CF_03_西北监能市场〔2023〕95号-附件1.《西北区域电力并网运行管理实施细则》.pdf_79290A16.txt,,,国家能源局西北监管局关于印发《西北区域电力并网运行管理实施细则》《西北区域电... 2023-11-22,2026-05-02,待人工复核
AUTO-20260502-2AB70BEFDC,国家能源局西北监管局关于印发《西北区域电力并网运行管理实施细则》《西北区域电力辅助服务管理实施细则》补充规则的通知,国家能源局派出机构,国家能源局西北监管局,2025-01-02,,西北区域,监管规则,国家级,电力市场,实施细则,B,中期参考型,现行有效,是,https://xbj.nea.gov.cn/dtyw/tzgg/202501/t20250102_274863.html,01_原始资料\官方政策\2025-01-02_西北区域_国家能源局派出机构_国家能源局西北监管局关于印发《西北区域电力并网运行管理实施细则》《西北区域电力辅助服务管理实施细则》补充规则的通知.html; 03_处理后文本\2025-01-02_西北区域_国家能源局派出机构_国家能源局西北监管局关于印发《西北区域电力并网运行管理实施细则》《西北区域电力辅助服务管理实施细则》补充规则的通知.txt; 01_原始资料\PDF附件\AUTO-20260502-2AB70BEFDC_01_国家能源局西北监管局关于印发《西北区域电力并网运行管理实施细则》《西北区域电力辅助服务管理实施细则》补充规则的通知.pdf_F2B5147E.pdf,,,国家能源局西北监管局关于印发《西北区域电力并网运行管理实施细则》《西北区域电... 2025-01-02,2026-05-02,待人工复核
AUTO-20260502-116B918776,关于开展2025年电网侧新型储能项目申报工作的通知（川发改能源〔2025〕65号）,四川省发展和改革委员会,四川省发展和改革委员会,2025-02-18,川发改能源〔2025〕65号,四川,官方政策,,电网;储能,新型储能;电网,A,长期有效型,现行有效,是,https://fgw.sc.gov.cn/sfgw/c106095/2025/2/18/07382c529ec54d71955c048d0aa97356.shtml,01_原始资料\官方政策\2025-02-18_四川_四川省发展和改革委员会_关于开展2025年电网侧新型储能项目申报工作的通知（川发改能源〔2025〕65号）.html; 03_处理后文本\2025-02-18_四川_四川省发展和改革委员会_关于开展2025年电网侧新型储能项目申报工作的通知（川发改能源〔2025〕65号）.txt,,,关于开展2025年电网侧新型储能项目申报工作的通知（川发改能源〔2025〕65号）,2026-05-02,待人工复核
AUTO-20260502-07800C683B,山西省能源局关于加强2025年新型储能管理工作的通知,山西省能源局,山西省能源局-政策文件检索电力,2025-05-06,晋能源新能源发〔2025〕90号,山西,官方政策,,储能,新型储能,A,长期有效型,现行有效,是,http://nyj.shanxi.gov.cn/zfxxgk/fdzdgknr/sjwj/202505/t20250506_9826452.shtml,01_原始资料\官方政策\2025-05-06_山西_山西省能源局_山西省能源局关于加强2025年新型储能管理工作的通知.html; 03_处理后文本\2025-05-06_山西_山西省能源局_山西省能源局关于加强2025年新型储能管理工作的通知.txt; 01_原始资料\PDF附件\AUTO-20260502-07800C683B_01_调整入库新型储能项目清单_16170EAF.pdf; 01_原始资料\PDF附件\AUTO-20260502-07800C683B_02_P020250506652110246984.pdf_E44DC6E7.pdf; 01_原始资料\PDF附件\AUTO-20260502-07800C683B_03_调整出库新型储能项目清单_509DCBE4.pdf; 03_处理后文本\AUTO-20260502-07800C683B_01_调整入库新型储能项目清单_16170EAF.txt; 03_处理后文本\AUTO-20260502-07800C683B_02_P020250506652110246984.pdf_E44DC6E7.txt; 03_处理后文本\AUTO-20260502-07800C683B_03_调整出库新型储能项目清单_509DCBE4.txt,,,山西省能源局关于加强2025年新型储能管理工作的通知,2026-05-02,待人工复核
AUTO-20260502-A0DC054507,福建能源监管办关于公开征求《福建电力市场规则体系管理办法（试行）（征求意见稿）》意见的通知,国家能源局福建监管办公室,国家能源局福建监管办公室,2025-07-04,,福建,监管规则,国家级,电力市场,电力市场;规则体系,B,中期参考型,征求意见,是,https://fjb.nea.gov.cn/dtyw/tzgg/202507/t20250704_283947.html,01_原始资料\官方政策\2025-07-04_福建_国家能源局福建监管办公室_福建能源监管办关于公开征求《福建电力市场规则体系管理办法（试行）（征求意见稿）》意见的通知.html; 03_处理后文本\2025-07-04_福建_国家能源局福建监管办公室_福建能源监管办关于公开征求《福建电力市场规则体系管理办法（试行）（征求意见稿）》意见的通知.txt; 01_原始资料\PDF附件\AUTO-20260502-A0DC054507_01_福建电力市场规则体系管理办法（试行）（征求意见稿）_3A05CEBE.pdf,,,福建能源监管办关于公开征求《福建电力市场规则体系管理办法（试行）（征求意见稿... 2025-07-04,2026-05-02,待人工复核
AUTO-20260502-DC02450597,山西省能源局关于印发2025年第三季度新型储能项目库调整清单的通知,山西省能源局,山西省能源局-政策文件检索电力,2025-09-23,晋能源新能源发〔2025〕192号,山西,官方政策,,储能,新型储能,A,长期有效型,现行有效,是,http://nyj.shanxi.gov.cn/zfxxgk/fdzdgknr/sjwj/202509/t20250925_9966030.shtml,01_原始资料\官方政策\2025-09-23_山西_山西省能源局_山西省能源局关于印发2025年第三季度新型储能项目库调整清单的通知.html; 03_处理后文本\2025-09-23_山西_山西省能源局_山西省能源局关于印发2025年第三季度新型储能项目库调整清单的通知.txt; 01_原始资料\PDF附件\AUTO-20260502-DC02450597_01_调整入库新型储能项目清单_CECD9280.pdf; 01_原始资料\PDF附件\AUTO-20260502-DC02450597_02_调整出库新型储能项目清单_3ED433CD.pdf; 01_原始资料\PDF附件\AUTO-20260502-DC02450597_03_已入库变更技术路线、容量新型储能项目清单_FC67E995.pdf; 03_处理后文本\AUTO-20260502-DC02450597_01_调整入库新型储能项目清单_CECD9280.txt; 03_处理后文本\AUTO-20260502-DC02450597_02_调整出库新型储能项目清单_3ED433CD.txt; 03_处理后文本\AUTO-20260502-DC02450597_03_已入库变更技术路线、容量新型储能项目清单_FC67E995.txt,,,山西省能源局关于印发2025年第三季度新型储能项目库调整清单的通知,2026-05-02,待人工复核
AUTO-20260502-4CAB7D0BE0,关于印发《新型储能规模化建设专项行动方案(2025—2027年)》的通知(发改能源〔2025〕1144号),国家发展改革委,国家发展改革委-政策通知,2025-09-12,发改能源〔2025〕1144号,全国,官方政策,国家级,储能,新型储能,A,长期有效型,现行有效,是,https://www.ndrc.gov.cn/xxgk/zcfb/tz/202509/t20250912_1400425.html,01_原始资料\官方政策\2025-09-12_全国_国家发展改革委_关于印发《新型储能规模化建设专项行动方案(2025—2027年)》的通知(发改能源〔2025〕1144号).html; 03_处理后文本\2025-09-12_全国_国家发展改革委_关于印发《新型储能规模化建设专项行动方案(2025—2027年)》的通知(发改能源〔2025〕1144号).txt; 01_原始资料\PDF附件\AUTO-20260502-4CAB7D0BE0_01_《新型储能规模化建设专项行动方案（2025—2027年）》.pdf_0A6AD345.pdf; 03_处理后文本\AUTO-20260502-4CAB7D0BE0_01_《新型储能规模化建设专项行动方案（2025—2027年）》.pdf_0A6AD345.txt,,,关于印发《新型储能规模化建设专项行动方案(2025—2027年)》的通知(发改能源〔2025〕1144号),2026-05-02,待人工复核
