资料编号,文件标题,发布日期,文号,适用地区,来源类型,有效状态,质量状态,政策工具,约束机制,激励机制,适用主体,市场环节,价格机制,交易品种,结算机制,考核机制,低碳目标,规划场景,投资影响,商业模式影响,风险约束,证据摘录,抽取方法,人工复核状态,更新时间
AUTO-20260424-2ABE953CDD,国家能源局关于印发《电力市场注册基本规则》的通知,2024-09-13,国能发监管规〔2024〕76号,全国,官方政策,现行有效,机器抽取,命令控制;市场机制;技术标准;信息披露;监管执法,准入条件;并网约束;履约约束;信息约束,,电网企业;发电企业;储能企业;售电公司;电力用户;交易机构;虚拟电厂;微电网主体,发电;输配电;售电;用电;调度运行;辅助服务;现货市场;中长期市场,,需求响应,分摊机制,信用评价;信息披露考核,,微电网;储能;电网规划;虚拟电厂,收益机制明确;并网条件影响;市场风险暴露;项目准入影响,聚合交易;辅助服务收益;园区微电网,并网消纳风险;合规监管风险,"国家能源局关于印发《电力市场注册基本规则》的通知 国家能源局 国家能源局 全国 官方政策 电力市场; | 经营主体 国家能源局电力市场注册基本规则 国家能源局关于印发《电力市场注册基本规则》的通知 国家能源局关于印发《电力市场注册基本规则》的通知-国家能源局网站 > 正文 目录项的基本信息 公开事项名称: 国家能源局关于印发《电力市场注册基本规则》的通知 索引号: 000019705/2024-00241 国家能源局 制发日期: 2024-09-13 电力,市场 | 2024年9月13日 第一条 电力市场注册基本规则 第一章 总则 第一条 为贯彻落实党中央、国务院进一步深化电力体制改革、加快建设全国统一大市场的有关精神，统一电力市场注册机制，加强和规范电力市场注册工作，维护电力市场秩序和各类经营主体合法权益，根据《中共中央 国务院关于进一步深化电力体制改革的若干意见》《国家发展改革委 国家能源局关于加快建设全国统一电力市",规则词典_v1,待人工复核,2026-05-05 01:24:21
AUTO-20260424-FD9AA2BEA1,国家发展改革委 国家能源局关于加快建设全国统一电力市场体系的指导意见,2022-01-30,,全国,官方政策,现行有效,机器抽取,命令控制;市场机制;规划引导;财政金融;技术标准;信息披露;监管执法,准入条件;并网约束;履约约束;信息约束;消纳约束,补偿收益;价格激励;绿色激励;试点示范,电网企业;发电企业;新能源企业;储能企业;售电公司;电力用户;交易机构;虚拟电厂;微电网主体,发电;输配电;售电;用电;调度运行;辅助服务;现货市场;中长期市场;绿电绿证,输配电价;分时电价;市场形成价格;容量价格,中长期交易;现货交易;绿电交易;辅助服务交易;容量交易;需求响应;跨省跨区交易,电费结算;分摊机制,信用评价;信息披露考核,双碳目标;绿色低碳;新能源消纳;能源安全,新型电力系统;源网荷储;微电网;储能;电网规划;分布式光伏;虚拟电厂,收益机制明确;成本疏导;并网条件影响;市场风险暴露;项目准入影响,自发自用余电上网;聚合交易;绿电消费;辅助服务收益;园区微电网,并网消纳风险;合规监管风险,统一交易规则 加快建设全国统一电力市场体系指导意见 国家发展改革委 国家能源局关于加快建设全国统一电力市场体系的指导意见_国务院部门文件_中国政府网 个人中心 无障碍 https://www.gov.cn/ 国务院政策文件库 国务院部门文件 字号： 国家发展改革委 国家能源局关于加快建设全国统一电力市场体系的指导意见 发文机关： 发展改革委 能源局 发文字号 | 同时，电力市场还存在体系不完整、功能不完善、交易规则不统一、跨省跨区交易存在市场壁垒等问题。 | 为加快建设全国统一电力市场体系，实现电力资源在更大范围内共享互济和优化配置，提升电力系统稳定性和灵活调节能力，推动形成适合中国国情、有更强新能源消纳能力的新型电力系统，经国务院同意，现提出以下意见。,规则词典_v1,待人工复核,2026-05-05 01:24:21
AUTO-20260424-10A4BBBC6D,电力市场运行基本规则_国家发展和改革委员会,2024-04-18,国家发展改革委令第20号,全国,官方政策,现行有效,机器抽取,命令控制;市场机制;规划引导;财政金融;技术标准;信息披露;监管执法,准入条件;并网约束;履约约束;信息约束;消纳约束,补偿收益;价格激励;试点示范,电网企业;发电企业;储能企业;售电公司;电力用户;交易机构;虚拟电厂,发电;输配电;售电;用电;调度运行;辅助服务;现货市场;中长期市场,输配电价;容量价格,中长期交易;现货交易;辅助服务交易;容量交易;需求响应,电费结算;分摊机制,信息披露考核,,新型电力系统;储能;电网规划;虚拟电厂,收益机制明确;成本疏导;并网条件影响;市场风险暴露;项目准入影响,聚合交易;辅助服务收益,价格波动;并网消纳风险;政策状态风险;合规监管风险,电力市场运行基本规则_国家发展和改革委员会 国家发展改革委 中国政府网 全国 官方政策 电力市场 电力市场运行基本规则; | 交易 电力市场运行基本规则 电力市场运行基本规则__中国政府网 电力市场运行基本规则_国家发展和改革委员会_中国政府网 电力市场运行基本规则__中国政府网 个人中心 无障碍 https://www.gov.cn/ 来源： 发展改革委网站 【字体： 视频下载 第一章 总 则 电力市场运行基本规则 (2024年4月18日经国家发展改革委第11次委务会通过 202 | 第三条 国家能源局及其派出机构（以下简称电力监管机构）、国务院有关部门根据职能对电力市场实施监督管理。,规则词典_v1,待人工复核,2026-05-05 01:24:21
AUTO-20260424-55178B2DFC,关于修订省间电力现货交易规则的复函(发改办体改〔2026〕275号),2026-04-24,发改办体改〔2026〕275号,全国,官方政策,现行有效,机器抽取,命令控制;市场机制;财政金融;技术标准;信息披露;监管执法,准入条件;并网约束;履约约束;信息约束;消纳约束,绿色激励;试点示范,电网企业;发电企业;新能源企业;售电公司;电力用户;交易机构,发电;输配电;售电;用电;调度运行;辅助服务;现货市场;中长期市场;绿电绿证,输配电价;市场形成价格;偏差价格,现货交易;跨省跨区交易,电费结算;偏差结算;分摊机制,信息披露考核,双碳目标,新型电力系统;电网规划,收益机制明确;成本疏导;并网条件影响;市场风险暴露;项目准入影响,辅助服务收益,价格波动;偏差风险;并网消纳风险;合规监管风险,关于修订省间电力现货交易规则的复函(发改办体改〔2026〕275号) 国家发展改革委 国家发展改革委 全国 官方政策 电力市场; | 省间 修订省间电力现货交易规则复函 关于修订省间电力现货交易规则的复函(发改办体改〔2026〕275号) 【关于修订省间电力现货交易规则的复函(发改办体改〔2026〕275号)】-国家发展和改革委员会 政务公开 关于修订省间电力现货交易规则的复函(发改办体改〔2026〕275号) 发布时间：2026/04/24 来源： 体改司 [ 打印 ] 国家发展改革委办 | 一、原则同意修订后的《省间电力现货交易规则》，请你公司会同有关方面按照修订后的规则，认真组织实施省间电力现货交易，切实发挥省间现货交易促进更大范围资源配置、余缺互济的作用。,规则词典_v1,待人工复核,2026-05-05 01:24:21
AUTO-20260424-97CB3F74FC,国家能源局华中监管局关于印发《华中区域省间电力中长期市场实施细则》的通知,2026-04-09,,华中区域,监管规则,现行有效,机器抽取,命令控制;市场机制;财政金融;技术标准;信息披露;监管执法,准入条件;并网约束;履约约束;信息约束;消纳约束,补偿收益;价格激励;绿色激励;试点示范,电网企业;发电企业;新能源企业;储能企业;售电公司;电力用户;交易机构;虚拟电厂;微电网主体,发电;输配电;售电;用电;调度运行;辅助服务;现货市场;中长期市场;绿电绿证,上网电价;输配电价;分时电价;市场形成价格;容量价格;辅助服务价格;偏差价格,中长期交易;绿电交易;需求响应;跨省跨区交易,电费结算;偏差结算;辅助服务结算;分摊机制;周期结算,运行考核;偏差考核;信息披露考核,新能源消纳;能源安全,源网荷储;微电网;储能;电网规划;分布式光伏;虚拟电厂,收益机制明确;成本疏导;并网条件影响;市场风险暴露;项目准入影响,自发自用余电上网;聚合交易;绿电消费;辅助服务收益;园区微电网,价格波动;偏差风险;并网消纳风险;政策状态风险;合规监管风险,国家能源局华中监管局关于印发《华中区域省间电力中长期市场实施细则》的通知 国家能源局华中监管局 国家能源局华中监管局 华中区域 监管规则 中长期; | 实施细则 华中区域省间电力中长期市场实施细则 国家能源局华中监管局关于印发《华中区域省间电力中长期市场实施细则》的通知 国家能源局华中监管局关于印发《华中区域省间电力中长期市场实施细则》的通知 设为首页 工作邮箱 机构概览 动态要闻 信息公开 在线办事 互动回应 专题专栏 2026-04-09 09:32 来源：国家能源局 字体： 华中监能市场规〔 2026 | 华中区域省间电力中长期市场实施细则.pdf 请电力交易机构加强对经营主体的宣贯培训、信息披露、风险防控等相关工作。,规则词典_v1,待人工复核,2026-05-05 01:24:21
AUTO-20260424-663B4D5B07,关于印发《湖北省电力中长期市场实施细则》的通知,2026-04-14,,湖北,监管规则,现行有效,机器抽取,命令控制;市场机制;财政金融;技术标准;信息披露;监管执法,准入条件;并网约束;履约约束;信息约束;消纳约束,补偿收益;价格激励;绿色激励;试点示范,电网企业;发电企业;新能源企业;储能企业;售电公司;电力用户;交易机构;虚拟电厂;微电网主体,发电;输配电;售电;用电;调度运行;辅助服务;现货市场;中长期市场;绿电绿证,输配电价;分时电价;市场形成价格;偏差价格,中长期交易;现货交易;绿电交易;辅助服务交易;需求响应;跨省跨区交易,电费结算;偏差结算;分摊机制;周期结算,运行考核;偏差考核;信息披露考核,新能源消纳,源网荷储;微电网;储能;电网规划;分布式光伏;虚拟电厂,收益机制明确;成本疏导;并网条件影响;市场风险暴露;项目准入影响,自发自用余电上网;聚合交易;绿电消费;辅助服务收益;园区微电网,价格波动;偏差风险;并网消纳风险;政策状态风险;合规监管风险,关于印发《湖北省电力中长期市场实施细则》的通知 国家能源局华中监管局 国家能源局华中监管局 湖北 监管规则 中长期 中长期; | 实施细则 湖北省电力中长期市场实施细则 关于印发《湖北省电力中长期市场实施细则》的通知 关于印发《湖北省电力中长期市场实施细则》的通知 设为首页 工作邮箱 机构概览 动态要闻 信息公开 在线办事 互动回应 专题专栏 2026-04-14 14:42 来源：国家能源局华中监管局 字体： 华中监能市场规 2026 国网华中分部，国网湖北省电力有限公司，湖北电力交 | 请电力交易机构加强对经营主体的宣贯培训、信息披露、风险防控等相关工作。,规则词典_v1,待人工复核,2026-05-05 01:24:21
AUTO-20260424-674A18FA03,关于印发《山东电力市场规则(试行)》的通知,2025-12-17,鲁监能市场规〔2025〕57号,山东,监管规则,现行有效,机器抽取,命令控制;市场机制;财政金融;技术标准;信息披露;监管执法,准入条件;并网约束;履约约束;信息约束;消纳约束,补偿收益;价格激励;绿色激励;试点示范,电网企业;发电企业;新能源企业;储能企业;售电公司;电力用户;交易机构;虚拟电厂;微电网主体,发电;输配电;售电;用电;调度运行;辅助服务;现货市场;中长期市场;绿电绿证,上网电价;输配电价;市场形成价格;容量价格;偏差价格,中长期交易;现货交易;绿电交易;辅助服务交易;容量交易;需求响应;跨省跨区交易,电费结算;分摊机制,信用评价;信息披露考核,,新型电力系统;源网荷储;微电网;储能;电网规划;分布式光伏;虚拟电厂,收益机制明确;成本疏导;并网条件影响;市场风险暴露;项目准入影响,自发自用余电上网;聚合交易;绿电消费;辅助服务收益;园区微电网,价格波动;偏差风险;并网消纳风险;政策状态风险;合规监管风险,关于印发《山东电力市场规则(试行)》的通知 国家能源局山东监管办公室 国家能源局山东监管办公室 山东 监管规则 电力市场 电力市场; | 试行 山东电力市场规则试行版 关于印发《山东电力市场规则(试行)》的通知 关于印发《山东电力市场规则(试行)》的通知_国家能源局山东监管办公室 设为首页 工作邮箱 机构概览 动态要闻 信息公开 在线办事 互动回应 专题专栏 关于印发《山东电力市场规则(试行)》的通知 2025-12-17 18:46 来源：国家能源局山东监管办公室 字体： 鲁监能市场规〔20 | 二、扶贫发电项目(扶贫容量部分)暂不参与优发超出优购曲线匹配偏差费用分摊，后续根据国家和省有关政策实施。,规则词典_v1,待人工复核,2026-05-05 01:24:21
AUTO-20260424-08F5111897,关于印发《山东省电力并网运行管理实施细则》《山东省电力辅助服务管理实施细则》(修订稿)的通知,2026-01-06,鲁监能市场规〔2025〕63号,山东,监管规则,现行有效,机器抽取,命令控制;市场机制;规划引导;财政金融;技术标准;信息披露;监管执法,准入条件;并网约束;履约约束;信息约束;消纳约束,补偿收益;试点示范,电网企业;发电企业;新能源企业;储能企业;电力用户;交易机构;虚拟电厂,发电;输配电;用电;调度运行;辅助服务;现货市场,偏差价格,现货交易;辅助服务交易;需求响应;跨省跨区交易,偏差结算;辅助服务结算;分摊机制,运行考核;偏差考核;信息披露考核,,新型电力系统;储能;电网规划;分布式光伏;虚拟电厂,收益机制明确;成本疏导;并网条件影响;市场风险暴露;项目准入影响,自发自用余电上网;聚合交易;辅助服务收益,偏差风险;并网消纳风险;合规监管风险,关于印发《山东省电力并网运行管理实施细则》《山东省电力辅助服务管理实施细则》(修订稿)的通知 国家能源局山东监管办公室 国家能源局山东监管办公室 山东 监管规则 辅助服务; | 实施细则 山东省电力并网运行与辅助服务管理实施细则修订稿 关于印发《山东省电力并网运行管理实施细则》《山东省电力辅助服务管理实施细则》(修订稿)的通知_国家能源局山东监管办公室 设为首页 工作邮箱 机构概览 动态要闻 信息公开 在线办事 互动回应 专题专栏 关于印发《山东省电力并网运行管理实施细则》《山东省电力辅助服务管理实施细则》(修订稿)的通知 2026 | 虚拟电厂和10千伏分布式电站等新纳入并网运行考核管理的并网主体相关条款、新能源发电功率日内预测偏差考核相关条款按 一、新版“细则”自2026年1月1日起正式施行。,规则词典_v1,待人工复核,2026-05-05 01:24:21
AUTO-20260424-E89DAD0775,南方区域电力市场中长期电能量交易实施细则等5项实施细则,2025-06-22,,南方区域,交易规则,现行有效,机器抽取,命令控制;市场机制;规划引导;财政金融;技术标准;信息披露;监管执法,准入条件;并网约束;履约约束;信息约束;消纳约束,补偿收益;价格激励;绿色激励;试点示范,电网企业;发电企业;储能企业;售电公司;电力用户;交易机构;虚拟电厂,发电;输配电;售电;用电;调度运行;辅助服务;现货市场;中长期市场;绿电绿证,上网电价;输配电价;市场形成价格;偏差价格,中长期交易;绿电交易;辅助服务交易;需求响应;跨省跨区交易,电费结算;分摊机制,信息披露考核,能源安全,储能;虚拟电厂,收益机制明确;成本疏导;并网条件影响;市场风险暴露;项目准入影响,聚合交易;绿电消费;辅助服务收益,价格波动;偏差风险;并网消纳风险;政策状态风险;合规监管风险,南方区域电力市场中长期电能量交易实施细则等5项实施细则 广州电力交易中心 广州电力交易中心 南方区域 交易规则 电力市场; | 实施细则 南方区域电力市场中长期电能量交易实施细则等5项实施细则； | OCR文本待人工复核 广州电力交易中心 交易服务热线: 400-15-95598 能源监管热线: 12398 微 信 平台系统 南方区域统一电力交易平台 南方区域现货电能量交易系统 南方区域绿色电力交易系统 新闻资讯 党的声音 公司动态 媒体关注 市场研究 信息发布 最新通知 公示公告 市场服务 市场培训 服务承诺 常见问题解答 政策法规 法律法规 政策文件,规则词典_v1,待人工复核,2026-05-05 01:24:21
AUTO-20260425-54244C417B,关于印发《电力辅助服务市场基本规则》的通知(发改能源规〔2025〕411号),2025-04-29,发改能源规〔2025〕411号,全国,官方政策,现行有效,机器抽取,命令控制;市场机制;规划引导;财政金融;技术标准;信息披露;监管执法,准入条件;并网约束;履约约束;信息约束;消纳约束,补偿收益;价格激励;绿色激励;试点示范,电网企业;发电企业;新能源企业;储能企业;售电公司;电力用户;交易机构;虚拟电厂;微电网主体,发电;输配电;售电;用电;调度运行;辅助服务;现货市场,输配电价;分时电价;市场形成价格;辅助服务价格;偏差价格,辅助服务交易;跨省跨区交易,电费结算;辅助服务结算;分摊机制;周期结算,信息披露考核,,新型电力系统;微电网;储能;虚拟电厂,收益机制明确;成本疏导;并网条件影响;市场风险暴露;项目准入影响,聚合交易;辅助服务收益;园区微电网,价格波动;偏差风险;政策状态风险;合规监管风险,关于印发《电力辅助服务市场基本规则》的通知(发改能源规〔2025〕411号) 国家发展改革委; | 国家能源局 国家发展改革委 全国 官方政策 辅助服务; | 电力市场 电力辅助服务市场基本规则;,规则词典_v1,待人工复核,2026-05-05 01:24:21
AUTO-20260425-D49D5FABE6,关于印发《重庆市电力中长期市场实施细则》的通知,2026-04-14,,华中区域,监管规则,现行有效,机器抽取,命令控制;市场机制;财政金融;技术标准;信息披露;监管执法,准入条件;并网约束;履约约束;信息约束;消纳约束,补偿收益;价格激励;绿色激励;试点示范,电网企业;发电企业;新能源企业;储能企业;售电公司;电力用户;交易机构;虚拟电厂;微电网主体,发电;输配电;售电;用电;调度运行;辅助服务;现货市场;中长期市场;绿电绿证,输配电价;分时电价;市场形成价格;偏差价格,中长期交易;现货交易;绿电交易;辅助服务交易;需求响应;跨省跨区交易,电费结算;偏差结算;分摊机制;周期结算,偏差考核;信用评价;信息披露考核,新能源消纳,源网荷储;微电网;储能;电网规划;分布式光伏;虚拟电厂,收益机制明确;成本疏导;并网条件影响;市场风险暴露;项目准入影响,自发自用余电上网;聚合交易;绿电消费;辅助服务收益;园区微电网,价格波动;偏差风险;并网消纳风险;政策状态风险;合规监管风险,关于印发《重庆市电力中长期市场实施细则》的通知 国家能源局派出机构 国家能源局华中监管局 华中区域 监管规则 中长期 中长期 关于印发《重庆市电力中长期市场实施细则》的通知 2026-04-14 关于印发《重庆市电力中长期市场实施细则》的通知 关于印发《重庆市电力中长期市场实施细则》的通知 设为首页 工作邮箱 机构概览 动态要闻 信息公开 在线办事 互动回应 | 请电力交易机构加强对经营主体的宣贯培训、信息披露、风险防控等相关工作。 | 国家能源局华中监管局 重庆市经济和信息化委员会 重庆市发展和改革委员会 重庆市能源局 《重庆市电力中长期市场实施细则》.pdf 《重庆市电力中长期市场实施细则》.pdf 扫一扫在手机打开当前页 网站标识码：bm62000009号 京ICP备11044902号 京公网安备 11010202007691 办公地址：湖北省武汉市洪山区徐东大街63号国家能源大厦20,规则词典_v1,待人工复核,2026-05-05 01:24:21
AUTO-20260425-712572408D,关于印发《西藏自治区电力中长期市场实施细则》的通知,2026-04-14,,华中区域,监管规则,现行有效,机器抽取,命令控制;市场机制;规划引导;财政金融;技术标准;信息披露;监管执法,准入条件;并网约束;履约约束;信息约束;消纳约束,补偿收益;价格激励;绿色激励;试点示范,电网企业;发电企业;新能源企业;储能企业;售电公司;电力用户;交易机构;虚拟电厂,发电;输配电;售电;用电;调度运行;辅助服务;现货市场;中长期市场;绿电绿证,上网电价;输配电价;分时电价;市场形成价格;辅助服务价格;偏差价格,中长期交易;绿电交易;辅助服务交易;容量交易;需求响应;跨省跨区交易,电费结算;偏差结算;辅助服务结算;分摊机制;周期结算,偏差考核;信息披露考核,绿色低碳;新能源消纳,新型电力系统;源网荷储;储能;电网规划;虚拟电厂,收益机制明确;成本疏导;并网条件影响;市场风险暴露;项目准入影响,聚合交易;辅助服务收益,价格波动;偏差风险;并网消纳风险;政策状态风险;合规监管风险,关于印发《西藏自治区电力中长期市场实施细则》的通知 国家能源局派出机构 国家能源局华中监管局 华中区域 监管规则 中长期 中长期 关于印发《西藏自治区电力中长期市场实施细则》的通知 2026-04-14 关于印发《西藏自治区电力中长期市场实施细则》的通知 关于印发《西藏自治区电力中长期市场实施细则》的通知 设为首页 工作邮箱 机构概览 动态要闻 信息公开 在 | 请电力交易机构加强对经营主体的宣贯培训、信息披露、风险防控等相关工作。 | 国家能源局华中监管局 西藏自治区发展和改革委员会 西藏自治区能源局 《西藏自治区电力中长期市场实施细则》.pdf 《西藏自治区电力中长期市场实施细则》.pdf 扫一扫在手机打开当前页 网站标识码：bm62000009号 京ICP备11044902号 京公网安备 11010202007691 办公地址：湖北省武汉市洪山区徐东大街63号国家能源大厦20-22层，,规则词典_v1,待人工复核,2026-05-05 01:24:21
AUTO-20260425-A74926FCBF,关于印发《江西省电力中长期市场实施细则》的通知,2026-04-14,,华中区域,监管规则,现行有效,机器抽取,命令控制;市场机制;财政金融;技术标准;信息披露;监管执法,准入条件;并网约束;履约约束;信息约束;消纳约束,补偿收益;价格激励;绿色激励;试点示范,电网企业;发电企业;新能源企业;储能企业;售电公司;电力用户;交易机构;虚拟电厂;微电网主体,发电;输配电;售电;用电;调度运行;辅助服务;现货市场;中长期市场;绿电绿证,输配电价;分时电价;市场形成价格;偏差价格,中长期交易;现货交易;绿电交易;辅助服务交易;需求响应;跨省跨区交易,电费结算;偏差结算;分摊机制;周期结算,偏差考核;信用评价;信息披露考核,新能源消纳,源网荷储;微电网;储能;电网规划;分布式光伏;虚拟电厂,收益机制明确;成本疏导;并网条件影响;市场风险暴露;项目准入影响,自发自用余电上网;聚合交易;绿电消费;辅助服务收益;园区微电网,价格波动;偏差风险;并网消纳风险;政策状态风险;合规监管风险,关于印发《江西省电力中长期市场实施细则》的通知 国家能源局派出机构 国家能源局华中监管局 华中区域 监管规则 中长期 中长期 关于印发《江西省电力中长期市场实施细则》的通知 2026-04-14 关于印发《江西省电力中长期市场实施细则》的通知 关于印发《江西省电力中长期市场实施细则》的通知 设为首页 工作邮箱 机构概览 动态要闻 信息公开 在线办事 互动回应 | 请电力交易机构加强对经营主体的宣贯培训、信息披露、风险防控等相关工作。 | 国家能源局华中监管局 江西省发展和改革委员会 江西省能源局 《江西省电力中长期市场实施细则》.pdf 《江西省电力中长期市场实施细则》.pdf 扫一扫在手机打开当前页 网站标识码：bm62000009号 京ICP备11044902号 京公网安备 11010202007691 办公地址：湖北省武汉市洪山区徐东大街63号国家能源大厦20-22层，邮政编码：430,规则词典_v1,待人工复核,2026-05-05 01:24:21
AUTO-20260425-9A3E9D6FC0,关于公开征求《山东电力市场监管办法(征求意见稿)》等意见的通知,2026-03-27,,山东,监管规则,征求意见,机器抽取,命令控制;市场机制;信息披露;监管执法,信息约束,试点示范,,调度运行,,,,,,,,,政策状态风险;合规监管风险,关于公开征求《山东电力市场监管办法(征求意见稿)》等意见的通知 国家能源局派出机构 国家能源局山东监管办公室 山东 监管规则 电力市场 电力市场 关于公开征求《山东电力市场监管办法(征求意见稿)》等意见的通知 2026-03-27 关于公开征求《山东电力市场监管办法(征求意见稿)》等意见的通知 关于公开征求《山东电力市场监管办法(征求意见稿)》等意见的通知_ | 请在本公告发布之日起30日内将相关意见建议通过电子邮件发至scjgc@cnea.gov.cn。 | 感谢参与和支持! 附件： 山东省电力市场监管办法（征求意见稿）.docx 山东省电力市场监管办法（征求意见稿）.docx 山东电力市场电力交易主体异常行为认定和处置监管指引（征求意见稿）.docx 山东电力市场运营业务监管指引（征求意见稿）.docx 山东能源监管办 2026年3月23日 扫一扫在手机打开当前页 地址: 济南市市中区七里山路55号 邮编:25,规则词典_v1,待人工复核,2026-05-05 01:24:21
AUTO-20260425-01719E4565,关于公开征求《山东电力市场规则(试行)》(征求意见稿)意见的通知,2026-03-17,,山东,监管规则,征求意见,机器抽取,命令控制;市场机制;财政金融;技术标准;信息披露;监管执法,准入条件;并网约束;履约约束;信息约束;消纳约束,补偿收益;价格激励;绿色激励;试点示范,电网企业;发电企业;新能源企业;储能企业;售电公司;电力用户;交易机构;虚拟电厂;微电网主体,发电;输配电;售电;用电;调度运行;辅助服务;现货市场;中长期市场;绿电绿证,上网电价;输配电价;市场形成价格;容量价格,中长期交易;现货交易;绿电交易;辅助服务交易;容量交易;需求响应;跨省跨区交易,电费结算;分摊机制,信用评价;信息披露考核,新能源消纳,新型电力系统;源网荷储;微电网;储能;电网规划;分布式光伏;虚拟电厂,收益机制明确;成本疏导;并网条件影响;市场风险暴露;项目准入影响,自发自用余电上网;聚合交易;绿电消费;辅助服务收益;园区微电网,价格波动;偏差风险;并网消纳风险;政策状态风险;合规监管风险,关于公开征求《山东电力市场规则(试行)》(征求意见稿)意见的通知 国家能源局派出机构 国家能源局山东监管办公室 山东 监管规则 电力市场 电力市场 关于公开征求《山东电力市场规则(试行)》(征求意见稿)意见的通知 2026-03-17 关于公开征求《山东电力市场规则(试行)》(征求意见稿)意见的通知 关于公开征求《山东电力市场规则(试行)》(征求意见稿)意见 | 关于公开征求《山东电力市场规则(试行)》(征求意见稿)意见的通知 欢迎有关单位和社会各界人士提出宝贵意见建议。 | 请在本公告发布之日起30日内将相关意见建议通过电子邮件发至scjgc@cnea.gov.cn。,规则词典_v1,待人工复核,2026-05-05 01:24:21
AUTO-20260425-D5F253F0B2,关于印发重庆市支持智能网联新能源商用产业发展政策措施（2025—2027年）的通知,2025-12-30,渝经信规范〔2025〕13号,重庆,官方政策,现行有效,机器抽取,命令控制;市场机制;规划引导;财政金融;技术标准;信息披露;监管执法,信息约束,试点示范,,,,,,,,,项目准入影响,,合规监管风险,关于印发重庆市支持智能网联新能源商用产业发展政策措施（2025—2027年）的通知 重庆市经济和信息化委员会 重庆市经济和信息化委员会 重庆 官方政策 新能源 新能源 重庆市经济和信息化委员会 重庆市财政局 中共重庆市委金融委员会办公室 国家金融监督管理总局重庆监管局 重庆市商务委员会关于印发重庆市支持智能网联新能源商用产业发展政策措施（2025—2027年 | 2025年12月30日 （此件公开发布） 重庆市支持智能网联新能源商用车产业发展政策措施（2025—2027年） 一、智能网联新能源商用车车型研发激励 一、智能网联新能源商用车车型研发激励 对销量达一定规模的智能网联新能源商用车全新车型或新公告改款车型给予一次性产品研发激励，其中：年销量3000（含）—5000辆（不含）的车型，给予500万元激励； | （责任单位：市经济信息委） 四、智能网联新能源商用车融资租赁激励 四、智能网联新能源商用车融资租赁激励 支持融资租赁机构联合商用车整车企业创新开发智能网联新能源商用车专项融资租赁产品，对年度提供智能网联新能源商用车融资租赁服务达1000辆的融资租赁机构，按照智能网联新能源商用车专项融资租赁产品年度实际投放融资金额的1%给予激励，单个融资租赁机构年度激励金额不,规则词典_v1,待人工复核,2026-05-05 01:24:21
AUTO-20260425-509BB407AE,关于下达天津市2023-2024年度电力需求响应资金计划的通知_委局文件_政务公开,2025-12-11,津工信电力〔2025〕13号,天津,官方政策,现行有效,机器抽取,财政金融;信息披露,信息约束,,电力用户;虚拟电厂,用电;调度运行,,需求响应,,,,,项目准入影响,聚合交易,,关于下达天津市2023-2024年度电力需求响应资金计划的通知_委局文件_政务公开 天津市工业和信息化局 天津市工业和信息化局 天津 官方政策 需求响应 需求响应 关于下达天津市2023-2024年度电力需求响应资金计划的通知2025-12-11 关于下达天津市2023-2024年度电力需求响应资金计划的通知_委局文件_政务公开 天津政务网 2019年12月 | 科技工业信息化\信息化 成 文 日 期 ： 发 文 日 期 ： 有 效 性 ： 关于下达天津市 202 2024 电力需求响应资金 计划的通知 各有关单位： 国家发展改革委和市委市政府能源保供工作部署 要求，为 确保我市群众温暖度过春节 市工业和信息化局组织 市电力公司 开展了春节期间电力需求响应工作， 现下达 2025 年电力需求侧管理专项资金计划 645 | 其中： 2023 年电力需求侧管理专项资金计划 645 万元，用于 天津市 2023-2024 年度电力需求响应补贴。,规则词典_v1,待人工复核,2026-05-05 01:24:21
AUTO-20260425-474CF655D0,关于印发《四川省深化新能源上网电价市场化改革实施方案》的通知(川发改价格〔2025〕480号),2025-09-30,川发改价格〔2025〕480号,四川,官方政策,现行有效,机器抽取,命令控制;市场机制;规划引导;财政金融;技术标准;信息披露;监管执法,准入条件;并网约束;履约约束;信息约束;消纳约束,补偿收益;价格激励;绿色激励;试点示范,电网企业;发电企业;新能源企业;储能企业;电力用户;交易机构;虚拟电厂;微电网主体,发电;输配电;售电;用电;调度运行;辅助服务;现货市场;中长期市场;绿电绿证,上网电价;分时电价;市场形成价格,中长期交易;现货交易;绿电交易;辅助服务交易,电费结算;分摊机制,,绿色低碳;能源安全,新型电力系统;储能;电网规划;分布式光伏;虚拟电厂,收益机制明确;成本疏导;并网条件影响;市场风险暴露;项目准入影响,自发自用余电上网;聚合交易;绿电消费;辅助服务收益;园区微电网,价格波动;并网消纳风险;政策状态风险;合规监管风险,关于印发《四川省深化新能源上网电价市场化改革实施方案》的通知(川发改价格〔2025〕480号) 四川省发展和改革委员会 四川省发展和改革委员会 四川 官方政策 新能源 电价; | 新能源 关于印发《四川省深化新能源上网电价市场化改革实施方案》的通知(川发改价格〔2025〕480号) 四川省发展和改革委员会 便民日历 智能问答 无障碍 个人中心 网站支持ipv6 搜 索 新闻中心 政府信息公开 政务服务 发改工作 党建工作 互动交流 专题专栏 数据发布 其他文件 索 引 号 ： 082824954-2025-000022 公文种类： 发 | 四川省能源局 四川省深化新能源上网电价市场化改革 实施方案 实施方案 为全面贯彻落实党的二十届三中全会精神，统筹能源安全保障与绿色低碳发展，深化新能源上网电价市场化改革，加快构建新型电力系统，根据国家发展改革委、国家能源局《关于深化新能源上网电价市场化改革 一、总体目标 号），结合我省实际制定本实施方案。,规则词典_v1,待人工复核,2026-05-05 01:24:21
AUTO-20260425-3D4A64C4C0,关于公开征求《山东省电力并网运行管理实施细则(征求意见稿)》《山东省电力辅助服务管理实施细则(征求意见稿)》意见的通知,2025-09-30,,山东,监管规则,征求意见,机器抽取,命令控制;市场机制;财政金融;技术标准;信息披露;监管执法,准入条件;并网约束;履约约束;信息约束;消纳约束,补偿收益;价格激励;试点示范,电网企业;发电企业;新能源企业;储能企业;电力用户;交易机构;虚拟电厂,发电;输配电;用电;调度运行;辅助服务;现货市场,上网电价;偏差价格,现货交易;辅助服务交易;需求响应;跨省跨区交易,辅助服务结算;分摊机制,运行考核;信息披露考核,,储能;电网规划;分布式光伏;虚拟电厂,收益机制明确;成本疏导;并网条件影响;市场风险暴露;项目准入影响,自发自用余电上网;聚合交易;辅助服务收益,偏差风险;并网消纳风险;政策状态风险;合规监管风险,关于公开征求《山东省电力并网运行管理实施细则(征求意见稿)》《山东省电力辅助服务管理实施细则(征求意见稿)》意见的通知 国家能源局派出机构 国家能源局山东监管办公室 山东 监管规则 辅助服务 辅助服务 关于公开征求《山东省电力并网运行管理实施细则(征求意见稿)》《山东省电力辅助服务管理实施... 2025-09-30 关于公开征求《山东省电力并网运行管理实施 | 请在本公告发布之日起30日内将相关意见建议传真至0531-67800757，或通过电子邮件发至scjgc@cnea.gov.cn。 | 感谢参与和支持! 附件： “两个细则”编制说明.pdf 山东省电力并网运行管理实施细则(征求意见稿).pdf 山东省电力辅助服务管理实施细则(征求意见稿).pdf “两个细则”编制说明.pdf 修改意见反馈表.pdf 山东能源监管办 2025年9月29日 扫一扫在手机打开当前页 地址: 济南市市中区七里山路55号 邮编:250002 京公网安备 110102,规则词典_v1,待人工复核,2026-05-05 01:24:21
AUTO-20260425-2B6F6F94C5,关于公开征求《山东电力市场规则(试行)》(征求意见稿)意见的通知,2025-07-29,,山东,监管规则,征求意见,机器抽取,命令控制;市场机制;财政金融;技术标准;信息披露;监管执法,准入条件;并网约束;履约约束;信息约束;消纳约束,补偿收益;价格激励;绿色激励;试点示范,电网企业;发电企业;新能源企业;储能企业;售电公司;电力用户;交易机构;虚拟电厂;微电网主体,发电;输配电;售电;用电;调度运行;辅助服务;现货市场;中长期市场;绿电绿证,上网电价;输配电价;市场形成价格;容量价格,中长期交易;现货交易;绿电交易;辅助服务交易;容量交易;需求响应;跨省跨区交易,电费结算;分摊机制,信用评价;信息披露考核,,新型电力系统;微电网;储能;电网规划;分布式光伏;虚拟电厂,收益机制明确;成本疏导;并网条件影响;市场风险暴露;项目准入影响,自发自用余电上网;聚合交易;绿电消费;辅助服务收益;园区微电网,价格波动;偏差风险;并网消纳风险;政策状态风险;合规监管风险,关于公开征求《山东电力市场规则(试行)》(征求意见稿)意见的通知 国家能源局派出机构 国家能源局山东监管办公室 山东 监管规则 电力市场 电力市场 关于公开征求《山东电力市场规则(试行)》(征求意见稿)意见的通知 2025-07-29 关于公开征求《山东电力市场规则(试行)》(征求意见稿)意见的通知 关于公开征求《山东电力市场规则(试行)》(征求意见稿)意见 | 关于公开征求《山东电力市场规则(试行)》(征求意见稿)意见的通知 欢迎有关单位和社会各界人士提出宝贵意见建议。 | 请在本公告发布之日起30日内将相关意见建议传真至0531-67800757，或通过电子邮件发至scjgc@cnea.gov.cn。,规则词典_v1,待人工复核,2026-05-05 01:24:21
AUTO-20260425-0746AF99FD,关于征求《山东省新能源和新型并网主体涉网安全能力提升工作方案》意见的函,2025-06-24,,山东,监管规则,现行有效,机器抽取,命令控制;信息披露;监管执法,并网约束;信息约束,,,,,,,,,新型电力系统,并网条件影响,,并网消纳风险;合规监管风险,关于征求《山东省新能源和新型并网主体涉网安全能力提升工作方案》意见的函 国家能源局派出机构 国家能源局山东监管办公室 山东 监管规则 新能源 新能源 关于征求《山东省新能源和新型并网主体涉网安全能力提升工作方案》意见的函 2025-06-24 关于征求《山东省新能源和新型并网主体涉网安全能力提升工作方案》意见的函_国家能源局山东监管办公室 设为首页 工作邮箱 | 联系人：李恒，0531-67800966 邮箱：safety@cnea.gov.cn 附件： 山东省新能源和新型并网主体涉网安全能力提升工作方案.docx 山东省新能源和新型并网主体涉网安全能力提升工作方案.docx 国家能源局山东监管办公室 2025年6月24日 扫一扫在手机打开当前页 地址: 济南市市中区七里山路55号 邮编:250002 京公网安备 1,规则词典_v1,待人工复核,2026-05-05 01:24:21
AUTO-20260425-E98D78E2BB,电力市场信息披露基本规则（国能发监管〔2024〕9号）,2025-05-16,国能发监管〔2024〕9号,南方区域,交易规则,现行有效,机器抽取,命令控制;市场机制;财政金融;技术标准;信息披露;监管执法,准入条件;并网约束;履约约束;信息约束;消纳约束,补偿收益;绿色激励,电网企业;发电企业;储能企业;售电公司;电力用户;交易机构;虚拟电厂,发电;输配电;售电;用电;调度运行;辅助服务;现货市场;中长期市场;绿电绿证,输配电价;偏差价格,中长期交易;现货交易;绿电交易;辅助服务交易;需求响应;跨省跨区交易,电费结算;偏差结算;分摊机制;周期结算,偏差考核;信用评价;信息披露考核;监管处罚,,储能;电网规划;虚拟电厂,收益机制明确;成本疏导;并网条件影响;市场风险暴露;项目准入影响,聚合交易;绿电消费;辅助服务收益,偏差风险;并网消纳风险;政策状态风险;合规监管风险,电力市场信息披露基本规则（国能发监管〔2024〕9号） 广州电力交易中心 广州电力交易中心 南方区域 交易规则 电力市场 电力市场 电力市场信息披露基本规则（国能发监管〔2024〕9号） 广州电力交易中心 交易服务热线: 400-15-95598 能源监管热线: 12398 微 信 平台系统 南方区域统一电力交易平台 南方区域现货电能量交易系统 南方区域绿色 | 第三条 信息披露 主体包括发电企业、售电公司、电力用户、新型主体（ 储能等）、电网企业和市场运营机构。 | 市场运营机构包括电力交易机构和电力调度机构。,规则词典_v1,待人工复核,2026-05-05 01:24:21
AUTO-20260425-B21BF48126,海南电力市场规则,2025-03-24,,南方区域,交易规则,现行有效,机器抽取,命令控制;市场机制;规划引导;财政金融;技术标准;信息披露;监管执法,准入条件;并网约束;履约约束;信息约束,补偿收益;价格激励;绿色激励;试点示范,电网企业;发电企业;新能源企业;储能企业;售电公司;电力用户;交易机构;微电网主体,发电;输配电;售电;用电;调度运行;辅助服务;现货市场;中长期市场;绿电绿证,输配电价;分时电价;市场形成价格;容量价格;辅助服务价格;偏差价格,中长期交易;现货交易;绿电交易,电费结算;偏差结算;辅助服务结算;分摊机制,偏差考核;信用评价;信息披露考核,,储能;电网规划;分布式光伏,收益机制明确;成本疏导;并网条件影响;市场风险暴露;项目准入影响,自发自用余电上网;绿电消费;辅助服务收益;园区微电网,偏差风险;并网消纳风险;政策状态风险;合规监管风险,海南电力市场规则 广州电力交易中心 广州电力交易中心 南方区域 交易规则 电力市场 电力市场 海南电力市场规则 广州电力交易中心 交易服务热线: 400-15-95598 能源监管热线: 12398 微 信 平台系统 南方区域统一电力交易平台 南方区域现货电能量交易系统 南方区域绿色电力交易系统 新闻资讯 党的声音 公司动态 媒体关注 市场研究 信息发布 最 | 售电公司无不良信用记录，企业法人及其 定本方案。 | 一、保底售电公司的选取 （一）选取条件 1.经营稳定。,规则词典_v1,待人工复核,2026-05-05 01:24:21
AUTO-20260425-F965FCA4C5,关于印发《广西电力市场信息披露实施细则》的通知,2025-04-28,,南方区域,交易规则,现行有效,机器抽取,命令控制;市场机制;规划引导;财政金融;技术标准;信息披露;监管执法,准入条件;并网约束;履约约束;信息约束;消纳约束,补偿收益;价格激励;绿色激励;试点示范,电网企业;发电企业;新能源企业;储能企业;售电公司;电力用户;交易机构;虚拟电厂,发电;输配电;售电;用电;调度运行;辅助服务;现货市场;中长期市场;绿电绿证,上网电价;输配电价;分时电价;偏差价格,中长期交易;绿电交易;辅助服务交易;需求响应;跨省跨区交易,电费结算;偏差结算;分摊机制;周期结算,偏差考核;信用评价;信息披露考核;监管处罚,新能源消纳;能源安全,新型电力系统;储能;电网规划;虚拟电厂,收益机制明确;成本疏导;并网条件影响;市场风险暴露;项目准入影响,自发自用余电上网;聚合交易;绿电消费;辅助服务收益,价格波动;偏差风险;并网消纳风险;政策状态风险;合规监管风险,关于印发《广西电力市场信息披露实施细则》的通知 广州电力交易中心 广州电力交易中心 南方区域 交易规则 电力市场 电力市场 广西电力市场规则； | OCR文本待人工复核 广州电力交易中心 交易服务热线: 400-15-95598 能源监管热线: 12398 微 信 平台系统 南方区域统一电力交易平台 南方区域现货电能量交易系统 南方区域绿色电力交易系统 新闻资讯 党的声音 公司动态 媒体关注 市场研究 信息发布 最新通知 公示公告 市场服务 市场培训 服务承诺 常见问题解答 政策法规 法律法规 政策文件 | - 2 - 一、 合约 机制覆盖 范围 一、 合约 机制覆盖 范围 防城港红沙核电 1 号 、 2 号 、 3 号 、 4 号发电机组 ， 以及 广西 电网地市级及以上电力调度机构调管的集中式风电 （不含海上 风 电 ） 及 集中式 光伏发电 项目 （ 以下 统 称新能源发电 ） 。,规则词典_v1,待人工复核,2026-05-05 01:24:21
AUTO-20260425-8808868383,广东电力市场规则,2025-04-05,,南方区域,交易规则,现行有效,机器抽取,命令控制;市场机制;财政金融;技术标准;信息披露;监管执法,准入条件;并网约束;履约约束;信息约束;消纳约束,补偿收益;价格激励,电网企业;发电企业;储能企业;售电公司;电力用户;交易机构,发电;输配电;售电;用电;调度运行;辅助服务;现货市场;中长期市场;绿电绿证,市场形成价格;偏差价格,现货交易;绿电交易;辅助服务交易;跨省跨区交易,辅助服务结算;分摊机制,信息披露考核,,储能,收益机制明确;成本疏导;并网条件影响;市场风险暴露;项目准入影响,辅助服务收益,偏差风险;并网消纳风险;合规监管风险,广东电力市场规则 广州电力交易中心 广州电力交易中心 南方区域 交易规则 电力市场 电力市场 广东电力市场规则 广州电力交易中心 交易服务热线: 400-15-95598 能源监管热线: 12398 微 信 平台系统 南方区域统一电力交易平台 南方区域现货电能量交易系统 南方区域绿色电力交易系统 新闻资讯 党的声音 公司动态 媒体关注 市场研究 信息发布 最 | —2—— 附件：1．广东电力市场现货电能量交易实施细则（2025 年 修订）（另附） 2．广东电力市场中长期电能量交易实施细则（2025 年修订）（另附） 5．广东电力市场注册实施细则（2025 年修订）（另 3．广东电力现货市场结算实施细则（2025 年修订） （另附） 4．广东电力市场信息披露管理实施细则（2025 年修 订）（另附） 5．广东电力市场注 | 广东电力交易中心有限责任公司办公室 2025 年 4 月 2 日印发 广东电力市场现货电能量交易实施细则（2025 年修订） 广东电力市场现货电能量交易实施细则（2025 年修订） 广东电力市场现货电能量交易实施细则 （2025 年修订） 广东电力市场现货电能量交易实施细则（2025 年修订） 广东电力市场现货电能量交易实施细则（2025 年修订） 目 录1,规则词典_v1,待人工复核,2026-05-05 01:24:21
AUTO-20260425-4ECBDBC2ED,天津市深化新能源上网电价市场化改革实施方案,,发改价格〔2025〕136号,天津,官方政策,现行有效,需复核,命令控制;市场机制;规划引导;财政金融;技术标准;信息披露;监管执法,准入条件;并网约束;履约约束;信息约束;消纳约束,补偿收益;价格激励;绿色激励;试点示范,电网企业;发电企业;新能源企业;储能企业;售电公司;电力用户;交易机构,发电;输配电;售电;用电;调度运行;现货市场;中长期市场;绿电绿证,上网电价;市场形成价格;偏差价格,中长期交易;现货交易;绿电交易;跨省跨区交易,电费结算;偏差结算;分摊机制,偏差考核;信用评价;信息披露考核;监管处罚,绿色低碳;新能源消纳,新型电力系统;储能,收益机制明确;成本疏导;并网条件影响;市场风险暴露;项目准入影响,自发自用余电上网;聚合交易;绿电消费,偏差风险;并网消纳风险;合规监管风险,天津市深化新能源上网电价市场化改革实施方案 天津市发展和改革委员会 天津市发展和改革委员会 天津 官方政策 新能源 电价; | 新能源 天津市深化新能源上网电价市场化改革实施方案.docx 改革实施方案 天津市深化新能源上网电价市场化 改革实施方案 为贯彻落实党的二十届三中全会精神和党中央、国务院关于加快构建新型电力系统、健全绿色低碳发展机制的决策部署，深化新能源发电上网电价市场化改革，根据《国家发展改革委 国家能源局关于深化新能源上网电价市场化改革 促进新能源高质量发展的通知》（发 | 完善市场交易和价格机制，有序推动新能源上网电量全面进入电力市场，通过市场交易形成价格，确保改革平稳过渡。,规则词典_v1,待人工复核,2026-05-05 01:24:21
AUTO-20260425-53BB03C30D,关于印发《电力辅助服务市场基本规则》的通知,2025-04-24,发改能源规〔2025〕411号,南方区域,交易规则,现行有效,机器抽取,命令控制;市场机制;规划引导;财政金融;技术标准;信息披露;监管执法,准入条件;并网约束;履约约束;信息约束;消纳约束,补偿收益;价格激励;绿色激励;试点示范,电网企业;发电企业;新能源企业;储能企业;售电公司;电力用户;交易机构;虚拟电厂;微电网主体,发电;输配电;售电;用电;调度运行;辅助服务;现货市场;绿电绿证,输配电价;分时电价;市场形成价格;辅助服务价格;偏差价格,绿电交易;辅助服务交易;跨省跨区交易,电费结算;辅助服务结算;分摊机制;周期结算,信息披露考核,,新型电力系统;微电网;储能;虚拟电厂,收益机制明确;成本疏导;并网条件影响;市场风险暴露;项目准入影响,聚合交易;辅助服务收益;园区微电网,价格波动;偏差风险;政策状态风险;合规监管风险,关于印发《电力辅助服务市场基本规则》的通知 广州电力交易中心 广州电力交易中心 南方区域 交易规则 辅助服务 辅助服务 发改能源规〔2025〕411号_国家发展改革委 国家能源局关于印发《电力辅助服务市场基本规则》的通知； | OCR文本待人工复核 广州电力交易中心 交易服务热线: 400-15-95598 能源监管热线: 12398 微 信 平台系统 南方区域统一电力交易平台 南方区域现货电能量交易系统 南方区域绿色电力交易系统 新闻资讯 党的声音 公司动态 媒体关注 市场研究 信息发布 最新通知 公示公告 市场服务 市场培训 服务承诺 常见问题解答 政策法规 法律法规 政策文件 | 一、国家能源局派出机构会同省级价格、能源主管部门要根 二、电力现货市场连续运行的地区，要完善现货市场规则， 据《规则》和发改价格〔2024］196号文件等有关规定，及时组织 市场运营机构制修订辅助服务市场实施细则，维护统一的公平竞 争制度，确保与《规则》要求一致。,规则词典_v1,待人工复核,2026-05-05 01:24:21
AUTO-20260425-921C75C18D,关于我市开展气电价格联动调整有关事项的通知_价格管理,2026-04-24,沪发改价管〔2026〕19号,上海,官方政策,现行有效,机器抽取,技术标准;信息披露,信息约束;消纳约束,价格激励,发电企业,发电;辅助服务,上网电价;容量价格,辅助服务交易,,,,,,辅助服务收益,,关于我市开展气电价格联动调整有关事项的通知_价格管理 上海市发展和改革委员会 上海市发展和改革委员会 上海 官方政策 电力市场 电价 关于我市开展气电价格联动调整有关事项的通知 关于我市开展气电价格联动调整有关事项的通知_价格管理 政务公开 / 决策公开 / 政策文件 / 价格工作 / 价格管理 关于我市开展气电价格联动调整有关事项的通知 (发布日期：202 | 1.天然气调峰发电机组的电量电价调整为每千瓦时0.6434元。 | 天然气调峰9E系列机组，全年发电利用小时300小时以内的电量电价，在上述电价基础上每千瓦时增加0. 一、联动调整发电机组上网电价 1.天然气调峰发电机组的电量电价调整为每千瓦时0.6434元。,规则词典_v1,待人工复核,2026-05-05 01:24:21
AUTO-20260425-3BC0A77C4C,关于我市开展气电价格联动调整有关事项的通知_价格管理,2026-02-26,沪发改价管〔2026〕9号,上海,官方政策,现行有效,机器抽取,技术标准;信息披露,信息约束;消纳约束,价格激励,发电企业,发电;辅助服务,上网电价;容量价格,辅助服务交易,,,,,,辅助服务收益,,关于我市开展气电价格联动调整有关事项的通知_价格管理 上海市发展和改革委员会 上海市发展和改革委员会 上海 官方政策 电力市场 电价 关于我市开展气电价格联动调整有关事项的通知 关于我市开展气电价格联动调整有关事项的通知_价格管理 政务公开 / 决策公开 / 政策文件 / 价格工作 / 价格管理 关于我市开展气电价格联动调整有关事项的通知 (发布日期：202 | 1.天然气调峰发电机组的电量电价调整为每千瓦时0.5569元。 | 天然气调峰9E系列机组，全年发电利用小时300小时以内的电量电价，在上述电价基础上每千瓦时增加0. 一、联动调整发电机组上网电价 1.天然气调峰发电机组的电量电价调整为每千瓦时0.5569元。,规则词典_v1,待人工复核,2026-05-05 01:24:21
AUTO-20260425-981F2EE25A,关于建立全国统一电力市场评价制度的通知(发改办体改〔2025〕1032号),2025-12-17,发改办体改〔2025〕1032号,全国,官方政策,现行有效,机器抽取,命令控制;市场机制;规划引导;财政金融;技术标准;信息披露;监管执法,准入条件;并网约束;履约约束;信息约束;消纳约束,补偿收益;绿色激励;试点示范,电网企业;储能企业;交易机构;虚拟电厂,发电;输配电;调度运行;辅助服务;现货市场;中长期市场;绿电绿证,容量价格,绿电交易;容量交易;跨省跨区交易,,信用评价;信息披露考核,双碳目标;能源安全,新型电力系统;储能;虚拟电厂,收益机制明确;成本疏导;并网条件影响;市场风险暴露,聚合交易;绿电消费;辅助服务收益,价格波动;并网消纳风险;合规监管风险,关于建立全国统一电力市场评价制度的通知(发改办体改〔2025〕1032号) 国家发展改革委 国家发展改革委-政策通知 全国 官方政策 电力市场 电力市场 关于建立全国统一电力市场评价制度的通知(发改办体改〔2025〕1032号) 【关于建立全国统一电力市场评价制度的通知(发改办体改〔2025〕1032号)】-国家发展和改革委员会 政务公开 关于建立全国统一电 | 一、总体要求 一、总体要求 以习近平新时代中国特色社会主义思想为指导，全面贯彻党的二十大和二十届历次全会精神，按照完善全国统一电力市场体系要求，围绕加快构建新型电力系统的总体目标，构建科学、系统、动态的电力市场评价体系，统筹安全保供、绿色转型、经济效率等多重目标，全面准确评价电力市场运行成效，为电力市场建设和监管提供决策依据，促进监管工作科学化、精准化，进一 | 二、评价内容 二、评价内容 全国统一电力市场评价工作应结合市场建设情况开展多维度综合评价，重点围绕电力市场运营效果、市场作用发挥、经营主体可持续性发展、市场竞争充分度四个方面开展评价。,规则词典_v1,待人工复核,2026-05-05 01:24:21
AUTO-20260425-B3B8DDADB6,关于完善发电侧容量电价机制的通知(发改价格〔2026〕114号),2026-01-30,发改价格〔2026〕114号,全国,官方政策,现行有效,机器抽取,命令控制;市场机制;规划引导;财政金融;技术标准;信息披露,准入条件;并网约束;履约约束;信息约束,补偿收益;价格激励;绿色激励;试点示范,电网企业;发电企业;储能企业;电力用户,发电;输配电;用电;调度运行;辅助服务;现货市场;中长期市场,输配电价;市场形成价格;容量价格;辅助服务价格,容量交易,电费结算;分摊机制,,绿色低碳,新型电力系统;储能,收益机制明确;成本疏导;市场风险暴露;项目准入影响,辅助服务收益,,关于完善发电侧容量电价机制的通知(发改价格〔2026〕114号) 国家发展改革委 国家发展改革委-政策通知 全国 官方政策 容量电价 容量电价; | 电价 关于完善发电侧容量电价机制的通知(发改价格〔2026〕114号) 【关于完善发电侧容量电价机制的通知(发改价格〔2026〕114号)】-国家发展和改革委员会 政务公开 关于完善发电侧容量电价机制的通知(发改价格〔2026〕114号) 发布时间：2026/01/30 来源： 价格司 [ 打印 ] 国家发展改革委 国家能源局关于 完善发电侧容量电价机制的通 | 一、总体思路 一、总体思路 适应新型电力系统和电力市场体系建设需要，更好统筹电力安全稳定供应、能源绿色低碳转型和资源经济高效配置，分类完善煤电、天然气发电、抽水蓄能、新型储能容量电价机制，优化电力市场机制；,规则词典_v1,待人工复核,2026-05-05 01:24:21
AUTO-20260425-7D4B7A7D59,关于印发输配电定价成本监审办法、省级电网输配电价定价办法、区域电网输电价格定价办法和跨省跨区专项工程输电价格定价办法的通知(发改价格规〔2025〕1490号),2025-11-27,发改价格规〔2025〕1490号,全国,官方政策,现行有效,机器抽取,命令控制;市场机制;规划引导;财政金融;技术标准;信息披露;监管执法,准入条件;并网约束;履约约束;信息约束;消纳约束,补偿收益;价格激励;试点示范,电网企业;储能企业;售电公司;电力用户;微电网主体,发电;输配电;售电;用电;调度运行;辅助服务;现货市场,上网电价;输配电价;市场形成价格;偏差价格,辅助服务交易;跨省跨区交易,电费结算;分摊机制,信用评价;信息披露考核;监管处罚,,新型电力系统;储能;电网规划,收益机制明确;成本疏导;并网条件影响;市场风险暴露;项目准入影响,辅助服务收益;园区微电网,偏差风险;并网消纳风险;政策状态风险;合规监管风险,关于印发输配电定价成本监审办法、省级电网输配电价定价办法、区域电网输电价格定价办法和跨省跨区专项工程输电价格定价办法的通知(发改价格规〔2025〕1490号) 国家发展改革委 国家发展改革委 全国 官方政策 电力市场 电价 关于印发输配电定价成本监审办法、省级电网输配电价定价办法、区域电网输电价格定价办法和跨省跨区专项工程输电价格定价办法的通知(发改价格规〔 | 国家发展改革委 2025年11月21日 附件： 《输配电定价成本监审办法》.ofd 《输配电定价成本监审办法》.pdf 《省级电网输配电价定价办法》.pdf 《区域电网输电价格定价办法》.pdf 《跨省跨区专项工程输电价格定价办法》.pdf 《输配电定价成本监审办法》.ofd 国家发展改革委修订输配电成本监审和定价办法 《省级电网输配电价定价办法》.ofd  | 第二条 本办法适用于政府制定或者调整省级电网、区域电网、 跨省跨区专项工程（以下简称专项工程）输配电价过程中，对提供 输配电服务的电网经营企业（以下简称电网企业）实施定价成本监 审的行为。,规则词典_v1,待人工复核,2026-05-05 01:24:21
AUTO-20260425-02AD665464,关于印发南方区域电力市场配套实施细则的通知,2024-11-14,,南方区域,交易规则,现行有效,机器抽取,命令控制;市场机制;规划引导;财政金融;技术标准;信息披露;监管执法,准入条件;并网约束;履约约束;信息约束;消纳约束,补偿收益;绿色激励;试点示范,电网企业;发电企业;新能源企业;储能企业;售电公司;电力用户;交易机构;虚拟电厂,发电;输配电;售电;用电;调度运行;辅助服务;现货市场;中长期市场;绿电绿证,输配电价;市场形成价格;偏差价格,中长期交易;现货交易;绿电交易;辅助服务交易;需求响应;跨省跨区交易,电费结算;分摊机制,运行考核;信息披露考核,新能源消纳;能源安全,储能;虚拟电厂,收益机制明确;成本疏导;并网条件影响;市场风险暴露;项目准入影响,聚合交易;绿电消费;辅助服务收益,价格波动;偏差风险;并网消纳风险;政策状态风险;合规监管风险,关于印发南方区域电力市场配套实施细则的通知 广州电力交易中心 广州电力交易中心 南方区域 交易规则 电力市场 电力市场 关于印发南方区域电力市场配套实施细则的通知； | OCR文本待人工复核 广州电力交易中心 交易服务热线: 400-15-95598 能源监管热线: 12398 微 信 平台系统 南方区域统一电力交易平台 南方区域现货电能量交易系统 南方区域绿色电力交易系统 新闻资讯 党的声音 公司动态 媒体关注 市场研究 信息发布 最新通知 公示公告 市场服务 市场培训 服务承诺 常见问题解答 政策法规 法律法规 政策文件 | 请你们吸收完善后发布《南方区域 电力市场现货电能量交易实施细则（试行 V3.0）》《南方区域 文件要求， 完善议事规则和工作机制， 积极履行电力市场交易规 电力市场现货结算实施细则（试行 V3.0）》。,规则词典_v1,待人工复核,2026-05-05 01:24:21
AUTO-20260425-8469367611,关于印发《电力市场计量结算基本规则》的通知(发改能源规〔2025〕976号),2025-08-06,发改能源规〔2025〕976号,全国,官方政策,现行有效,机器抽取,命令控制;市场机制;财政金融;技术标准;信息披露;监管执法,准入条件;并网约束;履约约束;信息约束,补偿收益,电网企业;发电企业;储能企业;售电公司;电力用户;交易机构;虚拟电厂,发电;输配电;售电;用电;调度运行;辅助服务;现货市场;中长期市场,偏差价格,中长期交易;容量交易;跨省跨区交易,电费结算;分摊机制;周期结算,,,储能;电网规划;虚拟电厂,收益机制明确;成本疏导;市场风险暴露;项目准入影响,聚合交易;辅助服务收益,偏差风险;合规监管风险,关于印发《电力市场计量结算基本规则》的通知(发改能源规〔2025〕976号) 国家发展改革委 国家发展改革委 全国 官方政策 电力市场; | 结算 关于印发《电力市场计量结算基本规则》的通知(发改能源规〔2025〕976号) 【关于印发《电力市场计量结算基本规则》的通知(发改能源规〔2025〕976号)】-国家发展和改革委员会 政务公开 规范性文件 关于印发《电力市场计量结算基本规则》的通知(发改能源规〔2025〕976号) 发布时间：2025/08/06 来源： 国家能源局 [ 打印 ] 国家发 | 国家发展改革委 2025年7月18日 附件： 国家能源局有关负责同志就《电力市场计量结算基本规则》答记者问 《电力市场计量结算基本规则》.pdf 《电力市场计量结算基本规则》.ofd 相关政策与解读 国家能源局有关负责同志就《电力市场计量结算基本规则》答记者问 排行榜 第一条 为贯彻落实党中央、国务院进一步深化电力体制改革、 — 1 — 电力市场计量结算基本,规则词典_v1,待人工复核,2026-05-05 01:24:21
AUTO-20260425-F67BBBF923,关于印发《电力中长期市场基本规则》的通知(发改能源规〔2025〕1656号),2025-12-26,发改能源规〔2025〕1656号,全国,官方政策,现行有效,机器抽取,命令控制;市场机制;财政金融;技术标准;信息披露;监管执法,准入条件;并网约束;履约约束;信息约束;消纳约束,补偿收益;价格激励;绿色激励;试点示范,电网企业;发电企业;新能源企业;储能企业;售电公司;电力用户;交易机构;虚拟电厂;微电网主体,发电;输配电;售电;用电;调度运行;辅助服务;现货市场;中长期市场;绿电绿证,输配电价;分时电价;市场形成价格;偏差价格,中长期交易;现货交易;绿电交易;辅助服务交易;需求响应;跨省跨区交易,电费结算;偏差结算;分摊机制,偏差考核;信用评价;信息披露考核,新能源消纳;能源安全,源网荷储;微电网;储能;电网规划;分布式光伏;虚拟电厂,收益机制明确;成本疏导;并网条件影响;市场风险暴露;项目准入影响,自发自用余电上网;聚合交易;绿电消费;辅助服务收益;园区微电网,价格波动;偏差风险;并网消纳风险;政策状态风险;合规监管风险,关于印发《电力中长期市场基本规则》的通知(发改能源规〔2025〕1656号) 国家发展改革委 国家发展改革委 全国 官方政策 中长期 中长期 关于印发《电力中长期市场基本规则》的通知(发改能源规〔2025〕1656号) 【关于印发《电力中长期市场基本规则》的通知(发改能源规〔2025〕1656号)】-国家发展和改革委员会 政务公开 规范性文件 关于印发《电力 | 国家能源局派出机构会同政府有关主管部门组织电力交易机构根据本规则拟定各地和区域电力中长期市场实施细则，并于2026年3月1日前报国家发展改革委、国家能源局备案。 | 国家发展改革委 2025年12月17日 附件： 《电力中长期市场基本规则》.ofd 《电力中长期市场基本规则》.pdf 《电力中长期市场基本规则》.ofd 相关政策与解读 国家能源局有关负责同志就《关于印发〈电力中长期市场基本规则〉的通知》答记者问 排行榜 第一条 为加快推进全国统一电力市场体系建设，规范电力中 电力中长期市场基本规则 第一章 总则 第一条 ,规则词典_v1,待人工复核,2026-05-05 01:24:21
AUTO-20260425-6D1818F6CF,关于优化集中式新能源发电企业市场报价的通知(试行)(发改能源〔2025〕1476号),2025-12-11,发改能源〔2025〕1476号,全国,官方政策,试行,机器抽取,命令控制;市场机制;规划引导;信息披露;监管执法,准入条件;并网约束;信息约束,补偿收益;绿色激励;试点示范,电网企业;发电企业;交易机构,发电;输配电;售电;调度运行;现货市场;中长期市场,市场形成价格,跨省跨区交易,电费结算,,双碳目标;绿色低碳,新型电力系统,收益机制明确;市场风险暴露;项目准入影响,,价格波动;政策状态风险;合规监管风险,关于优化集中式新能源发电企业市场报价的通知(试行)(发改能源〔2025〕1476号) 国家发展改革委 国家发展改革委-政策通知 全国 官方政策 新能源 新能源 关于优化集中式新能源发电企业市场报价的通知(试行)(发改能源〔2025〕1476号) 【关于优化集中式新能源发电企业市场报价的通知(试行)(发改能源〔2025〕1476号)】-国家发展和改革委员会 政 | （一）本通知所称集中报价，特指多个已完成市场注册的集中式新能源发电企业（不含分布式、“沙戈荒”大基地等新能源），在同一固定场所参与电能量市场交易中的集中报价行为 一、基本原则 （一）本通知所称集中报价，特指多个已完成市场注册的集中式新能源发电企业（不含分布式、“沙戈荒”大基地等新能源），在同一固定场所参与电能量市场交易中的集中报价行为。 | 新能源发电企业集中报价主要适用于电力现货市场正式运行和连续结算试运行地区电力中长期电能量交易中的集中交易和现货电能量交易。,规则词典_v1,待人工复核,2026-05-05 01:24:21
AUTO-20260425-19A93F32F1,云南电力市场规则,2024-12-09,,南方区域,交易规则,现行有效,机器抽取,命令控制;市场机制;规划引导;财政金融;技术标准;信息披露;监管执法,准入条件;并网约束;履约约束;信息约束;消纳约束,补偿收益;价格激励;绿色激励;试点示范,电网企业;发电企业;新能源企业;储能企业;售电公司;电力用户;交易机构;虚拟电厂,发电;输配电;售电;用电;调度运行;辅助服务;现货市场;中长期市场;绿电绿证,上网电价;输配电价;分时电价;市场形成价格;偏差价格,中长期交易;现货交易;绿电交易;辅助服务交易;需求响应;跨省跨区交易,电费结算;偏差结算;分摊机制;周期结算,偏差考核;信用评价;信息披露考核,绿色低碳;新能源消纳,储能;电网规划;虚拟电厂,收益机制明确;成本疏导;并网条件影响;市场风险暴露;项目准入影响,聚合交易;辅助服务收益,价格波动;偏差风险;并网消纳风险;政策状态风险;合规监管风险,云南电力市场规则 广州电力交易中心 广州电力交易中心 南方区域 交易规则 电力市场 电力市场 云南电力市场规则； | OCR文本待人工复核 广州电力交易中心 交易服务热线: 400-15-95598 能源监管热线: 12398 微 信 平台系统 南方区域统一电力交易平台 南方区域现货电能量交易系统 南方区域绿色电力交易系统 新闻资讯 党的声音 公司动态 媒体关注 市场研究 信息发布 最新通知 公示公告 市场服务 市场培训 服务承诺 常见问题解答 政策法规 法律法规 政策文件 | 1.2 编制依据 本细则根据《中共中央 国务院关于进一步深化电力体制改 革的若干意见》（中发〔2015〕9 号）及其配套文件、全国统一 电力市场规则体系，按照《南方区域电力市场实施方案》和南方 1.3 基本原则 区域“1+N”市场规则体系要求，结合云南实际制定。,规则词典_v1,待人工复核,2026-05-05 01:24:21
AUTO-20260425-3CC677DBE5,北京市发展和改革委员会关于公开征集市政府固定资产投资支持新能源供热项目的通知-本委其他文件-北京市发展和改革委员会,2026-03-09,,北京,官方政策,现行有效,机器抽取,命令控制;市场机制;规划引导;财政金融;信息披露;监管执法,准入条件;并网约束;信息约束,绿色激励;试点示范,新能源企业;储能企业,发电;调度运行;现货市场;绿电绿证,,,,信用评价,,储能,项目准入影响,,政策状态风险;合规监管风险,北京市发展和改革委员会关于公开征集市政府固定资产投资支持新能源供热项目的通知-本委其他文件-北京市发展和改革委员会 北京市发展和改革委员会 北京市发展和改革委员会 北京 官方政策 新能源 新能源 [现行有效] 北京市发展和改革委员会关于公开征集市政府固定资产投资支持新能源供热项目的通知 北京市发展和改革委员会关于公开征集市政府固定资产投资支持新能源供热项目的 | 浅层地源热泵（不含水源热泵）、中深层水热型地热、中深层井下换热型地热、再生水源热泵、污水源热泵、生物质供热、城市和工业余热利用（鼓励优先应用低碳 一、支持方向 （一）支持类型。 | 浅层地源热泵（不含水源热泵）、中深层水热型地热、中深层井下换热型地热、再生水源热泵、污水源热泵、生物质供热、城市和工业余热利用（鼓励优先应用低碳热泵技术）、绿电蓄热、绿氢供热、城镇集中式空气源热泵和新能源多能耦合综合能源站以及创新应用新技术等新能源供热系统。,规则词典_v1,待人工复核,2026-05-05 01:24:21
AUTO-20260425-3D787AF073,关于公开征求《重庆电力中长期市场实施细则（征求意见稿）》意见的通知,2026-01-26,发改能源规〔2025〕1656号,华中区域,监管规则,征求意见,机器抽取,命令控制;市场机制;规划引导;财政金融;技术标准;信息披露;监管执法,准入条件;并网约束;履约约束;信息约束;消纳约束,补偿收益;价格激励;绿色激励;试点示范,电网企业;发电企业;新能源企业;储能企业;售电公司;电力用户;交易机构;虚拟电厂;微电网主体,发电;输配电;售电;用电;调度运行;辅助服务;现货市场;中长期市场;绿电绿证,上网电价;输配电价;分时电价;市场形成价格;偏差价格,中长期交易;现货交易;绿电交易;辅助服务交易;需求响应;跨省跨区交易,电费结算;偏差结算;分摊机制;周期结算,偏差考核;信用评价;信息披露考核,新能源消纳,源网荷储;微电网;储能;电网规划;分布式光伏;虚拟电厂,收益机制明确;成本疏导;并网条件影响;市场风险暴露;项目准入影响,自发自用余电上网;聚合交易;绿电消费;辅助服务收益;园区微电网,价格波动;偏差风险;并网消纳风险;政策状态风险;合规监管风险,关于公开征求《重庆电力中长期市场实施细则（征求意见稿）》意见的通知 国家能源局派出机构 国家能源局华中监管局 华中区域 监管规则 中长期 中长期 关于公开征求《重庆电力中长期市场实施细则（征求意见稿）》意见的通知 2026-01-26 关于公开征求《重庆电力中长期市场实施细则（征求意见稿）》意见的通知 关于公开征求《重庆电力中长期市场实施细则（征求意见稿）》 | 欢迎有关单位和个人提出宝贵意见，于2026年2月26日前发送至schzj@nea.gov.cn，并请注明单位、姓名及联系方式。 | 感谢您的参与和支持！ 附件-重庆电力中长期市场实施细则（征求意见稿）.pdf 附件：重庆电力中长期市场实施细则（征求意见稿） 国家能源局华中监管局 2026年1月26日 附件-重庆电力中长期市场实施细则（征求意见稿）.pdf 扫一扫在手机打开当前页 网站标识码：bm62000009号 京ICP备11044902号 京公网安备 11010202007691 办,规则词典_v1,待人工复核,2026-05-05 01:24:21
AUTO-20260425-63755B61E4,关于公开征求《西藏自治区电力中长期市场实施细则（征求意见稿）》意见的通知,2026-01-26,,华中区域,监管规则,征求意见,机器抽取,命令控制;市场机制;规划引导;财政金融;技术标准;信息披露;监管执法,准入条件;并网约束;履约约束;信息约束;消纳约束,补偿收益;价格激励;绿色激励;试点示范,电网企业;发电企业;新能源企业;储能企业;售电公司;电力用户;交易机构;虚拟电厂,发电;输配电;售电;用电;调度运行;辅助服务;现货市场;中长期市场;绿电绿证,上网电价;输配电价;市场形成价格;辅助服务价格;偏差价格,中长期交易;绿电交易;辅助服务交易;容量交易;需求响应;跨省跨区交易,电费结算;偏差结算;辅助服务结算;分摊机制,偏差考核;信息披露考核,绿色低碳;新能源消纳;能源安全,新型电力系统;源网荷储;储能;电网规划;虚拟电厂,收益机制明确;成本疏导;并网条件影响;市场风险暴露;项目准入影响,聚合交易;辅助服务收益,价格波动;偏差风险;并网消纳风险;政策状态风险;合规监管风险,关于公开征求《西藏自治区电力中长期市场实施细则（征求意见稿）》意见的通知 国家能源局派出机构 国家能源局华中监管局 华中区域 监管规则 中长期 中长期 关于公开征求《西藏自治区电力中长期市场实施细则（征求意见稿）》意见的通知 2026-01-26 关于公开征求《西藏自治区电力中长期市场实施细则（征求意见稿）》意见的通知 关于公开征求《西藏自治区电力中长期市场 | 欢迎有关单位和个人提出宝贵意见，于 2026 日前发送至 schzj@nea.gov.cn ，并请注明单位、姓名及联系方式。 | 感谢您的参与和支持！ 附件： 《西藏自治区电力中长期市场实施细则（征求意见稿）》.pdf 西藏自治区电力中长期市场实施细则（征求意见稿） 国家能源局华中监管局 202 《西藏自治区电力中长期市场实施细则（征求意见稿）》.pdf 扫一扫在手机打开当前页 网站标识码：bm62000009号 京ICP备11044902号 京公网安备 11010202007691 ,规则词典_v1,待人工复核,2026-05-05 01:24:21
AUTO-20260425-35BEAAF482,关于公开征求《湖北省电力中长期市场实施细则（征求意见稿）》意见的通知,2026-01-26,,华中区域,监管规则,征求意见,机器抽取,命令控制;市场机制;财政金融;技术标准;信息披露;监管执法,准入条件;并网约束;履约约束;信息约束;消纳约束,补偿收益;价格激励;绿色激励;试点示范,电网企业;发电企业;新能源企业;储能企业;售电公司;电力用户;交易机构;虚拟电厂;微电网主体,发电;输配电;售电;用电;调度运行;辅助服务;现货市场;中长期市场;绿电绿证,上网电价;输配电价;分时电价;市场形成价格;容量价格;辅助服务价格;偏差价格,中长期交易;现货交易;绿电交易;辅助服务交易;跨省跨区交易,电费结算;偏差结算;辅助服务结算;分摊机制;周期结算,运行考核;偏差考核;信息披露考核,新能源消纳,储能;电网规划;虚拟电厂,收益机制明确;成本疏导;并网条件影响;市场风险暴露;项目准入影响,聚合交易;绿电消费;辅助服务收益;园区微电网,价格波动;偏差风险;并网消纳风险;政策状态风险;合规监管风险,关于公开征求《湖北省电力中长期市场实施细则（征求意见稿）》意见的通知 国家能源局派出机构 国家能源局华中监管局 华中区域 监管规则 中长期 中长期 关于公开征求《湖北省电力中长期市场实施细则（征求意见稿）》意见的通知 2026-01-26 关于公开征求《湖北省电力中长期市场实施细则（征求意见稿）》意见的通知 关于公开征求《湖北省电力中长期市场实施细则（征求意 | 欢迎有关单位和个人提出宝贵意见，于 2026 日前发送至联系邮箱 schzj@nea.gov.cn ，并请注明单位、姓名及联系方式。 | 感谢您的参与和支持！ 《湖北省电力中长期市场实施细则（征求意见稿）》.pdf 附件：湖北省电力中长期市场实施细则（征求意见稿） 国家能源局华中监管局 《湖北省电力中长期市场实施细则（征求意见稿）》.pdf 扫一扫在手机打开当前页 网站标识码：bm62000009号 京ICP备11044902号 京公网安备 11010202007691 办公地址：湖北省武汉市,规则词典_v1,待人工复核,2026-05-05 01:24:21
AUTO-20260425-1A6D55E163,关于公开征求《江西电力中长期市场实施细则（征求意见稿）》意见的通知,2026-01-26,,华中区域,监管规则,征求意见,机器抽取,命令控制;市场机制;财政金融;技术标准;信息披露;监管执法,准入条件;并网约束;履约约束;信息约束;消纳约束,补偿收益;价格激励;绿色激励;试点示范,电网企业;发电企业;新能源企业;储能企业;售电公司;电力用户;交易机构;虚拟电厂;微电网主体,发电;输配电;售电;用电;调度运行;辅助服务;现货市场;中长期市场;绿电绿证,上网电价;输配电价;分时电价;市场形成价格;偏差价格,中长期交易;现货交易;绿电交易;辅助服务交易;需求响应;跨省跨区交易,电费结算;偏差结算;分摊机制;周期结算,偏差考核;信用评价;信息披露考核,新能源消纳,源网荷储;微电网;储能;电网规划;分布式光伏;虚拟电厂,收益机制明确;成本疏导;并网条件影响;市场风险暴露;项目准入影响,自发自用余电上网;聚合交易;绿电消费;辅助服务收益;园区微电网,价格波动;偏差风险;并网消纳风险;政策状态风险;合规监管风险,关于公开征求《江西电力中长期市场实施细则（征求意见稿）》意见的通知 国家能源局派出机构 国家能源局华中监管局 华中区域 监管规则 中长期 中长期 关于公开征求《江西电力中长期市场实施细则（征求意见稿）》意见的通知 2026-01-26 关于公开征求《江西电力中长期市场实施细则（征求意见稿）》意见的通知 关于公开征求《江西电力中长期市场实施细则（征求意见稿）》 | 欢迎有关单位和个人提出宝贵意见，于 2026 日前发送至 schzj@nea.gov.cn ，并请注明单位、姓名及联系方式。 | 感谢您的参与和支持！ 附件-江西省电力中长期市场实施细则（征求意见稿）.pdf 附件：江西电力中长期市场实施细则（征求意见稿） 国家能源局华中监管局 附件-江西省电力中长期市场实施细则（征求意见稿）.pdf 扫一扫在手机打开当前页 网站标识码：bm62000009号 京ICP备11044902号 京公网安备 11010202007691 办公地址：湖北省武汉,规则词典_v1,待人工复核,2026-05-05 01:24:21
AUTO-20260425-D8A4A0C9BE,关于公开征求《华中区域省间电力中长期交易实施细则（征求意见稿）》意见的通知,2026-01-26,,华中区域,监管规则,征求意见,机器抽取,命令控制;市场机制;规划引导;财政金融;技术标准;信息披露;监管执法,准入条件;并网约束;履约约束;信息约束;消纳约束,补偿收益;价格激励;绿色激励;试点示范,电网企业;发电企业;新能源企业;储能企业;售电公司;电力用户;交易机构;虚拟电厂,发电;输配电;售电;用电;调度运行;辅助服务;现货市场;中长期市场;绿电绿证,上网电价;输配电价;分时电价;市场形成价格;容量价格;辅助服务价格;偏差价格,中长期交易;绿电交易;需求响应;跨省跨区交易,电费结算;偏差结算;辅助服务结算;分摊机制,运行考核;偏差考核;信息披露考核,新能源消纳;能源安全,储能;电网规划;虚拟电厂,收益机制明确;成本疏导;并网条件影响;市场风险暴露;项目准入影响,聚合交易;绿电消费;辅助服务收益,价格波动;偏差风险;并网消纳风险;政策状态风险;合规监管风险,关于公开征求《华中区域省间电力中长期交易实施细则（征求意见稿）》意见的通知 国家能源局派出机构 国家能源局华中监管局 华中区域 监管规则 中长期; | 省间 关于公开征求《华中区域省间电力中长期交易实施细则（征求意见稿）》意见的通知 2026-01-26 关于公开征求《华中区域省间电力中长期交易实施细则（征求意见稿）》意见的通知 设为首页 工作邮箱 机构概览 动态要闻 信息公开 在线办事 互动回应 专题专栏 2026-01-26 21:52 来源：国家能源局华中监管局 字体： 为加快全国统一电力市场建设，进 | 欢迎有关单位和个人提出宝贵意见，于 2026 日前发送至 schzj@nea.gov.cn ，并请注明单位、姓名及联系方式。,规则词典_v1,待人工复核,2026-05-05 01:24:21
AUTO-20260425-BD09FE2823,关于印发《南方区域新能源参与电力市场交易实施方案（试行）》的通知,2026-01-04,,南方区域,监管规则,试行,机器抽取,命令控制;市场机制;规划引导;财政金融;技术标准;信息披露;监管执法,准入条件;并网约束;履约约束;信息约束;消纳约束,价格激励;绿色激励;试点示范,电网企业;发电企业;新能源企业;电力用户;交易机构;虚拟电厂,发电;输配电;售电;调度运行;现货市场;中长期市场;绿电绿证,上网电价;市场形成价格,中长期交易;现货交易;绿电交易;跨省跨区交易,电费结算;分摊机制,,新能源消纳,虚拟电厂,收益机制明确;成本疏导;并网条件影响;市场风险暴露;项目准入影响,聚合交易;绿电消费,并网消纳风险;政策状态风险;合规监管风险,关于印发《南方区域新能源参与电力市场交易实施方案（试行）》的通知 国家能源局派出机构 国家能源局南方监管局 南方区域 监管规则 电力市场; | 新能源 关于印发《南方区域新能源参与电力市场交易实施方案（试行）》的通知 2026-01-04 关于印发《南方区域新能源参与电力市场交易实施方案（试行）》的通知 关于印发《南方区域新能源参与电力市场交易实施方案（试行）》的通知 设为首页 工作邮箱 机构概览 动态要闻 信息公开 在线办事 互动回应 专题专栏 2026-01-04 14:25 来源： 南方局管理 | 南方能源监管局 2025 年 12 月 19 日 （主动公开） 抄送：国家发展改革委价格司，国家能源局法改司、监管司，广东省、 广西壮族自治区、贵州省、云南省发展改革委、能源局，海南省 发展改革委，云南、贵州能源监管办，南方电网公司。,规则词典_v1,待人工复核,2026-05-05 01:24:21
AUTO-20260425-991CDC4524,关于印发《广东、广西、海南发电机组参与电力市场交易业务衔接暂行规定》的通知,2025-12-24,,南方区域,监管规则,现行有效,机器抽取,命令控制;市场机制;技术标准;信息披露;监管执法,准入条件;并网约束;履约约束;信息约束,,电网企业;发电企业;新能源企业;储能企业;交易机构,发电;输配电;售电;调度运行;现货市场;中长期市场,,,分摊机制,,,储能,并网条件影响;市场风险暴露;项目准入影响,,偏差风险;并网消纳风险;政策状态风险;合规监管风险,关于印发《广东、广西、海南发电机组参与电力市场交易业务衔接暂行规定》的通知 国家能源局派出机构 国家能源局南方监管局 南方区域 监管规则 电力市场 电力市场 关于印发《广东、广西、海南发电机组参与电力市场交易业务衔接暂行规定》的通知 2025-12-24 关于印发《广东、广西、海南发电机组参与电力市场交易业务衔接暂行规定》的通知 设为首页 工作邮箱 机构概览 | 国 家 能 源 局 南 方 监 管 局 文 件 — 2 — 附件：《广东、广西、海南发电机组参与电力市场交易业务 衔接暂行规定》 南方能源监管局 2025 年 12 月 19 日 （主动公开） — 3 — 广东、广西、海南发电机组参与电力 市场交易业务衔接暂行规定 进入及退出商业运营办法》《电力业务许可证监督管理办法》等 第一条 为贯彻落实《电力市场注册基本 | 第三条 发电机组和新型储能参与电能量市场交易的，须在 第二条 本规定所称发电机组，指已全部或部分放开发电计 划参与电能量市场交易的并网主体。,规则词典_v1,待人工复核,2026-05-05 01:24:21
AUTO-20260425-D5A6AA701E,关于加强辖区中长期批发交易合同签约履约监管的通知,2025-12-16,,南方区域,监管规则,现行有效,机器抽取,命令控制;市场机制;信息披露;监管执法,准入条件;履约约束;信息约束,,发电企业;售电公司;交易机构,发电;售电;调度运行;中长期市场,市场形成价格,中长期交易,,信息披露考核,,,成本疏导,,价格波动;偏差风险;合规监管风险,关于加强辖区中长期批发交易合同签约履约监管的通知 国家能源局派出机构 国家能源局南方监管局 南方区域 监管规则 中长期 中长期 关于加强辖区中长期批发交易合同签约履约监管的通知 2025-12-16 关于加强辖区中长期批发交易合同签约履约监管的通知 设为首页 工作邮箱 机构概览 动态要闻 信息公开 在线办事 互动回应 专题专栏 2025-12-16 11:5 | 一、依法合规参与电力中长期交易 各发电企业、售电公司和电力批发用户要充分认识中长期合 国 家 能 源 局 南 方 监 管 局 文 件 — 2 — 同高比例签约的重要意义，认真落实国家和地方政府主管部门规 定的签约比例要求。 | 交易过程中，要严格遵守国家有关法律法规， 按照市场规则和有关方案规定，规范参与电力中长期交易。,规则词典_v1,待人工复核,2026-05-05 01:24:21
AUTO-20260425-89CB5D262F,国家能源局华中监管局关于征求《江西省电力市场规则4.0版》部分条款修订意见的通知,2025-12-03,,华中区域,监管规则,现行有效,机器抽取,命令控制;市场机制;规划引导;财政金融;技术标准;信息披露;监管执法,准入条件;并网约束;履约约束;信息约束;消纳约束,补偿收益;价格激励;绿色激励;试点示范,电网企业;发电企业;新能源企业;储能企业;售电公司;电力用户;交易机构;虚拟电厂;微电网主体,发电;输配电;售电;用电;调度运行;辅助服务;现货市场;中长期市场;绿电绿证,上网电价;分时电价;市场形成价格;容量价格;偏差价格,中长期交易;现货交易;绿电交易;辅助服务交易;跨省跨区交易,电费结算;偏差结算;分摊机制;周期结算,偏差考核;信息披露考核,,微电网;储能;电网规划;虚拟电厂,收益机制明确;成本疏导;并网条件影响;市场风险暴露;项目准入影响,聚合交易;绿电消费;辅助服务收益;园区微电网,价格波动;偏差风险;并网消纳风险;政策状态风险;合规监管风险,国家能源局华中监管局关于征求《江西省电力市场规则4.0版》部分条款修订意见的通知 国家能源局派出机构 国家能源局华中监管局 华中区域 监管规则 电力市场 电力市场 国家能源局华中监管局关于征求《江西省电力市场规则4.0版》部分条款修订意见的通知 2025-12-03 国家能源局华中监管局关于征求《江西省电力市场规则4.0版》部分条款修订意见的通知 设为首页  | 现向各市场成员征求意见，请于 日前将修改意见以正式文件反馈我局，逾期视为无意见 联系电话： 027-88717616 联系邮箱： schzj@nea.gov.cn 附件6-江西省电力市场规则（4.0修订版征求意见稿）.pdf 附件1-附件5.各实施细则（4.0修订版征求意见稿）编制说明.pdf 附件6-江西省电力市场规则（4.0修订版征求意见稿）.pdf 扫 | （一）第十三条 二、修订内容 （一）第十三条 原文：智能微电网经营主体基本条件初期参照电力用户 基本条件执行，后期视国家有关规定进行调整。,规则词典_v1,待人工复核,2026-05-05 01:24:21
AUTO-20260425-82D40D1344,关于公开征求《西藏自治区电力中长期交易实施细则（征求意见稿）》意见的通知,2025-11-22,,华中区域,监管规则,征求意见,机器抽取,命令控制;市场机制;规划引导;财政金融;技术标准;信息披露;监管执法,准入条件;并网约束;履约约束;信息约束;消纳约束,价格激励;绿色激励;试点示范,电网企业;发电企业;新能源企业;储能企业;售电公司;电力用户;交易机构;虚拟电厂;微电网主体,发电;输配电;售电;用电;调度运行;辅助服务;现货市场;中长期市场;绿电绿证,上网电价;输配电价;市场形成价格;偏差价格,中长期交易;绿电交易;辅助服务交易;需求响应;跨省跨区交易,电费结算;偏差结算;分摊机制,偏差考核;信用评价;信息披露考核,绿色低碳;新能源消纳,新型电力系统;源网荷储;微电网;储能;电网规划;虚拟电厂,收益机制明确;成本疏导;并网条件影响;市场风险暴露;项目准入影响,聚合交易;辅助服务收益;园区微电网,价格波动;偏差风险;并网消纳风险;政策状态风险;合规监管风险,关于公开征求《西藏自治区电力中长期交易实施细则（征求意见稿）》意见的通知 国家能源局派出机构 国家能源局华中监管局 华中区域 监管规则 中长期 中长期 关于公开征求《西藏自治区电力中长期交易实施细则（征求意见稿）》意见的通知 2025-11-22 关于公开征求《西藏自治区电力中长期交易实施细则（征求意见稿）》意见的通知 关于公开征求《西藏自治区电力中长期交易 | 欢迎有关单位和个人提出宝贵意见，于 2025 日前发送至 schzj@nea.gov.cn ，并请注明单位、姓名及联系方式。 | 感谢您的参与和支持！ 国家能源局华中监管局 附件1：西藏自治区电力中长期交易实施细则（征求意见稿）.pdf 附件1：西藏自治区电力中长期交易实施细则（征求意见稿）.pdf 附件2：编制说明.doc 扫一扫在手机打开当前页 网站标识码：bm62000009号 京ICP备11044902号 京公网安备 11010202007691 办公地址：湖北省武汉市洪山区徐,规则词典_v1,待人工复核,2026-05-05 01:24:21
AUTO-20260425-F75ABE5310,关于印发《江西省电力市场规则（试行4.0版）》的通知,2025-09-23,,华中区域,监管规则,试行,机器抽取,命令控制;市场机制;财政金融;技术标准;信息披露;监管执法,准入条件;并网约束;履约约束;信息约束,补偿收益;价格激励;试点示范,电网企业;发电企业;新能源企业;储能企业;售电公司;电力用户;交易机构;虚拟电厂;微电网主体,发电;输配电;售电;用电;调度运行;辅助服务;现货市场;中长期市场;绿电绿证,上网电价;输配电价;市场形成价格;容量价格;偏差价格,中长期交易;现货交易;绿电交易;需求响应;跨省跨区交易,电费结算;偏差结算;分摊机制,偏差考核;信用评价;信息披露考核,,源网荷储;微电网;储能;电网规划;虚拟电厂,收益机制明确;成本疏导;并网条件影响;市场风险暴露;项目准入影响,聚合交易;辅助服务收益;园区微电网,价格波动;偏差风险;并网消纳风险;政策状态风险;合规监管风险,关于印发《江西省电力市场规则（试行4.0版）》的通知 国家能源局派出机构 国家能源局华中监管局 华中区域 监管规则 电力市场 电力市场 关于印发《江西省电力市场规则（试行4.0版）》的通知 2025-09-23 关于印发《江西省电力市场规则（试行4.0版）》的通知 关于印发《江西省电力市场规则（试行4.0版）》的通知 设为首页 工作邮箱 机构概览 动态要闻  | 《规则》包括《江西省电力市场注册实施细则》《江西省电力中长期交易实施细则》《江西省电力现货交易实施细则》《江西省电力市场风险防控实施细则》《江西省电力市场结算实施细则》《江西省电力零售市场实施细则》，自 日起执行， 月江西电力现货市场调电试运行期间参照执行。 | 市场运营机构要加强《规则》宣贯培训，根据《规则》规范开展交易组织、交易执行、交易结算、调度运行等工作，认真做好信息披露，强化市场运营监控和风险防范，及时发现异常情况并进行预警报告。,规则词典_v1,待人工复核,2026-05-05 01:24:21
AUTO-20260426-A3868601F8,国家能源局华中监管局关于公开征求《重庆电力中长期交易实施细则（征求意见稿）》意见的通知,2025-09-17,,华中区域,监管规则,征求意见,机器抽取,命令控制;市场机制;规划引导;财政金融;技术标准;信息披露;监管执法,准入条件;并网约束;履约约束;信息约束,价格激励;绿色激励;试点示范,电网企业;发电企业;新能源企业;储能企业;售电公司;电力用户;交易机构;虚拟电厂,发电;输配电;售电;用电;调度运行;现货市场;中长期市场;绿电绿证,上网电价;输配电价;市场形成价格;容量价格;偏差价格,中长期交易;绿电交易;需求响应;跨省跨区交易,偏差结算;分摊机制,偏差考核;信息披露考核,,储能;分布式光伏;虚拟电厂,收益机制明确;成本疏导;市场风险暴露;项目准入影响,自发自用余电上网;聚合交易;绿电消费,价格波动;偏差风险;政策状态风险;合规监管风险,国家能源局华中监管局关于公开征求《重庆电力中长期交易实施细则（征求意见稿）》意见的通知 国家能源局派出机构 国家能源局华中监管局 华中区域 监管规则 中长期 中长期 国家能源局华中监管局关于公开征求《重庆电力中长期交易实施细则（征求意见稿）》... 2025-09-17 国家能源局华中监管局关于公开征求《重庆电力中长期交易实施细则（征求意见稿）》意见的通知  | 现予以公告，向社会公开征求意见。 | 欢迎有关单位和个人提出宝贵意见，于 2025 日前发送至 schzj@nea.gov.cn ，并请注明单位、姓名及联系方式。,规则词典_v1,待人工复核,2026-05-05 01:24:21
AUTO-20260426-DEDA1D301C,华中能源监管局关于公开征求《华中区域(东四省)省间电力互济市场交易规则》意见的通知,2025-08-01,,华中区域,监管规则,征求意见,机器抽取,命令控制;市场机制;财政金融;技术标准;信息披露;监管执法,准入条件;并网约束;履约约束;信息约束;消纳约束,补偿收益;价格激励;绿色激励;试点示范,电网企业;发电企业;新能源企业;储能企业;电力用户;交易机构;虚拟电厂,发电;输配电;售电;用电;调度运行;辅助服务;现货市场;中长期市场,上网电价;输配电价;市场形成价格;容量价格;偏差价格,中长期交易;现货交易;辅助服务交易;需求响应;跨省跨区交易,电费结算;偏差结算;分摊机制;周期结算,运行考核;偏差考核;信用评价;信息披露考核,新能源消纳;能源安全,储能;虚拟电厂,收益机制明确;成本疏导;并网条件影响;市场风险暴露;项目准入影响,聚合交易;辅助服务收益,价格波动;偏差风险;并网消纳风险;政策状态风险;合规监管风险,华中能源监管局关于公开征求《华中区域(东四省)省间电力互济市场交易规则》意见的通知 国家能源局派出机构 国家能源局华中监管局 华中区域 监管规则 省间交易 交易规则; | 省间 华中能源监管局关于公开征求《华中区域(东四省)省间电力互济市场交易规则》意见的通知 2025-08-01 华中能源监管局关于公开征求《华中区域(东四省)省间电力互济市场交易规则》意见的通知 设为首页 工作邮箱 机构概览 动态要闻 信息公开 在线办事 互动回应 专题专栏 2025-08-01 16:57 来源：国家能源局华中监管局 字体： 为加快全国统一 | 欢迎有关单位和个人提出宝贵意见，于 2025 日前发送至 schzj@nea.gov.cn 感谢您的参与和支持！ 国家能源局华中监管局 附件1 华中区域（东四省）省间电力互济市场交易规则（征求意见稿） .pdf 附件2 编制说明.pdf 扫一扫在手机打开当前页 网站标识码：bm62000009号 京ICP备11044902号 京公网安备 1101020200,规则词典_v1,待人工复核,2026-05-05 01:24:21
AUTO-20260426-482E9580D6,关于提升海南省新能源和新型并网主体涉网安全能力的通知,2025-08-01,,南方区域,监管规则,现行有效,机器抽取,命令控制;规划引导;财政金融;技术标准;信息披露;监管执法,准入条件;并网约束;履约约束;信息约束;消纳约束,补偿收益;试点示范,电网企业;新能源企业;储能企业;虚拟电厂,发电;输配电;售电;调度运行;辅助服务;现货市场,,辅助服务交易,,,能源安全,新型电力系统;储能;电网规划;分布式光伏;虚拟电厂,收益机制明确;并网条件影响;项目准入影响,自发自用余电上网;聚合交易;辅助服务收益,并网消纳风险;合规监管风险,关于提升海南省新能源和新型并网主体涉网安全能力的通知 国家能源局派出机构 国家能源局南方监管局 南方区域 监管规则 新能源 新能源 关于提升海南省新能源和新型并网主体涉网安全能力的通知 2025-08-01 关于提升海南省新能源和新型并网主体涉网安全能力的通知 设为首页 工作邮箱 机构概览 动态要闻 信息公开 在线办事 互动回应 专题专栏 2025-08-0 | 各市县发展改革委、各电力企业、各并网主体要根据国家能源局有关要求和工作部署，紧扣新形势下能 一、准确把握涉网安全管理工作的总体要求（一）高度重视涉网安全管理工作。 | 各市县发展改革委、各电力企业、各并网主体要根据国家能源局有关要求和工作部署，紧扣新形势下能源转型和电力保供目标，以高度的责任感和使命感，创新安全管理模式，有效管控安全风险，坚决防范并网安全事故发生。,规则词典_v1,待人工复核,2026-05-05 01:24:21
AUTO-20260426-DBC1C0D7C5,关于提升广西壮族自治区新能源和新型并网主体涉网安全能力的通知,2025-08-01,,南方区域,监管规则,现行有效,机器抽取,命令控制;规划引导;财政金融;技术标准;信息披露;监管执法,准入条件;并网约束;履约约束;信息约束;消纳约束,补偿收益;试点示范,电网企业;新能源企业;储能企业;虚拟电厂,发电;输配电;售电;调度运行;辅助服务;现货市场,,辅助服务交易,,,能源安全,新型电力系统;储能;电网规划;分布式光伏;虚拟电厂,收益机制明确;并网条件影响;项目准入影响,自发自用余电上网;聚合交易;辅助服务收益,并网消纳风险;合规监管风险,关于提升广西壮族自治区新能源和新型并网主体涉网安全能力的通知 国家能源局派出机构 国家能源局南方监管局 南方区域 监管规则 新能源 新能源 关于提升广西壮族自治区新能源和新型并网主体涉网安全能力的通知 2025-08-01； | OCR文本待人工复核 关于提升广西壮族自治区新能源和新型并网主体涉网安全能力的通知 设为首页 工作邮箱 机构概览 动态要闻 信息公开 在线办事 互动回应 专题专栏 2025-08-01 14:40 来源： 南方局管理员 字体： 关于提升广西壮族自治区新能源和新型并网主体涉网安全能力的通知.pdf 扫一扫在手机打开当前页 办公地址：广州市海珠区琶洲大道190号 | 各有关部门、各电力企 业、各并网主体要根据国家能源局有关要求和工作部署，紧扣新 形势下能源转型和电力保供目标，以高度的责任感和使命感，创 新安全管理模式，有效管控安全风险，坚决防范并网安全事故发 （二）明确涉网安全管理范围。,规则词典_v1,待人工复核,2026-05-05 01:24:21
AUTO-20260426-5AA1473F8F,关于提升广东省新能源和新型并网主体涉网安全能力的通知,2025-08-01,,南方区域,监管规则,现行有效,机器抽取,命令控制;规划引导;财政金融;技术标准;信息披露;监管执法,准入条件;并网约束;履约约束;信息约束;消纳约束,补偿收益;试点示范,电网企业;新能源企业;储能企业;虚拟电厂,发电;输配电;售电;调度运行;辅助服务;现货市场,,辅助服务交易,,,能源安全,新型电力系统;储能;电网规划;分布式光伏;虚拟电厂,收益机制明确;并网条件影响;项目准入影响,自发自用余电上网;聚合交易;辅助服务收益,并网消纳风险;合规监管风险,关于提升广东省新能源和新型并网主体涉网安全能力的通知 国家能源局派出机构 国家能源局南方监管局 南方区域 监管规则 新能源 新能源 关于提升广东省新能源和新型并网主体涉网安全能力的通知 2025-08-01； | OCR文本待人工复核 关于提升广东省新能源和新型并网主体涉网安全能力的通知 设为首页 工作邮箱 机构概览 动态要闻 信息公开 在线办事 互动回应 专题专栏 2025-08-01 14:39 来源： 南方局管理员 字体： 关于提升广东省新能源和新型并网主体涉网安全能力的通知.pdf 扫一扫在手机打开当前页 办公地址：广州市海珠区琶洲大道190号 邮编：5103 | 各有关部门、各电力企 业、各并网主体要根据国家能源局有关要求和工作部署，紧扣新 形势下能源转型和电力保供目标，以高度的责任感和使命感，创 新安全管理模式，有效管控安全风险，坚决防范并网安全事故发 （二）明确涉网安全管理范围。,规则词典_v1,待人工复核,2026-05-05 01:24:21
AUTO-20260426-A4374A2C3D,关于印发《南方区域电力市场运行规则（试行，2025年V1.0版）》的通知,2025-06-17,,南方区域,监管规则,试行,机器抽取,命令控制;市场机制;规划引导;财政金融;技术标准;信息披露;监管执法,准入条件;并网约束;履约约束;信息约束;消纳约束,补偿收益;价格激励;绿色激励;试点示范,电网企业;发电企业;新能源企业;储能企业;售电公司;电力用户;交易机构;虚拟电厂;微电网主体,发电;输配电;售电;用电;调度运行;辅助服务;现货市场;中长期市场;绿电绿证,输配电价;市场形成价格;偏差价格,中长期交易;现货交易;绿电交易;辅助服务交易;跨省跨区交易,电费结算;偏差结算;分摊机制;周期结算,偏差考核;信用评价;信息披露考核,新能源消纳;能源安全,储能;电网规划;虚拟电厂,收益机制明确;成本疏导;并网条件影响;市场风险暴露;项目准入影响,聚合交易;绿电消费;辅助服务收益;园区微电网,价格波动;偏差风险;并网消纳风险;政策状态风险;合规监管风险,关于印发《南方区域电力市场运行规则（试行，2025年V1.0版）》的通知 国家能源局派出机构 国家能源局南方监管局 南方区域 监管规则 电力市场 电力市场 关于印发《南方区域电力市场运行规则（试行，2025年V1.0版）》的通知 2025-06-17 关于印发《南方区域电力市场运行规则（试行，2025年V1.0版）》的通知 关于印发《南方区域电力市场运行规则 | 附件：南方区域电力市场运行规则（试行，2025 年 V1.0 版） 附件：南方区域电力市场运行规则（试行，2025 年 V1.0 版） 南方能源监管局 云南能源监管办 贵州能源监管办 2025 年 6 月 17 日 抄送：国家发展改革委体改司，国家能源局法改司、监管司。 | 南方能源监管局综合处 2025 年 6 月 17 日印发 第一章 总 则 .................................................................... 1 南方区域电力市场运行规则 （试行，2025年V1.0版） 目 录 第一章 总 则 ...............................,规则词典_v1,待人工复核,2026-05-05 01:24:21
AUTO-20260426-E51176BC68,国家能源局华中监管局关于印发《湖北、江西、重庆电力调频辅助服务市场运行规则》的通知,2025-04-02,,华中区域,监管规则,现行有效,机器抽取,命令控制;市场机制;财政金融;技术标准;信息披露;监管执法,准入条件;并网约束;履约约束;信息约束,补偿收益;价格激励;试点示范,电网企业;发电企业;新能源企业;储能企业;售电公司;电力用户;交易机构;虚拟电厂;微电网主体,发电;输配电;售电;用电;调度运行;辅助服务;现货市场;中长期市场,市场形成价格;辅助服务价格;偏差价格,中长期交易;辅助服务交易;需求响应,电费结算;辅助服务结算;分摊机制;周期结算,运行考核;信息披露考核;监管处罚,,新型电力系统;源网荷储;储能;虚拟电厂,收益机制明确;成本疏导;并网条件影响;市场风险暴露;项目准入影响,聚合交易;辅助服务收益;园区微电网,价格波动;偏差风险;并网消纳风险;政策状态风险;合规监管风险,国家能源局华中监管局关于印发《湖北、江西、重庆电力调频辅助服务市场运行规则》的通知 国家能源局派出机构 国家能源局华中监管局 华中区域 监管规则 辅助服务 辅助服务 国家能源局华中监管局关于印发《湖北、江西、重庆电力调频辅助服务市场运行规则》... 2025-04-02 国家能源局华中监管局关于印发《湖北、江西、重庆电力调频辅助服务市场运行规则》的通知 设为 | 请电力调度机构尽快完成技术支持系统升级和规则宣贯培训，及时开展模拟试运行，经我局同意后转入结算运行，原则上不迟于 月转结算运行。 | 模拟试运行及结算运行有关情况，请及时报告。,规则词典_v1,待人工复核,2026-05-05 01:24:21
AUTO-20260426-0D440B2FA1,关于印发《重庆市电力中长期交易规则》的通知,2024-12-19,,华中区域,监管规则,现行有效,机器抽取,命令控制;市场机制;规划引导;财政金融;技术标准;信息披露;监管执法,准入条件;并网约束;履约约束;信息约束;消纳约束,补偿收益;价格激励;绿色激励;试点示范,电网企业;发电企业;新能源企业;储能企业;售电公司;电力用户;交易机构,发电;输配电;售电;用电;调度运行;辅助服务;现货市场;中长期市场;绿电绿证,上网电价;输配电价;分时电价;市场形成价格;容量价格;辅助服务价格;偏差价格,中长期交易;现货交易;绿电交易;辅助服务交易;容量交易;跨省跨区交易,电费结算;偏差结算;辅助服务结算;分摊机制,偏差考核;信息披露考核,新能源消纳,储能;电网规划,收益机制明确;成本疏导;并网条件影响;市场风险暴露;项目准入影响,绿电消费;辅助服务收益,价格波动;偏差风险;并网消纳风险;政策状态风险;合规监管风险,关于印发《重庆市电力中长期交易规则》的通知 国家能源局派出机构 国家能源局华中监管局 华中区域 监管规则 中长期 交易规则; | 中长期 关于印发《重庆市电力中长期交易规则》的通知 2024-12-19； | OCR文本待人工复核 关于印发《重庆市电力中长期交易规则》的通知 关于印发《重庆市电力中长期交易规则》的通知 设为首页 工作邮箱 机构概览 动态要闻 信息公开 在线办事 互动回应 专题专栏 2024-12-19 10:45 来源：国家能源局华中监管局 字体： 华中监能市场 2024 149 国网西南分部，国网重庆市电力公司，重庆电力交易中心有限公司，重庆市各,规则词典_v1,待人工复核,2026-05-05 01:24:21
AUTO-20260426-2321F82FD1,关于山东电力现货市场由试运行转正式运行的通知,2024-06-17,鲁监能市场〔2024〕35号,山东,监管规则,现行有效,机器抽取,命令控制;市场机制;规划引导;信息披露;监管执法,准入条件;履约约束;信息约束,绿色激励;试点示范,交易机构,发电;调度运行;现货市场,,,,信用评价;信息披露考核,绿色低碳;能源安全,,市场风险暴露;项目准入影响,,价格波动;合规监管风险,关于山东电力现货市场由试运行转正式运行的通知 国家能源局派出机构 国家能源局山东监管办公室 山东 监管规则 现货 现货 关于山东电力现货市场由试运行转正式运行的通知 2024-06-17 关于山东电力现货市场由试运行转正式运行的通知_国家能源局山东监管办公室 设为首页 工作邮箱 机构概览 动态要闻 信息公开 在线办事 互动回应 专题专栏 关于山东电力现货市场 | 从运行情况看，省内各类经营主体对电力市场的预期和信心不断增强，主体多元、竞争有序的电力交易格局已经形成。 | 电力现货市场在保障能源安全、支撑电力可靠供应以及优化资源配置、助力能源绿色低碳转型方面发挥了重要作用。,规则词典_v1,待人工复核,2026-05-05 01:24:21
AUTO-20260426-CAE77C6F94,关于印发《山东电力市场参数（试行）》的通知,2024-05-31,鲁监能市场规〔2024〕30号,山东,监管规则,试行,机器抽取,命令控制;市场机制;信息披露;监管执法,准入条件;履约约束;信息约束,,电网企业;售电公司;电力用户;交易机构,发电;输配电;售电;用电;调度运行;现货市场,,,,,,,市场风险暴露,,政策状态风险;合规监管风险,关于印发《山东电力市场参数（试行）》的通知 国家能源局派出机构 国家能源局山东监管办公室 山东 监管规则 电力市场 电力市场 关于印发《山东电力市场参数（试行）》的通知 2024-05-31 关于印发《山东电力市场参数（试行）》的通知_国家能源局山东监管办公室 设为首页 工作邮箱 机构概览 动态要闻 信息公开 在线办事 互动回应 专题专栏 关于印发《山东电力 | 二、市场运营机构要结合《山东电力市场规则（试行）》，同步做好《山东电力市场参数（试行）》的执行与宣贯培训，规范开展市场运营，持续强化市场运营监控和风险防范，及时 一、《山东电力市场参数（试行）》中涉及的价格参数均含税。 | 电网企业要继续加强市场宣贯培训，提高电力用户市场意识。,规则词典_v1,待人工复核,2026-05-05 01:24:21
AUTO-20260426-0E5C62271F,《山东电力市场规则(试行)》编制说明,2024-04-20,,山东,监管规则,试行,机器抽取,命令控制;市场机制;规划引导;财政金融;技术标准;信息披露;监管执法,准入条件;并网约束;履约约束;信息约束,补偿收益;价格激励;试点示范,发电企业;新能源企业;储能企业;售电公司;电力用户;虚拟电厂,发电;输配电;售电;用电;调度运行;辅助服务;现货市场;中长期市场,分时电价;市场形成价格;容量价格;偏差价格,中长期交易;现货交易;辅助服务交易;容量交易,分摊机制,运行考核;信息披露考核,,源网荷储;储能;虚拟电厂,收益机制明确;成本疏导;并网条件影响;市场风险暴露;项目准入影响,聚合交易;辅助服务收益,价格波动;偏差风险;并网消纳风险;政策状态风险;合规监管风险,《山东电力市场规则(试行)》编制说明 国家能源局派出机构 国家能源局山东监管办公室 山东 监管规则 电力市场 电力市场 《山东电力市场规则(试行)》编制说明 2024-04-20 《山东电力市场规则(试行)》编制说明 《山东电力市场规则(试行)》编制说明_国家能源局山东监管办公室 设为首页 工作邮箱 机构概览 动态要闻 信息公开 在线办事 互动回应 专题专栏 | 创新建立合理补偿固定成本的发电侧“市场化容量补偿机制”、抑制发电企业行使市场力的“事前+事后市场力监管机制”、避免市场经营主体不合理套利的偏差收益回收及分摊机制等一系列特色市场机制，保障了市场健康运行和电力供应平稳有序。 | 《山东电力市场规则(试行)》编制说明 作为国家首批电力现货市场建设试点地区，山东电力现货市场于2021年12月1日进入长周期结算试运行，经过两年多的不间断试运行，市场发现价格作用明显，高峰高电价激励供需紧张时期电源顶峰发电，低谷低电价引导电力富裕时段用户填谷用电，源荷两侧共同参与电网调节，主体多元、竞争有序的电力交易格局基本形成。,规则词典_v1,待人工复核,2026-05-05 01:24:21
AUTO-20260426-0A6267C300,关于征求《山东电力市场参数(试行)》(征求意见稿)意见的公告,2024-04-19,,山东,监管规则,征求意见,机器抽取,命令控制;市场机制;信息披露;监管执法,准入条件;并网约束;履约约束;信息约束,补偿收益;试点示范,电网企业;发电企业;储能企业;售电公司;电力用户;交易机构;虚拟电厂,发电;输配电;售电;用电;调度运行;辅助服务;现货市场;中长期市场,市场形成价格;偏差价格,辅助服务交易,电费结算;偏差结算;分摊机制,偏差考核,,储能;虚拟电厂,收益机制明确;成本疏导;并网条件影响;市场风险暴露;项目准入影响,聚合交易;辅助服务收益,偏差风险;并网消纳风险;政策状态风险;合规监管风险,关于征求《山东电力市场参数(试行)》(征求意见稿)意见的公告 国家能源局派出机构 国家能源局山东监管办公室 山东 监管规则 电力市场 电力市场 关于征求《山东电力市场参数(试行)》(征求意见稿)意见的公告 2024-04-19 关于征求《山东电力市场参数(试行)》(征求意见稿)意见的公告_国家能源局山东监管办公室 设为首页 工作邮箱 机构概览 动态要闻 信息 | 为适应电力市场运行需要，山东能源监管办会同省发展改革委、省能源局同步开展市场运行有关参数修订工作，经前期研究讨论，起草了《山东电力市场参数(试行)》(征求意见稿)。 | 在前期征求有关部门单位和经营主体意见的基础上，现向社会公开征求意见(本次新增或修订参数已加粗标识)。,规则词典_v1,待人工复核,2026-05-05 01:24:21
AUTO-20260426-CB9FE0315E,关于印发《山东电力市场规则(试行)》的通知,2024-04-19,鲁监能市场规〔2024〕24号,山东,监管规则,试行,机器抽取,命令控制;市场机制;财政金融;技术标准;信息披露;监管执法,准入条件;并网约束;履约约束;信息约束;消纳约束,补偿收益;价格激励;绿色激励;试点示范,电网企业;发电企业;新能源企业;储能企业;售电公司;电力用户;交易机构;虚拟电厂,发电;输配电;售电;用电;调度运行;辅助服务;现货市场;中长期市场;绿电绿证,输配电价;市场形成价格;容量价格;辅助服务价格;偏差价格,中长期交易;现货交易;绿电交易;辅助服务交易;容量交易;需求响应;跨省跨区交易,电费结算;偏差结算;辅助服务结算;分摊机制,偏差考核;信用评价;信息披露考核,新能源消纳,储能;电网规划;分布式光伏;虚拟电厂,收益机制明确;成本疏导;并网条件影响;市场风险暴露;项目准入影响,自发自用余电上网;聚合交易;绿电消费;辅助服务收益,价格波动;偏差风险;并网消纳风险;政策状态风险;合规监管风险,关于印发《山东电力市场规则(试行)》的通知 国家能源局派出机构 国家能源局山东监管办公室 山东 监管规则 电力市场 电力市场 关于印发《山东电力市场规则(试行)》的通知 2024-04-19 关于印发《山东电力市场规则(试行)》的通知 关于印发《山东电力市场规则(试行)》的通知_国家能源局山东监管办公室 设为首页 工作邮箱 机构概览 动态要闻 信息公开 在线 | 其中，调频辅助服务市场交易及出清模式、新型经营主体报量报价参与市场、市场力监测等相关条款待技术支持系统功能完善后执行，正 一、《规则》自2024年5月1日起执行。 | 其中，调频辅助服务市场交易及出清模式、新型经营主体报量报价参与市场、市场力监测等相关条款待技术支持系统功能完善后执行，正式执行时间原则上不晚于2024年7月1日。,规则词典_v1,待人工复核,2026-05-05 01:24:21
AUTO-20260426-A4B66C7278,关于印发《山东电力爬坡辅助服务市场交易规则(试行)》的通知,2024-02-08,,山东,监管规则,试行,机器抽取,命令控制;市场机制;信息披露;监管执法,准入条件;信息约束,试点示范,交易机构,发电;调度运行;辅助服务,,,,,,,收益机制明确,辅助服务收益,价格波动;政策状态风险;合规监管风险,关于印发《山东电力爬坡辅助服务市场交易规则(试行)》的通知 国家能源局派出机构 国家能源局山东监管办公室 山东 监管规则 辅助服务 交易规则; | 辅助服务 关于印发《山东电力爬坡辅助服务市场交易规则(试行)》的通知 2024-02-08 关于印发《山东电力爬坡辅助服务市场交易规则(试行)》的通知 关于印发《山东电力爬坡辅助服务市场交易规则(试行)》的通知_国家能源局山东监管办公室 设为首页 工作邮箱 机构概览 动态要闻 信息公开 在线办事 互动回应 专题专栏 关于印发《山东电力爬坡辅助服务市场交易规则 | 关于印发《山东电力爬坡辅助服务市场交易规则(试行)》的通知 《山东电力爬坡辅助服务市场交易规则(试行)》自2024年3月1日起正式执行。,规则词典_v1,待人工复核,2026-05-05 01:24:21
AUTO-20260426-09ACA5D018,关于公开征求《山东电力市场规则(试行)》(征求意见稿)意见的通知,2024-01-08,,山东,监管规则,征求意见,机器抽取,命令控制;市场机制;规划引导;财政金融;技术标准;信息披露;监管执法,准入条件;并网约束;履约约束;信息约束;消纳约束,补偿收益;价格激励;绿色激励;试点示范,电网企业;发电企业;新能源企业;储能企业;售电公司;电力用户;交易机构;虚拟电厂,发电;输配电;售电;用电;调度运行;辅助服务;现货市场;中长期市场;绿电绿证,上网电价;输配电价;分时电价;市场形成价格;容量价格;辅助服务价格;偏差价格,中长期交易;现货交易;绿电交易;辅助服务交易;容量交易;需求响应;跨省跨区交易,电费结算;偏差结算;辅助服务结算;分摊机制,偏差考核;信用评价;信息披露考核,新能源消纳,新型电力系统;储能;电网规划;分布式光伏;虚拟电厂,收益机制明确;成本疏导;并网条件影响;市场风险暴露;项目准入影响,自发自用余电上网;聚合交易;绿电消费;辅助服务收益,价格波动;偏差风险;并网消纳风险;政策状态风险;合规监管风险,关于公开征求《山东电力市场规则(试行)》(征求意见稿)意见的通知 国家能源局派出机构 国家能源局山东监管办公室 山东 监管规则 电力市场 电力市场 关于公开征求《山东电力市场规则(试行)》(征求意见稿)意见的通知 2024-01-08 关于公开征求《山东电力市场规则(试行)》(征求意见稿)意见的通知 关于公开征求《山东电力市场规则(试行)》(征求意见稿)意见 | 请在本公告发布之日起30日内将相关意见建议传真至0531-67800757，或通过电子邮件发至scjgc@cnea.gov.cn。 | 感谢参与和支持! 附件： 附件2：山东电力市场规则编制说明.pdf 附件1：《山东电力市场规则（试行）》（征求意见稿）.pdf 附件2：山东电力市场规则编制说明.pdf 附件3：修改意见反馈表.pdf 山东能源监管办 2024年1月8日 扫一扫在手机打开当前页 地址: 济南市市中区七里山路55号 邮编:250002 京公网安备 11010202007691 ,规则词典_v1,待人工复核,2026-05-05 01:24:21
AUTO-20260426-400F4CEBB4,关于征求《山东电力爬坡辅助服务市场交易规则(征求意见稿)》意见的通知,2023-08-08,,山东,监管规则,征求意见,机器抽取,命令控制;市场机制;技术标准;信息披露;监管执法,信息约束,,,调度运行;辅助服务;现货市场,,,,,,新型电力系统,收益机制明确;市场风险暴露,辅助服务收益,政策状态风险;合规监管风险,关于征求《山东电力爬坡辅助服务市场交易规则(征求意见稿)》意见的通知 国家能源局派出机构 国家能源局山东监管办公室 山东 监管规则 辅助服务 交易规则; | 辅助服务 关于征求《山东电力爬坡辅助服务市场交易规则(征求意见稿)》意见的通知 2023-08-08 关于征求《山东电力爬坡辅助服务市场交易规则(征求意见稿)》意见的通知 关于征求《山东电力爬坡辅助服务市场交易规则(征求意见稿)》意见的通知_国家能源局山东监管办公室 设为首页 工作邮箱 机构概览 动态要闻 信息公开 在线办事 互动回应 专题专栏 关于征求《山 | 关于征求《山东电力爬坡辅助服务市场交易规则(征求意见稿)》意见的通知 简称“规则”)，现面向社会征求意见。,规则词典_v1,待人工复核,2026-05-05 01:24:21
AUTO-20260426-7DF0C00260,关于印发《山东省电力并网运行管理实施细则》、《山东省电力辅助服务管理实施细则》的通知,2023-07-24,,山东,监管规则,现行有效,机器抽取,命令控制;市场机制;财政金融;技术标准;信息披露;监管执法,准入条件;并网约束;履约约束;信息约束;消纳约束,补偿收益;试点示范,电网企业;发电企业;新能源企业;储能企业;电力用户;交易机构;虚拟电厂,发电;输配电;用电;调度运行;辅助服务;现货市场,偏差价格,辅助服务交易;需求响应;跨省跨区交易,辅助服务结算;分摊机制,运行考核;信息披露考核,,储能;虚拟电厂,收益机制明确;成本疏导;并网条件影响;市场风险暴露;项目准入影响,聚合交易;辅助服务收益,偏差风险;并网消纳风险;政策状态风险;合规监管风险,关于印发《山东省电力并网运行管理实施细则》、《山东省电力辅助服务管理实施细则》的通知 国家能源局派出机构 国家能源局山东监管办公室 山东 监管规则 辅助服务 辅助服务 关于印发《山东省电力并网运行管理实施细则》、《山东省电力辅助服务管理实施细则》的通知 2023-07-24 关于印发《山东省电力并网运行管理实施细则》、《山东省电力辅助服务管理实施细则》的通知 | 一、各有关单位要认真学习新版“两个细则”，加强培训宣贯，进一步提高认识，规范、有序开展电力并网运行和辅助服务管理，做好执行前准备工作。 | 山东电力调度控制中心要会同 一、各有关单位要认真学习新版“两个细则”，加强培训宣贯，进一步提高认识，规范、有序开展电力并网运行和辅助服务管理，做好执行前准备工作。,规则词典_v1,待人工复核,2026-05-05 01:24:21
AUTO-20260426-E982922381,关于修订《山东省电力中长期交易规则》的通知,2021-09-24,鲁监能市场规〔2021〕44号,山东,监管规则,现行有效,机器抽取,命令控制;市场机制;规划引导;财政金融;技术标准;信息披露;监管执法,准入条件;并网约束;履约约束;信息约束;消纳约束,补偿收益;价格激励;绿色激励;试点示范,电网企业;发电企业;新能源企业;储能企业;售电公司;电力用户;交易机构,发电;输配电;售电;用电;调度运行;辅助服务;现货市场;中长期市场,上网电价;输配电价;分时电价;市场形成价格;辅助服务价格;偏差价格,中长期交易;现货交易;辅助服务交易;跨省跨区交易,电费结算;偏差结算;辅助服务结算;分摊机制;周期结算,偏差考核;信用评价;信息披露考核,新能源消纳,储能;电网规划,收益机制明确;成本疏导;并网条件影响;市场风险暴露;项目准入影响,辅助服务收益,价格波动;偏差风险;并网消纳风险;合规监管风险,关于修订《山东省电力中长期交易规则》的通知 国家能源局派出机构 国家能源局山东监管办公室 山东 监管规则 中长期 交易规则; | 中长期 关于修订《山东省电力中长期交易规则》的通知 2021-09-24 关于修订《山东省电力中长期交易规则》的通知 关于修订《山东省电力中长期交易规则》的通知_国家能源局山东监管办公室 设为首页 工作邮箱 机构概览 动态要闻 信息公开 在线办事 互动回应 专题专栏 关于修订《山东省电力中长期交易规则》的通知 2021-09-24 16:33 来源：国家能源 | 附件： 202109241632578090.pdf 202109241632578090.pdf 国家能源局山东监管办公室 山东省发展和改革委员会 山东省能源局 2021年9月17日 扫一扫在手机打开当前页 地址: 济南市市中区七里山路55号 邮编:250002 京公网安备 11010202007691 网站标识码: bm62000012号 京ICP备11,规则词典_v1,待人工复核,2026-05-05 01:24:21
AUTO-20260426-2E651E50F1,关于公示新增电力中长期交易发电企业(机组)名单的通知 - 2021年3号,2021-09-22,,山东,监管规则,现行有效,机器抽取,命令控制;市场机制;信息披露;监管执法,准入条件;信息约束,,发电企业,发电;中长期市场,,中长期交易,,,,,项目准入影响,,合规监管风险,关于公示新增电力中长期交易发电企业(机组)名单的通知 - 2021年3号 国家能源局派出机构 国家能源局山东监管办公室 山东 监管规则 中长期 中长期 关于公示新增电力中长期交易发电企业(机组)名单的通知 - 2021年3号 2021-09-22 关于公示新增电力中长期交易发电企业(机组)名单的通知 - 2021年3号_国家能源局山东监管办公室 设为首页 工 | 现将符合市场准入基本条件的发电企业机组予以公示，公示时间为2021年9月17日至2020年9月24日(公示期5个工作日)。 | 山东能源监管办联系人：0531-67800757 山东能源监管办 2021年9月17日 扫一扫在手机打开当前页 地址: 济南市市中区七里山路55号 邮编:250002 京公网安备 11010202007691 网站标识码: bm62000012号 京ICP备11044902号,规则词典_v1,待人工复核,2026-05-05 01:24:21
AUTO-20260426-65D5E02295,山东能源监管办关于《山东电力辅助服务市场运营规则(试行)(2021年修订版)(征求意见稿)》公开征求意见的公告,2021-09-03,,山东,监管规则,征求意见,机器抽取,命令控制;信息披露;监管执法,信息约束;消纳约束,,新能源企业,发电;调度运行;辅助服务,,,,,,,收益机制明确;并网条件影响,辅助服务收益,并网消纳风险;政策状态风险;合规监管风险,山东能源监管办关于《山东电力辅助服务市场运营规则(试行)(2021年修订版)(征求意见稿)》公开征求意见的公告 国家能源局派出机构 国家能源局山东监管办公室 山东 监管规则 辅助服务 辅助服务 山东能源监管办关于《山东电力辅助服务市场运营规则(试行)(2021年修订版)(征求意见稿)》公开... 2021-09-03 山东能源监管办关于《山东电力辅助服务市场 | 现向社会公开征求意见，征求意见的时间为2021年9月3日至2021年10月7日，反馈意见请书面反馈我办(电子版请同时发至联系人邮箱)。 | 联系方式：0531-67800757(电话、传真) 山东电力辅助服务市场运营规则(试行)(2021年修订版)(征求意见稿) 联系邮箱：scjgc@cnea.gov.cn 附件： 山东电力辅助服务市场运营规则(试行)(2021年修订版)(征求意见稿) 国家能源局山东监管办公室 2021年9月3日 扫一扫在手机打开当前页 地址: 济南市市中区七里山路55号 邮编,规则词典_v1,待人工复核,2026-05-05 01:24:21
AUTO-20260426-132F8B7686,关于简化山东电力中长期交易合同电量偏差免考核工作流程的通知,2021-08-25,,山东,监管规则,现行有效,机器抽取,命令控制;市场机制;信息披露;监管执法,准入条件;履约约束;信息约束,,售电公司;交易机构,售电;用电;中长期市场,偏差价格,中长期交易,,,,,市场风险暴露;项目准入影响,,偏差风险;合规监管风险,"关于简化山东电力中长期交易合同电量偏差免考核工作流程的通知 国家能源局派出机构 国家能源局山东监管办公室 山东 监管规则 中长期 中长期 关于简化山东电力中长期交易合同电量偏差免考核工作流程的通知 2021-08-25 关于简化山东电力中长期交易合同电量偏差免考核工作流程的通知_国家能源局山东监管办公室 设为首页 工作邮箱 机构概览 动态要闻 信息公开 在线 | 每月抄表 日后 10日内,售电公司、批发用 一、申报方式。 | 每月抄表 日后 10日内,售电公司、批发用 户符合 《关于明确 山东电力直接交易合同电量偏差免考核工作的 通知》(鲁监能市场 〔⒛18〕4号)用电偏差免考范围的,可按鲁 监能市场 〔⒛18〕4号规定直接 向山东电力交易中心提 出当月中 长期交易合同电量偏差免考核 申请。",规则词典_v1,待人工复核,2026-05-05 01:24:21
AUTO-20260426-259ADC9C14,关于简化山东电力中长期交易合同电量偏差免考核工作流程的通知,2021-08-25,,山东,监管规则,现行有效,机器抽取,命令控制;市场机制;信息披露;监管执法,准入条件;履约约束;信息约束,,售电公司;交易机构,售电;用电;中长期市场,偏差价格,中长期交易,,,,,市场风险暴露;项目准入影响,,偏差风险;合规监管风险,"关于简化山东电力中长期交易合同电量偏差免考核工作流程的通知 国家能源局派出机构 国家能源局山东监管办公室 山东 监管规则 中长期 中长期 关于简化山东电力中长期交易合同电量偏差免考核工作流程的通知 2021-08-25 关于简化山东电力中长期交易合同电量偏差免考核工作流程的通知_国家能源局山东监管办公室 设为首页 工作邮箱 机构概览 动态要闻 信息公开 在线 | 每月抄表 日后 10日内,售电公司、批发用 一、申报方式。 | 每月抄表 日后 10日内,售电公司、批发用 户符合 《关于明确 山东电力直接交易合同电量偏差免考核工作的 通知》(鲁监能市场 〔⒛18〕4号)用电偏差免考范围的,可按鲁 监能市场 〔⒛18〕4号规定直接 向山东电力交易中心提 出当月中 长期交易合同电量偏差免考核 申请。",规则词典_v1,待人工复核,2026-05-05 01:24:21
AUTO-20260426-B234995E67,关于公示新增电力中长期交易发电企业(机组)名单的通知 - 2021年2号,2021-06-03,,山东,监管规则,现行有效,机器抽取,命令控制;市场机制;规划引导;信息披露;监管执法,准入条件;信息约束,试点示范,发电企业,发电;中长期市场,,中长期交易,,,,,项目准入影响,,合规监管风险,关于公示新增电力中长期交易发电企业(机组)名单的通知 - 2021年2号 国家能源局派出机构 国家能源局山东监管办公室 山东 监管规则 中长期 中长期 关于公示新增电力中长期交易发电企业(机组)名单的通知 - 2021年2号 2021-06-03 关于公示新增电力中长期交易发电企业(机组)名单的通知 - 2021年2号_国家能源局山东监管办公室 设为首页 工 | 现将符合市场准入基本条件的发电企业机组予以公示，公示时间为2021年6月2日至2020年6月9日(公示期5个工作日)。 | 山东能源监管办联系人：0531-67800757 山东能源监管办 2021年6月2日 扫一扫在手机打开当前页 地址: 济南市市中区七里山路55号 邮编:250002 京公网安备 11010202007691 网站标识码: bm62000012号 中区七里山路55号 邮编:250002 京公网安备 11010202007691 网站标识码: bm6200001,规则词典_v1,待人工复核,2026-05-05 01:24:21
AUTO-20260426-46DA048C90,关于公示新增电力中长期交易发电企业(机组)名单的通知 - 2021年1号,2021-05-20,,山东,监管规则,现行有效,机器抽取,命令控制;市场机制;规划引导;信息披露;监管执法,准入条件;信息约束,试点示范,发电企业,发电;中长期市场,,中长期交易,,,,,项目准入影响,,合规监管风险,关于公示新增电力中长期交易发电企业(机组)名单的通知 - 2021年1号 国家能源局派出机构 国家能源局山东监管办公室 山东 监管规则 中长期 中长期 关于公示新增电力中长期交易发电企业(机组)名单的通知 - 2021年1号 2021-05-20 关于公示新增电力中长期交易发电企业(机组)名单的通知 - 2021年1号_国家能源局山东监管办公室 设为首页 工 | 现将符合市场准入基本条件的发电企业机组予以公示，公示时间为2021年5月20日至2020年5月27日(公示期5个工作日)。 | 山东能源监管办联系人：0531-67800757 山东能源监管办 2021年5月20日 扫一扫在手机打开当前页 地址: 济南市市中区七里山路55号 邮编:250002 京公网安备 11010202007691 网站标识码: bm62000012号 中区七里山路55号 邮编:250002 京公网安备 11010202007691 网站标识码: bm620000,规则词典_v1,待人工复核,2026-05-05 01:24:21
AUTO-20260426-6EEB6D3357,关于印发《山东省电力中长期交易规则》的通知,2021-04-30,鲁监能市场规〔2021〕44号,山东,监管规则,现行有效,机器抽取,命令控制;市场机制;信息披露;监管执法,信息约束,,发电企业;售电公司;电力用户;交易机构,发电;售电;用电;中长期市场,,中长期交易,,,,,,,政策状态风险;合规监管风险,关于印发《山东省电力中长期交易规则》的通知 国家能源局派出机构 国家能源局山东监管办公室 山东 监管规则 中长期 交易规则; | 中长期 关于印发《山东省电力中长期交易规则》的通知 2021-04-30 关于印发《山东省电力中长期交易规则》的通知 关于印发《山东省电力中长期交易规则》的通知_国家能源局山东监管办公室 设为首页 工作邮箱 机构概览 动态要闻 信息公开 在线办事 互动回应 专题专栏 关于印发《山东省电力中长期交易规则》的通知 2021-04-30 17:03 来源：国家能源 | 现将修订后《山东省电力中长期交易规则》印发给你们，请遵照执行。,规则词典_v1,待人工复核,2026-05-05 01:24:21
AUTO-20260427-9D436454D6,国家能源局华东监管局关于印发《长三角跨省电力中长期市场实施细则》的通知,2026-04-17,,华东区域,监管规则,现行有效,机器抽取,命令控制;市场机制;财政金融;技术标准;信息披露;监管执法,准入条件;并网约束;履约约束;信息约束;消纳约束,补偿收益;价格激励;绿色激励;试点示范,电网企业;发电企业;新能源企业;储能企业;售电公司;电力用户;交易机构;虚拟电厂;微电网主体,发电;输配电;售电;用电;调度运行;辅助服务;现货市场;中长期市场;绿电绿证,上网电价;输配电价;分时电价;市场形成价格;偏差价格,中长期交易;现货交易;绿电交易;辅助服务交易;需求响应;跨省跨区交易,电费结算;偏差结算;分摊机制;周期结算,运行考核;偏差考核;信息披露考核,能源安全,源网荷储;微电网;储能;分布式光伏;虚拟电厂,收益机制明确;成本疏导;并网条件影响;市场风险暴露;项目准入影响,自发自用余电上网;聚合交易;绿电消费;辅助服务收益;园区微电网,价格波动;偏差风险;并网消纳风险;政策状态风险;合规监管风险,国家能源局华东监管局关于印发《长三角跨省电力中长期市场实施细则》的通知 国家能源局派出机构 国家能源局华东监管局 华东区域 监管规则 中长期 中长期 国家能源局华东监管局关于印发《长三角跨省电力中长期市场实... 2026-04-17； | OCR文本待人工复核 电力中长期市场实施细则》的通知 --- 第 1 页 OCR --- 国家能源局华东监管局文件 华东监能市场[2026］34号 国家能源局华东监管局关于印发《长三角跨省 电力中长期市场实施细则》的通知 各有关电网企业、电力调度机构、电力交易机构、相关经营主体： 为贯彻落实加快建设全国统一电力市场要求，进一步深化 华东区域跨省电力中长期市场 | 局华茶 国家能源局华东蓝管局 --- 第 3 页 OCR --- 第一条为贯彻落实长三角一体化发展国家战略和全国统 长三角跨省电力中长期市场实施细则 第一章总则 第一条为贯彻落实长三角一体化发展国家战略和全国统 一电力市场建设要求，规范长三角电力市场跨省中长期交易，依 法维护经营主体的合法权益，推进统一开放、竞争有序的电力市 家能源局关于印发<电力中长期市场,规则词典_v1,待人工复核,2026-05-05 01:24:21
AUTO-20260427-0A34FA35E6,关于印发《安徽电力中长期市场实施细则》的通知,2026-03-31,,华东区域,监管规则,现行有效,机器抽取,命令控制;市场机制;规划引导;财政金融;技术标准;信息披露;监管执法,准入条件;并网约束;履约约束;信息约束;消纳约束,补偿收益;价格激励;绿色激励;试点示范,电网企业;发电企业;新能源企业;储能企业;售电公司;电力用户;交易机构;虚拟电厂,发电;输配电;售电;用电;调度运行;辅助服务;现货市场;中长期市场;绿电绿证,输配电价;分时电价;市场形成价格;偏差价格,中长期交易;现货交易;绿电交易;辅助服务交易;需求响应;跨省跨区交易,电费结算;偏差结算;分摊机制;周期结算,偏差考核;信息披露考核,新能源消纳,储能;电网规划;虚拟电厂,收益机制明确;成本疏导;并网条件影响;市场风险暴露;项目准入影响,聚合交易;绿电消费;辅助服务收益,价格波动;偏差风险;并网消纳风险;政策状态风险;合规监管风险,关于印发《安徽电力中长期市场实施细则》的通知 国家能源局派出机构 国家能源局华东监管局 华东区域 监管规则 中长期 中长期 关于印发《安徽电力中长期市场实施细则》的通知 2026-03-31； | OCR文本待人工复核 --- 第 1 页 OCR --- 国家能源局华东监管局 安徽省发展和改革委员会文件 安徽省能源局 华东监能市场〔2026］25号 国家能源局华东监管局安徽省发展和改革委员会 安徽省能源局关于印发《安徽电力中长期 市场实施细则》的通知 市场实施细则》的通知 国网安徽省电力有限公司，安徽电力交易中心有限公司，各有关经 营主体： 为贯彻落实 | 安徽电力交易中心在实施阶段统筹做好《安徽电力中长期市 场实施细则》与《安徽电力中长期交易实施方案（2026年版）》 场实施细则》与《安徽电力中长期交易实施方案（2026年版）》 的衔接。,规则词典_v1,待人工复核,2026-05-05 01:24:21
AUTO-20260427-6A8B006887,关于印发《上海电力中长期市场实施细则》的通知,2026-03-31,,华东区域,监管规则,现行有效,机器抽取,命令控制;市场机制;规划引导;财政金融;技术标准;信息披露;监管执法,准入条件;并网约束;履约约束;信息约束;消纳约束,补偿收益;价格激励;绿色激励;试点示范,电网企业;发电企业;新能源企业;储能企业;售电公司;电力用户;交易机构;虚拟电厂;微电网主体,发电;输配电;售电;用电;调度运行;辅助服务;现货市场;中长期市场;绿电绿证,输配电价;分时电价;市场形成价格;偏差价格,中长期交易;现货交易;绿电交易;辅助服务交易;需求响应;跨省跨区交易,电费结算;偏差结算;分摊机制;周期结算,偏差考核;信息披露考核,新能源消纳;能源安全,微电网;储能;电网规划;虚拟电厂,收益机制明确;成本疏导;并网条件影响;市场风险暴露;项目准入影响,自发自用余电上网;聚合交易;绿电消费;辅助服务收益;园区微电网,价格波动;偏差风险;并网消纳风险;政策状态风险;合规监管风险,关于印发《上海电力中长期市场实施细则》的通知 国家能源局派出机构 国家能源局华东监管局 华东区域 监管规则 中长期 中长期 关于印发《上海电力中长期市场实施细则》的通知 2026-03-31； | OCR文本待人工复核 --- 第 1 页 OCR --- 国家能源局华东监管局 上海市发展和改革委员会文件 上海市经济和信息化委员会 华东监能市场［2026］24号 国家能源局华东监管局上海市发展和改革委员会 上海市经济和信息化委员会关于印发《上海电力 中长期市场实施细则》的通知 中长期市场实施细则》的通知 国网上海市电力公司，上海电力交易中心有限公司，各有 | 上海电力交易中心在实施阶段统筹做好《上海电力中长期市 《上海市绿色电力交易实施方案（2026年版）》的衔接。,规则词典_v1,待人工复核,2026-05-05 01:24:21
AUTO-20260427-20313BD46F,华北能源监管局关于征求“蒙西电力调频辅助服务交易实施细则”意见的函,2026-03-06,,华北区域,监管规则,现行有效,机器抽取,命令控制;市场机制;财政金融;技术标准;信息披露;监管执法,准入条件;并网约束;履约约束;信息约束,补偿收益;价格激励;试点示范,电网企业;发电企业;新能源企业;储能企业;电力用户;交易机构;虚拟电厂;微电网主体,发电;输配电;售电;用电;调度运行;辅助服务;现货市场,输配电价;市场形成价格;容量价格;辅助服务价格;偏差价格,辅助服务交易;需求响应,电费结算;辅助服务结算;分摊机制;周期结算,运行考核;监管处罚,,新型电力系统;源网荷储;储能;虚拟电厂,收益机制明确;成本疏导;并网条件影响;市场风险暴露;项目准入影响,聚合交易;辅助服务收益;园区微电网,价格波动;偏差风险;并网消纳风险;合规监管风险,华北能源监管局关于征求“蒙西电力调频辅助服务交易实施细则”意见的函 国家能源局派出机构 国家能源局华北监管局 华北区域 监管规则 辅助服务 辅助服务 华北能源监管局关于征求“蒙西电力调频辅助服务交易实施细则”意见的函 2026-03-06 华北能源监管局关于征求“蒙西电力调频辅助服务交易实施细则”意见的函 华北能源监管局关于征求“蒙西电力调频辅助服务交易实施 | 联系人：吕梁俊超 010 88072971 lvljc@nea.gov.cn 附件： 蒙西电力市场调频辅助服务交易实施细则.pdf 蒙西电力调频辅助服务交易实施细则 国家能源局华北监管局 2026 蒙西电力市场调频辅助服务交易实施细则.pdf 扫一扫在手机打开当前页 通信地址：北京市西城区月坛街道复兴门外大街地藏庵南巷1号（电研大厦C座7层、8层） 邮政编码 | — 1 — 第一章 总则 第一条 为加快构建新型电力系统，深化电力体制改革，充分 发挥市场在调频资源配臵中的决定性作用， 进一步规范内蒙古电网 调频辅助服务管理，保障内蒙古电网安全稳定运行，制定本细则。,规则词典_v1,待人工复核,2026-05-05 01:24:21
AUTO-20260427-9F7307C867,国家能源局西北监管局 陕西省发展和改革委员会关于印发《陕西省电力中长期市场实施细则》的通知,2026-02-28,,西北区域,监管规则,现行有效,机器抽取,命令控制;市场机制;财政金融;技术标准;信息披露;监管执法,准入条件;并网约束;履约约束;信息约束;消纳约束,价格激励;绿色激励;试点示范,电网企业;发电企业;新能源企业;储能企业;售电公司;电力用户;交易机构;虚拟电厂,发电;输配电;售电;用电;调度运行;辅助服务;现货市场;中长期市场;绿电绿证,输配电价;分时电价;市场形成价格;偏差价格,中长期交易;现货交易;绿电交易;需求响应;跨省跨区交易,电费结算;偏差结算;分摊机制,偏差考核;信息披露考核,新能源消纳;能源安全,储能;电网规划;分布式光伏;虚拟电厂,收益机制明确;成本疏导;并网条件影响;市场风险暴露;项目准入影响,自发自用余电上网;聚合交易;绿电消费;辅助服务收益,价格波动;偏差风险;并网消纳风险;合规监管风险,"国家能源局西北监管局 陕西省发展和改革委员会关于印发《陕西省电力中长期市场实施细则》的通知 国家能源局派出机构 国家能源局西北监管局 西北区域 监管规则 中长期 中长期 国家能源局西北监管局 陕西省发展和改革委员会关于印发《陕西省电力中长期市场实施... 2026-02-28； | OCR文本待人工复核 国家能源局西北监管局 陕西省发展和改革委员会关于印发《陕西省电力中长期市场实施细则》的通知 设为首页 工作邮箱 机构概览 动态要闻 信息公开 在线办事 互动回应 专题专栏 2026-02-28 19:15 来源：监管二处 字体： 国家能源局西北监管局 陕西省发展和改革委员会关于印发《陕西省电力中长期市场实施细则》的通知.pdf 扫一扫在 | 《电力市场运行基本规则》《电力中长期市场基本规则》等文件 要求,国家能源局西北监管局、陕西省发展和改革委员会制定了 《陕西省电力中长期交易实施细则》,现印发你们,请遵照执行。",规则词典_v1,待人工复核,2026-05-05 01:24:21
AUTO-20260427-8BA55D72F9,国家能源局西北监管局关于征求《西北区域省间电力中长期市场实施细则（2026年修订版）（征求意见稿）》意见建议的通知,2026-02-14,,西北区域,监管规则,现行有效,机器抽取,命令控制;市场机制;规划引导;财政金融;技术标准;信息披露;监管执法,准入条件;并网约束;履约约束;信息约束;消纳约束,补偿收益;价格激励;绿色激励;试点示范,电网企业;发电企业;新能源企业;储能企业;售电公司;电力用户;交易机构;虚拟电厂,发电;输配电;售电;用电;调度运行;辅助服务;现货市场;中长期市场;绿电绿证,上网电价;输配电价;分时电价;市场形成价格;偏差价格,中长期交易;现货交易;绿电交易;辅助服务交易;需求响应;跨省跨区交易,电费结算;分摊机制;周期结算,运行考核;信息披露考核,新能源消纳;能源安全,储能;虚拟电厂,收益机制明确;成本疏导;并网条件影响;市场风险暴露;项目准入影响,聚合交易;绿电消费;辅助服务收益,价格波动;偏差风险;并网消纳风险;政策状态风险;合规监管风险,国家能源局西北监管局关于征求《西北区域省间电力中长期市场实施细则（2026年修订版）（征求意见稿）》意见建议的通知 国家能源局派出机构 国家能源局西北监管局 西北区域 监管规则 中长期; | 省间 国家能源局西北监管局关于征求《西北区域省间电力中长期市场实施细则（2026年修订... 2026-02-14 国家能源局西北监管局关于征求《西北区域省间电力中长期市场实施细则（2026年修订版）（征求意见稿）》意见建议的通知 设为首页 工作邮箱 机构概览 动态要闻 信息公开 在线办事 互动回应 专题专栏 2026-02-14 16:26 来源：监管二处 | 现将修订完善后的《西北区域省间电力中长期市场实施细则（2026年修订版）（征求意见稿）》面向社会公开征求意见。,规则词典_v1,待人工复核,2026-05-05 01:24:21
AUTO-20260427-1C4703E1E9,国家能源局西北监管局关于征求陕西、宁夏、青海电力中长期市场实施细则（征求意见稿）意见建议的通知,2026-01-26,,西北区域,监管规则,征求意见,机器抽取,命令控制;市场机制;财政金融;技术标准;信息披露;监管执法,准入条件;并网约束;履约约束;信息约束;消纳约束,价格激励;绿色激励;试点示范,电网企业;发电企业;新能源企业;储能企业;售电公司;电力用户;交易机构;虚拟电厂,发电;输配电;售电;用电;调度运行;辅助服务;现货市场;中长期市场;绿电绿证,输配电价;分时电价;市场形成价格;偏差价格,中长期交易;现货交易;绿电交易;需求响应;跨省跨区交易,电费结算;偏差结算;分摊机制,偏差考核;信息披露考核,新能源消纳;能源安全,储能;电网规划;分布式光伏;虚拟电厂,收益机制明确;成本疏导;并网条件影响;市场风险暴露;项目准入影响,自发自用余电上网;聚合交易;绿电消费;辅助服务收益,价格波动;偏差风险;并网消纳风险;政策状态风险;合规监管风险,国家能源局西北监管局关于征求陕西、宁夏、青海电力中长期市场实施细则（征求意见稿）意见建议的通知 国家能源局派出机构 国家能源局西北监管局 西北区域 监管规则 中长期 中长期 国家能源局西北监管局关于征求陕西、宁夏、青海电力中长期市场实施细则（征求意见... 2026-01-26 国家能源局西北监管局关于征求陕西、宁夏、青海电力中长期市场实施细则（征求意见稿） | 现将修订完善后的陕西、宁夏、青海电力中长期市场实施细则（征求意见稿）面向社会公开征求意见。 | 附件1：陕西省电力中长期市场实施细则（征求意见稿）.pdf 此次征求意见的时间为2026年1月26日至2026年2月25日。,规则词典_v1,待人工复核,2026-05-05 01:24:21
AUTO-20260427-51AC1D580A,国家能源局西北监管局关于公开征求《西北区域省间电力互济交易运营规则（试行）（征求意见稿）》意见建议的通知,2026-01-23,,西北区域,监管规则,征求意见,机器抽取,命令控制;市场机制;财政金融;技术标准;信息披露;监管执法,准入条件;并网约束;履约约束;信息约束;消纳约束,补偿收益;价格激励;试点示范,电网企业;发电企业;新能源企业;储能企业;售电公司;电力用户;交易机构;虚拟电厂,发电;输配电;售电;用电;调度运行;辅助服务;现货市场;中长期市场,输配电价;市场形成价格;偏差价格,中长期交易;现货交易;辅助服务交易;跨省跨区交易,电费结算;分摊机制;周期结算,信息披露考核,新能源消纳,储能;虚拟电厂,收益机制明确;成本疏导;并网条件影响;市场风险暴露;项目准入影响,聚合交易;辅助服务收益,价格波动;偏差风险;并网消纳风险;政策状态风险;合规监管风险,国家能源局西北监管局关于公开征求《西北区域省间电力互济交易运营规则（试行）（征求意见稿）》意见建议的通知 国家能源局派出机构 国家能源局西北监管局 西北区域 监管规则 省间交易 省间 国家能源局西北监管局关于公开征求《西北区域省间电力互济交易运营规则（试行）（... 2026-01-23 国家能源局西北监管局关于公开征求《西北区域省间电力互济交易运营规则（试 | 现对修改完善后的《西北区域省间电力互济交易规则（试行）（征求意见稿）》面向社会公开征求意见。 | 此次征求意见的时间为2026年1月23日至2026年2月22日。,规则词典_v1,待人工复核,2026-05-05 01:24:21
AUTO-20260427-B95E146723,华北能源监管局关于征求京津唐电力调峰辅助服务市场运营规则 （征求意见稿）意见的通告,2025-11-17,,华北区域,监管规则,征求意见,机器抽取,命令控制;市场机制;财政金融;技术标准;信息披露;监管执法,准入条件;并网约束;履约约束;信息约束;消纳约束,补偿收益;价格激励;试点示范,电网企业;发电企业;新能源企业;储能企业;电力用户;交易机构;虚拟电厂,发电;输配电;用电;调度运行;辅助服务;现货市场;中长期市场,市场形成价格;辅助服务价格;偏差价格,中长期交易;辅助服务交易;需求响应;跨省跨区交易,电费结算;偏差结算;辅助服务结算;分摊机制,运行考核;偏差考核;信息披露考核,新能源消纳,储能;虚拟电厂,收益机制明确;成本疏导;并网条件影响;市场风险暴露;项目准入影响,聚合交易;辅助服务收益,价格波动;偏差风险;并网消纳风险;政策状态风险;合规监管风险,华北能源监管局关于征求京津唐电力调峰辅助服务市场运营规则 （征求意见稿）意见的通告 国家能源局派出机构 国家能源局华北监管局 华北区域 监管规则 辅助服务 辅助服务 华北能源监管局关于征求京津唐电力调峰辅助服务市场运营规则 （征求意见稿）意见的... 2025-11-17 华北能源监管局关于征求京津唐电力调峰辅助服务市场运营规则 （征求意见稿）意见的通告 设 | 现公开征求意见，请认真研究，并于12月17日前通过电子邮件将意见反馈至华北能源监管局。 | 联系方式：010-88072972 schbj@nea.gov.cn 附件：京津唐电力调峰辅助服务市场运营规则（征求意见稿）final.pdf 附件：京津唐电力调峰辅助服务市场运营规则（征求意见稿）final.pdf 国家能源局华北监管局 2025年11月17日 扫一扫在手机打开当前页 通信地址：北京市西城区月坛街道复兴门外大街地藏庵南巷1号（电研大厦C座7,规则词典_v1,待人工复核,2026-05-05 01:24:21
AUTO-20260427-1806176B6C,国家能源局西北监管局关于印发《西北区域跨省电力中长期交易实施细则——新型储能交易专章》的通知,2025-10-30,西北监能市场〔2025〕77号,西北区域,监管规则,现行有效,机器抽取,命令控制;市场机制;技术标准;信息披露;监管执法,准入条件;并网约束;履约约束;信息约束;消纳约束,价格激励;试点示范,电网企业;发电企业;储能企业;交易机构,发电;输配电;调度运行;中长期市场,市场形成价格,中长期交易;跨省跨区交易,,,新能源消纳,新型电力系统;储能,收益机制明确;并网条件影响;市场风险暴露;项目准入影响,,并网消纳风险;政策状态风险;合规监管风险,国家能源局西北监管局关于印发《西北区域跨省电力中长期交易实施细则——新型储能交易专章》的通知 国家能源局派出机构 国家能源局西北监管局 西北区域 监管规则 中长期; | 储能 中长期 国家能源局西北监管局关于印发《西北区域跨省电力中长期交易实施细则——新型储能... 2025-10-30； | OCR文本待人工复核 国家能源局西北监管局关于印发《西北区域跨省电力中长期交易实施细则——新型储能交易专章》的通知 设为首页 工作邮箱 机构概览 动态要闻 信息公开 在线办事 互动回应 专题专栏 2025-10-30 17:45 来源：市场处 字体： 西北监能市场〔2025〕77号 -国家能源局西北监管局关于印发《西北区域跨省电力中长期交易实施细则——新型储,规则词典_v1,待人工复核,2026-05-05 01:24:21
AUTO-20260427-4BE00C1720,国家能源局西北监管局 青海省能源局关于印发《青海省电力中长期交易规则补充规定》的通知,2025-09-25,,西北区域,监管规则,现行有效,机器抽取,命令控制;市场机制;信息披露;监管执法,准入条件;履约约束;信息约束;消纳约束,试点示范,电网企业;发电企业;储能企业;售电公司;交易机构,发电;输配电;售电;用电;调度运行;现货市场;中长期市场,市场形成价格;偏差价格,中长期交易;现货交易;跨省跨区交易,电费结算;偏差结算,偏差考核,,储能,成本疏导;并网条件影响;市场风险暴露;项目准入影响,,偏差风险;并网消纳风险;合规监管风险,国家能源局西北监管局 青海省能源局关于印发《青海省电力中长期交易规则补充规定》的通知 国家能源局派出机构 国家能源局西北监管局 西北区域 监管规则 中长期 交易规则; | 中长期 国家能源局西北监管局 青海省能源局关于印发《青海省电力中长期交易规则补充规定》... 2025-09-25； | OCR文本待人工复核 国家能源局西北监管局 青海省能源局关于印发《青海省电力中长期交易规则补充规定》的通知 设为首页 工作邮箱 机构概览 动态要闻 信息公开 在线办事 互动回应 专题专栏 2025-09-25 17:42 来源：市场处 字体： 国家能源局西北监管局 青海省能源局关于印发《青海省电力中长期交易规则补充规定》的通知.pdf 扫一扫在手机打开当前页,规则词典_v1,待人工复核,2026-05-05 01:24:21
AUTO-20260427-5EF9021CE0,国家能源局西北监管局关于征求《西北区域跨省电力中长期交易实施细则——新型储能交易专章（征求意见稿）》意见建议的通知,2025-08-25,,西北区域,监管规则,现行有效,机器抽取,命令控制;市场机制;财政金融;技术标准;信息披露;监管执法,准入条件;并网约束;履约约束;信息约束;消纳约束,价格激励;试点示范,电网企业;发电企业;储能企业;交易机构,发电;输配电;调度运行;中长期市场,输配电价;市场形成价格,中长期交易;跨省跨区交易,分摊机制,,,新型电力系统;储能,收益机制明确;成本疏导;并网条件影响;市场风险暴露;项目准入影响,,并网消纳风险;政策状态风险;合规监管风险,国家能源局西北监管局关于征求《西北区域跨省电力中长期交易实施细则——新型储能交易专章（征求意见稿）》意见建议的通知 国家能源局派出机构 国家能源局西北监管局 西北区域 监管规则 中长期; | 储能 中长期 国家能源局西北监管局关于征求《西北区域跨省电力中长期交易实施细则——新型储能... 2025-08-25 国家能源局西北监管局关于征求《西北区域跨省电力中长期交易实施细则——新型储能交易专章（征求意见稿）》意见建议的通知 设为首页 工作邮箱 机构概览 动态要闻 信息公开 在线办事 互动回应 专题专栏 2025-08-25 16:31 来源：市场 | 现对修改完善后的《西北区域跨省电力中长期交易实施细则——新型储能交易专章（征求意见稿）》面向社会公开征求意见。,规则词典_v1,待人工复核,2026-05-05 01:24:21
AUTO-20260427-6B0EF18171,国家能源局西北监管局关于征求《青海省电力中长期交易规则补充规定（征求意见稿）》意见建议的通知,2025-08-13,,西北区域,监管规则,征求意见,机器抽取,命令控制;市场机制;信息披露;监管执法,准入条件;履约约束;信息约束,试点示范,电网企业;发电企业;售电公司;交易机构,发电;输配电;售电;用电;调度运行;现货市场;中长期市场,市场形成价格;偏差价格,中长期交易;现货交易;跨省跨区交易,电费结算;偏差结算,偏差考核,,,成本疏导;市场风险暴露;项目准入影响,,偏差风险;政策状态风险;合规监管风险,国家能源局西北监管局关于征求《青海省电力中长期交易规则补充规定（征求意见稿）》意见建议的通知 国家能源局派出机构 国家能源局西北监管局 西北区域 监管规则 中长期 交易规则; | 中长期 国家能源局西北监管局关于征求《青海省电力中长期交易规则补充规定（征求意见稿）... 2025-08-13 国家能源局西北监管局关于征求《青海省电力中长期交易规则补充规定（征求意见稿）》意见建议的通知 设为首页 工作邮箱 机构概览 动态要闻 信息公开 在线办事 互动回应 专题专栏 2025-08-13 17:26 来源：市场处 字体： 为深入贯彻落实党 | 现对修改完善后的《青海省电力中长期交易规则补充规定（征求意见稿）》面向社会公开征求意见。,规则词典_v1,待人工复核,2026-05-05 01:24:21
AUTO-20260427-2E09D15F4D,国家能源局西北监管局关于明确电力辅助服务市场价格机制等相关事项的通知,2025-07-01,,西北区域,监管规则,现行有效,机器抽取,命令控制;市场机制;财政金融;信息披露;监管执法,准入条件;并网约束;信息约束;消纳约束,补偿收益;价格激励,发电企业;储能企业;售电公司;电力用户;交易机构;虚拟电厂,发电;输配电;售电;用电;调度运行;辅助服务;现货市场,上网电价;辅助服务价格,辅助服务交易,,信息披露考核,,储能;虚拟电厂,收益机制明确;市场风险暴露;项目准入影响,聚合交易;辅助服务收益,合规监管风险,国家能源局西北监管局关于明确电力辅助服务市场价格机制等相关事项的通知 国家能源局派出机构 国家能源局西北监管局 西北区域 监管规则 辅助服务 辅助服务 国家能源局西北监管局关于明确电力辅助服务市场价格机制等相关事项的通知 2025-07-01； | OCR文本待人工复核 国家能源局西北监管局关于明确电力辅助服务市场价格机制等相关事项的通知 设为首页 工作邮箱 机构概览 动态要闻 信息公开 在线办事 互动回应 专题专栏 2025-07-01 17:38 来源：市场处 字体： 国家能源局西北监管局关于明确电力辅助服务市场价格机制等相关事项的通知.pdf 扫一扫在手机打开当前页 地址：陕西省西安市雁塔区南二环 | --- 第 2 页 OCR --- 一、调整调峰辅助服务市场价格上限 一、调整调峰辅助服务市场价格上限 按不高于当地平价新能源项目的上网电价原则调整调峰 辅助服务市场价格上限。,规则词典_v1,待人工复核,2026-05-05 01:24:21
AUTO-20260427-CC8285BA8B,华中能源监管局关于征求《湖北、江西、重庆电力调频辅助服务市场运行规则（征求意见稿）》意见的通知,2024-11-20,,华中区域,监管规则,现行有效,机器抽取,命令控制;市场机制;财政金融;技术标准;信息披露;监管执法,准入条件;并网约束;履约约束;信息约束,补偿收益;价格激励;绿色激励;试点示范,电网企业;发电企业;新能源企业;储能企业;售电公司;电力用户;交易机构;虚拟电厂,发电;输配电;售电;用电;调度运行;辅助服务;现货市场,市场形成价格;容量价格;辅助服务价格;偏差价格,辅助服务交易;容量交易;需求响应,电费结算;辅助服务结算;分摊机制;周期结算,运行考核;信息披露考核,绿色低碳,新型电力系统;储能;虚拟电厂,收益机制明确;成本疏导;并网条件影响;市场风险暴露;项目准入影响,聚合交易;辅助服务收益,价格波动;偏差风险;并网消纳风险;政策状态风险;合规监管风险,华中能源监管局关于征求《湖北、江西、重庆电力调频辅助服务市场运行规则（征求意见稿）》意见的通知 国家能源局派出机构 国家能源局华中监管局 华中区域 监管规则 辅助服务 辅助服务 华中能源监管局关于征求《湖北、江西、重庆电力调频辅助服务市场运行规则（征求意... 2024-11-20 华中能源监管局关于征求《湖北、江西、重庆电力调频辅助服务市场运行规则（征求意 | 欢迎有关单位和社会各界人士提出宝贵意见，于 日前发送至 schzj@nea.gov.cn 感谢您的参与和支持！ 027-88717613 027-88717610 湖北、江西、重庆电力调频辅助服务市场运行规则（征求意见稿）.pdf 湖北、江西、重庆电力调频辅助服务市场运行规则（征求意见稿）.pdf 编制说明.pdf 国家能源局华中监管局 扫一扫在手机打开当前 | 第二条 本规则依据《中共中央 国务院关于进一步深化 电力体制改革的若干意见》（中发〔2015〕9 号）及其相关配 套文件、《国家能源局关于印发<电力并网运行管理规定>的 通知》（国能发监管规〔2021〕60 号）、《国家能源局关于印 发<电力辅助服务管理办法>的通知》（国能发监管规〔2021〕 发<电力辅助服务管理办法>的通知》（国能发监管规〔2021〕 6,规则词典_v1,待人工复核,2026-05-05 01:24:21
AUTO-20260427-D5C34F91B8,市工业和信息化局关于做好天津市2025年电力市场化交易工作的通知_委局文件_政务公开,2024-11-15,津工信电力〔2024〕21号,天津,官方政策,现行有效,机器抽取,命令控制;市场机制;信息披露,准入条件;并网约束;履约约束;信息约束,价格激励;绿色激励,电网企业;发电企业;储能企业;售电公司;交易机构,发电;输配电;售电;调度运行;中长期市场;绿电绿证,上网电价;偏差价格,中长期交易;绿电交易,,,,储能,市场风险暴露;项目准入影响,绿电消费,偏差风险,市工业和信息化局关于做好天津市2025年电力市场化交易工作的通知_委局文件_政务公开 天津市工业和信息化局 天津市工业和信息化局 天津 官方政策 电力市场 电力市场 市工业和信息化局关于做好天津市2025年电力市场化交易工作的通知2024-11-15 市工业和信息化局关于做好天津市2025年电力市场化交易工作的通知_委局文件_政务公开 天津政务网 2019年 | 科技工业信息化\信息化 成 文 日 期 ： 发 文 日 期 ： 有 效 性 ： 市工业和信息化局关于做好天津市 202 电力市场化交易工作的通知 北京电力交易中心有限公司、国家电网华北分部、国网天津市电力公司、天津电力交易中心有限公司，各有关市场主体： 为深入贯彻《中共中央国务院关于进一步深化电力体制改革的若干意见》（中发〔 2015 号）及其配套文件、《电 | 三、为保证交易结果有效执行，相关电力交易中心应及时将交易结果纳入发电企业月度发电计划，做好月度发电计划编制与发布。,规则词典_v1,待人工复核,2026-05-05 01:24:21
AUTO-20260427-9549320EF2,华中能源监管局关于《重庆市电力中长期交易规则（修订稿）》公开征求意见的通知,2024-11-01,,华中区域,监管规则,征求意见,机器抽取,命令控制;市场机制;规划引导;财政金融;技术标准;信息披露;监管执法,准入条件;并网约束;履约约束;信息约束;消纳约束,补偿收益;价格激励;绿色激励;试点示范,电网企业;发电企业;新能源企业;储能企业;售电公司;电力用户;交易机构;微电网主体,发电;输配电;售电;用电;调度运行;辅助服务;现货市场;中长期市场;绿电绿证,上网电价;输配电价;分时电价;市场形成价格;容量价格;辅助服务价格;偏差价格,中长期交易;现货交易;绿电交易;辅助服务交易;容量交易;跨省跨区交易,电费结算;偏差结算;辅助服务结算;分摊机制,偏差考核;信息披露考核,新能源消纳,储能;电网规划,收益机制明确;成本疏导;并网条件影响;市场风险暴露;项目准入影响,绿电消费;辅助服务收益;园区微电网,价格波动;偏差风险;并网消纳风险;政策状态风险;合规监管风险,华中能源监管局关于《重庆市电力中长期交易规则（修订稿）》公开征求意见的通知 国家能源局派出机构 国家能源局华中监管局 华中区域 监管规则 中长期 交易规则; | 中长期 华中能源监管局关于《重庆市电力中长期交易规则（修订稿）》公开征求意见的通知 2024-11-01 华中能源监管局关于《重庆市电力中长期交易规则（修订稿）》公开征求意见的通知 设为首页 工作邮箱 机构概览 动态要闻 信息公开 在线办事 互动回应 专题专栏 2024-11-01 17:06 来源：国家能源局华中监管局 字体： 号）、《电力中长期交易基本规 | 现向社会公开征求意见，欢迎有关单位和社会各界人士提出宝贵意见，于 2024 日前发送至 schzj@nea.gov.cn 联系电话： 027-88717615 《重庆市电力中长期交易规则（修订稿）》.pdf 《重庆市电力中长期交易规则（修订稿）》.pdf 国家能源局华中监管局 扫一扫在手机打开当前页 网站标识码：bm62000009号 京ICP备110449,规则词典_v1,待人工复核,2026-05-05 01:24:21
AUTO-20260427-28574D8021,国家能源局华中监管局关于公开征求《川渝一体化电力调峰辅助服务市场交易规则（征求意见稿）》意见的通知,2024-04-30,,华中区域,监管规则,征求意见,机器抽取,命令控制;市场机制;规划引导;财政金融;技术标准;信息披露;监管执法,准入条件;并网约束;履约约束;信息约束;消纳约束,补偿收益;价格激励;试点示范,电网企业;发电企业;新能源企业;储能企业;电力用户;交易机构;虚拟电厂,发电;输配电;用电;调度运行;辅助服务;现货市场;中长期市场,上网电价;市场形成价格;偏差价格,中长期交易;现货交易;辅助服务交易;需求响应;跨省跨区交易,电费结算;偏差结算;辅助服务结算;分摊机制;周期结算,偏差考核;信息披露考核,,源网荷储;储能;虚拟电厂,收益机制明确;成本疏导;并网条件影响;市场风险暴露;项目准入影响,聚合交易;辅助服务收益,价格波动;偏差风险;并网消纳风险;政策状态风险;合规监管风险,国家能源局华中监管局关于公开征求《川渝一体化电力调峰辅助服务市场交易规则（征求意见稿）》意见的通知 国家能源局派出机构 国家能源局华中监管局 华中区域 监管规则 辅助服务 交易规则; | 辅助服务 国家能源局华中监管局关于公开征求《川渝一体化电力调峰辅助服务市场交易规则（征... 2024-04-30 国家能源局华中监管局关于公开征求《川渝一体化电力调峰辅助服务市场交易规则（征求意见稿）》意见的通知 设为首页 工作邮箱 机构概览 动态要闻 信息公开 在线办事 互动回应 专题专栏 2024-04-30 15:06 来源：国家能源局华中监管局 字 | 如有反馈意见，请将有关意见以电子邮件形式发至 schzj@nea.gov.cn 感谢您的 参与和支持！ 附件1 川渝一体化电力调峰辅助服务市场交易规则（征求意见稿）.pdf 附件1 川渝一体化电力调峰辅助服务市场交易规则（征求意见稿）.pdf 附件2 《川渝一体化电力调峰辅助服务市场交易规则（征求意见稿）》编制说明.pdf 扫一扫在手机打开当前页 网站标识码,规则词典_v1,待人工复核,2026-05-05 01:24:21
AUTO-20260427-F77C27F149,国家能源局华中监管局关于公开征求《华中区域省间电力中长期交易规则（征求意见稿）》意见的通知,2024-04-30,,华中区域,监管规则,征求意见,机器抽取,命令控制;市场机制;规划引导;财政金融;技术标准;信息披露;监管执法,准入条件;并网约束;履约约束;信息约束;消纳约束,补偿收益;价格激励;绿色激励;试点示范,电网企业;发电企业;新能源企业;储能企业;售电公司;电力用户;交易机构;虚拟电厂,发电;输配电;售电;用电;调度运行;辅助服务;现货市场;中长期市场;绿电绿证,上网电价;输配电价;分时电价;市场形成价格;容量价格;偏差价格,中长期交易;现货交易;绿电交易;辅助服务交易;需求响应;跨省跨区交易,电费结算;偏差结算;分摊机制,偏差考核;信息披露考核;监管处罚,新能源消纳,储能;电网规划;虚拟电厂,收益机制明确;成本疏导;并网条件影响;市场风险暴露;项目准入影响,聚合交易;绿电消费;辅助服务收益,价格波动;偏差风险;并网消纳风险;政策状态风险;合规监管风险,国家能源局华中监管局关于公开征求《华中区域省间电力中长期交易规则（征求意见稿）》意见的通知 国家能源局派出机构 国家能源局华中监管局 华中区域 监管规则 中长期; | 省间 国家能源局华中监管局关于公开征求《华中区域省间电力中长期交易规则（征求意见稿... 2024-04-30 国家能源局华中监管局关于公开征求《华中区域省间电力中长期交易规则（征求意见稿）》意见的通知 设为首页 工作邮箱 机构概览 动态要闻 信息公开 在线办事 互动回应 专题专栏 2024-04-30 14:59 来源：国家能源局华中监管局 字体： 为贯彻 | 此次征求意见的时间为2024年4月30日至 年5月31日。,规则词典_v1,待人工复核,2026-05-05 01:24:21
AUTO-20260427-66F282BB0B,山东能源监管办关于《山东省电力中长期交易规则(征求意见稿)》公开征求意见的公告,2021-02-11,,山东,监管规则,征求意见,机器抽取,命令控制;市场机制;规划引导;财政金融;技术标准;信息披露;监管执法,准入条件;并网约束;履约约束;信息约束;消纳约束,补偿收益;价格激励;绿色激励;试点示范,电网企业;发电企业;新能源企业;储能企业;售电公司;电力用户;交易机构,发电;输配电;售电;用电;调度运行;辅助服务;现货市场;中长期市场,上网电价;输配电价;分时电价;市场形成价格;辅助服务价格;偏差价格,中长期交易;现货交易;辅助服务交易;跨省跨区交易,电费结算;偏差结算;辅助服务结算;分摊机制;周期结算,偏差考核;信用评价;信息披露考核,新能源消纳,储能;电网规划,收益机制明确;成本疏导;并网条件影响;市场风险暴露;项目准入影响,辅助服务收益,价格波动;偏差风险;并网消纳风险;政策状态风险;合规监管风险,山东能源监管办关于《山东省电力中长期交易规则(征求意见稿)》公开征求意见的公告 国家能源局派出机构 国家能源局山东监管办公室 山东 监管规则 中长期 交易规则; | 中长期 山东能源监管办关于《山东省电力中长期交易规则(征求意见稿)》公开征求意见的公告 2021-02-11 山东能源监管办关于《山东省电力中长期交易规则(征求意见稿)》公开征求意见的公告_国家能源局山东监管办公室 设为首页 工作邮箱 机构概览 动态要闻 信息公开 在线办事 互动回应 专题专栏 山东能源监管办关于《山东省电力中长期交易规则(征求意见稿)》公开 | 现向社会公开征求意见，征求意见的时间为2021年2月10日至2021年3月13日，反馈意见请书面反馈我办(电子版请同时发至联系人邮箱)。,规则词典_v1,待人工复核,2026-05-05 01:24:21
AUTO-20260427-0B7C65169B,关于修订《山东电力辅助服务市场运营规则（试行）（2020年修订版）》的通知,2020-12-31,,山东,监管规则,试行,机器抽取,命令控制;市场机制;财政金融;技术标准;信息披露;监管执法,准入条件;并网约束;履约约束;信息约束;消纳约束,补偿收益;绿色激励;试点示范,电网企业;发电企业;新能源企业;储能企业;电力用户;交易机构,发电;输配电;用电;调度运行;辅助服务;现货市场,输配电价;市场形成价格;辅助服务价格;偏差价格,现货交易;辅助服务交易;跨省跨区交易,电费结算;辅助服务结算;分摊机制,,,储能,收益机制明确;成本疏导;并网条件影响;市场风险暴露;项目准入影响,辅助服务收益,价格波动;偏差风险;并网消纳风险;政策状态风险;合规监管风险,关于修订《山东电力辅助服务市场运营规则（试行）（2020年修订版）》的通知 国家能源局派出机构 国家能源局山东监管办公室 山东 监管规则 辅助服务 辅助服务 关于修订《山东电力辅助服务市场运营规则（试行）（2020年修订版）》的通知 2020-12-31 关于修订《山东电力辅助服务市场运营规则（试行）（2020年修订版）》的通知_国家能源局山东监管办公室 设 | 2.《山东电力辅助服务市场运营规则 (试行 )(⒛⒛ 附件H。 | 《山东电力辅助服务市场运营规则(试行 )(⒛20 年修订版 )》 主要修 改条款 2.《山东电力辅助服务市场运营规则 (试行 )(⒛⒛ 年修订版 ) -2- - 3 - 附件 1 本规则制定依据为《中共中央国务院关于进一步深化电 《山东电力辅助服务市场运营规则（试行） （2020 年修订版）》主要修改条款 一、原第二条修改为： 本规则制定依据为《中共中央国务,规则词典_v1,待人工复核,2026-05-05 01:24:21
AUTO-20260427-D691BB80BC,关于简化新能源发电企业参与山东电力市场准入流程的通知,2020-12-02,,山东,监管规则,现行有效,机器抽取,命令控制;市场机制;规划引导;信息披露;监管执法,准入条件;履约约束;信息约束,试点示范,发电企业;交易机构,发电;现货市场;中长期市场,,中长期交易,分摊机制,,,,市场风险暴露;项目准入影响,,合规监管风险,关于简化新能源发电企业参与山东电力市场准入流程的通知 国家能源局派出机构 国家能源局山东监管办公室 山东 监管规则 电力市场; | 新能源 关于简化新能源发电企业参与山东电力市场准入流程的通知 2020-12-02； | OCR文本待人工复核 关于简化新能源发电企业参与山东电力市场准入流程的通知_国家能源局山东监管办公室 设为首页 工作邮箱 机构概览 动态要闻 信息公开 在线办事 互动回应 专题专栏 关于简化新能源发电企业参与山东电力市场准入流程的通知 2020-12-02 14:53 来源：国家能源局山东监管办公室 字体： 附件： 202012021452583209.pd,规则词典_v1,待人工复核,2026-05-05 01:24:21
AUTO-20260427-3923155EE0,关于征求《山东电力辅助服务市场运营规则（试行）（2020年修订版）》（征求意见稿）意见的函,2020-10-20,,山东,监管规则,征求意见,机器抽取,命令控制;市场机制;规划引导;财政金融;技术标准;信息披露;监管执法,准入条件;并网约束;履约约束;信息约束;消纳约束,补偿收益;绿色激励;试点示范,电网企业;发电企业;新能源企业;储能企业;电力用户;交易机构,发电;输配电;用电;调度运行;辅助服务;现货市场,市场形成价格;辅助服务价格;偏差价格,现货交易;辅助服务交易;跨省跨区交易,电费结算;辅助服务结算;分摊机制,,,储能,收益机制明确;成本疏导;并网条件影响;市场风险暴露;项目准入影响,辅助服务收益,价格波动;偏差风险;并网消纳风险;政策状态风险;合规监管风险,关于征求《山东电力辅助服务市场运营规则（试行）（2020年修订版）》（征求意见稿）意见的函 国家能源局派出机构 国家能源局山东监管办公室 山东 监管规则 辅助服务 辅助服务 关于征求《山东电力辅助服务市场运营规则（试行）（2020年修订版）》（征求意见稿）意见的函 2020-10-20； | OCR文本待人工复核 关于征求《山东电力辅助服务市场运营规则（试行）（2020年修订版）》（征求意见稿）意见的函_国家能源局山东监管办公室 设为首页 工作邮箱 机构概览 动态要闻 信息公开 在线办事 互动回应 专题专栏 关于征求《山东电力辅助服务市场运营规则（试行）（2020年修订版）》（征求意见稿）意见的函 2020-10-20 14:26 来源：国家能源 | 请于2020 年10月26日之前将有关 意见通过传真、电子邮件等形式反馈至山东能源监管办（市 场监管处)。,规则词典_v1,待人工复核,2026-05-05 01:24:21
AUTO-20260427-E4EE7C8D82,关于公布山东电力现货市场结算试运行有关市场参数的通知(试行),2020-08-05,鲁发改价格〔2019〕878号,山东,监管规则,试行,机器抽取,命令控制;市场机制;规划引导;财政金融;技术标准;信息披露;监管执法,准入条件;并网约束;履约约束;信息约束,补偿收益;价格激励;试点示范,电网企业;发电企业;售电公司;电力用户;交易机构,发电;输配电;售电;用电;调度运行;辅助服务;现货市场;中长期市场,输配电价;分时电价;市场形成价格;偏差价格,辅助服务交易,电费结算;偏差结算,偏差考核,,,收益机制明确;成本疏导;并网条件影响;市场风险暴露;项目准入影响,辅助服务收益,价格波动;偏差风险;并网消纳风险;政策状态风险;合规监管风险,关于公布山东电力现货市场结算试运行有关市场参数的通知(试行) 国家能源局派出机构 国家能源局山东监管办公室 山东 监管规则 现货; | 结算 关于公布山东电力现货市场结算试运行有关市场参数的通知(试行) 2020-08-05 关于公布山东电力现货市场结算试运行有关市场参数的通知(试行)_国家能源局山东监管办公室 设为首页 工作邮箱 机构概览 动态要闻 信息公开 在线办事 互动回应 专题专栏 关于公布山东电力现货市场结算试运行有关市场参数的通知(试行) 2020-08-05 16:13 来源： | 二、现货市场结算(中长期、日前、实时)电量，其交易价格、省级电网输配电价(含线损和交叉补贴)不再执行峰谷分时电价政策。,规则词典_v1,待人工复核,2026-05-05 01:24:21
AUTO-20260427-698A8D7E10,关于修订《山东省电力现货市场交易规则(试行)》《山东省电力中长期市场交易规则(试行)》《山东省电力零售市场交易规则(试行)》的通知,2020-07-31,,山东,监管规则,试行,机器抽取,命令控制;市场机制;规划引导;财政金融;技术标准;信息披露;监管执法,准入条件;并网约束;履约约束;信息约束,补偿收益;价格激励;试点示范,电网企业;发电企业;售电公司;电力用户;交易机构;微电网主体,发电;输配电;售电;用电;调度运行;辅助服务;现货市场;中长期市场,输配电价;容量价格;辅助服务价格;偏差价格,中长期交易;现货交易;辅助服务交易;容量交易,电费结算;偏差结算;辅助服务结算;分摊机制,偏差考核;信用评价;信息披露考核,,微电网;电网规划,收益机制明确;成本疏导;并网条件影响;市场风险暴露;项目准入影响,辅助服务收益;园区微电网,价格波动;偏差风险;并网消纳风险;政策状态风险;合规监管风险,关于修订《山东省电力现货市场交易规则(试行)》《山东省电力中长期市场交易规则(试行)》《山东省电力零售市场交易规则(试行)》的通知 国家能源局派出机构 国家能源局山东监管办公室 山东 监管规则 中长期; | 现货 关于修订《山东省电力现货市场交易规则(试行)》《山东省电力中长期市场交易规则(试行)》《山... 2020-07-31 关于修订《山东省电力现货市场交易规则(试行)》《山东省电力中长期市场交易规则(试行)》《山东省电力零售市场交易规则(试行)》的通知_国家能源局山东监管办公室 设为首页 工作邮箱 机构概览 动态要闻 信息公开 在线办事 互动回应 专题专 | 现将三个市场交易规则印发你们，请遵照执行。,规则词典_v1,待人工复核,2026-05-05 01:24:21
AUTO-20260427-FBC65BBD1E,贵州电力市场规则,2024-11-02,,南方区域,交易规则,现行有效,机器抽取,命令控制;市场机制;规划引导;财政金融;技术标准;信息披露;监管执法,准入条件;并网约束;履约约束;信息约束;消纳约束,价格激励;绿色激励;试点示范,电网企业;发电企业;新能源企业;储能企业;售电公司;电力用户;交易机构;虚拟电厂;微电网主体,发电;输配电;售电;用电;调度运行;辅助服务;现货市场;中长期市场;绿电绿证,输配电价;市场形成价格;偏差价格,中长期交易;现货交易;绿电交易;辅助服务交易;需求响应;跨省跨区交易,电费结算;偏差结算;分摊机制,偏差考核;信用评价;信息披露考核,新能源消纳;能源安全,储能;电网规划;虚拟电厂,收益机制明确;成本疏导;并网条件影响;市场风险暴露;项目准入影响,聚合交易;辅助服务收益;园区微电网,价格波动;偏差风险;并网消纳风险;政策状态风险;合规监管风险,贵州电力市场规则 广州电力交易中心 广州电力交易中心 南方区域 交易规则 电力市场 电力市场 贵州电力市场规则 广州电力交易中心 交易服务热线: 400-15-95598 能源监管热线: 12398 微 信 平台系统 南方区域统一电力交易平台 南方区域现货电能量交易系统 南方区域绿色电力交易系统 新闻资讯 党的声音 公司动态 媒体关注 市场研究 信息发布 最 | 原则同意由广州电力交易中心、南网总调发布 《南方区 （二） 省 （区） 内适用规则按审定发布的有关配套实施细则 域电力市场现货电能量交易实施细则（试行 V3.0）》《南方区 域电力市场现货结算实施细则（试行 V3.0）》。 | 二、关于规范开展区域市场短周期结算试运行的监管要求 （三） 其他未尽事宜暂按区域和省 （区） 有关全月结算试运 行方案规定执行。,规则词典_v1,待人工复核,2026-05-05 01:24:21
AUTO-20260427-D81BDF16D0,第20号_中华人民共和国国家发展和改革委员会令（电力市场运行基本规则）,2024-04-28,,南方区域,交易规则,现行有效,机器抽取,命令控制;市场机制;规划引导;财政金融;技术标准;信息披露;监管执法,准入条件;并网约束;履约约束;信息约束;消纳约束,补偿收益;价格激励;试点示范,电网企业;发电企业;储能企业;售电公司;电力用户;交易机构;虚拟电厂,发电;输配电;售电;用电;调度运行;辅助服务;现货市场;中长期市场;绿电绿证,输配电价;容量价格,中长期交易;现货交易;绿电交易;辅助服务交易;容量交易;需求响应,电费结算;分摊机制,信息披露考核,,储能;电网规划;虚拟电厂,收益机制明确;成本疏导;并网条件影响;市场风险暴露;项目准入影响,聚合交易;辅助服务收益,价格波动;并网消纳风险;政策状态风险;合规监管风险,第20号_中华人民共和国国家发展和改革委员会令（电力市场运行基本规则） 广州电力交易中心 广州电力交易中心 南方区域 交易规则 电力市场 电力市场 第20号_中华人民共和国国家发展和改革委员会令（电力市场运行基本规则）； | OCR文本待人工复核 广州电力交易中心 交易服务热线: 400-15-95598 能源监管热线: 12398 微 信 平台系统 南方区域统一电力交易平台 南方区域现货电能量交易系统 南方区域绿色电力交易系统 新闻资讯 党的声音 公司动态 媒体关注 市场研究 信息发布 最新通知 公示公告 市场服务 市场培训 服务承诺 常见问题解答 政策法规 法律法规 政策文件 | 2024年4月25日 --- 第 2 页 OCR --- 第一条为规范电力市场行为，依法保护市场成员的合法权益， 电力市场运行基本规则 第一章总则 第一条为规范电力市场行为，依法保护市场成员的合法权益， 保证电力市场的统一、开放、竞争、有序，按照《中共中央国务 院关于进一步深化电力体制改革的若干意见》《中共中央国务院 关于加快建设全国统一大市场的意见》等有关,规则词典_v1,待人工复核,2026-05-05 01:24:21
AUTO-20260427-780DD684D9,电力市场运行基本规则,2024-04-25,,南方区域,交易规则,现行有效,机器抽取,命令控制;市场机制;规划引导;财政金融;技术标准;信息披露;监管执法,准入条件;并网约束;履约约束;信息约束;消纳约束,补偿收益;价格激励;试点示范,电网企业;发电企业;储能企业;售电公司;电力用户;交易机构;虚拟电厂,发电;输配电;售电;用电;调度运行;辅助服务;现货市场;中长期市场;绿电绿证,输配电价;容量价格,中长期交易;现货交易;绿电交易;辅助服务交易;容量交易;需求响应,电费结算;分摊机制,信息披露考核,,新型电力系统;储能;电网规划;虚拟电厂,收益机制明确;成本疏导;并网条件影响;市场风险暴露;项目准入影响,聚合交易;辅助服务收益,价格波动;并网消纳风险;政策状态风险;合规监管风险,电力市场运行基本规则 广州电力交易中心 广州电力交易中心 南方区域 交易规则 电力市场 电力市场 电力市场运行基本规则 广州电力交易中心 交易服务热线: 400-15-95598 能源监管热线: 12398 微 信 平台系统 南方区域统一电力交易平台 南方区域现货电能量交易系统 南方区域绿色电力交易系统 新闻资讯 党的声音 公司动态 媒体关注 市场研究 信息 | 第三条 国家能源局及其派出机构（以下简称电力监管机构）、国务院有关部门根据职能对电力市场实施监督管理。 | 第二章 电力市场成员 第四条 本规则所称的电力市场成员包括经营主体、电力市场运营机构和提供输配电服务的电网企业等。,规则词典_v1,待人工复核,2026-05-05 01:24:21
AUTO-20260427-AF700450D9,电力市场注册基本规则,2024-09-13,,南方区域,交易规则,现行有效,机器抽取,命令控制;市场机制;技术标准;信息披露;监管执法,准入条件;并网约束;履约约束;信息约束,,电网企业;发电企业;储能企业;售电公司;电力用户;交易机构;虚拟电厂;微电网主体,发电;输配电;售电;用电;调度运行;辅助服务;现货市场;中长期市场;绿电绿证,,绿电交易;需求响应,分摊机制,信用评价;信息披露考核,,微电网;储能;电网规划;虚拟电厂,收益机制明确;并网条件影响;市场风险暴露;项目准入影响,聚合交易;辅助服务收益;园区微电网,并网消纳风险;合规监管风险,电力市场注册基本规则 广州电力交易中心 广州电力交易中心 南方区域 交易规则 电力市场 电力市场 电力市场注册基本规则 广州电力交易中心 交易服务热线: 400-15-95598 能源监管热线: 12398 微 信 平台系统 南方区域统一电力交易平台 南方区域现货电能量交易系统 南方区域绿色电力交易系统 新闻资讯 党的声音 公司动态 媒体关注 市场研究 信息 | 第三条 本规则所称的经营主体包括参与电力市场交易的发电企业、售电公司、电力用户和新型经营主体（含新型储能企业、虚拟电厂、智能微电网等）。 | 第二条 本规则所称电力市场包含电力中长期、现货、辅助服务市场等。,规则词典_v1,待人工复核,2026-05-05 01:24:21
AUTO-20260427-5DD9FFE71E,电力中长期交易基本规则—绿色电力交易专章,2024-07-24,,南方区域,交易规则,现行有效,机器抽取,命令控制;市场机制;技术标准;信息披露;监管执法,准入条件;履约约束;信息约束,绿色激励,电网企业;发电企业;新能源企业;售电公司;电力用户;交易机构,发电;输配电;售电;用电;现货市场;中长期市场;绿电绿证,,中长期交易;现货交易;绿电交易;跨省跨区交易,电费结算,信息披露考核,,,成本疏导;市场风险暴露,绿电消费,合规监管风险,电力中长期交易基本规则—绿色电力交易专章 广州电力交易中心 广州电力交易中心 南方区域 交易规则 中长期 中长期 电力中长期交易基本规则—绿色电力交易专章 广州电力交易中心 交易服务热线: 400-15-95598 能源监管热线: 12398 微 信 平台系统 南方区域统一电力交易平台 南方区域现货电能量交易系统 南方区域绿色电力交易系统 新闻资讯 党的声音 | 一、国家发展改革委、国家能源局加强对各地绿色电力交易工作指导。 | 国家能源局负责推动绿证核发全覆盖，拓展绿证应用场景，国家能源局及派出机构加强对绿色电力交易监管。,规则词典_v1,待人工复核,2026-05-05 01:24:21
AUTO-20260427-344B99BC3D,广东省发展和改革委员会 - 广东省能源局关于做好2026年电力市场年度交易工作的通知,2025-12-03,粤能电力〔2021〕82号,广东,官方政策,现行有效,机器抽取,命令控制;市场机制;规划引导;财政金融;技术标准;信息披露;监管执法,准入条件;并网约束;履约约束;信息约束;消纳约束,价格激励;绿色激励;试点示范,电网企业;发电企业;新能源企业;储能企业;售电公司;电力用户;交易机构;虚拟电厂,发电;输配电;售电;用电;调度运行;辅助服务;现货市场;中长期市场;绿电绿证,分时电价;市场形成价格;偏差价格,中长期交易;绿电交易;辅助服务交易,偏差结算;分摊机制,偏差考核;信息披露考核,新能源消纳,储能;分布式光伏;虚拟电厂,成本疏导;并网条件影响;市场风险暴露;项目准入影响,聚合交易;绿电消费;辅助服务收益,价格波动;偏差风险;并网消纳风险;政策状态风险;合规监管风险,广东省发展和改革委员会 - 广东省能源局关于做好2026年电力市场年度交易工作的通知 广东省能源局 广东省能源局 广东 官方政策 电力市场 电力市场 广东省能源局关于做好2026年电力市场年度交易工作的通知12-03 广东省发展和改革委员会 - 广东省能源局关于做好2026年电力市场年度交易工作的通知 返回主站 您所在的位置： 广东省能源局 通知公告 广东省 | 年度交易包括双边协商交易、挂牌交易、集中竞争交易等交易品种，不同交易品种多轮次交替开展。 | 各发电机组的年度交易电量上限根据广东电力市场中长期交易有关规则计算，并按照广东省能源局、国家能源局南方监管局印发《关于严肃发电调度纪律 强化 （一）发电侧年度交易电量上限。,规则词典_v1,待人工复核,2026-05-05 01:24:21
AUTO-20260427-EF110663B6,广东省发展和改革委员会 - 广东省能源局 国家能源局南方监管局关于印发《广东电力市场常态化开展年度交易实施方案》的通知,2025-10-28,,广东,官方政策,现行有效,机器抽取,命令控制;市场机制;规划引导;财政金融;信息披露;监管执法,准入条件;并网约束;履约约束;信息约束,价格激励;绿色激励;试点示范,发电企业;储能企业;售电公司;电力用户;交易机构,发电;输配电;售电;用电;调度运行;中长期市场;绿电绿证,市场形成价格;容量价格,中长期交易,,信用评价,,储能,收益机制明确;成本疏导;市场风险暴露;项目准入影响,,价格波动;偏差风险;合规监管风险,广东省发展和改革委员会 - 广东省能源局 国家能源局南方监管局关于印发《广东电力市场常态化开展年度交易实施方案》的通知 广东省能源局 广东省能源局 广东 官方政策 电力市场 电力市场 广东省能源局 国家能源局南方监管局关于印发《广东电力市场常态化开展年度交易实施方案》的通知10-28 广东省发展和改革委员会 - 广东省能源局 国家能源局南方监管局关于印发《广 | 广东省能源局 国家能源局南方监管局 2025年10月20日 相关附件： 广东电力市场常态化开展年度交易实施方案.pdf 广东电力市场常态化开展年度交易实施方案.pdf 相关导读: 打印文档 相关网站 广东省投资项目在线审批监管平台 信用广东网 广东省招标投标监管网 粤港澳大湾区门户网 委管局/直属单位 广东省粮食和物资储备局 广东省发展和改革研究院（广东省产 | 一、总体思路 按照谨慎稳健交易、规范合同履约、自主协商调整、政策统 筹衔接的要求，逐步放开批发市场、零售市场签约周期，实现年 度交易连续开展。,规则词典_v1,待人工复核,2026-05-05 01:24:21
AUTO-20260427-ED15D5C741,广东省发展和改革委员会 - 广东省发展改革委关于申报新能源可持续发展价格结算机制存量项目的通知,2025-09-30,,广东,官方政策,现行有效,机器抽取,命令控制;市场机制;规划引导;财政金融;技术标准;信息披露;监管执法,准入条件;并网约束;履约约束;信息约束,价格激励;试点示范,电网企业;新能源企业,发电;输配电;现货市场,上网电价,,,,,,成本疏导;并网条件影响;市场风险暴露;项目准入影响,,并网消纳风险;合规监管风险,广东省发展和改革委员会 - 广东省发展改革委关于申报新能源可持续发展价格结算机制存量项目的通知 广东省能源局 广东省能源局 广东 官方政策 新能源; | 新能源 广东省发展改革委关于申报新能源可持续发展价格结算机制存量项目的通知09-30 广东省发展和改革委员会 - 广东省发展改革委关于申报新能源可持续发展价格结算机制存量项目的通知 返回主站 您所在的位置： 广东省能源局 通知公告 广东省发展改革委关于申报新能源可持续发展价格结算机制存量项目的通知 信息来源：省能源局新能源处 时间：2025-09-30 19 | 为组织存量项目申报工作，有关事项通知如下： 2.项目已于2025年6月1日前投产，取得国家能源局南方监管局出具的电力业务许可证、电力质量监督机构出具的质量监督报告、电网企业出具的并网验收意见等证明文件，其 一、申报存量项目范围及条件 （一）陆上风电、光伏发电项目。,规则词典_v1,待人工复核,2026-05-05 01:24:21
AUTO-20260427-CA2DDC4243,关于发布广东电力市场配套实施细则（2024年修订）的通知,2024-05-10,广东交易〔2024〕79号,南方区域,交易规则,现行有效,机器抽取,命令控制;市场机制;技术标准;信息披露;监管执法,准入条件;并网约束;信息约束;消纳约束,价格激励,电网企业;发电企业;储能企业;售电公司;电力用户;交易机构,发电;输配电;售电;用电;调度运行;辅助服务;现货市场;中长期市场;绿电绿证,市场形成价格,现货交易;绿电交易;辅助服务交易,,信息披露考核,,储能,并网条件影响;市场风险暴露;项目准入影响,辅助服务收益,并网消纳风险;合规监管风险,关于发布广东电力市场配套实施细则（2024年修订）的通知 广州电力交易中心 广州电力交易中心 南方区域 交易规则 电力市场 电力市场 广东交易〔2024〕79号 关于发布广东电力市场配套实施细则（2024年修订）的通知 广州电力交易中心 交易服务热线: 400-15-95598 能源监管热线: 12398 微 信 平台系统 南方区域统一电力交易平台 南方区域 | —2—— 3．广东电力现货市场结算实施细则（2024 年修订） 附件：1．广东电力市场现货电能量交易实施细则（2024 年 修订）（另附） 2．广东电力市场中长期电能量交易实施细则（2024 年修订）（另附） 3．广东电力现货市场结算实施细则（2024 年修订） （另附） 4．广东电力市场信息披露管理实施细则（2024 年修 4．广东电力市场信息披露管理实施 | 广东电力交易中心有限责任公司办公室 2024 年 5 月 7 日印发 广东电力市场现货电能量交易实施细则（2024 年修订） 广东电力市场现货电能量交易实施细则（2024 年修订） 广东电力市场现货电能量交易实施细则 （2024 年修订） 广东电力市场现货电能量交易实施细则（2024 年修订） 目 录 1 总述........................,规则词典_v1,待人工复核,2026-05-05 01:24:21
AUTO-20260427-E24F3D75D9,关于印发《电力中长期交易基本规则》的通知,2020-06-14,,南方区域,交易规则,现行有效,机器抽取,命令控制;市场机制;规划引导;财政金融;技术标准;信息披露;监管执法,准入条件;并网约束;履约约束;信息约束;消纳约束,补偿收益;价格激励;绿色激励;试点示范,电网企业;发电企业;新能源企业;储能企业;售电公司;电力用户;交易机构,发电;输配电;售电;用电;调度运行;辅助服务;现货市场;中长期市场;绿电绿证,上网电价;输配电价;分时电价;市场形成价格;容量价格;辅助服务价格;偏差价格,中长期交易;现货交易;绿电交易;辅助服务交易;容量交易;跨省跨区交易,电费结算;偏差结算;辅助服务结算;分摊机制,偏差考核;信用评价;信息披露考核,,储能;电网规划,收益机制明确;成本疏导;并网条件影响;市场风险暴露;项目准入影响,辅助服务收益,价格波动;偏差风险;并网消纳风险;政策状态风险;合规监管风险,关于印发《电力中长期交易基本规则》的通知 广州电力交易中心 广州电力交易中心 南方区域 交易规则 中长期 中长期 国家发展改革委、国家能源局关于印发《电力中长期交易基本规则》的通知； | OCR文本待人工复核 广州电力交易中心 交易服务热线: 400-15-95598 能源监管热线: 12398 微 信 平台系统 南方区域统一电力交易平台 南方区域现货电能量交易系统 南方区域绿色电力交易系统 新闻资讯 党的声音 公司动态 媒体关注 市场研究 信息发布 最新通知 公示公告 市场服务 市场培训 服务承诺 常见问题解答 政策法规 法律法规 政策文件 | 国家能源局各派出机构要会同地方政府电力管理等部门根 第一条为规范电力中长期交易，依法维护电力市场主体的合 据《基本规则》制修订各地交易规则，报国家发展改革委、国 家能源局备案。,规则词典_v1,待人工复核,2026-05-05 01:24:21
AUTO-20260427-890E791E0D,可再生能源绿色电力证书核发和交易规则,2024-08-26,,南方区域,交易规则,现行有效,机器抽取,命令控制;市场机制;财政金融;技术标准;信息披露;监管执法,准入条件;履约约束;信息约束;消纳约束,补偿收益;绿色激励;试点示范,电网企业;发电企业;新能源企业;交易机构,发电;输配电;售电;用电;调度运行;现货市场;中长期市场;绿电绿证,市场形成价格,绿电交易;跨省跨区交易,,信息披露考核;监管处罚,,分布式光伏,收益机制明确;并网条件影响;市场风险暴露;项目准入影响,自发自用余电上网;绿电消费,并网消纳风险;合规监管风险,可再生能源绿色电力证书核发和交易规则 广州电力交易中心 广州电力交易中心 南方区域 交易规则 电力市场 交易规则 可再生能源绿色电力证书核发和交易规则 广州电力交易中心 交易服务热线: 400-15-95598 能源监管热线: 12398 微 信 平台系统 南方区域统一电力交易平台 南方区域现货电能量交易系统 南方区域绿色电力交易系统 新闻资讯 党的声音 公 | 第二条 本规则适用于我国境内生产的风电（含分散式风电和海上风电）、太阳能发电（含分布式光伏发电和光热发电）、常规水电、生物质发电、地热能发电、海洋能发电等可再生 第二条 本规则适用于我国境内生产的风电（含分散式风电和海上风电）、太阳能发电（含分布式光伏发电和光热发电）、常规水电、生物质发电、地热能发电、海洋能发电等可再生能源发电项目电量对应绿证的核发、交易及 | 第三条 绿证是我国可再生能源电量环境属性的唯一证明，是认定可再生能源电力生产、消费的唯一凭证。,规则词典_v1,待人工复核,2026-05-05 01:24:21
AUTO-20260427-EE6D85F7E0,发改能源规〔2023〕1217号 《电力现货市场基本规则（试行）》,2023-09-10,发改能源规〔2023〕1217号,南方区域,交易规则,试行,机器抽取,命令控制;市场机制;规划引导;财政金融;技术标准;信息披露;监管执法,准入条件;并网约束;履约约束;信息约束;消纳约束,补偿收益;价格激励;绿色激励;试点示范,电网企业;发电企业;新能源企业;储能企业;售电公司;电力用户;交易机构;虚拟电厂;微电网主体,发电;输配电;售电;用电;调度运行;辅助服务;现货市场;中长期市场;绿电绿证,输配电价;市场形成价格;容量价格;辅助服务价格;偏差价格,中长期交易;现货交易;绿电交易;辅助服务交易;容量交易;需求响应;跨省跨区交易,电费结算;偏差结算;辅助服务结算;分摊机制;周期结算,偏差考核;信用评价;信息披露考核,绿色低碳;新能源消纳;能源安全,新型电力系统;源网荷储;储能;电网规划;虚拟电厂,收益机制明确;成本疏导;并网条件影响;市场风险暴露;项目准入影响,聚合交易;辅助服务收益;园区微电网,价格波动;偏差风险;并网消纳风险;政策状态风险;合规监管风险,"发改能源规〔2023〕1217号 《电力现货市场基本规则（试行）》 广州电力交易中心 广州电力交易中心 南方区域 交易规则 现货 现货 发改能源规〔2023〕1217号 《电力现货市场基本规则（试行）》 广州电力交易中心 交易服务热线: 400-15-95598 能源监管热线: 12398 微 信 平台系统 南方区域统一电力交易平台 南方区域现货电能量交易系 | 国家发展改革委 国家能源局 2023年9月7日 第一条 电力现货市场基本规则(试行) 第一章 第一条 为规范电力现货市场运营和管理,依法维护经营主体的合法权益,推进统一开放、竞争有序的电力市场体系建设,根据《中共中央国务院关于进一步深化电力体制改革的若干意见》《中共中央国务院关于加快建设全国统一大市场的意见》《关于加快建设全国统一电力市场体系的指导意见》(发 | 第二条 本规则所称电力现货市场是指符合准入条件的经营主体开展日前、日内和实时电能量交易的市场。",规则词典_v1,待人工复核,2026-05-05 01:24:21
AUTO-20260427-6620523786,关于印发《内蒙古自治区单一电力用户绿电直连项目开发建设实施方案（试行）》的通知,2026-01-14,,内蒙古自治区,官方政策,试行,机器抽取,命令控制;市场机制;规划引导;财政金融;技术标准;信息披露;监管执法,准入条件;并网约束;履约约束;信息约束;消纳约束,补偿收益;价格激励;绿色激励;试点示范,电网企业;发电企业;新能源企业;储能企业;电力用户;微电网主体;数据中心,发电;输配电;售电;用电;调度运行;辅助服务;中长期市场;绿电绿证,输配电价;分时电价,绿电交易;辅助服务交易;跨省跨区交易,电费结算;分摊机制,,新能源消纳,储能;电力算力协同;分布式光伏,收益机制明确;成本疏导;并网条件影响;项目准入影响,自发自用余电上网;聚合交易;绿电消费;辅助服务收益;园区微电网,偏差风险;并网消纳风险;政策状态风险;合规监管风险,关于印发《内蒙古自治区单一电力用户绿电直连项目开发建设实施方案（试行）》的通知 内蒙古自治区能源局 内蒙古自治区能源局 内蒙古自治区 官方政策 绿电 绿电 内蒙古自治区能源局关于印发《内蒙古自治区单一电力用户绿电直连项目开发建设实施方案（试行）》的通知 通知公告_ 内蒙古自治区能源局 返回首页 页面放大 页面缩小 语音播报 大鼠标 退出长者模式 通知公告 内 | 附件： 2.内蒙古自治区单一电力用户绿电直连项目申报大纲 1.内蒙古自治区单一电力用户绿电直连项目开发建设实施方案（试行） 2.内蒙古自治区单一电力用户绿电直连项目申报大纲 内蒙古自治区能源局 2026年1月13日 （此件主动公开） 附件1 内蒙古自治区单一电力用户绿电直连项目 开发建设实施方案（试行） 开发建设实施方案（试行） 为进一步明确自治区单一 用户 | 总体要求 本实施方案适用于内蒙古自治区单一 用户绿电直连项目开发建设。,规则词典_v1,待人工复核,2026-05-05 01:24:21
AUTO-20260427-2492100A42,关于公开征求《内蒙古电力多边交易市场规则体系2026年修订版(征求意见稿)》《蒙东电力市场规则体系2026年修订版(征求意见稿)》意见建议的公告,2026-02-14,内能源公告〔2026〕3号,内蒙古自治区,官方政策,征求意见,机器抽取,市场机制;信息披露,信息约束,试点示范,,调度运行,,,,,,,,,政策状态风险,关于公开征求《内蒙古电力多边交易市场规则体系2026年修订版(征求意见稿)》《蒙东电力市场规则体系2026年修订版(征求意见稿)》意见建议的公告 内蒙古自治区能源局 内蒙古自治区能源局 内蒙古自治区 官方政策 电力市场 电力市场 内蒙古自治区能源局关于公开征求《内蒙古电力多边交易市场规则体系2026年修订版(征求意见稿)》《蒙东电力市场规则体系2026年修订 | ）》《蒙东电力市场规则体系2026年修订版（征求意见稿）》。 | 请在本公告发布之日起30日内将相关意见建议书面反馈至nmgnyjdlc@126.com。,规则词典_v1,待人工复核,2026-05-05 01:24:21
AUTO-20260427-7F4BF875A3,关于做好2026年内蒙古电力多边交易市场中长期交易有关事宜的通知,2025-12-30,,内蒙古自治区,官方政策,现行有效,机器抽取,命令控制;市场机制;财政金融;技术标准;信息披露;监管执法,准入条件;并网约束;履约约束;信息约束,价格激励;绿色激励;试点示范,电网企业;发电企业;新能源企业;储能企业;售电公司;电力用户;交易机构;虚拟电厂;微电网主体,发电;输配电;售电;用电;调度运行;现货市场;中长期市场;绿电绿证,分时电价;市场形成价格;偏差价格,中长期交易;现货交易;绿电交易;需求响应;跨省跨区交易,电费结算;偏差结算;分摊机制,偏差考核;信用评价;信息披露考核,,储能;分布式光伏;虚拟电厂,收益机制明确;成本疏导;市场风险暴露;项目准入影响,自发自用余电上网;聚合交易;绿电消费;园区微电网,价格波动;偏差风险;政策状态风险;合规监管风险,关于做好2026年内蒙古电力多边交易市场中长期交易有关事宜的通知 内蒙古自治区能源局 内蒙古自治区能源局 内蒙古自治区 官方政策 中长期 中长期 内蒙古自治区能源局关于做好2026年内蒙古电力多边交易市场中长期交易有关事宜的通知 通知公告_ 内蒙古自治区能源局 返回首页 页面放大 页面缩小 语音播报 大鼠标 退出长者模式 通知公告 内蒙古自治区能源局关于做好 | 一、交易电量规模 一、交易电量规模 2026 年蒙东区内电力市场交易电量规模 533 亿千瓦时（含线损电量）。 | 按照用电类型划分，工商业用电 386 亿千瓦时，居民农业用电 147 亿千瓦时；,规则词典_v1,待人工复核,2026-05-05 01:24:21
AUTO-20260427-543BC9B2A3,关于做好2026年内蒙古东部电力交易市场中长期交易有关事宜的通知,2025-12-30,,内蒙古自治区,官方政策,现行有效,机器抽取,命令控制;市场机制;财政金融;技术标准;信息披露;监管执法,准入条件;并网约束;履约约束;信息约束,价格激励;绿色激励;试点示范,电网企业;发电企业;新能源企业;储能企业;售电公司;电力用户;交易机构;虚拟电厂;微电网主体,发电;输配电;售电;用电;调度运行;现货市场;中长期市场;绿电绿证,分时电价;市场形成价格;偏差价格,中长期交易;现货交易;绿电交易;需求响应;跨省跨区交易,电费结算;偏差结算;分摊机制,偏差考核;信用评价;信息披露考核,,储能;分布式光伏;虚拟电厂,收益机制明确;成本疏导;市场风险暴露;项目准入影响,自发自用余电上网;聚合交易;绿电消费;园区微电网,价格波动;偏差风险;政策状态风险;合规监管风险,关于做好2026年内蒙古东部电力交易市场中长期交易有关事宜的通知 内蒙古自治区能源局 内蒙古自治区能源局 内蒙古自治区 官方政策 中长期 中长期 内蒙古自治区能源局关于做好2026年内蒙古东部电力交易市场中长期交易有关事宜的通知 通知公告_ 内蒙古自治区能源局 返回首页 页面放大 页面缩小 语音播报 大鼠标 退出长者模式 通知公告 内蒙古自治区能源局关于做好 | 一、交易电量规模 一、交易电量规模 2026 年蒙东区内电力市场交易电量规模 533 亿千瓦时（含线损电量）。 | 按照用电类型划分，工商业用电 386 亿千瓦时，居民农业用电 147 亿千瓦时；,规则词典_v1,待人工复核,2026-05-05 01:24:21
AUTO-20260427-502852DE5B,关于印发《深化蒙西电网新能源上网电价市场化改革实施方案》的通知,2025-05-29,,内蒙古自治区,官方政策,现行有效,机器抽取,命令控制;市场机制;规划引导;财政金融;信息披露,准入条件;并网约束;履约约束;消纳约束,补偿收益;价格激励;绿色激励;试点示范,电网企业;发电企业;新能源企业;电力用户;交易机构,发电;输配电;售电;用电;调度运行;现货市场;中长期市场;绿电绿证,上网电价;市场形成价格,中长期交易;现货交易;绿电交易;跨省跨区交易,电费结算;分摊机制,,,新型电力系统;分布式光伏,收益机制明确;成本疏导;并网条件影响;市场风险暴露;项目准入影响,自发自用余电上网;聚合交易;绿电消费,价格波动;并网消纳风险,关于印发《深化蒙西电网新能源上网电价市场化改革实施方案》的通知 内蒙古自治区能源局 内蒙古自治区能源局 内蒙古自治区 官方政策 新能源 新能源 内蒙古自治区发展改革委 能源局关于印发《深化蒙西电网新能源上网电价市场化改革实施方案》的通知 通知公告_ 内蒙古自治区能源局 返回首页 页面放大 页面缩小 语音播报 大鼠标 退出长者模式 通知公告 内蒙古自治区发展改 | 请电网企业及电力交易机构认真做好组织落实，各盟市发展改革委、能源局要积极配合做好政策宣传和解读，密切跟踪改革落实情况，重要情况及时报告自治区发展改革委、能源局。 | 附件：《深化蒙东电网新能源上网电价市场化改革实施 市场化改革实施方案 方案》 内蒙古自治区发展和改革委员会 内蒙古自治区能源局 深化蒙 电网新能源上网电价 市场化改革实施方案 号）文件精神，加快构建新型电力系统，充分发挥市场在资源配置中的决定性作用，推动新能源高质量发展，制定深化蒙 一、改革总体思路 电网新能源上网电价市场化改革实施方案。,规则词典_v1,待人工复核,2026-05-05 01:24:21
AUTO-20260427-A525045BF7,关于印发《深化蒙东电网新能源上网电价市场化改革实施方案》的通知,2025-05-29,,内蒙古自治区,官方政策,现行有效,机器抽取,命令控制;市场机制;规划引导;财政金融;信息披露,准入条件;并网约束;履约约束;消纳约束,补偿收益;价格激励;绿色激励;试点示范,电网企业;发电企业;新能源企业;电力用户;交易机构,发电;输配电;售电;用电;调度运行;现货市场;中长期市场;绿电绿证,上网电价;市场形成价格,中长期交易;现货交易;绿电交易;跨省跨区交易,电费结算;分摊机制,,,新型电力系统;分布式光伏,收益机制明确;成本疏导;并网条件影响;市场风险暴露;项目准入影响,自发自用余电上网;聚合交易;绿电消费,价格波动;并网消纳风险,关于印发《深化蒙东电网新能源上网电价市场化改革实施方案》的通知 内蒙古自治区能源局 内蒙古自治区能源局 内蒙古自治区 官方政策 新能源 新能源 内蒙古自治区发展改革委 能源局关于印发《深化蒙东电网新能源上网电价市场化改革实施方案》的通知 通知公告_ 内蒙古自治区能源局 返回首页 页面放大 页面缩小 语音播报 大鼠标 退出长者模式 通知公告 内蒙古自治区发展改 | 请电网企业及电力交易机构认真做好组织落实，各盟市发展改革委、能源局要积极配合做好政策宣传和解读，密切跟踪改革落实情况，重要情况及时报告自治区发展改革委、能源局。 | 附件：《深化蒙东电网新能源上网电价市场化改革实施 市场化改革实施方案 方案》 内蒙古自治区发展和改革委员会 内蒙古自治区能源局 深化蒙 电网新能源上网电价 市场化改革实施方案 号）文件精神，加快构建新型电力系统，充分发挥市场在资源配置中的决定性作用，推动新能源高质量发展，制定深化蒙 一、改革总体思路 电网新能源上网电价市场化改革实施方案。,规则词典_v1,待人工复核,2026-05-05 01:24:21
AUTO-20260427-1906B16212,关于进一步做好我市电力现货市场限价相关事项的通知_价格管理,2026-02-11,沪发改价管〔2026〕5号,上海,官方政策,现行有效,机器抽取,市场机制;财政金融;技术标准;信息披露;监管执法,履约约束;信息约束,补偿收益,发电企业;电力用户;交易机构,发电;调度运行;辅助服务;现货市场,分时电价;市场形成价格,现货交易;辅助服务交易,,监管处罚,,,收益机制明确;成本疏导;市场风险暴露;项目准入影响,辅助服务收益,价格波动;政策状态风险;合规监管风险,关于进一步做好我市电力现货市场限价相关事项的通知_价格管理 上海市发展和改革委员会 上海市发展和改革委员会 上海 官方政策 现货 现货 关于进一步做好我市电力现货市场限价相关事项的通知 关于进一步做好我市电力现货市场限价相关事项的通知_价格管理 政务公开 / 决策公开 / 政策文件 / 价格工作 / 价格管理 关于进一步做好我市电力现货市场限价相关事项的通知 | 申报价格 一、现货市场申报价格上限综合考虑市场用户电价承受能力、发电企业运营效益，同时参考我市近年工商业用户尖峰电价确定，现货市场运行初期暂定为1.4元/千瓦时。 | 申报价格下限考虑各电源在电力市场外可获得的其他收益等因素确定，现货市场运行初期暂定为0元/千瓦时。,规则词典_v1,待人工复核,2026-05-05 01:24:21
AUTO-20260427-5ED24A4111,关于调整我市煤电容量电价有关事项的通知_价格管理,2025-12-24,沪发改价管〔2025〕52号,上海,官方政策,现行有效,机器抽取,市场机制;信息披露,并网约束;信息约束,,发电企业;交易机构,发电;调度运行,容量价格,,电费结算;分摊机制,,,,成本疏导,,合规监管风险,关于调整我市煤电容量电价有关事项的通知_价格管理 上海市发展和改革委员会 上海市发展和改革委员会 上海 官方政策 容量电价 容量电价 关于调整我市煤电容量电价有关事项的通知； | OCR文本待人工复核 关于调整我市煤电容量电价有关事项的通知_价格管理 政务公开 / 决策公开 / 政策文件 / 价格工作 / 价格管理 关于调整我市煤电容量电价有关事项的通知 (发布日期：2025年12月24日 文号：沪发改价管〔2025〕52号) 国网上海市电力公司、上海电力交易中心、上海电力股份公司、华能华东分公司、申能股份： 为推动煤电转变经营发展模 | 一、自2026年1月1日起，我市煤电容量电价调整为165元/千瓦·年（含税）。,规则词典_v1,待人工复核,2026-05-05 01:24:21
AUTO-20260427-1E20E600C3,关于深化新能源上网电价市场化改革 促进新能源高质量发展的通知(发改价格〔2025〕136号),2025-02-09,发改价格〔2025〕136号,全国,官方政策,现行有效,机器抽取,命令控制;市场机制;规划引导;财政金融;技术标准;信息披露;监管执法,准入条件;并网约束;履约约束;信息约束;消纳约束,补偿收益;价格激励;绿色激励;试点示范,电网企业;发电企业;新能源企业;储能企业;电力用户;交易机构,发电;输配电;售电;用电;调度运行;现货市场;中长期市场;绿电绿证,上网电价;分时电价;市场形成价格,中长期交易;现货交易;绿电交易;跨省跨区交易,电费结算;分摊机制,,绿色低碳;新能源消纳,新型电力系统;储能,收益机制明确;成本疏导;并网条件影响;市场风险暴露;项目准入影响,绿电消费,价格波动;并网消纳风险;合规监管风险,关于深化新能源上网电价市场化改革 促进新能源高质量发展的通知(发改价格〔2025〕136号) 国家发展改革委 国家发展改革委-政策通知 全国 官方政策 新能源 新能源 关于深化新能源上网电价市场化改革 促进新能源高质量发展的通知(发改价格〔2025〕136号) 【关于深化新能源上网电价市场化改革 促进新能源高质量发展的通知(发改价格〔2025〕136号)】- | 一、总体思路 一、总体思路 按照价格市场形成、责任公平承担、区分存量增量、政策统筹协调的要求，深化新能源上网电价市场化改革。 | 坚持市场化改革方向，推动新能源上网电量全面进入电力市场、通过市场交易形成价格。,规则词典_v1,待人工复核,2026-05-05 01:24:21
AUTO-20260427-51C6A877DC,关于有序推动绿电直连发展有关事项的通知(发改能源〔2025〕650号),2025-05-30,发改能源〔2025〕650号,全国,官方政策,现行有效,机器抽取,命令控制;市场机制;规划引导;财政金融;技术标准;信息披露;监管执法,准入条件;并网约束;履约约束;信息约束;消纳约束,补偿收益;价格激励;绿色激励;试点示范,电网企业;发电企业;新能源企业;储能企业;电力用户,发电;输配电;售电;用电;调度运行;现货市场;绿电绿证,输配电价;分时电价;偏差价格,绿电交易,电费结算;分摊机制,,新能源消纳,储能;分布式光伏,收益机制明确;成本疏导;并网条件影响;市场风险暴露;项目准入影响,自发自用余电上网;聚合交易;绿电消费,偏差风险;并网消纳风险;合规监管风险,关于有序推动绿电直连发展有关事项的通知(发改能源〔2025〕650号) 国家发展改革委 国家发展改革委-政策通知 全国 官方政策 绿电 绿电 关于有序推动绿电直连发展有关事项的通知(发改能源〔2025〕650号) 【关于有序推动绿电直连发展有关事项的通知(发改能源〔2025〕650号)】-国家发展和改革委员会 政务公开 关于有序推动绿电直连发展有关事项的通知 | 本文所指的绿电直连是指风电、太阳能发电、生物质发电等新能源不直接接入公共电网，通过直连线路向单一电力用户供给绿电，可实现供给电量清晰物理溯源的模式。 | 其中，直连线路是指电源与电力用户直接连接的专用电力线路。,规则词典_v1,待人工复核,2026-05-05 01:24:21
AUTO-20260427-851724B835,关于明确我市应急备用煤电机组容量电价有关事项的通知_价格管理,2025-11-17,沪发改价管〔2025〕43号,上海,官方政策,现行有效,机器抽取,市场机制;技术标准;信息披露,并网约束;信息约束,,发电企业;电力用户;交易机构,发电;输配电;调度运行;辅助服务;现货市场,容量价格,辅助服务交易,电费结算;分摊机制,,,,成本疏导;项目准入影响,辅助服务收益,,关于明确我市应急备用煤电机组容量电价有关事项的通知_价格管理 上海市发展和改革委员会 上海市发展和改革委员会 上海 官方政策 容量电价 容量电价 关于明确我市应急备用煤电机组容量电价有关事项的通知； | OCR文本待人工复核 关于明确我市应急备用煤电机组容量电价有关事项的通知_价格管理 政务公开 / 决策公开 / 政策文件 / 价格工作 / 价格管理 关于明确我市应急备用煤电机组容量电价有关事项的通知 (发布日期：2025年11月17日 文号：沪发改价管〔2025〕43号) 国网上海市电力公司、上海电力交易中心、各有关单位：： 根据《国家发展改革委 国家能源 | 发电企业每月20日前申报次月机组最大出力，申报最大出力应不超过应急备用机组认定文件确定 一、我市应急备用煤电机组容量电价标准按每年每千瓦256元（含税）执行。,规则词典_v1,待人工复核,2026-05-05 01:24:21
AUTO-20260427-257CE410F0,关于推进电力源网荷储一体化和多能互补发展的指导意见(发改能源规〔2021〕280号),2021-03-05,发改能源规〔2021〕280号,全国,官方政策,现行有效,机器抽取,命令控制;市场机制;规划引导;信息披露;监管执法,准入条件;并网约束;信息约束;消纳约束,绿色激励;试点示范,发电企业;新能源企业;储能企业;电力用户;虚拟电厂;微电网主体,发电;输配电;用电;调度运行;辅助服务;现货市场;中长期市场,,中长期交易;辅助服务交易;需求响应;跨省跨区交易,电费结算;分摊机制,,双碳目标;绿色低碳;新能源消纳;能源安全,新型电力系统;源网荷储;微电网;储能;电网规划;虚拟电厂,收益机制明确;成本疏导;并网条件影响;市场风险暴露;项目准入影响,聚合交易;辅助服务收益;园区微电网,并网消纳风险;合规监管风险,关于推进电力源网荷储一体化和多能互补发展的指导意见(发改能源规〔2021〕280号) 国家发展改革委 国家发展改革委 全国 官方政策 电力市场 源网荷储 关于推进电力源网荷储一体化和多能互补发展的指导意见(发改能源规〔2021〕280号) 【关于推进电力源网荷储一体化和多能互补发展的指导意见(发改能源规〔2021〕280号)】-国家发展和改革委员会 政务公开 | 强化源网荷储各环节间协调互动，充分挖掘系统灵活性调节能力和需求侧资源，有利于各类资源的协调开发和科学配置，提升系统运行效率和电源开发综合效益，构建多元供能智慧保障体系。 | 优先利用清洁能源资源、充分发挥常规电站调节性能、适度配置储能设施、调动需求侧灵活响应积极性，有利于加快能源转型，促进能源领域与生态环境协调可持续发展。,规则词典_v1,待人工复核,2026-05-05 01:24:21
AUTO-20260427-257D529B27,关于完善价格机制促进新能源发电就近消纳的通知(发改价格〔2025〕1192号),2025-09-12,发改价格〔2025〕1192号,全国,官方政策,现行有效,机器抽取,命令控制;市场机制;财政金融;技术标准;信息披露,准入条件;并网约束;履约约束;信息约束;消纳约束,价格激励;绿色激励,电网企业;发电企业;储能企业;电力用户,发电;输配电;售电;用电;调度运行;辅助服务;现货市场,上网电价;输配电价,辅助服务交易,电费结算;分摊机制,,双碳目标;绿色低碳,储能,收益机制明确;成本疏导;并网条件影响;市场风险暴露;项目准入影响,自发自用余电上网;辅助服务收益,并网消纳风险,关于完善价格机制促进新能源发电就近消纳的通知(发改价格〔2025〕1192号) 国家发展改革委 国家发展改革委-政策通知 全国 官方政策 新能源 新能源 关于完善价格机制促进新能源发电就近消纳的通知(发改价格〔2025〕1192号) 【关于完善价格机制促进新能源发电就近消纳的通知(发改价格〔2025〕1192号)】-国家发展和改革委员会 政务公开 关于完善价 | 发展新能源就近消纳，是促进新能源资源开发利用、满足企业绿色用能需求的重要途径。 | 为贯彻落实党中央、国务院决策部署，推动新能源实现更高水平的就近消纳，现就有关事项通知如下。,规则词典_v1,待人工复核,2026-05-05 01:24:21
AUTO-20260427-2DD331A266,关于印发《电力现货连续运行地区市场建设指引》的通知(发改能源〔2025〕1171号),2025-09-12,发改能源〔2025〕1171号,全国,官方政策,现行有效,机器抽取,命令控制;市场机制;规划引导;财政金融;技术标准;信息披露;监管执法,准入条件;履约约束;信息约束;消纳约束,补偿收益;价格激励;绿色激励;试点示范,储能企业;售电公司;电力用户;虚拟电厂;微电网主体,发电;输配电;售电;用电;调度运行;辅助服务;现货市场;中长期市场;绿电绿证,容量价格;辅助服务价格,中长期交易;辅助服务交易;容量交易;跨省跨区交易,电费结算;辅助服务结算;分摊机制,信息披露考核,能源安全,新型电力系统;微电网;储能;虚拟电厂,收益机制明确;成本疏导;并网条件影响;市场风险暴露;项目准入影响,聚合交易;辅助服务收益;园区微电网,合规监管风险,关于印发《电力现货连续运行地区市场建设指引》的通知(发改能源〔2025〕1171号) 国家发展改革委 国家发展改革委-政策通知 全国 官方政策 现货 现货 关于印发《电力现货连续运行地区市场建设指引》的通知(发改能源〔2025〕1171号) 【关于印发《电力现货连续运行地区市场建设指引》的通知(发改能源〔2025〕1171号)】-国家发展和改革委员会 政务公 | 国家发展改革委 国 家 能 源 局 2025年9月2日 附件： 《电力现货连续运行地区市场建设指引》.pdf 电力现货连续运行地区市场建设指引 为加快建设全国统一电力市场体系，构建主体多元、竞争充 分、功能完备的电力市场，引导电力现货市场连续运行的省（区、 市）优化电力市场设计，更好发挥电力市场在促进电力资源优化 配置、保障电力安全供应及支撑新型电力系统建设 | 一、优化现货市场交易机制 一、优化现货市场交易机制 支持各地探索完善新能源全面入市下的现货市场机制。,规则词典_v1,待人工复核,2026-05-05 01:24:21
AUTO-20260427-B292F45571,关于印发《电力现货市场基本规则（试行）》的通知(发改能源规〔2023〕1217号),2023-09-15,发改能源规〔2023〕1217号,全国,官方政策,试行,机器抽取,命令控制;市场机制;规划引导;财政金融;技术标准;信息披露;监管执法,准入条件;并网约束;履约约束;信息约束;消纳约束,补偿收益;价格激励;绿色激励;试点示范,电网企业;发电企业;新能源企业;储能企业;售电公司;电力用户;交易机构;虚拟电厂;微电网主体,发电;输配电;售电;用电;调度运行;辅助服务;现货市场;中长期市场,输配电价;市场形成价格;容量价格;辅助服务价格;偏差价格,中长期交易;现货交易;辅助服务交易;容量交易;需求响应;跨省跨区交易,电费结算;偏差结算;辅助服务结算;分摊机制;周期结算,偏差考核;信用评价;信息披露考核,绿色低碳;新能源消纳;能源安全,新型电力系统;源网荷储;储能;电网规划;虚拟电厂,收益机制明确;成本疏导;并网条件影响;市场风险暴露;项目准入影响,聚合交易;辅助服务收益;园区微电网,价格波动;偏差风险;并网消纳风险;政策状态风险;合规监管风险,关于印发《电力现货市场基本规则（试行）》的通知(发改能源规〔2023〕1217号) 国家发展改革委 国家发展改革委 全国 官方政策 现货 现货 关于印发《电力现货市场基本规则（试行）》的通知(发改能源规〔2023〕1217号) 【关于印发《电力现货市场基本规则（试行）》的通知(发改能源规〔2023〕1217号)】-国家发展和改革委员会 政务公开 规范性文件  | 国家发展改革委 2023年9月7日 附件： 《电力现货市场基本规则（试行）》.ofd 《电力现货市场基本规则（试行）》.pdf 《电力现货市场基本规则（试行）》.ofd 相关政策与解读 国家发展改革委、国家能源局有关负责同志就《电力现货市场基本规则（试行）》答记者问 排行榜 第一章 总则 ................................... | 第二条 本规则所称电力现货市场是指符合准入条件的经营主 体开展日前、日内和实时电能量交易的市场。,规则词典_v1,待人工复核,2026-05-05 01:24:21
AUTO-20260427-F3E6DA37CB,关于印发《南方区域跨区跨省电力中长期交易规则》的通知,2024-04-08,,南方区域,交易规则,现行有效,机器抽取,命令控制;市场机制;技术标准;信息披露;监管执法,准入条件;并网约束,,电网企业;交易机构,输配电;调度运行;现货市场;中长期市场;绿电绿证,,中长期交易;绿电交易;跨省跨区交易,,,,新型电力系统,市场风险暴露,,合规监管风险,关于印发《南方区域跨区跨省电力中长期交易规则》的通知 广州电力交易中心 广州电力交易中心 南方区域 交易规则 中长期 交易规则; | 中长期 关于印发《南方区域跨区跨省电力中长期交易规则》的通知 广州电力交易中心 交易服务热线: 400-15-95598 能源监管热线: 12398 微 信 平台系统 南方区域统一电力交易平台 南方区域现货电能量交易系统 南方区域绿色电力交易系统 新闻资讯 党的声音 公司动态 媒体关注 市场研究 信息发布 最新通知 公示公告 市场服务 市场培训 服务承诺 常 | 附件：南方区域跨区跨省电力中长期规则（另附） 附件：南方区域跨区跨省电力中长期规则（另附） 2024年4月8日 相关附件 广州交易〔2024〕57号_附件：南方区域跨区跨省电力中长期交易规则.docx.docx 相关链接 法律声明 新闻资讯 信息发布 市场服务 政策法规 关于我们 党的声音 公司动态 媒体关注 市场研究 最新通知 公示公告 市场培训 服务承诺,规则词典_v1,待人工复核,2026-05-05 01:24:21
AUTO-20260427-ED23AB24F7,关于印发《南方区域绿色电力交易规则（试行）》的通知,2022-01-28,,南方区域,交易规则,试行,机器抽取,命令控制;市场机制;规划引导;财政金融;技术标准;信息披露;监管执法,准入条件;并网约束;履约约束;信息约束;消纳约束,补偿收益;价格激励;绿色激励;试点示范,电网企业;发电企业;新能源企业;储能企业;售电公司;电力用户;交易机构,发电;输配电;售电;用电;调度运行;辅助服务;现货市场;中长期市场;绿电绿证,上网电价;输配电价;分时电价;市场形成价格;辅助服务价格;偏差价格,中长期交易;现货交易;绿电交易;辅助服务交易;跨省跨区交易,电费结算;偏差结算;辅助服务结算;分摊机制,偏差考核;信息披露考核,双碳目标;绿色低碳,新型电力系统;储能,收益机制明确;成本疏导;并网条件影响;市场风险暴露;项目准入影响,绿电消费;辅助服务收益,偏差风险;并网消纳风险;政策状态风险;合规监管风险,关于印发《南方区域绿色电力交易规则（试行）》的通知 广州电力交易中心 广州电力交易中心 南方区域 交易规则 电力市场 交易规则 关于印发《南方区域绿色电力交易规则（试行）》的通知 广州电力交易中心 交易服务热线: 400-15-95598 能源监管热线: 12398 微 信 平台系统 南方区域统一电力交易平台 南方区域现货电能量交易系统 南方区域绿色电力交易 | 广东电力交易中心 广西电力交易中心 昆明电力交易中心 贵州电力交易中心 海南电力交易中心 2022年1月25日 相关附件 关于印发《南方区域绿色电力交易规则（试行）》的通知.pdf.pdf 关于印发《南方区域绿色电力交易规则（试行）》的通知.pdf.pdf 相关链接 法律声明 新闻资讯 信息发布 市场服务 政策法规 关于我们 党的声音 公司动态 媒体关注 市 | 第二条 本规则所称南方区域是指广东、广西、云南、贵 州、海南等五省区，所称绿色电力、绿色电力证书、绿色电 力交易按以下定义。,规则词典_v1,待人工复核,2026-05-05 01:24:21
AUTO-20260427-F33CEF16E8,关于南方区域电力市场全月结算试运行市场监管有关事项,2024-11-02,,南方区域,交易规则,现行有效,机器抽取,命令控制;市场机制;规划引导;财政金融;技术标准;信息披露;监管执法,准入条件;并网约束;履约约束;信息约束;消纳约束,价格激励;绿色激励;试点示范,电网企业;发电企业;新能源企业;储能企业;售电公司;电力用户;交易机构;虚拟电厂;微电网主体,发电;输配电;售电;用电;调度运行;辅助服务;现货市场;中长期市场;绿电绿证,输配电价;市场形成价格;偏差价格,中长期交易;现货交易;绿电交易;辅助服务交易;需求响应;跨省跨区交易,电费结算;偏差结算;分摊机制,偏差考核;信用评价;信息披露考核,新能源消纳;能源安全,储能;电网规划;虚拟电厂,收益机制明确;成本疏导;并网条件影响;市场风险暴露;项目准入影响,聚合交易;辅助服务收益;园区微电网,价格波动;偏差风险;并网消纳风险;政策状态风险;合规监管风险,关于南方区域电力市场全月结算试运行市场监管有关事项 广州电力交易中心 广州电力交易中心 南方区域 交易规则 电力市场; | 结算 关于南方区域电力市场全月结算试运行市场监管有关事项 广州电力交易中心 交易服务热线: 400-15-95598 能源监管热线: 12398 微 信 平台系统 南方区域统一电力交易平台 南方区域现货电能量交易系统 南方区域绿色电力交易系统 新闻资讯 党的声音 公司动态 媒体关注 市场研究 信息发布 最新通知 公示公告 市场服务 市场培训 服务承诺 常见问 | 原则同意由广州电力交易中心、南网总调发布 《南方区 （二） 省 （区） 内适用规则按审定发布的有关配套实施细则 域电力市场现货电能量交易实施细则（试行 V3.0）》《南方区 域电力市场现货结算实施细则（试行 V3.0）》。,规则词典_v1,待人工复核,2026-05-05 01:24:21
AUTO-20260427-CDA7AFEC1D,关于公开征求《内蒙古自治区绿电直连项目开发建设实施方案（试行）》意见的公告,2025-11-19,内能源公告〔2025〕17号,内蒙古自治区,官方政策,征求意见,机器抽取,命令控制;市场机制;规划引导;财政金融;技术标准;信息披露;监管执法,准入条件;并网约束;履约约束;信息约束;消纳约束,补偿收益;价格激励;绿色激励;试点示范,电网企业;发电企业;新能源企业;储能企业;电力用户;微电网主体;数据中心,发电;输配电;售电;用电;调度运行;辅助服务;现货市场;绿电绿证,输配电价;分时电价,绿电交易;辅助服务交易,电费结算,,新能源消纳,源网荷储;储能;电力算力协同;分布式光伏,收益机制明确;成本疏导;并网条件影响;市场风险暴露;项目准入影响,自发自用余电上网;聚合交易;绿电消费;辅助服务收益;园区微电网,偏差风险;并网消纳风险;政策状态风险;合规监管风险,关于公开征求《内蒙古自治区绿电直连项目开发建设实施方案（试行）》意见的公告 内蒙古自治区能源局 内蒙古自治区能源局 内蒙古自治区 官方政策 绿电 绿电 关于公开征求《内蒙古自治区绿电直连项目开发建设实施方案（试行）》意见的公告 通知公告_ 内蒙古自治区能源局 返回首页 页面放大 页面缩小 语音播报 大鼠标 退出长者模式 通知公告 关于公开征求《内蒙古自治区绿 | 请于2025年12月3日前将修改意见通过电子邮件（nmgnyjxnyc@126.com）反馈我局。 | 建设实施方案 附件：内蒙古自治区绿电直连项目开发建设实施方案（试行） 内蒙古自治区能源局 2025年11月19日 （此件主动公开） 内蒙古自治区绿电直连项目开发 建设实施方案 为进一步明确自治区绿电直连项目的开发与建设管理相关要求，根据《国家发展改革委 国家能源局关于有序推动绿电直连发展有关事项的通知》（发改能源〔 2025 650 号）、《国家发展改革委 ,规则词典_v1,待人工复核,2026-05-05 01:24:21
AUTO-20260427-03A84802A0,关于全面加快电力现货市场建设工作的通知(发改办体改〔2025〕394号),2025-04-29,发改办体改〔2025〕394号,全国,官方政策,现行有效,机器抽取,命令控制;市场机制;信息披露,准入条件;并网约束;履约约束;信息约束,试点示范,电网企业;发电企业;售电公司;电力用户;交易机构,发电;输配电;售电;用电;调度运行;现货市场;中长期市场,,现货交易;跨省跨区交易,,,能源安全,,市场风险暴露;项目准入影响,,偏差风险;政策状态风险,关于全面加快电力现货市场建设工作的通知(发改办体改〔2025〕394号) 国家发展改革委 国家发展改革委-政策通知 全国 官方政策 现货 现货 关于全面加快电力现货市场建设工作的通知(发改办体改〔2025〕394号) 【关于全面加快电力现货市场建设工作的通知(发改办体改〔2025〕394号)】-国家发展和改革委员会 政务公开 关于全面加快电力现货市场建设工作 | 2025年底前，福建 一、湖北电力现货市场要在2025年6月底前、浙江电力现货市场要在2025年底前转入正式运行，安徽、陕西力争在2026年6月底前转入正式运行。 | 2025年底前，福建、四川、辽宁、重庆、湖南、宁夏、江苏、河北南网、江西、河南、上海、吉林、黑龙江、新疆、蒙东、青海要启动现货市场连续结算试运行。,规则词典_v1,待人工复核,2026-05-05 01:24:21
AUTO-20260427-0866006539,关于做好电力现货市场试点连续试结算相关工作的通知(发改办能源规〔2020〕245号),2020-04-03,发改办能源规〔2020〕245号,全国,官方政策,现行有效,机器抽取,命令控制;市场机制;规划引导;财政金融;技术标准;信息披露;监管执法,准入条件;并网约束;履约约束;信息约束,补偿收益;价格激励;试点示范,电网企业;发电企业;售电公司;电力用户;交易机构,发电;输配电;售电;用电;调度运行;辅助服务;现货市场;中长期市场,输配电价;分时电价;市场形成价格;辅助服务价格,中长期交易;现货交易;辅助服务交易;跨省跨区交易,辅助服务结算;分摊机制,,,,收益机制明确;成本疏导;市场风险暴露;项目准入影响,辅助服务收益,价格波动;偏差风险;合规监管风险,"关于做好电力现货市场试点连续试结算相关工作的通知(发改办能源规〔2020〕245号) 国家发展改革委 国家发展改革委 全国 官方政策 现货; | 结算 关于做好电力现货市场试点连续试结算相关工作的通知(发改办能源规〔2020〕245号) 【关于做好电力现货市场试点连续试结算相关工作的通知(发改办能源规〔2020〕245号)】-国家发展和改革委员会 政务公开 规范性文件 关于做好电力现货市场试点连续试结算相关工作的通知(发改办能源规〔2020〕245号) 发布时间：2020/04/03 来源： 能源局  | （一）电力现货市场试点是电力市场化的关键改革,是有序发电和稳定用电的组合改革,是优化布局和优化结构的重大改革。",规则词典_v1,待人工复核,2026-05-05 01:24:21
AUTO-20260427-6FF22802C9,关于促进新能源消纳和调控的指导意见(发改能源〔2025〕1360号),2025-11-10,发改能源〔2025〕1360号,全国,官方政策,现行有效,机器抽取,命令控制;市场机制;规划引导;技术标准;信息披露;监管执法,准入条件;并网约束;信息约束;消纳约束,价格激励;绿色激励;试点示范,电网企业;发电企业;新能源企业;储能企业;售电公司;电力用户;虚拟电厂;微电网主体;数据中心,发电;输配电;售电;用电;调度运行;辅助服务;现货市场;中长期市场;绿电绿证,分时电价;容量价格,中长期交易;现货交易;绿电交易;辅助服务交易;跨省跨区交易,分摊机制,,双碳目标;绿色低碳;新能源消纳;能源安全,新型电力系统;源网荷储;微电网;储能;电网规划;电力算力协同;虚拟电厂,收益机制明确;成本疏导;并网条件影响;市场风险暴露;项目准入影响,自发自用余电上网;聚合交易;绿电消费;辅助服务收益;园区微电网,并网消纳风险;合规监管风险,关于促进新能源消纳和调控的指导意见(发改能源〔2025〕1360号) 国家发展改革委 国家发展改革委-政策通知 全国 官方政策 新能源 新能源 关于促进新能源消纳和调控的指导意见(发改能源〔2025〕1360号) 【关于促进新能源消纳和调控的指导意见(发改能源〔2025〕1360号)】-国家发展和改革委员会 政务公开 关于促进新能源消纳和调控的指导意见(发改 | 一、总体要求 一、总体要求 以习近平新时代中国特色社会主义思想为指导，深入落实“四个革命、一个合作”能源安全新战略，坚持系统观念、分类施策、多元消纳、市场引导、安全为基、创新驱动，完善新能源消纳举措，优化系统调控，促进新能源在大规模开发的同时实现高质量消纳。 | 到2030年，协同高效的多层次新能源消纳调控体系基本建立，持续保障新能源顺利接网、多元利用、高效运行，新增用电量需求主要由新增新能源发电满足。,规则词典_v1,待人工复核,2026-05-05 01:24:21
AUTO-20260427-A739C746F8,关于上海市2025年度新能源增量项目机制电价竞价结果的通知_价格管理,2025-12-03,沪发改价管〔2025〕45号,上海,官方政策,现行有效,机器抽取,市场机制;信息披露,准入条件;信息约束,价格激励,交易机构,现货市场,上网电价;市场形成价格,,,,,,收益机制明确;市场风险暴露;项目准入影响,,,关于上海市2025年度新能源增量项目机制电价竞价结果的通知_价格管理 上海市发展和改革委员会 上海市发展和改革委员会 上海 官方政策 新能源 新能源 关于上海市2025年度新能源增量项目机制电价竞价结果的通知； | OCR文本待人工复核 关于上海市2025年度新能源增量项目机制电价竞价结果的通知_价格管理 政务公开 / 决策公开 / 政策文件 / 价格工作 / 价格管理 关于上海市2025年度新能源增量项目机制电价竞价结果的通知 (发布日期：2025年12月03日 文号：沪发改价管〔2025〕45号) 国网上海市电力公司、上海电力交易中心，上海市经济信息中心，各有关经营 | 现将竞价结果及有关事项通知如下： （一）竞价结果。,规则词典_v1,待人工复核,2026-05-05 01:24:21
AUTO-20260427-C45458E7FC,国家能源局西北监管局关于印发《西北区域跨省电力中长期交易实施细则》的通知（全文）,2024-10-18,西北监能市场〔2024〕74号,西北区域,监管规则,现行有效,机器抽取,命令控制;市场机制;规划引导;财政金融;技术标准;信息披露;监管执法,准入条件;并网约束;履约约束;信息约束;消纳约束,补偿收益;价格激励;绿色激励;试点示范,电网企业;发电企业;新能源企业;储能企业;售电公司;电力用户;交易机构,发电;输配电;售电;用电;调度运行;辅助服务;现货市场;中长期市场;绿电绿证,上网电价;输配电价;分时电价;市场形成价格;辅助服务价格;偏差价格,中长期交易;绿电交易;辅助服务交易;跨省跨区交易,电费结算;偏差结算;辅助服务结算;分摊机制,偏差考核;信用评价;信息披露考核;监管处罚,能源安全,储能;电网规划,收益机制明确;成本疏导;并网条件影响;市场风险暴露;项目准入影响,绿电消费;辅助服务收益,价格波动;偏差风险;并网消纳风险;政策状态风险;合规监管风险,国家能源局西北监管局关于印发《西北区域跨省电力中长期交易实施细则》的通知（全文） 国家能源局派出机构 国家能源局西北监管局 西北区域 监管规则 中长期 实施细则; | 跨省 国家能源局西北监管局关于印发《西北区域跨省电力中长期交易实施细则》的通知（全文） 2024-10-18； | OCR文本待人工复核 国家能源局西北监管局关于印发《西北区域跨省电力中长期交易实施细则》的通知（全文） 设为首页 工作邮箱 机构概览 动态要闻 信息公开 在线办事 互动回应 专题专栏 2024-10-18 15:16 来源：市场处 字体： 西北监能市场〔2024〕74号-国家能源局西北监管局关于印发《西北区域跨省电力中长期交易实施细则》的通知（全文）.pdf,规则词典_v1,待人工复核,2026-05-05 01:24:21
AUTO-20260427-EC19F02593,国家能源局西北监管局关于印发《西北区域省间电力互济交易实施细则(试行)》的通知,2026-04-27,,西北区域,监管规则,试行,机器抽取,命令控制;市场机制;财政金融;技术标准;信息披露;监管执法,准入条件;并网约束;履约约束;信息约束;消纳约束,补偿收益;绿色激励;试点示范,电网企业;发电企业;新能源企业;储能企业;售电公司;电力用户;交易机构;虚拟电厂,发电;输配电;售电;用电;调度运行;辅助服务;现货市场;中长期市场,上网电价;输配电价;市场形成价格;偏差价格,中长期交易;现货交易;辅助服务交易;跨省跨区交易,电费结算;分摊机制;周期结算,信息披露考核,新能源消纳,储能;电网规划;虚拟电厂,收益机制明确;成本疏导;并网条件影响;市场风险暴露;项目准入影响,聚合交易;辅助服务收益,价格波动;偏差风险;并网消纳风险;政策状态风险;合规监管风险,国家能源局西北监管局关于印发《西北区域省间电力互济交易实施细则(试行)》的通知 国家能源局派出机构 国家能源局西北监管局 西北区域 监管规则 省间交易 实施细则; | 省间 国家能源局西北监管局关于印发《西北区域省间电力互济交易实施细则(试行)》的通知 2026-04-27 国家能源局西北监管局关于印发《西北区域省间电力互济交易实施细则(试行)》的通知 设为首页 工作邮箱 机构概览 动态要闻 信息公开 在线办事 互动回应 专题专栏 2026-04-27 17:44 来源：监管二处 字体： 国家能源局西北监管局关于印发《西北 | 第二条 本规则适用于西北电网范围内陕西、甘肃、青海、 宁夏、新疆五省（区）及接入西北电网的直流配套电源组成的 控制区（以下简称配套控制区）之间开展的省间电力互济交易。,规则词典_v1,待人工复核,2026-05-05 01:24:21
AUTO-20260427-BAC94CD920,关于印发《山东省电力现货市场交易规则(试行)》《山东省电力中长期市场交易规则(试行)》《山东省电力零售市场交易规则(试行)》的通知,2020-06-16,鲁监能市场规〔2020〕51号,山东,监管规则,试行,机器抽取,命令控制;市场机制;规划引导;财政金融;技术标准;信息披露;监管执法,准入条件;并网约束;履约约束;信息约束,补偿收益;价格激励;试点示范,电网企业;发电企业;售电公司;电力用户;交易机构;微电网主体,发电;输配电;售电;用电;调度运行;辅助服务;现货市场;中长期市场,输配电价;偏差价格,现货交易;辅助服务交易,电费结算;分摊机制,信用评价;信息披露考核,,微电网;电网规划,收益机制明确;成本疏导;并网条件影响;市场风险暴露;项目准入影响,辅助服务收益;园区微电网,价格波动;偏差风险;并网消纳风险;政策状态风险;合规监管风险,关于印发《山东省电力现货市场交易规则(试行)》《山东省电力中长期市场交易规则(试行)》《山东省电力零售市场交易规则(试行)》的通知 国家能源局派出机构 国家能源局山东监管办公室 山东 监管规则 中长期; | 现货 关于印发《山东省电力现货市场交易规则(试行)》《山东省电力中长期市场交易规则(试行)》《山... 2020-06-16 关于印发《山东省电力现货市场交易规则(试行)》《山东省电力中长期市场交易规则(试行)》《山东省电力零售市场交易规则(试行)》的通知_国家能源局山东监管办公室 设为首页 工作邮箱 机构概览 动态要闻 信息公开 在线办事 互动回应 专题专 | 2.山东省电力中长期市场交易规则（试行) 国家能源局山东监管办公室 山东省发展和改革委员会 山东省能源局 2020年6月15日 附件： 1.山东省电力现货市场交易规则（试行) 2.山东省电力中长期市场交易规则（试行) 3.山东省电力零售市场交易规则（试行) 3.山东省电力零售市场交易规则（试行) 扫一扫在手机打开当前页 地址: 济南市市中区七里山路55号 邮,规则词典_v1,待人工复核,2026-05-05 01:24:21
AUTO-20260427-E22FE01186,国家能源局华中监管局关于印发《华中省间电力调峰及备用辅助服务市场运营规则》的通知,2022-10-11,,华中区域,监管规则,现行有效,机器抽取,命令控制;市场机制;财政金融;技术标准;信息披露;监管执法,准入条件;并网约束;履约约束;信息约束;消纳约束,补偿收益;价格激励;试点示范,电网企业;发电企业;新能源企业;储能企业;电力用户;交易机构,发电;输配电;售电;用电;调度运行;辅助服务;现货市场;中长期市场,市场形成价格;辅助服务价格;偏差价格,现货交易;辅助服务交易;容量交易;跨省跨区交易,电费结算;偏差结算;辅助服务结算;分摊机制;周期结算,运行考核;偏差考核;信息披露考核,新能源消纳,储能,收益机制明确;成本疏导;并网条件影响;市场风险暴露;项目准入影响,辅助服务收益,价格波动;偏差风险;并网消纳风险;政策状态风险;合规监管风险,国家能源局华中监管局关于印发《华中省间电力调峰及备用辅助服务市场运营规则》的通知 国家能源局派出机构 国家能源局华中监管局 华中区域 监管规则 辅助服务; | 省间 国家能源局华中监管局关于印发《华中省间电力调峰及备用辅助服务市场运营规则》的通知 2022-10-11 国家能源局华中监管局关于印发《华中省间电力调峰及备用辅助服务市场运营规则》的通知 设为首页 工作邮箱 机构概览 动态要闻 信息公开 在线办事 互动回应 专题专栏 2022-10-11 10:11 来源： 字体： 华中监能市场〔 2022 229 华中 | 4.调峰辅助服务河南电网售出电量分摊细则 附件：1.华中省间电力调峰及备用辅助服务市场运营规则 2.日前备用容量跨省预留费用分摊细则 3.调峰辅助服务湖北、江西电网售出电量分摊细则 4.调峰辅助服务河南电网售出电量分摊细则 华中省间电力调峰及备用辅助服务市场运营规则.pdf 5.调峰辅助服务湖南电网售出电量分摊细则 国家能源局华中监管局 2022年9月30日,规则词典_v1,待人工复核,2026-05-05 01:24:21
AUTO-20260427-5D8B9D2AA9,国家能源局西北监管局关于印发《西北区域备用辅助服务市场运营规则》的通知,2023-05-18,,西北区域,监管规则,现行有效,机器抽取,命令控制;市场机制;规划引导;财政金融;技术标准;信息披露;监管执法,准入条件;并网约束;履约约束;信息约束;消纳约束,补偿收益;价格激励;试点示范,电网企业;发电企业;电力用户;交易机构,发电;输配电;用电;调度运行;辅助服务;现货市场;中长期市场,输配电价;市场形成价格;辅助服务价格;偏差价格,中长期交易;现货交易;辅助服务交易;跨省跨区交易,电费结算;辅助服务结算;周期结算,信息披露考核,能源安全,,收益机制明确;成本疏导;并网条件影响;市场风险暴露;项目准入影响,辅助服务收益,价格波动;偏差风险;并网消纳风险;政策状态风险;合规监管风险,国家能源局西北监管局关于印发《西北区域备用辅助服务市场运营规则》的通知 国家能源局派出机构 国家能源局西北监管局 西北区域 监管规则 辅助服务 运营规则; | 备用 国家能源局西北监管局关于印发《西北区域备用辅助服务市场运营规则》的通知 2023-05-18； | OCR文本待人工复核 国家能源局西北监管局关于印发《西北区域备用辅助服务市场运营规则》的通知 国家能源局西北监管局关于印发《西北区域备用辅助服务市场运营规则》的通知 设为首页 工作邮箱 机构概览 动态要闻 信息公开 在线办事 互动回应 专题专栏 2023-05-18 00:00 来源：市场处 字体： 附件: 西北区域备用辅助服务市场运营规则.pdf 西北区域,规则词典_v1,待人工复核,2026-05-05 01:24:21
AUTO-20260427-426F6E93C0,国家能源局西北监管局关于印发《西北区域省间调峰辅助服务市场运营规则》补充修订条款的通知,2023-11-21,西北监能市场〔2023〕2号,西北区域,监管规则,现行有效,机器抽取,命令控制;市场机制;财政金融;技术标准;信息披露;监管执法,准入条件;并网约束;履约约束;信息约束;消纳约束,补偿收益;价格激励;试点示范,电网企业;发电企业;新能源企业;储能企业;电力用户;交易机构;虚拟电厂,发电;输配电;用电;调度运行;辅助服务;现货市场,分时电价;市场形成价格;辅助服务价格;偏差价格,现货交易;辅助服务交易;需求响应;跨省跨区交易,电费结算;辅助服务结算;分摊机制,,新能源消纳,储能;虚拟电厂,收益机制明确;成本疏导;并网条件影响;市场风险暴露;项目准入影响,聚合交易;辅助服务收益,偏差风险;并网消纳风险;政策状态风险;合规监管风险,国家能源局西北监管局关于印发《西北区域省间调峰辅助服务市场运营规则》补充修订条款的通知 国家能源局派出机构 国家能源局西北监管局 西北区域 监管规则 辅助服务; | 省间 国家能源局西北监管局关于印发《西北区域省间调峰辅助服务市场运营规则》补充修订... 2023-11-21； | OCR文本待人工复核 国家能源局西北监管局关于印发《西北区域省间调峰辅助服务市场运营规则》补充修订条款的通知 设为首页 工作邮箱 机构概览 动态要闻 信息公开 在线办事 互动回应 专题专栏 2023-11-21 11:40 来源：市场处 字体： 西北监能市场〔2023〕2号-国家能源局西北监管局关于印发《西北区域省间调峰辅助服务市场运营规则》补充修订条款的通,规则词典_v1,待人工复核,2026-05-05 01:24:21
AUTO-20260427-A21BC5FA77,国家能源局华中监管局关于印发《湖北源网荷储电力调峰辅助服务市场运营规则》的通知,2024-01-03,,华中区域,监管规则,现行有效,机器抽取,命令控制;市场机制;财政金融;技术标准;信息披露;监管执法,准入条件;并网约束;履约约束;信息约束;消纳约束,补偿收益;价格激励;绿色激励;试点示范,电网企业;发电企业;新能源企业;储能企业;售电公司;电力用户;交易机构;虚拟电厂;微电网主体,发电;输配电;售电;用电;调度运行;辅助服务;现货市场,分时电价;市场形成价格;辅助服务价格;偏差价格,现货交易;辅助服务交易;需求响应;跨省跨区交易,电费结算;辅助服务结算;分摊机制;周期结算,运行考核;信息披露考核,,源网荷储;储能;虚拟电厂,收益机制明确;成本疏导;并网条件影响;市场风险暴露;项目准入影响,聚合交易;辅助服务收益;园区微电网,价格波动;偏差风险;并网消纳风险;合规监管风险,国家能源局华中监管局关于印发《湖北源网荷储电力调峰辅助服务市场运营规则》的通知 国家能源局派出机构 国家能源局华中监管局 华中区域 监管规则 辅助服务 运营规则; | 源网荷储 国家能源局华中监管局关于印发《湖北源网荷储电力调峰辅助服务市场运营规则》的通知 2024-01-03 国家能源局华中监管局关于印发《湖北源网荷储电力调峰辅助服务市场运营规则》的通知 设为首页 工作邮箱 机构概览 动态要闻 信息公开 在线办事 互动回应 专题专栏 2024-01-03 14:55 来源：国家能源局华中监管局 字体： 国家能源局华中监管 | 联系电话： 027-88717613 027-88717610 附件： 第一条 湖北源网荷储电力调峰辅助服务市场运营规则 国家能源局华中监管局 2023 뫾놱풴췸뫉뒢뗧솦뗷럥뢨훺럾컱쫐뎡 퓋펪맦퓲 第一章 第一条 为建立健全电力调峰辅助服务市场机制，发挥市场 在资源配置中的决定性作用 保障湖北电力系统安全 本规则依据 济运行，促进风电、光伏、水电等清洁能源消,规则词典_v1,待人工复核,2026-05-05 01:24:21
AUTO-20260427-EDE85AAF9A,关于印发修订后的《上海电力中长期交易规则》的通知（华东监...,2025-02-21,,华东区域,监管规则,现行有效,机器抽取,命令控制;市场机制;规划引导;财政金融;技术标准;信息披露;监管执法,准入条件;并网约束;履约约束;信息约束;消纳约束,补偿收益;价格激励;绿色激励;试点示范,电网企业;发电企业;新能源企业;储能企业;售电公司;电力用户;交易机构;虚拟电厂;微电网主体,发电;输配电;售电;用电;调度运行;辅助服务;现货市场;中长期市场;绿电绿证,上网电价;输配电价;分时电价;市场形成价格;容量价格;辅助服务价格;偏差价格,中长期交易;现货交易;绿电交易;辅助服务交易;容量交易;需求响应,电费结算;偏差结算;辅助服务结算;分摊机制,偏差考核;信用评价;信息披露考核,,微电网;储能;电网规划;虚拟电厂,收益机制明确;成本疏导;并网条件影响;市场风险暴露;项目准入影响,聚合交易;绿电消费;辅助服务收益;园区微电网,价格波动;偏差风险;并网消纳风险;政策状态风险;合规监管风险,"关于印发修订后的《上海电力中长期交易规则》的通知（华东监... 国家能源局派出机构 国家能源局华东监管局 华东区域 监管规则 中长期 交易规则; | 中长期 关于印发修订后的《上海电力中长期交易规则》的通知（华东监... 2025-02-21； | OCR文本待人工复核 --- 第 1 页 OCR --- 国家能源局华东监管局 上海市发展和改革委员会文件 上海市经济和信息化委员会 华东监能市场〔2025］5号 关于印发修订后的《上海电力中长期 交易规则》的通知 交易规则》的通知 国网上海市电力公司，上海电力交易中心有限公司,有关发电企业、 售电公司、电力用户： 为做好与上海电力现货市场的衔接，适应上海电",规则词典_v1,待人工复核,2026-05-05 01:24:21
AUTO-20260427-EC24CC36EA,关于印发修订后的《安徽电力中长期交易规则》的通知（华东监...,2025-02-21,中发〔2015〕9号,华东区域,监管规则,现行有效,机器抽取,命令控制;市场机制;规划引导;财政金融;技术标准;信息披露;监管执法,准入条件;并网约束;履约约束;信息约束;消纳约束,补偿收益;价格激励;绿色激励;试点示范,电网企业;发电企业;新能源企业;储能企业;售电公司;电力用户;交易机构;虚拟电厂;微电网主体,发电;输配电;售电;用电;调度运行;辅助服务;现货市场;中长期市场;绿电绿证,上网电价;输配电价;分时电价;市场形成价格;容量价格;辅助服务价格;偏差价格,中长期交易;现货交易;绿电交易;辅助服务交易;需求响应;跨省跨区交易,电费结算;偏差结算;辅助服务结算;分摊机制;周期结算,偏差考核;信息披露考核;监管处罚,,储能;电网规划;虚拟电厂,收益机制明确;成本疏导;并网条件影响;市场风险暴露;项目准入影响,聚合交易;绿电消费;辅助服务收益;园区微电网,价格波动;偏差风险;并网消纳风险;合规监管风险,关于印发修订后的《安徽电力中长期交易规则》的通知（华东监... 国家能源局派出机构 国家能源局华东监管局 华东区域 监管规则 中长期 交易规则; | 中长期 关于印发修订后的《安徽电力中长期交易规则》的通知（华东监... 2025-02-21； | OCR文本待人工复核 交易规则》的通知 --- 第 1 页 OCR --- 国家能源局华东监管局 安徽省能源局 华东监能市场［2025］6号 关于印发修订后的《安徽电力中长期 交易规则》的通知 国网安徽省电力有限公司，安徽电力交易中心有限公司，有关发电 企业、售电公司、电力用户： 为积极稳妥推进安徽电力市场建设，做好安徽电力中长期 市场和安徽电力现货市场的衔,规则词典_v1,待人工复核,2026-05-05 01:24:21
AUTO-20260427-3ADCAA1520,国家能源局西北监管局关于印发《西北区域抽水蓄能电站参与跨省电力交易实施细则（试行）》的通知,2025-05-15,,西北区域,监管规则,现行有效,机器抽取,命令控制;市场机制;财政金融;技术标准;信息披露;监管执法,准入条件;并网约束;履约约束;信息约束;消纳约束,补偿收益;价格激励;试点示范,电网企业;发电企业;储能企业;电力用户;交易机构,发电;输配电;售电;用电;调度运行;辅助服务;现货市场;中长期市场,上网电价;输配电价;分时电价;市场形成价格;容量价格;偏差价格,中长期交易;现货交易;辅助服务交易;跨省跨区交易,电费结算;偏差结算;分摊机制,偏差考核;信息披露考核,新能源消纳,储能,收益机制明确;成本疏导;并网条件影响;市场风险暴露;项目准入影响,辅助服务收益,价格波动;偏差风险;并网消纳风险;政策状态风险;合规监管风险,国家能源局西北监管局关于印发《西北区域抽水蓄能电站参与跨省电力交易实施细则（试行）》的通知 国家能源局派出机构 国家能源局西北监管局 西北区域 监管规则 电力市场 电力交易; | 跨省 国家能源局西北监管局关于印发《西北区域抽水蓄能电站参与跨省电力交易实施细则（... 2025-05-15； | OCR文本待人工复核 国家能源局西北监管局关于印发《西北区域抽水蓄能电站参与跨省电力交易实施细则（试行）》的通知 设为首页 工作邮箱 机构概览 动态要闻 信息公开 在线办事 互动回应 专题专栏 2025-05-15 17:10 来源：市场处 字体： 国家能源局西北监管局关于印发《西北区域抽水蓄能电站参与跨省电力交易实施细则（试行）》的通知.pdf 扫一扫在手,规则词典_v1,待人工复核,2026-05-05 01:24:21
AUTO-20260427-166CF8A8B5,华东能源监管局关于加强电力中长期批发交易监管的通知,2025-12-23,,华东区域,监管规则,现行有效,机器抽取,命令控制;市场机制;信息披露;监管执法,准入条件;履约约束;信息约束,,发电企业;售电公司;交易机构,发电;售电;调度运行;现货市场;中长期市场,市场形成价格,中长期交易,,信息披露考核,,,成本疏导,,价格波动;偏差风险;合规监管风险,华东能源监管局关于加强电力中长期批发交易监管的通知 国家能源局派出机构 国家能源局华东监管局 华东区域 监管规则 中长期 中长期 华东能源监管局关于加强电力中长期批发交易监管的通知 2025-12-23； | OCR文本待人工复核 --- 第 1 页 OCR --- 国家能源局华东监管局 华东能源监管局关于加强电力 中长期批发交易监管的通知 上海、安徽电力交易中心，各有关发电企业、售电公司和电力批发 用户： 为落实《关于做好2026年电力中长期合同签约履约工作的通 知》（发改运行［2025］1502号）要求，进一步规范电力市场交 一、依法合规参与电力中长期交易 易 | 一、依法合规参与电力中长期交易 各发电企业、售电公司和电力批发用户在交易过程中，要严 格遵守国家有关法律法规，按照市场交易规则，依法合规参与电 格遵守国家有关法律法规，按照市场交易规则，依法合规参与电 力中长期批发交易。,规则词典_v1,待人工复核,2026-05-05 01:24:21
AUTO-20260427-054169DB65,华中能源监管局关于印发《华中区域（东四省）电力互济交易实施细则》的通知,2026-01-30,,华中区域,监管规则,现行有效,机器抽取,命令控制;市场机制;财政金融;技术标准;信息披露;监管执法,准入条件;并网约束;履约约束;信息约束;消纳约束,补偿收益;价格激励;试点示范,电网企业;发电企业;储能企业;售电公司;电力用户;交易机构;虚拟电厂,发电;输配电;售电;用电;调度运行;辅助服务;现货市场;中长期市场;绿电绿证,输配电价;分时电价;市场形成价格;容量价格;偏差价格,中长期交易;现货交易;需求响应;跨省跨区交易,电费结算;偏差结算;辅助服务结算;分摊机制;周期结算,偏差考核;信息披露考核,能源安全,储能;电网规划;虚拟电厂,收益机制明确;成本疏导;并网条件影响;市场风险暴露;项目准入影响,聚合交易;辅助服务收益,价格波动;偏差风险;并网消纳风险;政策状态风险;合规监管风险,华中能源监管局关于印发《华中区域（东四省）电力互济交易实施细则》的通知 国家能源局派出机构 国家能源局华中监管局 华中区域 监管规则 电力市场 实施细则 华中能源监管局关于印发《华中区域（东四省）电力互济交易实施细则》的通知 2026-01-30 华中能源监管局关于印发《华中区域（东四省）电力互济交易实施细则》的通知 华中能源监管局关于印发《华中区域（东四省 | 华中能源监管局关于印发《华中区域（东四省）电力互济交易实施细则》的通知 请国网华中分部及河南、湖北、湖南、江西四省电力调度机构加快技术支持系统建设，尽快启动结算试运行，电力交易机构配合做好经营主体注册入市、交易平台功能改造、交易结算等工作，电力调度机构和电力交易机构共同加强对经营主体的宣贯培训、信息披露、风险防控等相关工作。 | 国家能源局华中监管局 华中区域（东四省）电力互济交易实施细则.pdf 华中区域（东四省）电力互济交易实施细则.pdf 扫一扫在手机打开当前页 网站标识码：bm62000009号 京ICP备11044902号 京公网安备 11010202007691 办公地址：湖北省武汉市洪山区徐东大街63号国家能源大厦20-22层，邮政编码：430066 联系电话： 027,规则词典_v1,待人工复核,2026-05-05 01:24:21
AUTO-20260427-2C79213C08,关于修订山东省电力中长期交易规则有关条款的通知,2019-12-20,,山东,监管规则,现行有效,机器抽取,命令控制;市场机制;规划引导;财政金融;技术标准;信息披露;监管执法,准入条件;并网约束;履约约束;信息约束;消纳约束,补偿收益;价格激励;绿色激励;试点示范,电网企业;发电企业;新能源企业;储能企业;售电公司;电力用户;交易机构,发电;输配电;售电;用电;调度运行;辅助服务;现货市场;中长期市场,上网电价;输配电价;分时电价;市场形成价格;辅助服务价格;偏差价格,中长期交易;辅助服务交易;跨省跨区交易,电费结算;偏差结算;辅助服务结算;分摊机制,运行考核;偏差考核;信息披露考核,,储能,收益机制明确;成本疏导;并网条件影响;市场风险暴露;项目准入影响,辅助服务收益,偏差风险;并网消纳风险;政策状态风险;合规监管风险,关于修订山东省电力中长期交易规则有关条款的通知 国家能源局派出机构 国家能源局山东监管办公室 山东 监管规则 中长期 交易规则; | 中长期 关于修订山东省电力中长期交易规则有关条款的通知 2019-12-20 关于修订山东省电力中长期交易规则有关条款的通知 关于修订山东省电力中长期交易规则有关条款的通知_国家能源局山东监管办公室 设为首页 工作邮箱 机构概览 动态要闻 信息公开 在线办事 互动回应 专题专栏 关于修订山东省电力中长期交易规则有关条款的通知 2019-12-20 13:11 | 请国网山东省电力公司和山东省电力交易中心及时调整技术支持系统，做好相关电力直接交易工作。,规则词典_v1,待人工复核,2026-05-05 01:24:21
AUTO-20260427-E6623247A3,山东能源监管办 山东省发展改革委 山东省能源局关于征求《山东省电力现货市场交易规则》、《山东省电力中长期市场交易规则》、《山东省电力零售市场交易规则》(征求意见稿)意见的通知,2020-02-03,,山东,监管规则,现行有效,机器抽取,命令控制;市场机制;规划引导;财政金融;技术标准;信息披露;监管执法,准入条件;并网约束;履约约束;信息约束,补偿收益;价格激励;试点示范,电网企业;发电企业;售电公司;电力用户;交易机构;微电网主体,发电;输配电;售电;用电;调度运行;辅助服务;现货市场;中长期市场,输配电价;偏差价格,现货交易;辅助服务交易,电费结算;分摊机制,信用评价;信息披露考核,,微电网;电网规划,收益机制明确;成本疏导;并网条件影响;市场风险暴露;项目准入影响,辅助服务收益;园区微电网,价格波动;偏差风险;并网消纳风险;政策状态风险;合规监管风险,山东能源监管办 山东省发展改革委 山东省能源局关于征求《山东省电力现货市场交易规则》、《山东省电力中长期市场交易规则》、《山东省电力零售市场交易规则》(征求意见稿)意见的通知 国家能源局派出机构 国家能源局山东监管办公室 山东 监管规则 现货 交易规则; | 现货 山东能源监管办 山东省发展改革委 山东省能源局关于征求《山东省电力现货市场交易规则》、《... 2020-02-03 山东能源监管办 山东省发展改革委 山东省能源局关于征求《山东省电力现货市场交易规则》、《山东省电力中长期市场交易规则》、《山东省电力零售市场交易规则》(征求意见稿)意见的通知_国家能源局山东监管办公室 设为首页 工作邮箱 机构概览 动态 | 在研究论证各方面意见的基础上，根据我省电力市场改革实际，再次修改《山东省电力现货市场交易规则》、《山东省电力中长期市场交易规则》，并起草了《山东省电力零售市场交易规则》，形成了第二次征求意见稿。,规则词典_v1,待人工复核,2026-05-05 01:24:21
AUTO-20260427-90D968B235,华中能源监管局关于印发《湖北电力调峰辅助服务市场运营规则（试行）》的通知,2020-06-09,,华中区域,监管规则,试行,机器抽取,命令控制;市场机制;财政金融;技术标准;信息披露;监管执法,准入条件;并网约束;履约约束;信息约束;消纳约束,补偿收益;试点示范,电网企业;发电企业;新能源企业;储能企业;售电公司;电力用户;交易机构,发电;输配电;售电;用电;调度运行;辅助服务;现货市场,市场形成价格;辅助服务价格;偏差价格,辅助服务交易,电费结算;偏差结算;辅助服务结算;分摊机制;周期结算,运行考核;偏差考核;信息披露考核,,储能,收益机制明确;成本疏导;并网条件影响;市场风险暴露;项目准入影响,辅助服务收益,价格波动;偏差风险;并网消纳风险;政策状态风险;合规监管风险,华中能源监管局关于印发《湖北电力调峰辅助服务市场运营规则（试行）》的通知 国家能源局派出机构 国家能源局华中监管局 华中区域 监管规则 辅助服务 运营规则; | 调峰 华中能源监管局关于印发《湖北电力调峰辅助服务市场运营规则（试行）》的通知 2020-06-09 华中能源监管局关于印发《湖北电力调峰辅助服务市场运营规则（试行）》的通知 华中能源监管局关于印发《湖北电力调峰辅助服务市场运营规则（试行）》的通知 设为首页 工作邮箱 机构概览 动态要闻 信息公开 在线办事 互动回应 专题专栏 2020-06-09 09:1 | 并就《规则》实施，提出以下要求： 一、请国网湖北省电力公司高度重视，加大工作力度，按照2020年9月具备模拟运行条件的目标，组织做好技术支持系统建设等工作。,规则词典_v1,待人工复核,2026-05-05 01:24:21
AUTO-20260427-A0DD00C851,关于组织开展南方区域跨省电力备用辅助服务市场模拟试运行的通知,2022-04-13,,南方区域,监管规则,现行有效,机器抽取,命令控制;市场机制;规划引导;财政金融;信息披露;监管执法,准入条件;并网约束;信息约束,补偿收益;试点示范,电网企业;交易机构,发电;输配电;调度运行;辅助服务,,辅助服务交易;跨省跨区交易,,运行考核,,,收益机制明确;市场风险暴露;项目准入影响,辅助服务收益,价格波动;合规监管风险,关于组织开展南方区域跨省电力备用辅助服务市场模拟试运行的通知 国家能源局派出机构 国家能源局南方监管局 南方区域 监管规则 辅助服务 辅助服务; | 跨省 关于组织开展南方区域跨省电力备用辅助服务市场模拟试运行的通知 2022-04-13 关于组织开展南方区域跨省电力备用辅助服务市场模拟试运行的通知 设为首页 工作邮箱 机构概览 动态要闻 信息公开 在线办事 互动回应 专题专栏 2022-04-13 10:20 来源： SYN 字体： 附件： 2.南方区域跨省电力备用辅助服务市场交易规则（模拟试运行版）. | 场建设方案》 （南方监能市场〔2021〕202 号）组织跨省备用市 一、建立工作机制，完善技术系统 请南方电网电力调度控制中心会同相关电力调度机构、 电力 交易机构，按照《规则》和《南方区域电力辅助服务（备用）市 场建设方案》 （南方监能市场〔2021〕202 号）组织跨省备用市 国家能源局南方监管局 — 2 — 场模拟试运行工作。,规则词典_v1,待人工复核,2026-05-05 01:24:21
AUTO-20260427-6348CCF597,关于审定广西电力市场中长期电能量交易等实施细则的复函,2022-04-18,,南方区域,监管规则,现行有效,机器抽取,命令控制;市场机制;信息披露;监管执法,准入条件;履约约束;信息约束;消纳约束,,电网企业;交易机构,输配电;售电;用电;现货市场;中长期市场,输配电价,中长期交易,,信息披露考核,,,成本疏导;并网条件影响;市场风险暴露,,并网消纳风险;合规监管风险,关于审定广西电力市场中长期电能量交易等实施细则的复函 国家能源局派出机构 国家能源局南方监管局 南方区域 监管规则 电力市场; | 电能量 关于审定广西电力市场中长期电能量交易等实施细则的复函 2022-04-18 关于审定广西电力市场中长期电能量交易等实施细则的复函 关于审定广西电力市场中长期电能量交易等实施细则的复函 设为首页 工作邮箱 机构概览 动态要闻 信息公开 在线办事 互动回应 专题专栏 2022-04-18 19:00 来源： SYN 字体： 附件： 2.关于审定广西电力市 | 场中长期电能量交易实施细则》 《广西电力市场发用电权转让交 一、广西电力交易中心依据 《广西电力中长期交易规则》 规 定， 进一步细化交易和结算业务规则， 编制形成了 《广西电力市 场中长期电能量交易实施细则》 《广西电力市场发用电权转让交 电力批发市场结算实施细则》 （以下简称《实施细则》 ） ，并经广 易实施细则》 《广西电力市场合同电量转让交易实施细则,规则词典_v1,待人工复核,2026-05-05 01:24:21
AUTO-20260427-167238164B,国家能源局华中监管局关于《华中省间电力调峰及备用辅助服务市场运营规则（征求意见稿）》公开征求意见的通知,2022-04-24,,华中区域,监管规则,现行有效,机器抽取,命令控制;市场机制;财政金融;技术标准;信息披露;监管执法,准入条件;并网约束;履约约束;信息约束;消纳约束,补偿收益;试点示范,电网企业;发电企业;新能源企业;储能企业;电力用户;交易机构,发电;输配电;售电;用电;调度运行;辅助服务;现货市场;中长期市场,输配电价;市场形成价格;辅助服务价格;偏差价格,中长期交易;现货交易;辅助服务交易;容量交易;跨省跨区交易,电费结算;偏差结算;辅助服务结算;分摊机制;周期结算,运行考核;偏差考核,,储能,收益机制明确;成本疏导;并网条件影响;市场风险暴露;项目准入影响,辅助服务收益,价格波动;偏差风险;并网消纳风险;政策状态风险;合规监管风险,国家能源局华中监管局关于《华中省间电力调峰及备用辅助服务市场运营规则（征求意见稿）》公开征求意见的通知 国家能源局派出机构 国家能源局华中监管局 华中区域 监管规则 辅助服务; | 省间 国家能源局华中监管局关于《华中省间电力调峰及备用辅助服务市场运营规则（征求意... 2022-04-24 国家能源局华中监管局关于《华中省间电力调峰及备用辅助服务市场运营规则（征求意见稿）》公开征求意见的通知 设为首页 工作邮箱 机构概览 动态要闻 信息公开 在线办事 互动回应 专题专栏 2022-04-24 15:11 来源： 字体： 为贯彻落实《国 | 欢迎有关单位和社会各界人士于 2022年5月25日前以电子邮件方式（邮箱：schzj nea.gov.cn），就《华中省间电力调峰及备用辅助服务市场运营规则（征求意见稿）》提出宝贵意见建议。,规则词典_v1,待人工复核,2026-05-05 01:24:21
AUTO-20260427-3CFB9AC233,跨省跨区送电参与南方（以广东起步）现货市场偏差处理办法解读,2022-08-01,,南方区域,监管规则,现行有效,机器抽取,命令控制;市场机制;信息披露;监管执法,履约约束;信息约束,,,现货市场,偏差价格,跨省跨区交易,,,,,市场风险暴露,,偏差风险;合规监管风险,跨省跨区送电参与南方（以广东起步）现货市场偏差处理办法解读 国家能源局派出机构 国家能源局南方监管局 南方区域 监管规则 现货 现货; | 跨区 跨省跨区送电参与南方（以广东起步）现货市场偏差处理办法解读 2022-08-01 跨省跨区送电参与南方（以广东起步）现货市场偏差处理办法解读 跨省跨区送电参与南方（以广东起步）现货市场偏差处理办法解读 设为首页 工作邮箱 机构概览 动态要闻 信息公开 在线办事 互动回应 专题专栏 2022-08-01 12:51 来源： 国家能源局南方监管局 字体： ,规则词典_v1,待人工复核,2026-05-05 01:24:21
AUTO-20260427-A21D2B578A,关于印发《江西省电力中长期交易实施细则》的通知,2022-08-18,,华中区域,监管规则,现行有效,机器抽取,命令控制;市场机制;规划引导;财政金融;技术标准;信息披露;监管执法,准入条件;并网约束;履约约束;信息约束;消纳约束,补偿收益;价格激励;绿色激励;试点示范,电网企业;发电企业;新能源企业;储能企业;售电公司;电力用户;交易机构,发电;输配电;售电;用电;调度运行;辅助服务;现货市场;中长期市场,上网电价;输配电价;分时电价;市场形成价格;容量价格;辅助服务价格;偏差价格,中长期交易;现货交易;辅助服务交易;容量交易;跨省跨区交易,电费结算;偏差结算;辅助服务结算;分摊机制,偏差考核;信用评价;信息披露考核,新能源消纳,储能;电网规划,收益机制明确;成本疏导;并网条件影响;市场风险暴露;项目准入影响,辅助服务收益,价格波动;偏差风险;并网消纳风险;合规监管风险,关于印发《江西省电力中长期交易实施细则》的通知 国家能源局派出机构 国家能源局华中监管局 华中区域 监管规则 中长期 实施细则; | 中长期 关于印发《江西省电力中长期交易实施细则》的通知 2022-08-18 关于印发《江西省电力中长期交易实施细则》的通知 关于印发《江西省电力中长期交易实施细则》的通知 设为首页 工作邮箱 机构概览 动态要闻 信息公开 在线办事 互动回应 专题专栏 2022-08-18 10:05 来源： 字体： 华中监能市场﹝2022﹞186号 国网华中分部，国网江西 | 请江西电力交易中心按照本《细则》要求，完善电力中长期交易技术支持系统，细化工作流程，加强信息报送与披露，为市场主体提供规范、公正、透明 一、认真做好实施相关工作。,规则词典_v1,待人工复核,2026-05-05 01:24:21
AUTO-20260427-F79895D50A,关于印发《重庆市电力中长期交易规则》的通知,2022-09-28,,华中区域,监管规则,现行有效,机器抽取,命令控制;市场机制;规划引导;财政金融;技术标准;信息披露;监管执法,准入条件;并网约束;履约约束;信息约束;消纳约束,补偿收益;价格激励;绿色激励;试点示范,电网企业;发电企业;新能源企业;储能企业;售电公司;电力用户;交易机构,发电;输配电;售电;用电;调度运行;辅助服务;现货市场;中长期市场,上网电价;输配电价;分时电价;市场形成价格;容量价格;辅助服务价格;偏差价格,中长期交易;现货交易;辅助服务交易;容量交易;跨省跨区交易,电费结算;偏差结算;辅助服务结算;分摊机制,偏差考核;信用评价;信息披露考核,新能源消纳,储能;电网规划,收益机制明确;成本疏导;并网条件影响;市场风险暴露;项目准入影响,辅助服务收益,价格波动;偏差风险;并网消纳风险;合规监管风险,关于印发《重庆市电力中长期交易规则》的通知 国家能源局派出机构 国家能源局华中监管局 华中区域 监管规则 中长期 交易规则; | 中长期 关于印发《重庆市电力中长期交易规则》的通知 2022-09-28 关于印发《重庆市电力中长期交易规则》的通知 关于印发《重庆市电力中长期交易规则》的通知 设为首页 工作邮箱 机构概览 动态要闻 信息公开 在线办事 互动回应 专题专栏 2022-09-28 17:31 来源： 字体： 华中监能市场 2022 217 国网西南分部，国网重庆市电力公司，重 | 请重庆电力交易中心按照本《规则》要求，完善电力中长期交易技术支持系统，细化工作流程，加强信息报送与披露，为市场主体提供规范、公正、透明 一、认真做好实施相关工作。,规则词典_v1,待人工复核,2026-05-05 01:24:21
AUTO-20260427-D122E3E18C,关于印发《重庆电力调频辅助服务市场运营规则》的通知,2022-12-09,华中监能市场〔2022〕264号,华中区域,监管规则,现行有效,机器抽取,命令控制;市场机制;财政金融;技术标准;信息披露;监管执法,准入条件;并网约束;履约约束;信息约束;消纳约束,补偿收益;试点示范,电网企业;发电企业;新能源企业;储能企业;售电公司;电力用户;交易机构;虚拟电厂,发电;输配电;售电;用电;调度运行;辅助服务;现货市场,市场形成价格;容量价格;辅助服务价格;偏差价格,辅助服务交易;容量交易,电费结算;辅助服务结算;分摊机制;周期结算,运行考核;信息披露考核;监管处罚,,新型电力系统;储能;虚拟电厂,收益机制明确;成本疏导;并网条件影响;市场风险暴露;项目准入影响,聚合交易;辅助服务收益,价格波动;偏差风险;并网消纳风险;合规监管风险,关于印发《重庆电力调频辅助服务市场运营规则》的通知 国家能源局派出机构 国家能源局华中监管局 华中区域 监管规则 辅助服务 运营规则; | 调频 关于印发《重庆电力调频辅助服务市场运营规则》的通知 2022-12-09 关于印发《重庆电力调频辅助服务市场运营规则》的通知 关于印发《重庆电力调频辅助服务市场运营规则》的通知 设为首页 工作邮箱 机构概览 动态要闻 信息公开 在线办事 互动回应 专题专栏 2022-12-09 16:24 来源： 字体： 华中监能市场〔2022〕264号 国网西南分部 | 重庆电力调频辅助服务市场运营规则.pdf 附件：重庆电力调频辅助服务市场运营规则 国家能源局华中监管局 2022年12月8日 重庆电力调频辅助服务市场运营规则.pdf 扫一扫在手机打开当前页 网站标识码：bm62000009号 京ICP备11044902号 京公网安备 11010202007691 办公地址：湖北省武汉市洪山区徐东大街63号国家能源大厦20-,规则词典_v1,待人工复核,2026-05-05 01:24:21
AUTO-20260427-9347AA22F9,华中能源监管局关于印发《江西电力调频辅助服务市场运营规则》的通知,2022-12-29,,华中区域,监管规则,现行有效,机器抽取,命令控制;市场机制;财政金融;技术标准;信息披露;监管执法,准入条件;并网约束;履约约束;信息约束;消纳约束,补偿收益;价格激励;试点示范,电网企业;发电企业;新能源企业;储能企业;售电公司;电力用户;交易机构;虚拟电厂,发电;输配电;售电;用电;调度运行;辅助服务;现货市场,市场形成价格;辅助服务价格;偏差价格,现货交易;辅助服务交易;需求响应,电费结算;辅助服务结算;分摊机制;周期结算,运行考核;信息披露考核;监管处罚,,新型电力系统;储能;虚拟电厂,收益机制明确;成本疏导;并网条件影响;市场风险暴露;项目准入影响,聚合交易;辅助服务收益,价格波动;偏差风险;并网消纳风险;合规监管风险,华中能源监管局关于印发《江西电力调频辅助服务市场运营规则》的通知 国家能源局派出机构 国家能源局华中监管局 华中区域 监管规则 辅助服务 运营规则; | 调频 华中能源监管局关于印发《江西电力调频辅助服务市场运营规则》的通知 2022-12-29 华中能源监管局关于印发《江西电力调频辅助服务市场运营规则》的通知 华中能源监管局关于印发《江西电力调频辅助服务市场运营规则》的通知 设为首页 工作邮箱 机构概览 动态要闻 信息公开 在线办事 互动回应 专题专栏 2022-12-29 09:10 来源： 字体： 国网 | 附件：江西电力调频辅助服务市场运营规则.pdf 附件：江西电力调频辅助服务市场运营规则 国家能源局华中监管局 2022 附件：江西电力调频辅助服务市场运营规则.pdf 扫一扫在手机打开当前页 网站标识码：bm62000009号 京ICP备11044902号 京公网安备 11010202007691 办公地址：湖北省武汉市洪山区徐东大街63号国家能源大厦20-,规则词典_v1,待人工复核,2026-05-05 01:24:21
AUTO-20260427-897D121E2E,国家能源局西北监管局 陕西省发展和改革委员会关于印发《陕西省电力中长期交易规则》的通知,2023-05-15,西北监能市场〔2023〕3号,西北区域,监管规则,现行有效,机器抽取,命令控制;市场机制;规划引导;财政金融;技术标准;信息披露;监管执法,准入条件;并网约束;履约约束;信息约束;消纳约束,补偿收益;价格激励;绿色激励;试点示范,电网企业;发电企业;新能源企业;储能企业;售电公司;电力用户;交易机构;虚拟电厂,发电;输配电;售电;用电;调度运行;辅助服务;现货市场;中长期市场;绿电绿证,上网电价;输配电价;分时电价;市场形成价格;容量价格;辅助服务价格;偏差价格,中长期交易;现货交易;绿电交易;辅助服务交易;容量交易;需求响应;跨省跨区交易,电费结算;偏差结算;辅助服务结算;分摊机制;周期结算,运行考核;偏差考核;信用评价;信息披露考核,,储能;电网规划;虚拟电厂,收益机制明确;成本疏导;并网条件影响;市场风险暴露;项目准入影响,聚合交易;绿电消费;辅助服务收益,价格波动;偏差风险;并网消纳风险;政策状态风险;合规监管风险,国家能源局西北监管局 陕西省发展和改革委员会关于印发《陕西省电力中长期交易规则》的通知 国家能源局派出机构 国家能源局西北监管局 西北区域 监管规则 中长期 交易规则; | 中长期 国家能源局西北监管局 陕西省发展和改革委员会关于印发《陕西省电力中长期交易规则... 2023-05-15； | OCR文本待人工复核 国家能源局西北监管局 陕西省发展和改革委员会关于印发《陕西省电力中长期交易规则》的通知 设为首页 工作邮箱 机构概览 动态要闻 信息公开 在线办事 互动回应 专题专栏 2023-05-15 00:00 来源：市场处 字体： 附件: 西北监能市场〔2023〕3号 -国家能源局西北监管局 陕西省发展和改革委员会关于印发《陕西省电力中长期交易,规则词典_v1,待人工复核,2026-05-05 01:24:21
AUTO-20260427-B436377657,关于印发《南方区域跨省（区）电力应急调度暂行规则》的通知,2023-10-08,,南方区域,监管规则,现行有效,机器抽取,命令控制;市场机制;技术标准;信息披露;监管执法,准入条件;并网约束;履约约束;信息约束;消纳约束,价格激励;试点示范,电网企业;发电企业;电力用户;交易机构,发电;输配电;售电;用电;调度运行;辅助服务;现货市场;中长期市场,上网电价;市场形成价格;偏差价格,中长期交易;现货交易;辅助服务交易;跨省跨区交易,电费结算;偏差结算;分摊机制,信息披露考核,,,收益机制明确;成本疏导;并网条件影响;市场风险暴露;项目准入影响,辅助服务收益,价格波动;偏差风险;并网消纳风险;政策状态风险;合规监管风险,关于印发《南方区域跨省（区）电力应急调度暂行规则》的通知 国家能源局派出机构 国家能源局南方监管局 南方区域 监管规则 电力市场 跨省 关于印发《南方区域跨省（区）电力应急调度暂行规则》的通知 2023-10-08 关于印发《南方区域跨省（区）电力应急调度暂行规则》的通知 关于印发《南方区域跨省（区）电力应急调度暂行规则》的通知 设为首页 工作邮箱 机构概览 | （区）电力应急调度暂行规则》，现予印发，请遵照执行。 | 南方能源监管局 2023 年 10 月 6 日 （主动公开） 国 家 能 源 局 南 方 监 管 局 文 件 — 2 — 第一条 为进一步提升南方区域跨省 （区） 电力余缺互济能 南方区域跨省（区）电力应急调度暂行规则 第一条 为进一步提升南方区域跨省 （区） 电力余缺互济能 力， 有效保障电力系统安全稳定运行、 电力有序供应和清洁能源 消纳， 根据 《中华,规则词典_v1,待人工复核,2026-05-05 01:24:21
AUTO-20260427-4EB78C6B0F,上海电力中长期交易规则—绿色电力交易专章,2024-10-28,发改能源〔2024〕1123号,华东区域,监管规则,现行有效,机器抽取,命令控制;市场机制;规划引导;财政金融;技术标准;信息披露;监管执法,准入条件;并网约束;履约约束;信息约束,补偿收益;价格激励;绿色激励;试点示范,电网企业;发电企业;新能源企业;售电公司;电力用户;交易机构,发电;输配电;售电;用电;调度运行;中长期市场;绿电绿证,分时电价;市场形成价格;偏差价格,中长期交易;绿电交易;跨省跨区交易,电费结算;偏差结算,,,新型电力系统;分布式光伏,收益机制明确;成本疏导;并网条件影响;市场风险暴露;项目准入影响,自发自用余电上网;聚合交易;绿电消费;辅助服务收益,偏差风险;并网消纳风险;合规监管风险,上海电力中长期交易规则—绿色电力交易专章 国家能源局派出机构 国家能源局华东监管局 华东区域 监管规则 中长期 电力交易; | 中长期 上海电力中长期交易规则—绿色电力交易专章 2024-10-28 规则—绿色电力交易专章》（发改能源〔2024〕1123号）等 上海电力中长期交易规则 —绿色电力交易专章 为促进绿色能源生产和消费，推动构建新型电力系统， 做好上海市绿色电力交易工作，依据《电力中长期交易基本 规则—绿色电力交易专章》（发改能源〔2024〕1123号）等 （一）绿色电力是 | 一、绿色电力交易的定义 （一）绿色电力是指符合国家有关政策要求的风电（含 分散式风电和海上风电）、太阳能发电（含分布式光伏发电 和光热发电）、常规水电、生物质发电、地热能发电、海洋 能发电等已建档立卡的可再生能源发电项目所生产的全部 电量。,规则词典_v1,待人工复核,2026-05-05 01:24:21
AUTO-20260427-075F05064A,华东能源监管局关于扩展华东电力调峰辅助服务市场交易至日内...,2024-12-13,中发〔2015〕9号,华东区域,监管规则,现行有效,机器抽取,命令控制;市场机制;财政金融;信息披露;监管执法,准入条件;并网约束;履约约束;信息约束;消纳约束,补偿收益;价格激励;绿色激励;试点示范,电网企业;发电企业;新能源企业;储能企业;电力用户;交易机构,发电;输配电;售电;用电;调度运行;辅助服务;现货市场;中长期市场,上网电价;输配电价;辅助服务价格;偏差价格,现货交易;辅助服务交易;跨省跨区交易,电费结算;辅助服务结算;分摊机制;周期结算,运行考核;信息披露考核,,储能,收益机制明确;成本疏导;并网条件影响;市场风险暴露;项目准入影响,辅助服务收益,偏差风险;并网消纳风险;合规监管风险,华东能源监管局关于扩展华东电力调峰辅助服务市场交易至日内... 国家能源局派出机构 国家能源局华东监管局 华东区域 监管规则 辅助服务 辅助服务; | 调峰 华东能源监管局关于扩展华东电力调峰辅助服务市场交易至日内... 2024-12-13 第一条 为保障华东电网安全运行，缓解华东电网各省 - 3 - 附件： 华东电力调峰辅助服务市场运营规则 （2024 修订版） 第一章 总则 第一条 为保障华东电网安全运行，缓解华东电网各省 （市）调峰资源不均、部分省（市）调峰资源不足问题，建 立市场化的电力调峰辅助服 | 第二条 本规则依据《中共中央国务院关于进一步深化 电力体制改革的若干意见》(中发〔2015〕9 号)及其相关配 套文件、《电力监管条例》(国务院令第 432 号)、《国家能 源局关于印发〈完善电力辅助服务补偿（市场）机制工作方 案〉的通知》（国能发监管〔2017〕67 号）、《国家能源局 关于印发<电力辅助服务管理办法>的通知》(国能发监管规 关于印发<电力,规则词典_v1,待人工复核,2026-05-05 01:24:21
AUTO-20260427-C52ED507A1,国家能源局南方监管局 广东省能源局关于印发《广东电力市场运行规则》的通知,2025-02-17,,南方区域,监管规则,现行有效,机器抽取,命令控制;市场机制;规划引导;财政金融;技术标准;信息披露;监管执法,准入条件;并网约束;履约约束;信息约束;消纳约束,补偿收益;价格激励;绿色激励;试点示范,电网企业;发电企业;新能源企业;储能企业;售电公司;电力用户;交易机构;虚拟电厂;微电网主体,发电;输配电;售电;用电;调度运行;辅助服务;现货市场;中长期市场,上网电价;输配电价;市场形成价格;容量价格;偏差价格,中长期交易;现货交易;辅助服务交易;容量交易;需求响应;跨省跨区交易,电费结算;偏差结算;分摊机制;周期结算,偏差考核;信息披露考核,,新型电力系统;微电网;储能;电网规划;虚拟电厂,收益机制明确;成本疏导;并网条件影响;市场风险暴露;项目准入影响,聚合交易;辅助服务收益;园区微电网,价格波动;偏差风险;并网消纳风险;政策状态风险;合规监管风险,国家能源局南方监管局 广东省能源局关于印发《广东电力市场运行规则》的通知 国家能源局派出机构 国家能源局南方监管局 南方区域 监管规则 电力市场 电力市场 国家能源局南方监管局 广东省能源局关于印发《广东电力市场运行规则》的通知 2025-02-17 国家能源局南方监管局 广东省能源局关于印发《广东电力市场运行规则》的通知 国家能源局南方监管局 广东省能源局 | 第二条本规则适用于南方（以广东起步）电力现货市场（以下简称“广东电力市场” ）运行管理。 | 本规则及相关配套实施细则共同构成广东电力市场运行规则体系。,规则词典_v1,待人工复核,2026-05-05 01:24:21
AUTO-20260427-8C78A58B24,关于印发《区域电网输电价格定价办法(试行)》《跨省跨区专项工程输电价格定价办法(试行)》和《关于制定地方电网和增量配电网配电价格的指导意见》的通知(发改价格规﹝2017﹞2269号),2018-01-03,,全国,官方政策,试行,机器抽取,命令控制;市场机制;规划引导;财政金融;技术标准;信息披露;监管执法,准入条件;并网约束;履约约束;信息约束;消纳约束,补偿收益;价格激励;绿色激励;试点示范,电网企业;新能源企业;售电公司;电力用户;微电网主体,发电;输配电;售电;用电;调度运行;辅助服务;现货市场,上网电价;输配电价;容量价格,现货交易;辅助服务交易;跨省跨区交易,电费结算;分摊机制,,能源安全,源网荷储;电网规划,收益机制明确;成本疏导;并网条件影响;市场风险暴露;项目准入影响,自发自用余电上网;辅助服务收益;园区微电网,并网消纳风险;政策状态风险;合规监管风险,关于印发《区域电网输电价格定价办法(试行)》《跨省跨区专项工程输电价格定价办法(试行)》和《关于制定地方电网和增量配电网配电价格的指导意见》的通知(发改价格规﹝2017﹞2269号) 国家发展改革委 国家发展改革委 全国 官方政策 电力市场 跨省; | 跨区 关于印发《区域电网输电价格定价办法(试行)》《跨省跨区专项工程输电价格定价办法(试行)》和《关于制定地方电网和增量配电网配电价格的指导意见》的通知(发改价格规﹝2017﹞2269号) 【关于印发《区域电网输电价格定价办法(试行)》《跨省跨区专项工程输电价格定价办法(试行)》和《关于制定地方电网和增量配电网配电价格的指导意见》的通知(发改价格规﹝2017 | 试行过程中如遇相关问题和情况，请及时报告。,规则词典_v1,待人工复核,2026-05-05 01:24:21
AUTO-20260427-51EB30208F,关于印发《跨省跨区专项工程输电价格定价办法》的通知(发改价格规〔2021〕1455号),2021-10-15,发改价格规〔2021〕1455号,全国,官方政策,现行有效,机器抽取,命令控制;市场机制;财政金融;信息披露;监管执法,准入条件;履约约束;信息约束,补偿收益;价格激励;绿色激励;试点示范,电网企业;新能源企业;电力用户;微电网主体,发电;输配电;用电;调度运行;现货市场,输配电价;偏差价格,现货交易;跨省跨区交易,分摊机制,信息披露考核,,电网规划,收益机制明确;成本疏导;市场风险暴露;项目准入影响,园区微电网,偏差风险;政策状态风险;合规监管风险,关于印发《跨省跨区专项工程输电价格定价办法》的通知(发改价格规〔2021〕1455号) 国家发展改革委 国家发展改革委 全国 官方政策 电力市场 跨省; | 跨区 关于印发《跨省跨区专项工程输电价格定价办法》的通知(发改价格规〔2021〕1455号) 【关于印发《跨省跨区专项工程输电价格定价办法》的通知(发改价格规〔2021〕1455号)】-国家发展和改革委员会 政务公开 规范性文件 关于印发《跨省跨区专项工程输电价格定价办法》的通知(发改价格规〔2021〕1455号) 发布时间：2021/10/15 来源： 价 | 跨省跨区专项工程输电价格定价办法 附件：跨省跨区专项工程输电价格定价办法 国家发展改革委 2021年10月14日 附件： 跨省跨区专项工程输电价格定价办法 相关政策与解读 国家发展改革委有关负责同志就修订出台《跨省跨区专项工程输电价格定价办法》答记者问 排行榜 第一条 为健全输配电定价制度，科学合理核定跨省跨区专项 跨省跨区专项工程输电价格定价办法 第一章 ,规则词典_v1,待人工复核,2026-05-05 01:24:21
AUTO-20260427-DCD3AEB88C,关于印发《跨省跨区电力应急调度管理办法》的通知(发改运行规〔2025〕1193号),2025-10-13,发改运行规〔2025〕1193号,全国,官方政策,现行有效,机器抽取,命令控制;市场机制;规划引导;技术标准;信息披露;监管执法,准入条件;并网约束;履约约束;信息约束,价格激励;试点示范,电网企业;发电企业;电力用户;交易机构,发电;输配电;用电;调度运行;辅助服务;现货市场;中长期市场,上网电价;市场形成价格;偏差价格,中长期交易;现货交易;辅助服务交易;跨省跨区交易,电费结算;偏差结算;分摊机制,偏差考核;信息披露考核,,,收益机制明确;成本疏导;市场风险暴露;项目准入影响,辅助服务收益,价格波动;偏差风险;合规监管风险,关于印发《跨省跨区电力应急调度管理办法》的通知(发改运行规〔2025〕1193号) 国家发展改革委 国家发展改革委 全国 官方政策 电力市场 跨省; | 跨区 关于印发《跨省跨区电力应急调度管理办法》的通知(发改运行规〔2025〕1193号) 【关于印发《跨省跨区电力应急调度管理办法》的通知(发改运行规〔2025〕1193号)】-国家发展和改革委员会 政务公开 规范性文件 关于印发《跨省跨区电力应急调度管理办法》的通知(发改运行规〔2025〕1193号) 发布时间：2025/10/13 来源： 运行局 [ 打 | 国家发展改革委 国 家 能 源 局 2025年9月9日 附件： 国家发展改革委、国家能源局联合印发《跨省跨区电力应急调度管理办法》 《跨省跨区电力应急调度管理办法》.pdf 《跨省跨区电力应急调度管理办法》.ofd 相关政策与解读 国家发展改革委、国家能源局联合印发《跨省跨区电力应急调度管理办法》 第一条 为健全电力应急机制，规范跨省跨区电力应急调度管 — ,规则词典_v1,待人工复核,2026-05-05 01:24:21
AUTO-20260427-B0F72F5007,关于建立健全电力辅助服务市场价格机制的通知(发改价格〔2024〕196号),2024-02-08,发改价格〔2024〕196号,全国,官方政策,现行有效,机器抽取,命令控制;市场机制;规划引导;财政金融;技术标准;信息披露;监管执法,准入条件;并网约束;信息约束;消纳约束,补偿收益;价格激励;绿色激励,电网企业;新能源企业;电力用户,发电;输配电;用电;调度运行;辅助服务;现货市场;中长期市场,上网电价;市场形成价格;辅助服务价格,中长期交易;辅助服务交易,电费结算;辅助服务结算;分摊机制;周期结算,,绿色低碳;新能源消纳,新型电力系统,收益机制明确;成本疏导;并网条件影响;市场风险暴露;项目准入影响,辅助服务收益,价格波动;并网消纳风险;合规监管风险,关于建立健全电力辅助服务市场价格机制的通知(发改价格〔2024〕196号) 国家发展改革委 国家发展改革委-政策通知 全国 官方政策 辅助服务 辅助服务 关于建立健全电力辅助服务市场价格机制的通知(发改价格〔2024〕196号) 【关于建立健全电力辅助服务市场价格机制的通知(发改价格〔2024〕196号)】-国家发展和改革委员会 政务公开 关于建立健全电力辅 | 近年来，各地推进电力辅助服务市场建设，建立调峰、调频、备用等辅助服务市场机制，对保障电能质量和电力系统安全稳定运行、促进新能源消纳发挥了积极作用。 | 为贯彻落实党中央、国务院关于深化电力体制改革加快构建新型电力系统的决策部署，进一步完善电力价格形成机制，提升电力系统综合调节能力，促进清洁能源消纳和绿色低碳转型，现就建立健全电力辅助服务市场价格机制通知如下。,规则词典_v1,待人工复核,2026-05-05 01:24:21
AUTO-20260427-A0AD12B7E0,关于进一步加快电力现货市场建设工作的通知(发改办体改〔2023〕813号),2023-11-01,发改办体改〔2023〕813号,全国,官方政策,现行有效,机器抽取,命令控制;市场机制;规划引导;财政金融;技术标准;信息披露;监管执法,准入条件;并网约束;履约约束;信息约束;消纳约束,补偿收益;价格激励;绿色激励;试点示范,电网企业;发电企业;新能源企业;储能企业;售电公司;电力用户;交易机构;虚拟电厂,发电;输配电;售电;用电;调度运行;辅助服务;现货市场;中长期市场;绿电绿证,上网电价;分时电价;市场形成价格;容量价格;辅助服务价格;偏差价格,中长期交易;现货交易;绿电交易;辅助服务交易;容量交易;需求响应;跨省跨区交易,偏差结算;辅助服务结算;分摊机制,偏差考核;信息披露考核,新能源消纳;能源安全,新型电力系统;源网荷储;储能;虚拟电厂,收益机制明确;成本疏导;并网条件影响;市场风险暴露;项目准入影响,聚合交易;绿电消费;辅助服务收益,价格波动;偏差风险;并网消纳风险;合规监管风险,关于进一步加快电力现货市场建设工作的通知(发改办体改〔2023〕813号) 国家发展改革委 国家发展改革委-政策通知 全国 官方政策 现货 现货 关于进一步加快电力现货市场建设工作的通知(发改办体改〔2023〕813号) 【关于进一步加快电力现货市场建设工作的通知(发改办体改〔2023〕813号)】-国家发展和改革委员会 政务公开 关于进一步加快电力现货市场 | 经过几年探索，电力现货市场在优化资源配置、提升电力安全保供能力、促进可再生能源消纳等方面作用显著。 | 为加快全国统一电力市场体系建设，推动电力资源在更大范围共享互济和优化配置，在确保有利于电力安全稳定供应的前提下，有序实现电力现货市场全覆盖，加快形成统一开放、竞争有序、安全高效、治理完善的电力市场体系，充分发挥市场在电力资源配置中的决定性作用，更好发挥政府作用，进一步激发各环节经营主体活力，助力规划建设新型能源体系，加快建设高效规范、公平竞争、充分开放的全国,规则词典_v1,待人工复核,2026-05-05 01:24:21
AUTO-20260427-49126C771F,印发《关于加快储气设施建设和完善储气调峰辅助服务市场机制的意见》的通知(发改能源规〔2018〕637号),2018-04-27,发改能源规〔2018〕637号,全国,官方政策,现行有效,机器抽取,命令控制;市场机制;规划引导;财政金融;技术标准;信息披露;监管执法,准入条件;并网约束;履约约束;信息约束;消纳约束,补偿收益;价格激励;试点示范,交易机构,调度运行;辅助服务;现货市场,分时电价,辅助服务交易,分摊机制,信用评价;监管处罚,,源网荷储,收益机制明确;成本疏导;并网条件影响;市场风险暴露;项目准入影响,辅助服务收益,偏差风险;合规监管风险,印发《关于加快储气设施建设和完善储气调峰辅助服务市场机制的意见》的通知(发改能源规〔2018〕637号) 国家发展改革委 国家发展改革委 全国 官方政策 辅助服务 辅助服务; | 调峰 印发《关于加快储气设施建设和完善储气调峰辅助服务市场机制的意见》的通知(发改能源规〔2018〕637号) 【印发《关于加快储气设施建设和完善储气调峰辅助服务市场机制的意见》的通知(发改能源规〔2018〕637号)】-国家发展和改革委员会 政务公开 规范性文件 印发《关于加快储气设施建设和完善储气调峰辅助服务市场机制的意见》的通知(发改能源规〔2018〕 | 附件： 关于加快储气设施建设和完善储气调峰辅助服务市场机制的意见 国家发展改革委 国 家 能 源 局 2018年4月26日 相关政策与解读 国家发展改革委会同国家能源局举行新闻发布会 介绍天然气产供储销体系建设相关情况 排行榜 关于加快储气设施建设和 完善储气调峰辅助服务市场机制的意见 为认真践行习近平新时代中国特色社会主义思想，加快推进天 然气产供储销体系,规则词典_v1,待人工复核,2026-05-05 01:24:21
AUTO-20260427-7BEF23BDDE,印发《关于深化电力现货市场建设试点工作的意见》 的通知(发改办能源规〔2019〕828号),2019-08-07,发改办能源规〔2019〕828号,全国,官方政策,现行有效,机器抽取,命令控制;市场机制;规划引导;财政金融;技术标准;信息披露;监管执法,准入条件;并网约束;履约约束;信息约束;消纳约束,补偿收益;价格激励;绿色激励;试点示范,电网企业;发电企业;新能源企业;储能企业;售电公司;电力用户;交易机构;微电网主体,发电;输配电;售电;用电;调度运行;辅助服务;现货市场;中长期市场,输配电价;市场形成价格;容量价格;辅助服务价格;偏差价格,中长期交易;现货交易;辅助服务交易;容量交易;跨省跨区交易,辅助服务结算;分摊机制,信息披露考核,,源网荷储;储能,收益机制明确;成本疏导;并网条件影响;市场风险暴露;项目准入影响,辅助服务收益;园区微电网,价格波动;偏差风险;并网消纳风险;政策状态风险;合规监管风险,印发《关于深化电力现货市场建设试点工作的意见》 的通知(发改办能源规〔2019〕828号) 国家发展改革委 国家发展改革委 全国 官方政策 现货 现货 印发《关于深化电力现货市场建设试点工作的意见》 的通知(发改办能源规〔2019〕828号) 【印发《关于深化电力现货市场建设试点工作的意见》 的通知(发改办能源规〔2019〕828号)】-国家发展和改革委员会 | 国家发展改革委办公厅 国家能源局综合司 2019年7月31日 附件： 相关政策与解读 《关于深化电力现货市场建设试点工作的意见》——国家能源局法制和体制改革司、国家发展改革委体制改革综合司负责人答记者问 排行榜 （一）总体思路。 | 关于深化电力现货市场建设试点工作的意见 为贯彻落实党的十九大精神，加快电力市场体系建设，现就深 化电力现货市场建设试点工作提出以下意见。,规则词典_v1,待人工复核,2026-05-05 01:24:21
AUTO-20260427-11E67EF119,关于印发《内蒙古电力多边交易市场规则体系》的通知,2024-12-27,内能源电力发〔2024〕33号,内蒙古自治区,官方政策,现行有效,机器抽取,命令控制;市场机制;信息披露;监管执法,准入条件;信息约束,试点示范,交易机构,现货市场,,,,,,,市场风险暴露,,合规监管风险,关于印发《内蒙古电力多边交易市场规则体系》的通知 内蒙古自治区能源局 内蒙古自治区能源局 内蒙古自治区 官方政策 电力市场 规则体系 内蒙古自治区能源局 国家能源局华北监管局关于印发《内蒙古电力多边交易市场规则体系》的通知 通知公告_ 内蒙古自治区能源局 返回首页 页面放大 页面缩小 语音播报 大鼠标 退出长者模式 通知公告 内蒙古自治区能源局 国家能源局华 | 各经营主体在执行过程中如遇问题，请及时告知 内蒙古自治区能源局、国家能源局华北监管局。 | 内蒙古自治区能源局 国家能源局华北监管局 2024 （此件主动公开） 政府网站标识码：1500000091 蒙ICP备19004088号 蒙公网安备 15010502001010号 地址：呼和浩特市赛罕区敕勒川大街发展大厦5号 联系电话：0471-6659443 网站支持IPV6,规则词典_v1,待人工复核,2026-05-05 01:24:21
AUTO-20260427-33FCB0ED92,关于做好2025年内蒙古东部电力交易市场中长期交易有关事宜的通知,2024-12-19,,内蒙古自治区,官方政策,现行有效,机器抽取,命令控制;市场机制;规划引导;财政金融;技术标准;信息披露;监管执法,准入条件;并网约束;履约约束;信息约束;消纳约束,补偿收益;价格激励;绿色激励;试点示范,电网企业;发电企业;新能源企业;储能企业;售电公司;电力用户;交易机构;虚拟电厂;微电网主体,发电;输配电;售电;用电;调度运行;辅助服务;现货市场;中长期市场;绿电绿证,上网电价;输配电价;市场形成价格;容量价格;偏差价格,中长期交易;现货交易;绿电交易;容量交易;需求响应;跨省跨区交易,电费结算;偏差结算;分摊机制;周期结算,偏差考核;信用评价;信息披露考核,新能源消纳,源网荷储;微电网;储能;分布式光伏;虚拟电厂,收益机制明确;成本疏导;并网条件影响;市场风险暴露;项目准入影响,自发自用余电上网;聚合交易;绿电消费;辅助服务收益;园区微电网,价格波动;偏差风险;并网消纳风险;政策状态风险;合规监管风险,关于做好2025年内蒙古东部电力交易市场中长期交易有关事宜的通知 内蒙古自治区能源局 内蒙古自治区能源局 内蒙古自治区 官方政策 中长期 电力交易; | 中长期 内蒙古自治区能源局关于做好2025年内蒙古东部电力交易市场中长期交易有关事宜的通知 通知公告_ 内蒙古自治区能源局 返回首页 页面放大 页面缩小 语音播报 大鼠标 退出长者模式 通知公告 内蒙古自治区能源局关于做好2025年内蒙古电力多边交易市场中长期交易有关事宜的通知 发布日期：2024-12-19 18:00 来源：内蒙古自治区能源局 内能源电力 | 二、市场主体 一、交易规模 2025 年蒙西电网区内电力市场交易电量规模 2900 亿千瓦时，居民、农业用电 254 亿千瓦时。,规则词典_v1,待人工复核,2026-05-05 01:24:21
AUTO-20260427-6861D688D2,关于做好2025年内蒙古电力多边交易市场中长期交易有关事宜的通知,2024-12-19,,内蒙古自治区,官方政策,现行有效,机器抽取,命令控制;市场机制;规划引导;财政金融;技术标准;信息披露;监管执法,准入条件;并网约束;履约约束;信息约束;消纳约束,补偿收益;价格激励;绿色激励;试点示范,电网企业;发电企业;新能源企业;储能企业;售电公司;电力用户;交易机构;虚拟电厂;微电网主体,发电;输配电;售电;用电;调度运行;辅助服务;现货市场;中长期市场;绿电绿证,上网电价;输配电价;市场形成价格;容量价格;偏差价格,中长期交易;现货交易;绿电交易;容量交易;需求响应;跨省跨区交易,电费结算;偏差结算;分摊机制;周期结算,偏差考核;信用评价;信息披露考核,新能源消纳,源网荷储;微电网;储能;分布式光伏;虚拟电厂,收益机制明确;成本疏导;并网条件影响;市场风险暴露;项目准入影响,自发自用余电上网;聚合交易;绿电消费;辅助服务收益;园区微电网,价格波动;偏差风险;并网消纳风险;政策状态风险;合规监管风险,关于做好2025年内蒙古电力多边交易市场中长期交易有关事宜的通知 内蒙古自治区能源局 内蒙古自治区能源局 内蒙古自治区 官方政策 中长期 中长期 内蒙古自治区能源局关于做好2025年内蒙古电力多边交易市场中长期交易有关事宜的通知 通知公告_ 内蒙古自治区能源局 返回首页 页面放大 页面缩小 语音播报 大鼠标 退出长者模式 通知公告 内蒙古自治区能源局关于做好 | 二、市场主体 一、交易规模 2025 年蒙西电网区内电力市场交易电量规模 2900 亿千瓦时，居民、农业用电 254 亿千瓦时。 | 二、市场主体 发电企业 符合电力市场入市条件的蒙西电网现役燃煤机组、风电 暂不含分散式风电 及光伏发电 暂不含分布式光伏和扶贫光伏 项目，可按要求直接参与市场。,规则词典_v1,待人工复核,2026-05-05 01:24:21
AUTO-20260427-D2550973DB,广东省发展和改革委员会 - 广东省能源局 国家能源局南方监管局关于印发《广东省虚拟电厂参与电力市场交易实施方案》的通知,2024-11-18,,广东,官方政策,现行有效,机器抽取,命令控制;市场机制;规划引导;财政金融;技术标准;信息披露;监管执法,准入条件;并网约束;履约约束;信息约束,补偿收益;绿色激励;试点示范,电网企业;发电企业;新能源企业;储能企业;售电公司;电力用户;交易机构;虚拟电厂,发电;输配电;售电;用电;调度运行;辅助服务;现货市场;中长期市场;绿电绿证,输配电价;市场形成价格;偏差价格,中长期交易;现货交易;绿电交易;辅助服务交易;需求响应,电费结算;偏差结算;分摊机制,偏差考核;信息披露考核,,新型电力系统;储能;分布式光伏;虚拟电厂,收益机制明确;成本疏导;并网条件影响;市场风险暴露;项目准入影响,自发自用余电上网;聚合交易;绿电消费;辅助服务收益,价格波动;偏差风险;并网消纳风险;合规监管风险,广东省发展和改革委员会 - 广东省能源局 国家能源局南方监管局关于印发《广东省虚拟电厂参与电力市场交易实施方案》的通知 广东省能源局 广东省能源局 广东 官方政策 电力市场 电力市场 广东省能源局 国家能源局南方监管局关于印发《广东省虚拟电厂参与电力市场交易实施方案》的通知11-18 广东省发展和改革委员会 - 广东省能源局 国家能源局南方监管局关于印发《广 | 广东省能源局 国家能源局南方监管局 2024年11月4日 相关附件： 附件：广东省虚拟电厂参与电力市场交易实施方案.pdf 附件：广东省虚拟电厂参与电力市场交易实施方案.pdf 相关导读: 打印文档 相关网站 广东省投资项目在线审批监管平台 信用广东网 广东省招标投标监管网 粤港澳大湾区门户网 委管局/直属单位 广东省粮食和物资储备局 广东省发展和改革研究院 | 一、虚拟电厂参与市场交易方式 虚拟电厂，是指依托负荷聚合商、售电公司等机构，通过新 一代信息通信、系统集成等技术，实现需求侧资源的聚合、协调、 优化，形成规模化调节能力，作为独立经营主体参与市场交易。,规则词典_v1,待人工复核,2026-05-05 01:24:21
AUTO-20260427-8933E85058,广东省发展和改革委员会 - 广东省能源局 国家能源局南方监管局关于印发广东省抽水蓄能参与电力市场交易实施方案的通知,2024-07-17,,广东,官方政策,现行有效,机器抽取,命令控制;市场机制;规划引导;财政金融;技术标准;信息披露;监管执法,准入条件;并网约束;履约约束;信息约束;消纳约束,补偿收益;价格激励;试点示范,电网企业;发电企业;储能企业;交易机构,发电;输配电;售电;用电;调度运行;现货市场;中长期市场,输配电价;分时电价;偏差价格,中长期交易,电费结算;分摊机制;周期结算,,新能源消纳,储能,收益机制明确;成本疏导;并网条件影响;市场风险暴露;项目准入影响,,偏差风险;并网消纳风险;合规监管风险,广东省发展和改革委员会 - 广东省能源局 国家能源局南方监管局关于印发广东省抽水蓄能参与电力市场交易实施方案的通知 广东省能源局 广东省能源局 广东 官方政策 电力市场 电力市场 广东省能源局 国家能源局南方监管局关于印发广东省抽水蓄能参与电力市场交易实施方案的通知07-17 广东省发展和改革委员会 - 广东省能源局 国家能源局南方监管局关于印发广东省抽水蓄 | 广东省能源局 国家能源局南方监管局 2024年7月9日 广东省抽水蓄能参与电力市场交易实施方案 广东省抽水蓄能参与电力市场交易实施方案 为贯彻落实国家关于电力市场化改革的部署要求，建立健全抽水蓄能参与电力市场交易机制，以市场方式形成电量电价，促进抽水蓄能健康可持续发展，按照《国家发展改革委关于进一步完善抽水蓄能价格形成机制的意见》（发改价格〔2021〕633 | 2.依法取得发电项目核准文件，依法取得电力业务许可证。,规则词典_v1,待人工复核,2026-05-05 01:24:21
AUTO-20260427-EC4C5789C9,国家发改委国家能源局关于印发《电力中长期交易基本规则（暂行）》的通知,2017-01-18,,山东,监管规则,现行有效,机器抽取,命令控制;市场机制;规划引导;财政金融;技术标准;信息披露;监管执法,准入条件;并网约束;履约约束;信息约束;消纳约束,补偿收益;价格激励;绿色激励;试点示范,电网企业;发电企业;新能源企业;售电公司;电力用户;交易机构,发电;输配电;售电;用电;调度运行;辅助服务;现货市场;中长期市场,上网电价;输配电价;分时电价;市场形成价格;辅助服务价格;偏差价格,中长期交易;现货交易;辅助服务交易;跨省跨区交易,电费结算;偏差结算;辅助服务结算;分摊机制,偏差考核;信息披露考核,,,收益机制明确;成本疏导;并网条件影响;市场风险暴露;项目准入影响,辅助服务收益,价格波动;偏差风险;并网消纳风险;政策状态风险;合规监管风险,"国家发改委国家能源局关于印发《电力中长期交易基本规则（暂行）》的通知 国家能源局派出机构 国家能源局山东监管办公室 山东 监管规则 中长期 中长期 国家发改委国家能源局关于印发《电力中长期交易基本规则（暂行）》的通知 2017-01-18 国家发改委国家能源局关于印发《电力中长期交易基本规则（暂行）》的通知 国家发改委国家能源局关于印发《电力中长期交易基本规 | 《基本规则》适用 于现 阶段各地 区开展年 、月、周 等 日以上 电 《基本规则》适用 于现 阶段各地 区开展年 、月、周 等 日以上 电 力直接交易、跨省跨 区交易、合 同电量转让 交易等。 | 随着竞争性环 节 电价放开或者发用 电计 划 电量放开达 到一定 比例 ,以及合 同执 行偏差 电量无法按 照《基本规则》规定 的方法解决 时 ,各地应 当建 行偏差 电量无法按 照《基本规则》规定 的方法解决 时 ,各地应 当建 立 电力 中长期 交 易和 现货 交 易相结合 的市场 化 电力 电量平 衡机 京津冀等开展 电力 市场试 点的地 区,近期要重",规则词典_v1,待人工复核,2026-05-05 01:24:21
AUTO-20260427-0A3E4D6579,关于印发《山东电力辅助服务市场运营规则（试行）》的通知,2017-06-05,,山东,监管规则,试行,机器抽取,命令控制;市场机制;财政金融;技术标准;信息披露;监管执法,准入条件;并网约束;履约约束;信息约束;消纳约束,补偿收益;绿色激励;试点示范,电网企业;发电企业;新能源企业;电力用户;交易机构,发电;输配电;用电;调度运行;辅助服务;现货市场,市场形成价格;辅助服务价格;偏差价格,现货交易;辅助服务交易;跨省跨区交易,电费结算;辅助服务结算;分摊机制,,,,收益机制明确;成本疏导;并网条件影响;市场风险暴露;项目准入影响,辅助服务收益,价格波动;偏差风险;并网消纳风险;政策状态风险;合规监管风险,"关于印发《山东电力辅助服务市场运营规则（试行）》的通知 国家能源局派出机构 国家能源局山东监管办公室 山东 监管规则 辅助服务 运营规则; | 辅助服务 关于印发《山东电力辅助服务市场运营规则（试行）》的通知 2017-06-05 关于印发《山东电力辅助服务市场运营规则（试行）》的通知 关于印发《山东电力辅助服务市场运营规则（试行）》的通知_国家能源局山东监管办公室 设为首页 工作邮箱 机构概览 动态要闻 信息公开 在线办事 互动回应 专题专栏 关于印发《山东电力辅助服务市场运营规则（试行）》的通知 | 为确保 电力辅助服务市场工作顺利推进,请电网企业、 电力调度机构、电力交易机构按照规则 内容建设完善相关技 规则试运行及结算时间另行通知。",规则词典_v1,待人工复核,2026-05-05 01:24:21
AUTO-20260427-AD0E26D414,关于修订电力中长期交易规则的通知,2017-08-30,,山东,监管规则,现行有效,机器抽取,命令控制;市场机制;信息披露;监管执法,履约约束;信息约束,试点示范,电网企业;售电公司;电力用户;交易机构,发电;输配电;售电;用电;现货市场;中长期市场,输配电价,中长期交易,电费结算,,,,成本疏导,,政策状态风险;合规监管风险,"关于修订电力中长期交易规则的通知 国家能源局派出机构 国家能源局山东监管办公室 山东 监管规则 中长期 交易规则; | 中长期 关于修订电力中长期交易规则的通知 2017-08-30 关于修订电力中长期交易规则的通知 关于修订电力中长期交易规则的通知_国家能源局山东监管办公室 设为首页 工作邮箱 机构概览 动态要闻 信息公开 在线办事 互动回应 专题专栏 关于修订电力中长期交易规则的通知 2017-08-30 14:17 来源：国家能源局山东监管办公室 字体： 附件： 点击下 | 具体修订条款如下: 一、在第一百零一条中增加:电网企业按期完成电力用户抄 一、在第一百零一条中增加:电网企业按期完成电力用户抄 表后,每月 28日前将抄表 电量结果送至电力交易机构,每月 30 日前电力交易机构将抄表电量发送给售电企业。",规则词典_v1,待人工复核,2026-05-05 01:24:21
AUTO-20260427-0378DA9BD2,关于修订山东省电力中长期交易规则的通知,2017-12-08,,山东,监管规则,现行有效,机器抽取,命令控制;市场机制;规划引导;财政金融;技术标准;信息披露;监管执法,准入条件;并网约束;履约约束;信息约束;消纳约束,补偿收益;价格激励;绿色激励;试点示范,电网企业;发电企业;新能源企业;储能企业;售电公司;电力用户;交易机构,发电;输配电;售电;用电;调度运行;辅助服务;现货市场;中长期市场,上网电价;输配电价;分时电价;市场形成价格;辅助服务价格;偏差价格,中长期交易;辅助服务交易;跨省跨区交易,电费结算;偏差结算;辅助服务结算;分摊机制,运行考核;偏差考核;信息披露考核;监管处罚,,储能,收益机制明确;成本疏导;并网条件影响;市场风险暴露;项目准入影响,辅助服务收益,偏差风险;并网消纳风险;政策状态风险;合规监管风险,关于修订山东省电力中长期交易规则的通知 国家能源局派出机构 国家能源局山东监管办公室 山东 监管规则 中长期 交易规则; | 中长期 关于修订山东省电力中长期交易规则的通知 2017-12-08； | OCR文本待人工复核 关于修订山东省电力中长期交易规则的通知 关于修订山东省电力中长期交易规则的通知_国家能源局山东监管办公室 设为首页 工作邮箱 机构概览 动态要闻 信息公开 在线办事 互动回应 专题专栏 关于修订山东省电力中长期交易规则的通知 2017-12-08 12:02 来源：国家能源局山东监管办公室 字体： 附件： 点击下载相关附件！ 扫一扫在手,规则词典_v1,待人工复核,2026-05-05 01:24:21
AUTO-20260427-5F7D6C5FF5,关于征求《北京电力交易中心省间电力中长期交易实施细则（暂行）》意见的函,2018-03-28,,山东,监管规则,现行有效,机器抽取,命令控制;市场机制;财政金融;技术标准;信息披露;监管执法,准入条件;并网约束;履约约束;信息约束;消纳约束,补偿收益;价格激励;绿色激励;试点示范,电网企业;发电企业;新能源企业;储能企业;售电公司;电力用户;交易机构,发电;输配电;售电;用电;调度运行;辅助服务;现货市场;中长期市场,上网电价;输配电价;分时电价;市场形成价格;偏差价格,中长期交易;辅助服务交易;跨省跨区交易,电费结算;偏差结算,信息披露考核,新能源消纳,源网荷储;储能;电网规划,收益机制明确;成本疏导;并网条件影响;市场风险暴露;项目准入影响,辅助服务收益,价格波动;偏差风险;并网消纳风险;政策状态风险;合规监管风险,"关于征求《北京电力交易中心省间电力中长期交易实施细则（暂行）》意见的函 国家能源局派出机构 国家能源局山东监管办公室 山东 监管规则 中长期; | 省间 关于征求《北京电力交易中心省间电力中长期交易实施细则（暂行）》意见的函 2018-03-28 关于征求《北京电力交易中心省间电力中长期交易实施细则（暂行）》意见的函_国家能源局山东监管办公室 设为首页 工作邮箱 机构概览 动态要闻 信息公开 在线办事 互动回应 专题专栏 《北京电力交易中心省间电力中长期交易实施细则（暂行）》 关于征求《北京电力交易中心 | Cn/)下载文件 ,研提修 改意见,并于 4月 2日前反馈我办 (含书面和 word格式 电 子版 )。",规则词典_v1,待人工复核,2026-05-05 01:24:21
AUTO-20260427-0276F5E7CC,关于修订《山东省电力市场监管办法(试行)》的通知,2019-04-02,鲁监能市场〔2019〕45号,山东,监管规则,试行,机器抽取,命令控制;市场机制;规划引导;财政金融;技术标准;信息披露;监管执法,准入条件;并网约束;履约约束;信息约束,补偿收益;试点示范,电网企业;发电企业;售电公司;电力用户;交易机构,发电;输配电;售电;用电;调度运行;辅助服务;现货市场;中长期市场,,辅助服务交易;跨省跨区交易,电费结算;分摊机制,信用评价;信息披露考核;监管处罚,,,收益机制明确;成本疏导;并网条件影响;市场风险暴露;项目准入影响,辅助服务收益,偏差风险;政策状态风险;合规监管风险,关于修订《山东省电力市场监管办法(试行)》的通知 国家能源局派出机构 国家能源局山东监管办公室 山东 监管规则 电力市场 电力市场; | 市场监管 关于修订《山东省电力市场监管办法(试行)》的通知 2019-04-02 关于修订《山东省电力市场监管办法(试行)》的通知 关于修订《山东省电力市场监管办法(试行)》的通知_国家能源局山东监管办公室 设为首页 工作邮箱 机构概览 动态要闻 信息公开 在线办事 互动回应 专题专栏 关于修订《山东省电力市场监管办法(试行)》的通知 2019-04-02  | 关于修订《山东省电力市场监管办法(试行)》的通知 底供电等条款进行修订。,规则词典_v1,待人工复核,2026-05-05 01:24:21
AUTO-20260427-9AE540E7CE,关于征求《山东省电力现货市场交易规则》《山东省电力中长期市场交易规则》(征求意见稿)意见的通知,2019-06-12,鲁监能市场函〔2019〕43号,山东,监管规则,征求意见,机器抽取,命令控制;市场机制;规划引导;财政金融;技术标准;信息披露;监管执法,准入条件;并网约束;履约约束;信息约束,补偿收益;价格激励;试点示范,电网企业;发电企业;售电公司;电力用户;交易机构;微电网主体,发电;输配电;售电;用电;调度运行;辅助服务;现货市场;中长期市场,输配电价;市场形成价格;偏差价格,现货交易;辅助服务交易,电费结算;分摊机制,信用评价;信息披露考核,,微电网;电网规划,收益机制明确;成本疏导;并网条件影响;市场风险暴露;项目准入影响,辅助服务收益;园区微电网,价格波动;偏差风险;并网消纳风险;政策状态风险;合规监管风险,关于征求《山东省电力现货市场交易规则》《山东省电力中长期市场交易规则》(征求意见稿)意见的通知 国家能源局派出机构 国家能源局山东监管办公室 山东 监管规则 中长期; | 现货 关于征求《山东省电力现货市场交易规则》《山东省电力中长期市场交易规则》(征求意见稿)意见... 2019-06-12 关于征求《山东省电力现货市场交易规则》《山东省电力中长期市场交易规则》(征求意见稿)意见的通知_国家能源局山东监管办公室 设为首页 工作邮箱 机构概览 动态要闻 信息公开 在线办事 互动回应 专题专栏 关于征求《山东省电力现货市场交易规 | 现征求你们意见，请于2019年6月21日前将修改意见反馈我们，同时抄送山东电力交易中心和调控中心。,规则词典_v1,待人工复核,2026-05-05 01:24:21
AUTO-20260427-5D282BE538,关于对山东广能节能科技有限公司违反电力市场交易规则情况的通报,2019-12-25,,山东,监管规则,现行有效,机器抽取,命令控制;市场机制;信息披露;监管执法,准入条件;履约约束;信息约束,,电力用户;交易机构,用电;中长期市场,,中长期交易,,信用评价;监管处罚,,,,,合规监管风险,"关于对山东广能节能科技有限公司违反电力市场交易规则情况的通报 国家能源局派出机构 国家能源局山东监管办公室 山东 监管规则 电力市场 电力市场; | 交易规则 关于对山东广能节能科技有限公司违反电力市场交易规则情况的通报 2019-12-25 关于对山东广能节能科技有限公司违反电力市场交易规则情况的通报 关于对山东广能节能科技有限公司违反电力市场交易规则情况的通报_国家能源局山东监管办公室 设为首页 工作邮箱 机构概览 动态要闻 信息公开 在线办事 互动回应 专题专栏 关于对山东广能节能科技有限公司违反电 | 现将有关情况通报如下: 山东广 能存在未履行与投诉用户之 间市场交易合 同行 为,同时还存在未履行与其他部分用户之间市场交易合同的 失信行为。",规则词典_v1,待人工复核,2026-05-05 01:24:21
AUTO-20260427-D51C84C078,关于征求山东电力现货市场结算试运行有关市场参数意见的公告,2020-07-17,,山东,监管规则,现行有效,机器抽取,命令控制;市场机制;技术标准;信息披露;监管执法,信息约束,,,调度运行;现货市场,,,,,,,市场风险暴露,,政策状态风险;合规监管风险,关于征求山东电力现货市场结算试运行有关市场参数意见的公告 国家能源局派出机构 国家能源局山东监管办公室 山东 监管规则 现货; | 结算 关于征求山东电力现货市场结算试运行有关市场参数意见的公告 2020-07-17 关于征求山东电力现货市场结算试运行有关市场参数意见的公告_国家能源局山东监管办公室 设为首页 工作邮箱 机构概览 动态要闻 信息公开 在线办事 互动回应 专题专栏 关于征求山东电力现货市场结算试运行有关市场参数意见的公告 2020-07-17 15:24 来源：国家能源局山 | 如有意见或建议，请于2020年7月24日前，通过传真、电子邮件等形式反馈至山东能源监管办(市场监管处)、省发展改革委(价格管理处、经济运行局)、省能源局(电力处)。,规则词典_v1,待人工复核,2026-05-05 01:24:21
AUTO-20260427-3CAEDBBD74,国家能源局华中监管局 江西省能源局关于印发《江西省电力辅助服务市场运营规则（试行）》的通知,2020-11-05,华中监能市场〔2020〕187号,华中区域,监管规则,现行有效,机器抽取,命令控制;市场机制;财政金融;技术标准;信息披露;监管执法,准入条件;并网约束;履约约束;信息约束;消纳约束,补偿收益;价格激励;绿色激励;试点示范,电网企业;发电企业;新能源企业;储能企业;售电公司;电力用户;交易机构,发电;输配电;售电;用电;调度运行;辅助服务;现货市场;中长期市场,市场形成价格;辅助服务价格;偏差价格,中长期交易;辅助服务交易;跨省跨区交易,电费结算;辅助服务结算;分摊机制;周期结算,信息披露考核,新能源消纳,储能,收益机制明确;成本疏导;并网条件影响;市场风险暴露;项目准入影响,辅助服务收益,价格波动;偏差风险;并网消纳风险;政策状态风险;合规监管风险,国家能源局华中监管局 江西省能源局关于印发《江西省电力辅助服务市场运营规则（试行）》的通知 国家能源局派出机构 国家能源局华中监管局 华中区域 监管规则 辅助服务 运营规则; | 辅助服务 国家能源局华中监管局 江西省能源局关于印发《江西省电力辅助服务市场运营规则（试... 2020-11-05 国家能源局华中监管局 江西省能源局关于印发《江西省电力辅助服务市场运营规则（试行）》的通知 设为首页 工作邮箱 机构概览 动态要闻 信息公开 在线办事 互动回应 专题专栏 2020-11-05 15:08 来源： 字体： 华中监能市场〔202 | 国家能源局华中监管局 江西省能源局 2020年10月29日 第一条 江西省电力辅助服务市场运营规则 （ 试 行 ） 第一章 总 则 第一条 为进一步完善和深化电力市场改革，建立电力辅助服务分担共享的市场化机制，促进江西电力系统安全、稳定、经济运行和清洁能源充分消纳，依据《中共中央 国务院关于进一步深化电力体制改革的若干意见》（中发〔2015〕9号）及其配套文,规则词典_v1,待人工复核,2026-05-05 01:24:21
AUTO-20260427-FA91B2D801,华北能源监管局关于再次征求华北电力调峰容量市场运营规则意见通知,2021-09-06,,华北区域,监管规则,现行有效,机器抽取,命令控制;信息披露;监管执法,准入条件;信息约束;消纳约束,,电网企业,输配电;辅助服务;现货市场,容量价格,辅助服务交易;容量交易,,,双碳目标,新型电力系统,,辅助服务收益,政策状态风险;合规监管风险,华北能源监管局关于再次征求华北电力调峰容量市场运营规则意见通知 国家能源局派出机构 国家能源局华北监管局 华北区域 监管规则 电力市场 运营规则; | 调峰 华北能源监管局关于再次征求华北电力调峰容量市场运营规则意见通知 2021-09-06 华北能源监管局关于再次征求华北电力调峰容量市场运营规则意见通知 华北能源监管局关于再次征求华北电力调峰容量市场运营规则意见通知 设为首页 工作邮箱 机构概览 动态要闻 信息公开 在线办事 互动回应 专题专栏 2021-09-06 00:00 来源： 字体： 各有关市场 | 现对修订后的《规则》再次征求意见建议，相关意见建议请于 现对修订后的《规则》再次征求意见建议，相关意见建议请于 9月13日前反馈我局。,规则词典_v1,待人工复核,2026-05-05 01:24:21
AUTO-20260427-12E862EC73,华中电力调峰辅助服务市场省间调峰辅助服 务河南电网售出电量分摊细则,2021-09-10,,华中区域,监管规则,现行有效,机器抽取,命令控制;市场机制;财政金融;信息披露;监管执法,履约约束;信息约束;消纳约束,补偿收益;试点示范,发电企业;新能源企业;电力用户,发电;输配电;用电;调度运行;辅助服务,,辅助服务交易;跨省跨区交易,电费结算;分摊机制,运行考核,,,收益机制明确;成本疏导;并网条件影响,辅助服务收益,并网消纳风险;合规监管风险,华中电力调峰辅助服务市场省间调峰辅助服 务河南电网售出电量分摊细则 国家能源局派出机构 国家能源局华中监管局 华中区域 监管规则 辅助服务; | 省间 华中能源监管局关于印发修订《华中电力调峰辅助服务市场省间调峰辅助服务河南电网... 2021-09-10 华中能源监管局关于印发修订《华中电力调峰辅助服务市场省间调峰辅助服务河南电网售出电量分摊细则》的通知 设为首页 工作邮箱 机构概览 动态要闻 信息公开 在线办事 互动回应 专题专栏 2021-09-10 10:34 来源： 字体： 华中监能市场 2 | 为进一步发挥市场调节作用、促进市场公平，统筹协调好省间和省内辅助服务交易，根据河南电网运行实际，在征求各方意见基础上，我局会同国家能源局河南监管办对《国家能源局华中监管局关于印发<华中电力调峰辅助服务市场运营规则>的通知》（华中监能市场 〔2019〕248号 ）附件4《华中电力调峰辅助服务市场省间调峰辅助服务河南电网售出电量分摊细则》进行了修订，现予印发，请,规则词典_v1,待人工复核,2026-05-05 01:24:21
AUTO-20260427-D18D54C2E0,华中能源监管局关于印发《新型市场主体参与华中电力调峰辅助服务市场规则（试行）》的通知,2021-11-23,,华中区域,监管规则,试行,机器抽取,命令控制;市场机制;财政金融;技术标准;信息披露;监管执法,准入条件;并网约束;履约约束;信息约束;消纳约束,补偿收益;价格激励;试点示范,电网企业;发电企业;储能企业;电力用户;交易机构;虚拟电厂;微电网主体,发电;输配电;售电;用电;调度运行;辅助服务;现货市场,上网电价;市场形成价格;辅助服务价格;偏差价格,现货交易;辅助服务交易;需求响应;跨省跨区交易,电费结算;辅助服务结算;分摊机制,运行考核,,源网荷储;储能;虚拟电厂,收益机制明确;成本疏导;并网条件影响;市场风险暴露;项目准入影响,聚合交易;辅助服务收益;园区微电网,价格波动;偏差风险;并网消纳风险;政策状态风险;合规监管风险,华中能源监管局关于印发《新型市场主体参与华中电力调峰辅助服务市场规则（试行）》的通知 国家能源局派出机构 国家能源局华中监管局 华中区域 监管规则 电力市场; | 调峰 华中能源监管局关于印发《新型市场主体参与华中电力调峰辅助服务市场规则（试行）... 2021-11-23 华中能源监管局关于印发《新型市场主体参与华中电力调峰辅助服务市场规则（试行）》的通知 设为首页 工作邮箱 机构概览 动态要闻 信息公开 在线办事 互动回应 专题专栏 2021-11-23 18:21 来源： 字体： 华中监能市场 2021 262  | 各电力调度机构、电力交易机构要积极组织宣贯学习，指导新型市场主体办理市场注册手续，进一步完善技术支持系统功能，做好新型市场主体参与华中电力调峰辅助服务市场各项衔接工作，确保市场规范有序运行。,规则词典_v1,待人工复核,2026-05-05 01:24:21
AUTO-20260427-F61B124506,华中能源监管局 四川能源监管办关于印发《川渝一体化电力调峰辅助服务市场运营规则（试行）》的通知,2021-11-25,华中监能市场〔2021〕278号,华中区域,监管规则,现行有效,机器抽取,命令控制;市场机制;规划引导;财政金融;技术标准;信息披露;监管执法,准入条件;并网约束;履约约束;信息约束;消纳约束,补偿收益;价格激励;绿色激励;试点示范,电网企业;发电企业;新能源企业;储能企业;电力用户;交易机构,发电;输配电;用电;调度运行;辅助服务;现货市场;中长期市场,市场形成价格;偏差价格,中长期交易;现货交易;辅助服务交易;跨省跨区交易,电费结算;偏差结算;分摊机制,偏差考核;信息披露考核,,源网荷储;储能,收益机制明确;成本疏导;并网条件影响;市场风险暴露;项目准入影响,辅助服务收益,价格波动;偏差风险;并网消纳风险;政策状态风险;合规监管风险,华中能源监管局 四川能源监管办关于印发《川渝一体化电力调峰辅助服务市场运营规则（试行）》的通知 国家能源局派出机构 国家能源局华中监管局 华中区域 监管规则 辅助服务 运营规则; | 调峰 华中能源监管局 四川能源监管办关于印发《川渝一体化电力调峰辅助服务市场运营规则... 2021-11-25 华中能源监管局 四川能源监管办关于印发《川渝一体化电力调峰辅助服务市场运营规则（试行）》的通知 设为首页 工作邮箱 机构概览 动态要闻 信息公开 在线办事 互动回应 专题专栏 2021-11-25 19:44 来源： 字体： 华中监能市场〔202 | 请电力调度机构、电力交易机构、发电企业高度重视，加强对《规则》的宣贯学习，全面掌握《规则》内容，熟悉市场运营流程。,规则词典_v1,待人工复核,2026-05-05 01:24:21
AUTO-20260427-20E8A38E78,华北能源监管局关于明确2022年京津唐电网电力中长期交易有关事项的通知,2021-12-20,华北监能市场〔2021〕212号,华北区域,监管规则,现行有效,机器抽取,命令控制;市场机制;财政金融;信息披露;监管执法,准入条件;并网约束;履约约束;信息约束,价格激励;试点示范,电网企业;发电企业;售电公司;电力用户;交易机构,发电;输配电;售电;用电;调度运行;现货市场;中长期市场,上网电价;输配电价;分时电价;市场形成价格;偏差价格,中长期交易,电费结算;偏差结算;分摊机制,偏差考核,,,收益机制明确;成本疏导;市场风险暴露;项目准入影响,,价格波动;偏差风险;政策状态风险;合规监管风险,华北能源监管局关于明确2022年京津唐电网电力中长期交易有关事项的通知 国家能源局派出机构 国家能源局华北监管局 华北区域 监管规则 中长期 中长期 华北能源监管局关于明确2022年京津唐电网电力中长期交易有关事项的通知 2021-12-20 华北能源监管局关于明确2022年京津唐电网电力中长期交易有关事项的通知 设为首页 工作邮箱 机构概览 动态要闻 信息 | 一、交易组织 一、交易组织 考虑京津唐电网电力电量统一平衡和各省（市）能源供应保障的实际情况，京津唐电网电力中长期交易由北京电力交易中心会同各省（市）电力交易中心统一开展，发电侧按照京津唐全网范围与各省（市）范围划分为两组。 | 用户侧参与京津唐全网范围与各省（市）范围交易的交易比例、交易电量，按照各省（市）规定执行。,规则词典_v1,待人工复核,2026-05-05 01:24:21
AUTO-20260427-ACF967E65E,华中能源监管局关于印发《华中区域电力市场信息披露办法》的通知,2022-04-01,,华中区域,监管规则,现行有效,机器抽取,命令控制;市场机制;财政金融;技术标准;信息披露;监管执法,准入条件;并网约束;履约约束;信息约束;消纳约束,补偿收益;价格激励;绿色激励;试点示范,电网企业;发电企业;新能源企业;储能企业;售电公司;电力用户;交易机构;虚拟电厂,发电;输配电;售电;用电;调度运行;辅助服务;现货市场;中长期市场,上网电价;输配电价;分时电价;偏差价格,中长期交易;现货交易;辅助服务交易;需求响应;跨省跨区交易,电费结算;偏差结算;分摊机制;周期结算,运行考核;偏差考核;信息披露考核;监管处罚,新能源消纳,储能;电网规划,收益机制明确;成本疏导;并网条件影响;市场风险暴露;项目准入影响,聚合交易;辅助服务收益,偏差风险;并网消纳风险;政策状态风险;合规监管风险,华中能源监管局关于印发《华中区域电力市场信息披露办法》的通知 国家能源局派出机构 国家能源局华中监管局 华中区域 监管规则 电力市场 电力市场 华中能源监管局关于印发《华中区域电力市场信息披露办法》的通知 2022-04-01 华中能源监管局关于印发《华中区域电力市场信息披露办法》的通知 华中能源监管局关于印发《华中区域电力市场信息披露办法》的通知 设为首页 | 国家能源局华中监管局 2022年3月31日 附件：华中区域电力市场信息披露办法.pdf 附件：华中区域电力市场信息披露办法.pdf 扫一扫在手机打开当前页 网站标识码：bm62000009号 京ICP备11044902号 京公网安备 11010202007691 办公地址：湖北省武汉市洪山区徐东大街63号国家能源大厦20-22层，邮政编码：430066 联系 | 基本规则>的通知》（发改能源〔2020〕889 号） 、 《电力现货市场 信息披露管理办法（暂行） 》 （国能发监管〔2020〕56 号）等文件 和有关法律、法规规定，结合华中区域实际，制定本办法。,规则词典_v1,待人工复核,2026-05-05 01:24:21
AUTO-20260427-46701D6E76,国家能源局华中监管局 湖北省能源局 关于印发《湖北省电力中长期交易实施 细则》的通知,2022-08-19,,华中区域,监管规则,现行有效,机器抽取,命令控制;市场机制;规划引导;财政金融;技术标准;信息披露;监管执法,准入条件;并网约束;履约约束;信息约束;消纳约束,补偿收益;价格激励;绿色激励;试点示范,电网企业;发电企业;新能源企业;储能企业;售电公司;电力用户;交易机构;微电网主体,发电;输配电;售电;用电;调度运行;辅助服务;现货市场;中长期市场,上网电价;输配电价;分时电价;市场形成价格;辅助服务价格;偏差价格,中长期交易;现货交易;辅助服务交易;容量交易;跨省跨区交易,电费结算;偏差结算;辅助服务结算;分摊机制,偏差考核;信用评价;信息披露考核,,储能;电网规划,收益机制明确;成本疏导;并网条件影响;市场风险暴露;项目准入影响,辅助服务收益;园区微电网,价格波动;偏差风险;并网消纳风险;合规监管风险,国家能源局华中监管局 湖北省能源局 关于印发《湖北省电力中长期交易实施 细则》的通知 国家能源局派出机构 国家能源局华中监管局 华中区域 监管规则 中长期 中长期 国家能源局华中监管局 湖北省能源局 关于印发《湖北省电力中长期交易实施 细则》的... 2022-08-19 国家能源局华中监管局 湖北省能源局 关于印发《湖北省电力中长期交易实施 细则》的通知  | 请湖北电力交易中心有限公司高度重视，按照本《细则》要求，完善电力中长期交易技术支持系统运维管理，细化工作流程，加强信息报送与披露，为市 一、认真做好实施相关工作。 | 请湖北电力交易中心有限公司高度重视，按照本《细则》要求，完善电力中长期交易技术支持系统运维管理，细化工作流程，加强信息报送与披露，为市场主体提供规范、公正、透明的电力交易服务。,规则词典_v1,待人工复核,2026-05-05 01:24:21
AUTO-20260427-D747CE2B16,关于印发《西藏电力辅助服务管理实施细则》《西藏电力并网运行管理实施细则》的通知,2022-12-29,,华中区域,监管规则,现行有效,机器抽取,命令控制;市场机制;规划引导;财政金融;技术标准;信息披露;监管执法,准入条件;并网约束;履约约束;信息约束;消纳约束,补偿收益;价格激励;绿色激励;试点示范,电网企业;发电企业;新能源企业;储能企业;电力用户;交易机构;虚拟电厂,发电;输配电;售电;用电;调度运行;辅助服务;现货市场,上网电价;分时电价;市场形成价格;辅助服务价格;偏差价格,辅助服务交易;需求响应,电费结算;辅助服务结算;分摊机制,运行考核;信息披露考核,,储能;虚拟电厂,收益机制明确;成本疏导;并网条件影响;市场风险暴露;项目准入影响,聚合交易;辅助服务收益,偏差风险;并网消纳风险;合规监管风险,关于印发《西藏电力辅助服务管理实施细则》《西藏电力并网运行管理实施细则》的通知 国家能源局派出机构 国家能源局华中监管局 华中区域 监管规则 辅助服务 实施细则; | 辅助服务 关于印发《西藏电力辅助服务管理实施细则》《西藏电力并网运行管理实施细则》的通知 2022-12-29； | OCR文本待人工复核 关于印发《西藏电力辅助服务管理实施细则》《西藏电力并网运行管理实施细则》的通知 设为首页 工作邮箱 机构概览 动态要闻 信息公开 在线办事 互动回应 专题专栏 2022-12-29 16:31 来源：国家能源局华中监管局 字体： 国网西藏电力有限公司，华能西藏雅鲁藏布江水电开发投资有限公司、国家能源集团西藏分公司、国家电投集团西藏分公司,规则词典_v1,待人工复核,2026-05-05 01:24:21
AUTO-20260427-9BE26E7413,市工业和信息化局关于做好天津市2024年电力市场化交易工作的通知_委局文件_政务公开,2023-11-07,津工信电力〔2023〕23号,天津,官方政策,现行有效,机器抽取,命令控制;市场机制;信息披露,准入条件;并网约束;履约约束;信息约束,价格激励;绿色激励,电网企业;发电企业;储能企业;售电公司;交易机构,发电;输配电;售电;调度运行;中长期市场;绿电绿证,上网电价;偏差价格,中长期交易;绿电交易,,,,储能,市场风险暴露;项目准入影响,绿电消费,偏差风险,市工业和信息化局关于做好天津市2024年电力市场化交易工作的通知_委局文件_政务公开 天津市工业和信息化局 天津市工业和信息化局 天津 官方政策 电力市场 电力市场; | 市场化交易 市工业和信息化局关于做好天津市2024年电力市场化交易工作的通知2023-11-07 市工业和信息化局关于做好天津市2024年电力市场化交易工作的通知_委局文件_政务公开 天津政务网 2019年12月3日星期二 无障碍 长者模式 政务公开 政策法规 委局文件 名 称 ： 市工业和信息化局关于做好天津市2024年电力市场化交易工作的通知 索 引 号 | 科技工业信息化\信息化 成 文 日 期 ： 发 文 日 期 ： 有 效 性 ： 市工业和信息化局关于做好天津市 202 电力市场化交易工作的通知 北京电力交易中心有限公司、国家电网华北分部、国网天津市电力公司、天津电力交易中心有限公司，各有关 市场主体 为深入贯彻《中共中央国务院关于进一步深化电力体制改革的若干意见》（中发〔 2015 及其配套文件 、《电力,规则词典_v1,待人工复核,2026-05-05 01:24:21
AUTO-20260427-EE7FE966EB,关于印发《广东、广西、海南发电机组进入及退出商业运营实施细则》的通知,2023-11-24,,南方区域,监管规则,现行有效,机器抽取,命令控制;市场机制;财政金融;技术标准;信息披露;监管执法,准入条件;并网约束;履约约束;信息约束,补偿收益;绿色激励;试点示范,电网企业;发电企业;新能源企业;储能企业;电力用户;交易机构,发电;输配电;售电;用电;调度运行;辅助服务,辅助服务价格,辅助服务交易;跨省跨区交易,电费结算;辅助服务结算;分摊机制,,,储能,收益机制明确;成本疏导;并网条件影响;市场风险暴露;项目准入影响,辅助服务收益,并网消纳风险;政策状态风险;合规监管风险,关于印发《广东、广西、海南发电机组进入及退出商业运营实施细则》的通知 国家能源局派出机构 国家能源局南方监管局 南方区域 监管规则 电力市场 实施细则 关于印发《广东、广西、海南发电机组进入及退出商业运营实施细则》的通知 2023-11-24 关于印发《广东、广西、海南发电机组进入及退出商业运营实施细则》的通知 关于印发《广东、广西、海南发电机组进入及退出商 | 国 家 能 源 局 南 方 监 管 局 文 件 — 2 — 对于《发电机组进入及退出商业运营办法》 （国能发监管规 〔2023〕48 号）印发之日至本通知发布之日期间首次并网运行 请有关电网企业按照 《实施细则》 第十七、 十八条重新核算上述 的发电机组和独立新型储能，参照《实施细则》有关规定执行。 | 请有关电网企业按照 《实施细则》 第十七、 十八条重新核算上述 发电机组和独立新型储能调试运行期及进入商业运营后结算电 费，在本通知发布后的次月退补结算。,规则词典_v1,待人工复核,2026-05-05 01:24:21
AUTO-20260427-6122A07CB6,国家能源局西北监管局关于公开征求《西北区域跨省电力中长期交易实施细则（征求意见稿）》意见建议的通知,2024-03-28,,西北区域,监管规则,征求意见,机器抽取,命令控制;市场机制;规划引导;财政金融;技术标准;信息披露;监管执法,准入条件;并网约束;履约约束;信息约束;消纳约束,补偿收益;价格激励;绿色激励;试点示范,电网企业;发电企业;新能源企业;储能企业;售电公司;电力用户;交易机构;微电网主体,发电;输配电;售电;用电;调度运行;辅助服务;现货市场;中长期市场;绿电绿证,上网电价;输配电价;分时电价;市场形成价格;辅助服务价格;偏差价格,中长期交易;绿电交易;辅助服务交易;跨省跨区交易,电费结算;偏差结算;辅助服务结算;分摊机制,偏差考核;信用评价;信息披露考核,新能源消纳;能源安全,新型电力系统;微电网;储能;电网规划,收益机制明确;成本疏导;并网条件影响;市场风险暴露;项目准入影响,绿电消费;辅助服务收益;园区微电网,价格波动;偏差风险;并网消纳风险;政策状态风险;合规监管风险,国家能源局西北监管局关于公开征求《西北区域跨省电力中长期交易实施细则（征求意见稿）》意见建议的通知 国家能源局派出机构 国家能源局西北监管局 西北区域 监管规则 中长期 实施细则; | 跨省 国家能源局西北监管局关于公开征求《西北区域跨省电力中长期交易实施细则（征求意... 2024-03-28 国家能源局西北监管局关于公开征求《西北区域跨省电力中长期交易实施细则（征求意见稿）》意见建议的通知 设为首页 工作邮箱 机构概览 动态要闻 信息公开 在线办事 互动回应 专题专栏 2024-03-28 17:45 来源：市场处 字体： 国家能源局西 | 第 二 条 本细则所称西北区域跨省中长期交易是指陕西、 甘肃、青海、宁夏、新疆、西北外送直流配套火电和新能源 所属控制区在西北电网区域内通过省间联络线开展的电力 中长期交易。,规则词典_v1,待人工复核,2026-05-05 01:24:21
AUTO-20260427-3AAD7C60CC,长三角省市间富余新能源消纳互济交易规则（试行）,2024-12-13,中发〔2015〕9号,华东区域,监管规则,试行,机器抽取,命令控制;市场机制;财政金融;技术标准;信息披露;监管执法,准入条件;并网约束;履约约束;信息约束;消纳约束,补偿收益;试点示范,电网企业;发电企业;新能源企业;储能企业;电力用户;交易机构;虚拟电厂,发电;输配电;售电;用电;调度运行;辅助服务;现货市场;中长期市场,输配电价;市场形成价格;偏差价格,现货交易;辅助服务交易;需求响应;跨省跨区交易,电费结算;分摊机制,信用评价;信息披露考核,新能源消纳,储能;虚拟电厂,收益机制明确;成本疏导;并网条件影响;市场风险暴露;项目准入影响,聚合交易;辅助服务收益,价格波动;偏差风险;并网消纳风险;政策状态风险;合规监管风险,长三角省市间富余新能源消纳互济交易规则（试行） 国家能源局派出机构 国家能源局华东监管局 华东区域 监管规则 新能源 交易规则 长三角省市间富余新能源消纳互济交易规则（试行） 2024-12-13 第一条 为充分发挥长三角省市间电力互济作用，保障 - 1 - 附件 1： 长三角省市间富余新能源消纳互济 交易规则（试行） 第一章 总 则 第一条 为充分发挥长三 | 第二条 本规则依据《中共中央国务院关于进一步深化 电力体制改革的若干意见》(中发〔2015〕9 号)及其相关配 套文件、《电力监管条例》(国务院令第 432 号)、《电力市 行基本规则》(国家发展改革委令第 20 号）、《国家发展改 场监管办法》(国家发展改革委令第 18 号）、《电力市场运 行基本规则》(国家发展改革委令第 20 号）、《国家发展改 革委  | 第三条 长三角省市间富余新能源消纳互济交易（以下 简称“新能源消纳互济交易”）通过市场化方式促进富余新 - 2 - 能源跨省消纳。,规则词典_v1,待人工复核,2026-05-05 01:24:21
AUTO-20260427-5E3CE632ED,市工业和信息化局等部门关于印发《天津市电力需求侧管理实施细则》的通知_委局文件_政务公开,2025-11-25,津工信规〔2025〕1号,天津,官方政策,现行有效,机器抽取,命令控制;市场机制;规划引导;财政金融;技术标准;信息披露;监管执法,准入条件;并网约束;履约约束;信息约束;消纳约束,补偿收益;价格激励;绿色激励;试点示范,电网企业;新能源企业;储能企业;售电公司;电力用户;虚拟电厂;微电网主体;数据中心,发电;输配电;售电;用电;调度运行;辅助服务;现货市场;绿电绿证,,绿电交易;辅助服务交易;需求响应;跨省跨区交易,,,双碳目标;绿色低碳;能源安全,源网荷储;微电网;储能;电网规划;电力算力协同;分布式光伏;虚拟电厂,收益机制明确;并网条件影响;市场风险暴露;项目准入影响,聚合交易;绿电消费;辅助服务收益;园区微电网,并网消纳风险,市工业和信息化局等部门关于印发《天津市电力需求侧管理实施细则》的通知_委局文件_政务公开 天津市工业和信息化局 天津市工业和信息化局 天津 官方政策 电力市场 实施细则 市工业和信息化局等部门关于印发《天津市电力需求侧管理实施细则》的通知2025-11-25 市工业和信息化局等部门关于印发《天津市电力需求侧管理实施细则》的通知_委局文件_政务公开 天津政务网 | 科技工业信息化\信息化 成 文 日 期 ： 发 文 日 期 ： 有 效 性 ： 市工业和信息化局等部门关于印发 《天津市电力需求侧管理实施细则》的通知 《天津市电力需求侧管理实施细则》的通知 各有关单位： 为深入贯彻落实党的二十大和二十届二中、三中全会精神，加快推进我市新型能源体系建设，服务经济高质量发展，引导加强全社会用电管理 综合采取合理可行的技术、经济 | 按照 《国家发展改革委等部门关于印发 〕号）要求，我们组织编制了《天津市电力需求侧管理实施细则 电力需求侧管理办法（ 2023 年版） 的通知 （发改运行规〔 1283 〕号）要求，我们组织编制了《天津市电力需求侧管理实施细则 》，现印发执行。,规则词典_v1,待人工复核,2026-05-05 01:24:21
AUTO-20260427-2C2D80BAFA,关于做好2021年电力中长期合同签订工作的通知(发改运行〔2020〕1784号),2020-12-02,发改运行〔2020〕1784号,全国,官方政策,现行有效,机器抽取,命令控制;市场机制;规划引导;财政金融;技术标准;信息披露;监管执法,准入条件;并网约束;履约约束;信息约束,补偿收益;价格激励;试点示范,电网企业;发电企业;新能源企业;售电公司;电力用户;交易机构,发电;输配电;售电;用电;调度运行;辅助服务;现货市场;中长期市场,输配电价;分时电价;市场形成价格;辅助服务价格;偏差价格,中长期交易;跨省跨区交易,偏差结算;辅助服务结算;分摊机制,偏差考核;信息披露考核,,,收益机制明确;成本疏导;市场风险暴露;项目准入影响,辅助服务收益,偏差风险;合规监管风险,关于做好2021年电力中长期合同签订工作的通知(发改运行〔2020〕1784号) 国家发展改革委 国家发展改革委-政策通知 全国 官方政策 中长期 中长期 关于做好2021年电力中长期合同签订工作的通知(发改运行〔2020〕1784号) 【关于做好2021年电力中长期合同签订工作的通知(发改运行〔2020〕1784号)】-国家发展和改革委员会 政务公开 关于 | （一）充分发挥电力中长期合同的规避风险作用。 | 二、保障足量签约 （一）充分发挥电力中长期合同的规避风险作用。,规则词典_v1,待人工复核,2026-05-05 01:24:21
AUTO-20260427-BD45999335,关于做好2023年电力中长期合同签订履约工作的通知(发改运行〔2022〕1861号),2022-12-21,发改运行〔2022〕1861号,全国,官方政策,现行有效,机器抽取,命令控制;市场机制;规划引导;财政金融;信息披露;监管执法,准入条件;并网约束;履约约束;信息约束;消纳约束,价格激励;绿色激励;试点示范,电网企业;发电企业;新能源企业;售电公司;电力用户;交易机构,发电;输配电;售电;用电;调度运行;现货市场;中长期市场;绿电绿证,上网电价;分时电价;市场形成价格;偏差价格,中长期交易;绿电交易;跨省跨区交易,电费结算;偏差结算,偏差考核;信用评价;信息披露考核,新能源消纳,,收益机制明确;成本疏导;并网条件影响;市场风险暴露;项目准入影响,绿电消费,价格波动;偏差风险;并网消纳风险;合规监管风险,关于做好2023年电力中长期合同签订履约工作的通知(发改运行〔2022〕1861号) 国家发展改革委 国家发展改革委-政策通知 全国 官方政策 中长期 中长期 关于做好2023年电力中长期合同签订履约工作的通知(发改运行〔2022〕1861号) 【关于做好2023年电力中长期合同签订履约工作的通知(发改运行〔2022〕1861号)】-国家发展和改革委员会 政 | 一、确保市场主体高比例签约 （一）坚持电力中长期合同高比例签约。 | 市场化电力用户2023年年度中长期合同签约电量应高于上一年度用电量的80%，并通过后续季度、月度、月内合同签订，保障全年中长期合同签约电量高于上一年度用电量的90%。,规则词典_v1,待人工复核,2026-05-05 01:24:21
AUTO-20260427-B903E2C09B,关于做好发电供热企业直保煤炭中长期合同全覆盖铁路运力保障有关工作的通知(发改办运行〔2021〕750号),2021-09-29,发改办运行〔2021〕750号,全国,官方政策,现行有效,机器抽取,命令控制;市场机制;信息披露;监管执法,履约约束;信息约束,试点示范,,发电;调度运行;中长期市场,,,,,,,,,偏差风险;合规监管风险,关于做好发电供热企业直保煤炭中长期合同全覆盖铁路运力保障有关工作的通知(发改办运行〔2021〕750号) 国家发展改革委 国家发展改革委-政策通知 全国 官方政策 中长期 中长期 关于做好发电供热企业直保煤炭中长期合同全覆盖铁路运力保障有关工作的通知(发改办运行〔2021〕750号) 【关于做好发电供热企业直保煤炭中长期合同全覆盖铁路运力保障有关工作的通知( | 一、在推进电煤中长期合同全覆盖工作中将保障铁路运力作为重要内容。 | 铁路是煤炭运输的骨干，具有运量大、效率高、可靠性强、节能低碳等显著优势，在衔接煤炭供需、保障电煤中长期合同高效履行等方面发挥着不可替代的关键作用。,规则词典_v1,待人工复核,2026-05-05 01:24:21
AUTO-20260427-C2621C7DE7,关于印发《“十四五”新型储能发展实施方案》的通知(发改能源〔2022〕209号),2022-03-21,发改能源〔2022〕209号,全国,官方政策,现行有效,机器抽取,命令控制;市场机制;规划引导;财政金融;技术标准;信息披露;监管执法,准入条件;并网约束;信息约束;消纳约束,补偿收益;价格激励;绿色激励;试点示范,电网企业;发电企业;新能源企业;储能企业;电力用户;虚拟电厂;微电网主体;数据中心,发电;输配电;用电;调度运行;辅助服务;现货市场;中长期市场,输配电价;分时电价;市场形成价格;容量价格,中长期交易;辅助服务交易;跨省跨区交易,分摊机制,,双碳目标;新能源消纳;能源安全,新型电力系统;源网荷储;微电网;储能;电网规划;电力算力协同;虚拟电厂,收益机制明确;成本疏导;并网条件影响;市场风险暴露;项目准入影响,聚合交易;辅助服务收益;园区微电网,并网消纳风险;政策状态风险;合规监管风险,关于印发《“十四五”新型储能发展实施方案》的通知(发改能源〔2022〕209号) 国家发展改革委 国家发展改革委-政策通知 全国 官方政策 储能 新型储能 关于印发《“十四五”新型储能发展实施方案》的通知(发改能源〔2022〕209号) 【关于印发《“十四五”新型储能发展实施方案》的通知(发改能源〔2022〕209号)】-国家发展和改革委员会 政务公开 关于 | 国家发展改革委 国 家 能 源 局 2022年1月29日 附件： “十四五”新型储能发展实施方案 “十四五”新型储能发展实施方案 新型储能是构建新型电力系统的重要技术和基础装备，是实 现碳达峰碳中和目标的重要支撑，也是催生国内能源新业态、抢 占国际战略新高地的重要领域。 | “十三五”以来，我国新型储能 行业整体处于由研发示范向商业化初期的过渡阶段，在技术装备 研发、示范项目建设、商业模式探索、政策体系构建等方面取得 了实质性进展，市场应用规模稳步扩大，对能源转型的支撑作用 初步显现。,规则词典_v1,待人工复核,2026-05-05 01:24:21
AUTO-20260427-69BAE4E34E,关于建立煤电容量电价机制的通知(发改价格〔2023〕1501号),2023-11-10,发改价格〔2023〕1501号,全国,官方政策,现行有效,机器抽取,命令控制;市场机制;规划引导;财政金融;技术标准;信息披露;监管执法,并网约束;履约约束;信息约束;消纳约束,补偿收益;绿色激励;试点示范,电网企业;发电企业;电力用户,发电;输配电;用电;调度运行;辅助服务;现货市场;中长期市场,容量价格;辅助服务价格,中长期交易;辅助服务交易;容量交易;跨省跨区交易,电费结算;辅助服务结算;分摊机制,,绿色低碳,新型电力系统,收益机制明确;成本疏导;并网条件影响;市场风险暴露;项目准入影响,辅助服务收益,偏差风险;并网消纳风险;合规监管风险,关于建立煤电容量电价机制的通知(发改价格〔2023〕1501号) 国家发展改革委 国家发展改革委-政策通知 全国 官方政策 容量电价 容量电价 关于建立煤电容量电价机制的通知(发改价格〔2023〕1501号) 【关于建立煤电容量电价机制的通知(发改价格〔2023〕1501号)】-国家发展和改革委员会 政务公开 关于建立煤电容量电价机制的通知(发改价格〔202 | 一、总体思路 一、总体思路 坚持市场化改革方向，加快推进电能量市场、容量市场、辅助服务市场等高效协同的电力市场体系建设，逐步构建起有效反映各类电源电量价值和容量价值的两部制电价机制。 | 当前阶段，适应煤电功能加快转型需要，将现行煤电单一制电价调整为两部制电价，其中电量电价通过市场化方式形成，灵敏反映电力市场供需、燃料成本变化等情况；,规则词典_v1,待人工复核,2026-05-05 01:24:21
AUTO-20260427-BCED5F5381,关于抽水蓄能电站容量电价及有关事项的通知(发改价格〔2023〕533号),2023-05-15,发改价格〔2023〕533号,全国,官方政策,现行有效,机器抽取,命令控制;市场机制;信息披露;监管执法,并网约束;信息约束;消纳约束,,电网企业;储能企业,输配电;调度运行,容量价格,,电费结算,,新能源消纳,储能,成本疏导;并网条件影响,,并网消纳风险;合规监管风险,关于抽水蓄能电站容量电价及有关事项的通知(发改价格〔2023〕533号) 国家发展改革委 国家发展改革委-政策通知 全国 官方政策 容量电价 容量电价 关于抽水蓄能电站容量电价及有关事项的通知(发改价格〔2023〕533号) 【关于抽水蓄能电站容量电价及有关事项的通知(发改价格〔2023〕533号)】-国家发展和改革委员会 政务公开 关于抽水蓄能电站容量电价 | 二、电网企业要统筹保障电力供应、确保电网安全、促进新能源消纳等，合理安排抽水蓄能电站运行； | 要与电站签订年度调度运行协议并对外公示，公平公开公正实施调度；,规则词典_v1,待人工复核,2026-05-05 01:24:21
AUTO-20260427-0ABCD56E46,关于进一步推动新型储能参与电力市场和调度运用的通知(发改办运行〔2022〕475号),2022-06-07,发改办运行〔2022〕475号,全国,官方政策,现行有效,机器抽取,命令控制;市场机制;规划引导;财政金融;技术标准;信息披露;监管执法,准入条件;并网约束;信息约束;消纳约束,补偿收益;价格激励;试点示范,电网企业;发电企业;储能企业;电力用户;交易机构;微电网主体,发电;输配电;用电;调度运行;辅助服务;现货市场;中长期市场,输配电价;分时电价;容量价格;辅助服务价格,辅助服务交易,辅助服务结算;分摊机制,监管处罚,双碳目标,新型电力系统;源网荷储;储能,收益机制明确;成本疏导;并网条件影响;市场风险暴露;项目准入影响,辅助服务收益;园区微电网,并网消纳风险;政策状态风险;合规监管风险,关于进一步推动新型储能参与电力市场和调度运用的通知(发改办运行〔2022〕475号) 国家发展改革委 国家发展改革委-政策通知 全国 官方政策 电力市场; | 新型储能 关于进一步推动新型储能参与电力市场和调度运用的通知(发改办运行〔2022〕475号) 【关于进一步推动新型储能参与电力市场和调度运用的通知(发改办运行〔2022〕475号)】-国家发展和改革委员会 政务公开 关于进一步推动新型储能参与电力市场和调度运用的通知(发改办运行〔2022〕475号) 发布时间：2022/06/07 来源： 运行局 [ 打印 | 新型储能具有响应快、配置灵活、建设周期短等优势，可在电力运行中发挥顶峰、调峰、调频、爬坡、黑启动等多种作用，是构建新型电力系统的重要组成部分。,规则词典_v1,待人工复核,2026-05-05 01:24:21
AUTO-20260427-42E984C2AA,关于进一步深化燃煤发电上网电价市场化改革的通知(发改价格〔2021〕1439号),2021-10-12,发改价格〔2021〕1439号,全国,官方政策,现行有效,机器抽取,命令控制;市场机制;财政金融;信息披露;监管执法,准入条件;并网约束;履约约束;信息约束,补偿收益;价格激励;试点示范,电网企业;发电企业;电力用户;交易机构,发电;输配电;售电;用电;调度运行;辅助服务;现货市场;中长期市场,上网电价;分时电价;市场形成价格;容量价格,中长期交易;容量交易,电费结算,监管处罚,双碳目标,新型电力系统,收益机制明确;成本疏导;市场风险暴露;项目准入影响,辅助服务收益,价格波动;合规监管风险,关于进一步深化燃煤发电上网电价市场化改革的通知(发改价格〔2021〕1439号) 国家发展改革委 国家发展改革委-政策通知 全国 官方政策 电力市场 上网电价 关于进一步深化燃煤发电上网电价市场化改革的通知(发改价格〔2021〕1439号) 【关于进一步深化燃煤发电上网电价市场化改革的通知(发改价格〔2021〕1439号)】-国家发展和改革委员会 政务公开  | （一）有序放开全部燃煤发电电量上网电价。 | 二、改革内容 （一）有序放开全部燃煤发电电量上网电价。,规则词典_v1,待人工复核,2026-05-05 01:24:21
AUTO-20260427-6E98A81878,关于国家电网有限公司省间电力现货交易规则的复函(发改办体改〔2021〕837号),2021-11-16,发改办体改〔2021〕837号,全国,官方政策,现行有效,机器抽取,市场机制;规划引导;信息披露,准入条件;并网约束;信息约束,试点示范,电网企业;发电企业;售电公司;交易机构,发电;输配电;售电;调度运行;现货市场;绿电绿证,,现货交易;跨省跨区交易,,信息披露考核,,,市场风险暴露;项目准入影响,,价格波动;合规监管风险,关于国家电网有限公司省间电力现货交易规则的复函(发改办体改〔2021〕837号) 国家发展改革委 国家发展改革委-政策通知 全国 官方政策 现货; | 省间 关于国家电网有限公司省间电力现货交易规则的复函(发改办体改〔2021〕837号) 【关于国家电网有限公司省间电力现货交易规则的复函(发改办体改〔2021〕837号)】-国家发展和改革委员会 政务公开 关于国家电网有限公司省间电力现货交易规则的复函(发改办体改〔2021〕837号) 发布时间：2021/11/16 来源： 体改司 [ 打印 ] 国家发展改 | 经研究并征求有关单位意见，现函复如下： 一、原则同意由国家电力调度中心会同北京电力交易中心有限公司按照《省间电力现货交易规则》（以下简称《交易规则》）认真组织实施。,规则词典_v1,待人工复核,2026-05-05 01:24:21
AUTO-20260427-B85C17304B,关于印发《四川电力辅助服务市场交易实施细则》的通知,2025-12-22,,四川,监管规则,现行有效,机器抽取,命令控制;市场机制;规划引导;财政金融;技术标准;信息披露;监管执法,准入条件;并网约束;履约约束;信息约束;消纳约束,补偿收益;价格激励;绿色激励;试点示范,电网企业;发电企业;新能源企业;储能企业;售电公司;电力用户;交易机构;虚拟电厂;微电网主体,发电;输配电;售电;用电;调度运行;辅助服务;现货市场,输配电价;分时电价;市场形成价格;容量价格;辅助服务价格;偏差价格,现货交易;辅助服务交易;容量交易;需求响应;跨省跨区交易,电费结算;辅助服务结算;分摊机制;周期结算,运行考核;信息披露考核,绿色低碳;能源安全,新型电力系统;微电网;储能;虚拟电厂,收益机制明确;成本疏导;并网条件影响;市场风险暴露;项目准入影响,聚合交易;辅助服务收益;园区微电网,价格波动;偏差风险;并网消纳风险;合规监管风险,关于印发《四川电力辅助服务市场交易实施细则》的通知 国家能源局四川监管办公室 国家能源局四川监管办公室 四川 监管规则 辅助服务 实施细则; | 辅助服务 关于印发《四川电力辅助服务市场交易实施细则》的通知 2025-12-22； | OCR文本待人工复核 --- 第 1 页 OCR --- 国家能源局四川监管办公室 四川省发展和改革委员会文件 四川省能源局 川监能市场〔2025】126号 关于印发《四川电力辅助服务市场交易 实施细则》的通知 实施细则》的通知 国网西南分部、国网四川省电力公司，四川电力交易中心，有关 地方电网企业，有关发电企业、电力用户、售电公司、新型经营 主体: 为深入,规则词典_v1,待人工复核,2026-05-05 01:24:21
AUTO-20260427-C78A139FE6,关于印发《部分条款修订稿》的通知,2025-07-11,,新疆,监管规则,现行有效,机器抽取,命令控制;市场机制;财政金融;技术标准;信息披露;监管执法,准入条件;并网约束;履约约束;信息约束;消纳约束,补偿收益;价格激励;绿色激励;试点示范,电网企业;发电企业;新能源企业;储能企业;售电公司;电力用户;交易机构;虚拟电厂;微电网主体,发电;输配电;售电;用电;调度运行;辅助服务;现货市场;中长期市场;绿电绿证,上网电价;输配电价;分时电价;市场形成价格;辅助服务价格;偏差价格,中长期交易;绿电交易;辅助服务交易;需求响应;跨省跨区交易,电费结算;偏差结算;辅助服务结算;分摊机制,偏差考核;信息披露考核,,源网荷储;微电网;储能;电网规划;虚拟电厂,收益机制明确;成本疏导;并网条件影响;市场风险暴露;项目准入影响,聚合交易;绿电消费;辅助服务收益;园区微电网,偏差风险;并网消纳风险;合规监管风险,关于印发《部分条款修订稿》的通知 国家能源局新疆监管办公室 国家能源局新疆监管办公室 新疆 监管规则 中长期 实施细则; | 中长期 关于印发《<新疆电力中长期市场实施细则>部分条款修订稿》的通知 2025-07-11 新疆电力中长期市场实施细则>部分条款修订稿》的通知 关于印发《<新疆电力中长期市场实施细则>部分条款修订稿》的通知 设为首页 工作邮箱 机构概览 动态要闻 信息公开 在线办事 互动回应 关于印发《 新疆电力中长期市场实施细则>部分条款修订稿》的通知 2025-07- | 自2025年8月1日起，涉及修订完善条款按《新疆电力中长期市场实施细则（部分条款修订稿）》执行。,规则词典_v1,待人工复核,2026-05-05 01:24:21
AUTO-20260427-F447945296,关于印发《新疆电力辅助服务市场实施细则》的通知,2025-07-11,,新疆,监管规则,现行有效,机器抽取,命令控制;市场机制;规划引导;财政金融;技术标准;信息披露;监管执法,准入条件;并网约束;履约约束;信息约束;消纳约束,补偿收益;价格激励;绿色激励;试点示范,电网企业;发电企业;新能源企业;储能企业;售电公司;电力用户;交易机构;虚拟电厂;微电网主体,发电;输配电;售电;用电;调度运行;辅助服务;现货市场,上网电价;输配电价;分时电价;市场形成价格;辅助服务价格;偏差价格,辅助服务交易;跨省跨区交易,电费结算;辅助服务结算;分摊机制;周期结算,运行考核;信息披露考核,新能源消纳;能源安全,新型电力系统;微电网;储能;虚拟电厂,收益机制明确;成本疏导;并网条件影响;市场风险暴露;项目准入影响,聚合交易;辅助服务收益;园区微电网,价格波动;偏差风险;并网消纳风险;合规监管风险,关于印发《新疆电力辅助服务市场实施细则》的通知 国家能源局新疆监管办公室 国家能源局新疆监管办公室 新疆 监管规则 辅助服务 实施细则; | 辅助服务 关于印发《新疆电力辅助服务市场实施细则》的通知 2025-07-11 关于印发《新疆电力辅助服务市场实施细则》的通知 关于印发《新疆电力辅助服务市场实施细则》的通知 设为首页 工作邮箱 机构概览 动态要闻 信息公开 在线办事 互动回应 2025-07-11 10:14 来源：新疆办市场监管处 字体： 国网新疆电力有限公司、新疆生产建设兵团中新建电力 | 二、为进一步配合新疆电力现货市场结算试运行工作， 在新疆电力现货市场试运行期间，加强调峰辅助服务市场与电力现货市场融合，调峰市场暂不运行。,规则词典_v1,待人工复核,2026-05-05 01:24:21
AUTO-20260427-AB6A507796,关于印发《四川2026年电力市场交易总体方案》及《四川电力市场规则体系V4.0》的通知,2025-12-08,,四川,官方政策,现行有效,机器抽取,命令控制;市场机制;规划引导;财政金融;技术标准;信息披露;监管执法,准入条件;并网约束;履约约束;信息约束;消纳约束,补偿收益;价格激励;绿色激励;试点示范,电网企业;发电企业;新能源企业;储能企业;售电公司;电力用户;交易机构;虚拟电厂;数据中心,发电;输配电;售电;用电;调度运行;辅助服务;现货市场;中长期市场;绿电绿证,上网电价;输配电价;分时电价;市场形成价格;容量价格;辅助服务价格;偏差价格,中长期交易;现货交易;绿电交易;辅助服务交易;需求响应;跨省跨区交易,电费结算;辅助服务结算;分摊机制;周期结算,信用评价;信息披露考核,新能源消纳,新型电力系统;储能;电力算力协同;分布式光伏;虚拟电厂,收益机制明确;成本疏导;并网条件影响;市场风险暴露;项目准入影响,自发自用余电上网;聚合交易;绿电消费;辅助服务收益,价格波动;偏差风险;并网消纳风险;合规监管风险,关于印发《四川2026年电力市场交易总体方案》及《四川电力市场规则体系V4.0》的通知 四川省发展和改革委员会 四川省发展和改革委员会 四川 官方政策 电力市场 电力市场; | 规则体系 关于印发《四川2026年电力市场交易总体方案》及《四川电力市场规则体系V4.0》的通知 关于印发《四川2026年电力市场交易总体方案》及《四川电力市场规则体系V4.0》的通知_通知公告_四川省发展和改革委员会 便民日历 智能问答 无障碍 个人中心 网站支持ipv6 搜 索 新闻中心 政府信息公开 政务服务 发改工作 党建工作 互动交流 专题专栏 数 | 附件： 四川2026年电力市场总体交易方案 四川电力市场规则体系V4.0 四川省发展和改革委员会 四川省能源局 国家能源局四川监管办公室 2025 扫一扫在手机打开当前页 相关链接： 友情链接： 领导机关 中国政府网 国家发展和改革委员会 四川省人大常委会 四川省人民政府 政协四川省委员会 部门管理单位 四川省粮食和物资储备局 四川省工程咨询研究院 四川发布,规则词典_v1,待人工复核,2026-05-05 01:24:21
AUTO-20260427-B587DC0124,关于印发《四川电力市场结算细则V1.0）》的通知,2026-01-06,,四川,官方政策,现行有效,机器抽取,命令控制;市场机制;规划引导;财政金融;技术标准;信息披露;监管执法,准入条件;并网约束;履约约束;信息约束;消纳约束,补偿收益;价格激励;绿色激励;试点示范,电网企业;发电企业;新能源企业;储能企业;售电公司;电力用户;交易机构;虚拟电厂;微电网主体,发电;输配电;售电;用电;调度运行;辅助服务;现货市场;中长期市场;绿电绿证,上网电价;分时电价;市场形成价格;容量价格;偏差价格,中长期交易;现货交易;辅助服务交易;跨省跨区交易,电费结算;分摊机制;周期结算,运行考核,,储能;电网规划;虚拟电厂,收益机制明确;成本疏导;并网条件影响;市场风险暴露;项目准入影响,聚合交易;辅助服务收益;园区微电网,偏差风险;并网消纳风险;政策状态风险;合规监管风险,结算 关于印发《四川电力市场结算细则V1.0）》的通知 关于印发《四川电力市场结算细则V1.0）》的通知_通知公告_四川省发展和改革委员会 便民日历 智能问答 无障碍 个人中心 网站支持ipv6 搜 索 新闻中心 政府信息公开 政务服务 发改工作 党建工作 互动交流 专题专栏 数据发布 基本信息公开 通知公告 关于印发《四川电力市场结算细则V1.0）》的通知 | 附件： 四川电力市场结算细则V1.0 四川省发展和改革委员会 四川省能源局 202 扫一扫在手机打开当前页 相关链接： 友情链接： 领导机关 中国政府网 国家发展和改革委员会 四川省人大常委会 四川省人民政府 政协四川省委员会 部门管理单位 四川省粮食和物资储备局 四川省工程咨询研究院 四川发布 四川新闻网 四川县域经济网 中国发展网 四川在线 关于我们 法 | 本细则引用以下文件：《中华人民共和国能源法》《中华 人民共和国电力法》《中华人民共和国价格法》《中共中央国 务院关于进一步深化电力体制改革的若干意见》《中共中央办 公厅 国务院办公厅关于完善价格治理机制的意见》《电力市场 〔2023〕1217 号）、《电力市场计量结算基本规则》（发改能 运行基本规则》（中华人民共和国国家发展和改革委员会令第 20 号）、《电,规则词典_v1,待人工复核,2026-05-05 01:24:21
AUTO-20260427-E1D1006CB7,关于印发《江苏省电力中长期市场实施细则（2026版）》的通知,2026-03-06,,江苏,监管规则,现行有效,机器抽取,命令控制;市场机制;规划引导;财政金融;技术标准;信息披露;监管执法,准入条件;并网约束;履约约束;信息约束;消纳约束,补偿收益;价格激励;绿色激励;试点示范,电网企业;发电企业;新能源企业;储能企业;售电公司;电力用户;交易机构;虚拟电厂;微电网主体,发电;输配电;售电;用电;调度运行;辅助服务;现货市场;中长期市场;绿电绿证,上网电价;输配电价;分时电价;市场形成价格;容量价格;偏差价格,中长期交易;现货交易;绿电交易;辅助服务交易;容量交易;需求响应;跨省跨区交易,电费结算;偏差结算;分摊机制,偏差考核;信息披露考核,新能源消纳;能源安全,源网荷储;微电网;储能;电网规划;分布式光伏;虚拟电厂,收益机制明确;成本疏导;并网条件影响;市场风险暴露;项目准入影响,自发自用余电上网;聚合交易;绿电消费;辅助服务收益;园区微电网,价格波动;偏差风险;并网消纳风险;政策状态风险;合规监管风险,关于印发《江苏省电力中长期市场实施细则（2026版）》的通知 国家能源局江苏监管办公室 国家能源局江苏监管办公室-通知 江苏 监管规则 中长期 实施细则; | 中长期 关于印发《江苏省电力中长期市场实施细则（2026版）》的通知 2026-03-06 关于印发《江苏省电力中长期市场实施细则（2026版）》的通知 关于印发《江苏省电力中长期市场实施细则（2026版）》的通知_国家能源局江苏监管办公室 设为首页 工作邮箱 机构概览 动态要闻 信息公开 在线办事 互动回应 专题专栏 关于印发《江苏省电力中长期市场实施细则 | 江苏省电力中长期市场实施细则（2026版）.pdf 江苏省电力中长期市场实施细则（2026版）.pdf 国家能源局江苏监管办公室 江苏省发展和改革委员会 2026年2月28日 扫一扫在手机打开当前页 地址: 南京市中山路268号汇杰广场21楼 邮编:210008 京公网安备 11010202007691 网站标识码: bm62000019号 京ICP备110,规则词典_v1,待人工复核,2026-05-05 01:24:21
AUTO-20260427-D816ADFC99,关于印发《新疆电力中长期市场实施细则》 的通知,2026-03-30,,新疆,监管规则,现行有效,机器抽取,命令控制;市场机制;财政金融;技术标准;信息披露;监管执法,准入条件;并网约束;履约约束;信息约束;消纳约束,补偿收益;价格激励;绿色激励;试点示范,电网企业;发电企业;新能源企业;储能企业;售电公司;电力用户;交易机构;虚拟电厂;微电网主体,发电;输配电;售电;用电;调度运行;辅助服务;现货市场;中长期市场;绿电绿证,上网电价;输配电价;分时电价;市场形成价格;偏差价格,中长期交易;现货交易;绿电交易;辅助服务交易;容量交易;需求响应;跨省跨区交易,电费结算;偏差结算;分摊机制,偏差考核;信用评价;信息披露考核,新能源消纳,源网荷储;微电网;储能;电网规划;分布式光伏;虚拟电厂,收益机制明确;成本疏导;并网条件影响;市场风险暴露;项目准入影响,自发自用余电上网;聚合交易;绿电消费;辅助服务收益;园区微电网,价格波动;偏差风险;并网消纳风险;政策状态风险;合规监管风险,关于印发《新疆电力中长期市场实施细则》 的通知 国家能源局新疆监管办公室 国家能源局新疆监管办公室 新疆 监管规则 中长期 实施细则; | 中长期 关于印发《新疆电力中长期市场实施细则》 的通知 2026-03-30； | OCR文本待人工复核 关于印发《新疆电力中长期市场实施细则》 的通知 关于印发《新疆电力中长期市场实施细则》 的通知 设为首页 工作邮箱 机构概览 动态要闻 信息公开 在线办事 互动回应 2026-03-30 18:40 来源：新疆办监管二处 字体： 国网新疆电力有限公司、新疆电力交易中心有限公司、各有关发电企业、售电公司、电力用户、新型经营主体： 为进一步,规则词典_v1,待人工复核,2026-05-05 01:24:21
AUTO-20260427-B23CD79013,关于印发《江苏电力辅助服务（调峰）市场启停交易补充规则》的通知,2019-09-30,,江苏,监管规则,现行有效,机器抽取,命令控制;市场机制;财政金融;信息披露;监管执法,准入条件;信息约束;消纳约束,补偿收益;试点示范,发电企业;电力用户;交易机构,发电;用电;调度运行;辅助服务,,辅助服务交易,分摊机制,,,,收益机制明确;成本疏导,辅助服务收益,价格波动;合规监管风险,关于印发《江苏电力辅助服务（调峰）市场启停交易补充规则》的通知 国家能源局江苏监管办公室 国家能源局江苏监管办公室-通知 江苏 监管规则 辅助服务 辅助服务; | 调峰 关于印发《江苏电力辅助服务（调峰）市场启停交易补充规则》的通知 2019-09-30 关于印发《江苏电力辅助服务（调峰）市场启停交易补充规则》的通知 关于印发《江苏电力辅助服务（调峰）市场启停交易补充规则》的通知_国家能源局江苏监管办公室 设为首页 工作邮箱 机构概览 动态要闻 信息公开 在线办事 互动回应 专题专栏 关于印发《江苏电力辅助服务（调峰） | 二、为进一步完善江苏电力辅助服务补偿机制，促进调峰资源优化配置，决定自2019年10月1日起：深度调峰市场40%以下负荷段最高限价调高至1000元/兆瓦时；,规则词典_v1,待人工复核,2026-05-05 01:24:21
AUTO-20260427-2C2684AFB7,关于印发《江苏电力辅助服务（调频）市场交易规则（试行）》的通知,2020-07-03,,江苏,监管规则,试行,机器抽取,命令控制;市场机制;财政金融;技术标准;信息披露;监管执法,准入条件;并网约束;履约约束;信息约束;消纳约束,补偿收益;试点示范,发电企业;新能源企业;储能企业;电力用户;交易机构,发电;输配电;用电;调度运行;辅助服务;现货市场,市场形成价格;辅助服务价格,辅助服务交易,,信息披露考核,,储能,收益机制明确;并网条件影响;市场风险暴露;项目准入影响,辅助服务收益,价格波动;偏差风险;并网消纳风险;政策状态风险;合规监管风险,关于印发《江苏电力辅助服务（调频）市场交易规则（试行）》的通知 国家能源局江苏监管办公室 国家能源局江苏监管办公室-通知 江苏 监管规则 辅助服务 交易规则; | 调频 关于印发《江苏电力辅助服务（调频）市场交易规则（试行）》的通知 2020-07-03 关于印发《江苏电力辅助服务（调频）市场交易规则（试行）》的通知 关于印发《江苏电力辅助服务（调频）市场交易规则（试行）》的通知_国家能源局江苏监管办公室 设为首页 工作邮箱 机构概览 动态要闻 信息公开 在线办事 互动回应 专题专栏 关于印发《江苏电力辅助服务（调频） | 关于印发《江苏电力辅助服务（调频）市场交易规则（试行）》的通知 江苏电力调频辅助服务市场拟于2020年7月启动试运行，为保障各项工作有序推进，请省电力公司积极配合做好市场组织、技术支持系统建设及培训工作，江苏电力交易中心做好市场成员注册及相关服务工作，各市场主体做好市场运行准备工作，切实防范市场风险，如遇重大问题，须及时报告。,规则词典_v1,待人工复核,2026-05-05 01:24:21
AUTO-20260427-A83640585B,关于印发《江苏电力市场用户可调负荷参与辅助服务市场交易规则（试行）》的通知,2020-11-10,,江苏,监管规则,试行,机器抽取,命令控制;市场机制;规划引导;财政金融;技术标准;信息披露;监管执法,准入条件;并网约束;履约约束;信息约束;消纳约束,补偿收益;试点示范,电网企业;储能企业;售电公司;电力用户;交易机构;虚拟电厂,发电;输配电;售电;用电;调度运行;辅助服务;现货市场;中长期市场,输配电价;分时电价;市场形成价格;偏差价格,中长期交易;辅助服务交易;需求响应,电费结算;分摊机制,信息披露考核,能源安全,储能,收益机制明确;成本疏导;并网条件影响;市场风险暴露;项目准入影响,聚合交易;辅助服务收益,价格波动;偏差风险;并网消纳风险;政策状态风险;合规监管风险,关于印发《江苏电力市场用户可调负荷参与辅助服务市场交易规则（试行）》的通知 国家能源局江苏监管办公室 国家能源局江苏监管办公室-通知 江苏 监管规则 电力市场; | 辅助服务 关于印发《江苏电力市场用户可调负荷参与辅助服务市场交易规则（试行）》的通知 2020-11-10 关于印发《江苏电力市场用户可调负荷参与辅助服务市场交易规则（试行）》的通知_国家能源局江苏监管办公室 设为首页 工作邮箱 机构概览 动态要闻 信息公开 在线办事 互动回应 专题专栏 关于印发《江苏电力市场用户可调负荷参与辅助服务市场交易规则（试行）》的 | 二、请省电力公司、江苏电力交易中心做好与我省已开展的电力需求响应工作衔接，确保市场平稳有序，待电力现货市场具备条件后与现货市场融合。,规则词典_v1,待人工复核,2026-05-05 01:24:21
AUTO-20260427-56F605665F,关于印发《江苏省电力中长期交易规则（2023版）》的通知,2023-12-08,,江苏,监管规则,现行有效,机器抽取,命令控制;市场机制;规划引导;财政金融;技术标准;信息披露;监管执法,准入条件;并网约束;履约约束;信息约束;消纳约束,补偿收益;价格激励;绿色激励;试点示范,电网企业;发电企业;新能源企业;储能企业;售电公司;电力用户;交易机构;微电网主体,发电;输配电;售电;用电;调度运行;辅助服务;现货市场;中长期市场;绿电绿证,上网电价;输配电价;分时电价;市场形成价格;容量价格;辅助服务价格;偏差价格,中长期交易;现货交易;绿电交易;辅助服务交易;跨省跨区交易,电费结算;偏差结算;辅助服务结算;分摊机制;周期结算,偏差考核;信用评价;信息披露考核,新能源消纳,微电网;储能;电网规划,收益机制明确;成本疏导;并网条件影响;市场风险暴露;项目准入影响,绿电消费;辅助服务收益;园区微电网,价格波动;偏差风险;并网消纳风险;合规监管风险,关于印发《江苏省电力中长期交易规则（2023版）》的通知 国家能源局江苏监管办公室 国家能源局江苏监管办公室-通知 江苏 监管规则 中长期 交易规则; | 中长期 关于印发《江苏省电力中长期交易规则（2023版）》的通知 2023-12-08 关于印发《江苏省电力中长期交易规则（2023版）》的通知 关于印发《江苏省电力中长期交易规则（2023版）》的通知_国家能源局江苏监管办公室 设为首页 工作邮箱 机构概览 动态要闻 信息公开 在线办事 互动回应 专题专栏 关于印发《江苏省电力中长期交易规则（2023版）》 | 江苏省电力中长期交易规则（2023版）.pdf 国家能源局江苏监管办公室 江苏省发展和改革委员会 2023 扫一扫在手机打开当前页 地址: 南京市中山路268号汇杰广场21楼 邮编:210008 京公网安备 11010202007691 网站标识码: bm62000019号 京ICP备11044902号 第一条为规范江苏省电力中长期交易，依法维护电力市 江苏,规则词典_v1,待人工复核,2026-05-05 01:24:21
AUTO-20260427-3B4DEB2D95,浙江能源监管办 省发展改革委 省能源局关于印发《浙江电力现货市场规则》的通知,2024-04-08,浙监能市场〔2024〕4号,浙江,监管规则,现行有效,机器抽取,命令控制;市场机制;规划引导;财政金融;技术标准;信息披露;监管执法,准入条件;并网约束;履约约束;信息约束;消纳约束,补偿收益;价格激励;绿色激励;试点示范,电网企业;发电企业;新能源企业;储能企业;售电公司;电力用户;交易机构;虚拟电厂,发电;输配电;售电;用电;调度运行;辅助服务;现货市场;中长期市场,上网电价;输配电价;分时电价;市场形成价格;容量价格;辅助服务价格;偏差价格,中长期交易;现货交易;辅助服务交易;容量交易;需求响应;跨省跨区交易,电费结算;偏差结算;辅助服务结算;分摊机制;周期结算,偏差考核;信用评价;信息披露考核,绿色低碳;能源安全,新型电力系统;储能;电网规划;虚拟电厂,收益机制明确;成本疏导;并网条件影响;市场风险暴露;项目准入影响,聚合交易;辅助服务收益,价格波动;偏差风险;并网消纳风险;政策状态风险;合规监管风险,浙江能源监管办 省发展改革委 省能源局关于印发《浙江电力现货市场规则》的通知 国家能源局浙江监管办公室 国家能源局浙江监管办公室 浙江 监管规则 电力市场; | 现货 现货 浙江能源监管办 省发展改革委 省能源局关于印发《浙江电力现货市场规则》的通知 2024-04-08 浙监能市场〔2024〕4 号 各市发展改革委（能源局），国网浙江省电力有限公司，浙江省 能源集团有限公司、华能（浙江）能源开发有限公司、国家能源 集团浙江电力有限公司、中国华电集团有限公司浙江分公司、中 国大唐集团有限公司浙江分公司、国家电投集团浙 | 现印发给你 管理，我们组织制定了《浙江电力现货市场规则》。,规则词典_v1,待人工复核,2026-05-05 01:24:21
AUTO-20260427-D808C3C69B,浙江能源监管办关于征求《关于做好浙江省长三角“两个细则”结算试运行有关事项的通知（征求意见稿）》意见的函,2025-06-30,浙发改价格〔2024〕21号,浙江,监管规则,现行有效,机器抽取,命令控制;市场机制;规划引导;财政金融;技术标准;信息披露;监管执法,准入条件;并网约束;履约约束;信息约束;消纳约束,补偿收益;价格激励;绿色激励;试点示范,电网企业;发电企业;新能源企业;储能企业;售电公司;电力用户;交易机构;虚拟电厂;微电网主体,发电;输配电;售电;用电;调度运行;辅助服务;现货市场;中长期市场,分时电价;市场形成价格;辅助服务价格;偏差价格,辅助服务交易;需求响应;跨省跨区交易,电费结算;偏差结算;辅助服务结算;分摊机制;周期结算,运行考核;偏差考核;信息披露考核,双碳目标,新型电力系统;源网荷储;储能;虚拟电厂,收益机制明确;成本疏导;并网条件影响;市场风险暴露;项目准入影响,聚合交易;辅助服务收益;园区微电网,偏差风险;并网消纳风险;政策状态风险;合规监管风险,浙江能源监管办关于征求《关于做好浙江省长三角“两个细则”结算试运行有关事项的通知（征求意见稿）》意见的函 国家能源局浙江监管办公室 国家能源局浙江监管办公室 浙江 监管规则 计量结算 结算 浙江能源监管办关于征求《关于做好浙江省长三角“两个细则”结算试运行有关事项的通知（征求... 2025-06-30 浙江能源监管办关于征求《关于做好浙江省长三角“两个细则 | 35 千伏及以上的地县级并 网主体，参照新版两个细则继续开展模拟试运行，具备条件后按 网主体，参照新版两个细则继续开展模拟试运行，具备条件后按 规定开展结算试运行，具体实施时间和适用条款，由国网浙江省 电力有限公司电力调度控制中心（以下简称“电力调度机构” ） 报我办同意后开展。 | （一）结算试运行期间，电力负荷峰、腰、谷时段分别按照 二、相关参数确定 根据电力调度机构报送情况： ―4― （一）结算试运行期间，电力负荷峰、腰、谷时段分别按照 浙江省发展改革委发布的浙江省工商业峰谷分时电价政策中的 高峰（含尖峰） 、平段、低谷（含深谷）时段相应确定。,规则词典_v1,待人工复核,2026-05-05 01:24:21
AUTO-20260427-0B5231DDC9,关于公开征求《四川电力辅助服务市场交易实施细则（征求意见稿）》意见的通知,2025-08-20,,四川,监管规则,征求意见,机器抽取,命令控制;市场机制;规划引导;财政金融;技术标准;信息披露;监管执法,准入条件;并网约束;履约约束;信息约束;消纳约束,补偿收益;价格激励;绿色激励;试点示范,电网企业;发电企业;新能源企业;储能企业;售电公司;电力用户;交易机构;虚拟电厂;微电网主体,发电;输配电;售电;用电;调度运行;辅助服务;现货市场,输配电价;分时电价;市场形成价格;容量价格;辅助服务价格;偏差价格,现货交易;辅助服务交易;容量交易;需求响应,电费结算;辅助服务结算;分摊机制;周期结算,运行考核;信息披露考核,绿色低碳;能源安全,新型电力系统;微电网;储能;虚拟电厂,收益机制明确;成本疏导;并网条件影响;市场风险暴露;项目准入影响,聚合交易;辅助服务收益;园区微电网,价格波动;偏差风险;并网消纳风险;政策状态风险;合规监管风险,关于公开征求《四川电力辅助服务市场交易实施细则（征求意见稿）》意见的通知 国家能源局四川监管办公室 国家能源局四川监管办公室 四川 监管规则 辅助服务 实施细则; | 辅助服务 关于公开征求《四川电力辅助服务市场交易实施细则（征求意见稿）》意见的通知 2025-08-20； | OCR文本待人工复核 --- 第 1 页 OCR --- 国家能源局四川监管办公室 四川省发展和改革委员会 四川省能源局 川监能市场函〔2025］81号 关于公开征求《四川电力辅助服务市场交易 实施细则（征求意见稿）》意见的通知 实施细则（征求意见稿）》意见的通知 国网西南分部、国网四川省电力公司，四川电力交易中心，有关 地方电网企业，有关经营主体： 为推动,规则词典_v1,待人工复核,2026-05-05 01:24:21
AUTO-20260427-AD1ACA65D0,关于公开征求《四川电力市场中长期交易规则（2024年修订版）补充修订条款》意见的通知,2025-11-25,,四川,监管规则,征求意见,机器抽取,命令控制;市场机制;信息披露;监管执法,准入条件;信息约束,,电网企业;发电企业;售电公司;电力用户;交易机构,发电;输配电;售电;用电;调度运行;现货市场;中长期市场,,中长期交易,,,,,,,政策状态风险;合规监管风险,关于公开征求《四川电力市场中长期交易规则（2024年修订版）补充修订条款》意见的通知 国家能源局四川监管办公室 国家能源局四川监管办公室 四川 监管规则 电力市场; | 中长期 关于公开征求《四川电力市场中长期交易规则（2024年修订版）补充修订条款》意见的通知 2025-11-25 关于公开征求《四川电力市场中长期交易规则（2024年修订版）补充修订条款》意见的通知_国家能源局四川监管办公室 设为首页 工作邮箱 机构概览 动态要闻 信息公开 在线办事 互动回应 专题专栏 关于公开征求《四川电力市场中长期交易规则（2024年 | 如有意见建议，请于2025年11月25日前书面反馈。,规则词典_v1,待人工复核,2026-05-05 01:24:21
AUTO-20260427-04351EFDD0,关于印发2026年浙江省电力中长期交易合同示范文本的通知,2025-12-12,,浙江,监管规则,现行有效,机器抽取,命令控制;市场机制;规划引导;财政金融;技术标准;信息披露;监管执法,准入条件;并网约束;履约约束;信息约束;消纳约束,补偿收益;价格激励;绿色激励;试点示范,电网企业;发电企业;新能源企业;储能企业;售电公司;电力用户;交易机构,发电;输配电;售电;用电;调度运行;辅助服务;现货市场;中长期市场;绿电绿证,上网电价;输配电价;分时电价;市场形成价格;辅助服务价格;偏差价格,中长期交易;绿电交易;辅助服务交易,电费结算;偏差结算;辅助服务结算;分摊机制;周期结算,偏差考核,新能源消纳,储能;电网规划,收益机制明确;成本疏导;并网条件影响;市场风险暴露;项目准入影响,绿电消费;辅助服务收益,偏差风险;并网消纳风险;合规监管风险,关于印发2026年浙江省电力中长期交易合同示范文本的通知 国家能源局浙江监管办公室 国家能源局浙江监管办公室 浙江 监管规则 中长期 中长期 关于印发2026年浙江省电力中长期交易合同示范文本的通知 2025-12-12； | OCR文本待人工复核 关于印发2026年浙江省电力中长期交易合同示范文本的通知_国家能源局浙江监管办公室 设为首页 工作邮箱 机构概览 动态要闻 信息公开 在线办事 互动回应 专题专栏 关于印发2026年浙江省电力中长期交易合同示范文本的通知 2025-12-12 16:09 来源：浙江监管办管理员 字体： 关于印发2026年浙江省电力中长期交易合同示范文本 | 为提高工作效率，三方可以签署承诺书，承诺接受电力交易 机构发布的交易结果，承诺遵守本合同明确的三方权利义务，不 再另行签署三方合同。,规则词典_v1,待人工复核,2026-05-05 01:24:21
AUTO-20260427-E623436BEE,浙江能源监管办关于贯彻落实《电力市场信息披露基本规则》有关事项的通知,2025-12-20,浙监能市场〔2025〕13号,浙江,监管规则,现行有效,机器抽取,命令控制;市场机制;财政金融;技术标准;信息披露;监管执法,准入条件;并网约束;履约约束;信息约束;消纳约束,补偿收益;价格激励;绿色激励,电网企业;发电企业;新能源企业;储能企业;售电公司;电力用户;交易机构;虚拟电厂,发电;输配电;售电;用电;调度运行;辅助服务;现货市场;中长期市场;绿电绿证,输配电价;分时电价;市场形成价格;容量价格;辅助服务价格;偏差价格,中长期交易;现货交易;绿电交易;辅助服务交易;需求响应;跨省跨区交易,电费结算;偏差结算;辅助服务结算;分摊机制;周期结算,偏差考核;信息披露考核,,储能;电网规划,收益机制明确;成本疏导;并网条件影响;市场风险暴露;项目准入影响,聚合交易;绿电消费;辅助服务收益,偏差风险;并网消纳风险;合规监管风险,浙江能源监管办关于贯彻落实《电力市场信息披露基本规则》有关事项的通知 国家能源局浙江监管办公室 国家能源局浙江监管办公室 浙江 监管规则 电力市场 电力市场 浙江能源监管办关于贯彻落实《电力市场信息披露基本规则》有关事项的通知 2025-12-20 浙江能源监管办关于贯彻落实《电力市场信息披露基本规则》有关事项的通知 浙江能源监管办关于贯彻落实《电力市场信息 | 批发用户未按《供用电合同》规定的时间足额 缴纳电费的户数、总金额等 每月 5 个工作日内 公开 5.21 需求响应执行情 5.21 需求响应执行情 需求响应执行时段、计划响应负荷、实际有效响应负荷、响 应参与用户数等 地方政府发布后 5 个工作日内 公开 ―8― 编号 信息名称 信息内容 披露时间或周期 披露范围 备注 5.22 电力用户历史用 5.22 电 | 无零售 合同关系的需经电 力用户授权同意后 方可获取 六、市场运营机构 5.23 市场化用户总用 电实际曲线 全体工商业用户每个交易时段的实际总电量 运行日后 3 日内 特定 市场运营机构应获 六、市场运营机构 编号 信息名称 信息内容 披露时间或周期 披露范围 提供方 备注 6.1 交易机构基本信 6.1 交易机构基本信 机构全称、 工商注册时间、 股权结,规则词典_v1,待人工复核,2026-05-05 01:24:21
AUTO-20260427-3CBC11905B,关于印发《电力市场规则体系（V16.0）》的通知,2025-12-29,晋能源电力发〔2025〕260号,山西,官方政策,现行有效,机器抽取,命令控制;市场机制;规划引导;财政金融;技术标准;信息披露;监管执法,准入条件;并网约束;履约约束;信息约束;消纳约束,补偿收益;价格激励;绿色激励;试点示范,电网企业;发电企业;新能源企业;储能企业;售电公司;电力用户;交易机构;虚拟电厂;微电网主体,发电;输配电;售电;用电;调度运行;辅助服务;现货市场;中长期市场;绿电绿证,上网电价;输配电价;分时电价;市场形成价格;偏差价格,中长期交易;现货交易;绿电交易;辅助服务交易;跨省跨区交易,电费结算;分摊机制,信用评价;信息披露考核,,源网荷储;微电网;储能;虚拟电厂,收益机制明确;成本疏导;并网条件影响;市场风险暴露;项目准入影响,聚合交易;绿电消费;辅助服务收益;园区微电网,价格波动;偏差风险;并网消纳风险;政策状态风险;合规监管风险,规则体系 山西省能源局 国家能源局山西监管办公室关于印发《电力市场规则体系（V16.0）》的通知 山西省能源局 国家能源局 山西省人民政府 切換到繁體 无障碍浏览 首 页 政务公开 政务服务 机关党建 互动交流 政府信息公开 法定主动公开目录 最新文件 标 题： 山西省能源局 国家能源局山西监管办公室关于印发《电力市场规则体系（V16.0）》的通知 发文字号 | 山西省能源局 国家能源局山西监管办公室 《电力市场规则体系（V16.0）》.pdf 《电力市场规则体系（V16.0）》.pdf 关联文件 公共服务 山西省煤炭经营监督管理系统 各市能源局网站 太原市能源局网站 大同市能源局网站 朔州市能源局网站 忻州市能源局网站 阳泉市能源局网站 晋中市能源局网站 吕梁市能源局网站 长治市能源局网站 晋城市能源局网站 临汾市 | 原《电力市场准入与退出 管理实施细则》调整为《电力市场注册实施细则》；,规则词典_v1,待人工复核,2026-05-05 01:24:21
AUTO-20260427-8B8776AC2F,关于印发《推动绿电直连项目有序建设实施方案》的通知,2025-12-29,晋能源规发〔2025〕259号,山西,官方政策,现行有效,机器抽取,命令控制;市场机制;规划引导;财政金融;技术标准;信息披露;监管执法,准入条件;并网约束;履约约束;信息约束;消纳约束,补偿收益;价格激励;绿色激励;试点示范,电网企业;发电企业;新能源企业;储能企业;电力用户;交易机构;虚拟电厂;微电网主体,发电;输配电;售电;用电;调度运行;现货市场;绿电绿证,分时电价,绿电交易,分摊机制,,双碳目标;新能源消纳,源网荷储;储能;虚拟电厂,收益机制明确;并网条件影响;市场风险暴露;项目准入影响,自发自用余电上网;聚合交易;绿电消费;园区微电网,偏差风险;并网消纳风险;合规监管风险,关于印发《推动绿电直连项目有序建设实施方案》的通知 山西省能源局 山西省能源局-政策文件检索电力 山西 官方政策 绿电 绿电 山西省能源局关于印发《推动绿电直连项目有序建设实施方案》的通知 山西省能源局关于印发《推动绿电直连项目有序建设实施方案》的通知 山西省能源局 国家能源局 山西省人民政府 切換到繁體 无障碍浏览 首 页 政务公开 政务服务 机关党建 互 | 《推动绿电直连项目有序建设实施方案》 《推动绿电直连项目有序建设实施方案》 为深入贯彻习近平总书记对山西工作的重要讲话重要指示精神，更好推动能源转型、产业升级和适度多元发展，探索创新新能源生产和消费融合发展模式，促进新能源就近就地消纳，更好满足企业绿色用能需求，根据《国家发展改革委 国家能源局关于有序推动绿电直连发展有关事项的通知》（发改能源〔2025〕65 | （一）适用范围 一、总体要求 （一）适用范围 绿电直连是指风电、太阳能发电、生物质发电等新能源不直接接入公共电网，通过直连线路向单一电力用户供给绿电，可实现供给电量清晰物理溯源的模式。,规则词典_v1,待人工复核,2026-05-05 01:24:21
AUTO-20260427-1188644239,关于印发《江苏电力并网运行管理实施细则》《江苏电力辅助服务管理实施细则》的通知,2025-12-30,,江苏,监管规则,现行有效,机器抽取,命令控制;市场机制;规划引导;财政金融;技术标准;信息披露;监管执法,准入条件;并网约束;履约约束;信息约束;消纳约束,补偿收益;试点示范,电网企业;发电企业;新能源企业;储能企业;电力用户;交易机构;虚拟电厂;微电网主体,发电;输配电;售电;用电;调度运行;辅助服务;现货市场,输配电价;市场形成价格;容量价格;偏差价格,辅助服务交易;需求响应,电费结算;偏差结算,运行考核;偏差考核;信息披露考核,,新型电力系统;源网荷储;储能;虚拟电厂,收益机制明确;成本疏导;并网条件影响;市场风险暴露;项目准入影响,聚合交易;辅助服务收益;园区微电网,偏差风险;并网消纳风险;政策状态风险;合规监管风险,关于印发《江苏电力并网运行管理实施细则》《江苏电力辅助服务管理实施细则》的通知 国家能源局江苏监管办公室 国家能源局江苏监管办公室-通知 江苏 监管规则 辅助服务 实施细则; | 辅助服务 关于印发《江苏电力并网运行管理实施细则》《江苏电力辅助服务管理实施细则》的通知 2025-12-30 关于印发《江苏电力并网运行管理实施细则》《江苏电力辅助服务管理实施细则》的通知_国家能源局江苏监管办公室 设为首页 工作邮箱 机构概览 动态要闻 信息公开 在线办事 互动回应 专题专栏 关于印发《江苏电力并网运行管理实施细则》《江苏电力辅助服务管理 | 《江苏电力并网运行管理实施细则》《江苏电力辅助服务管理实施细则》.pdf 《江苏电力并网运行管理实施细则》《江苏电力辅助服务管理实施细则》.pdf 国家能源局江苏监管办公室 2025年12月30日 扫一扫在手机打开当前页 地址: 南京市中山路268号汇杰广场21楼 邮编:210008 京公网安备 11010202007691 网站标识码: bm6200001,规则词典_v1,待人工复核,2026-05-05 01:24:21
AUTO-20260427-D4EAEA6B13,关于征求四川电力中长期市场实施细则有关意见的函,2026-02-11,,四川,监管规则,现行有效,机器抽取,命令控制;市场机制;信息披露;监管执法,准入条件;信息约束,试点示范,,现货市场;中长期市场,,,,,,,,,政策状态风险;合规监管风险,关于征求四川电力中长期市场实施细则有关意见的函 国家能源局四川监管办公室 国家能源局四川监管办公室 四川 监管规则 中长期 实施细则; | 中长期 关于征求四川电力中长期市场实施细则有关意见的函 2026-02-11 关于征求四川电力中长期市场实施细则有关意见的函 关于征求四川电力中长期市场实施细则有关意见的函_国家能源局四川监管办公室 设为首页 工作邮箱 机构概览 动态要闻 信息公开 在线办事 互动回应 专题专栏 关于征求四川电力中长期市场实施细则有关意见的函 2026-02-11 18:15 | 欢迎有关单位和个人提出宝贵意见，于 2026 日前发送至 scnyjgbsc@163.com ，并请注明单位、姓名及联系方式。,规则词典_v1,待人工复核,2026-05-05 01:24:21
AUTO-20260427-3A34896615,关于开展江苏售电企业电力市场交易规则执行情况专项监管工作的通知,2018-09-29,,江苏,监管规则,现行有效,机器抽取,命令控制;市场机制;信息披露;监管执法,准入条件;履约约束;信息约束,,售电公司;电力用户;交易机构,售电;用电;现货市场;中长期市场,,中长期交易,,,,,市场风险暴露;项目准入影响,,偏差风险;政策状态风险;合规监管风险,关于开展江苏售电企业电力市场交易规则执行情况专项监管工作的通知 国家能源局江苏监管办公室 国家能源局江苏监管办公室-通知 江苏 监管规则 电力市场 电力市场; | 交易规则 关于开展江苏售电企业电力市场交易规则执行情况专项监管工作的通知 2018-09-29 关于开展江苏售电企业电力市场交易规则执行情况专项监管工作的通知 关于开展江苏售电企业电力市场交易规则执行情况专项监管工作的通知_国家能源局江苏监管办公室 设为首页 工作邮箱 机构概览 动态要闻 信息公开 在线办事 互动回应 专题专栏 关于开展江苏售电企业电力市场交 | 现将有关事项通知如下： 2.准入条件保持情况：售电企业规范开展注册情况，售电规模与资产总额匹配情况，注册信息发生变化后及时向交易机构办理变更情况等。,规则词典_v1,待人工复核,2026-05-05 01:24:21
AUTO-20260427-22A1964B41,关于印发《江苏省分布式发电市场化交易规则（试行）》的通知,2019-12-09,,江苏,监管规则,试行,机器抽取,命令控制;市场机制;规划引导;信息披露;监管执法,信息约束,试点示范,售电公司;电力用户;交易机构,发电;售电;用电;中长期市场,,中长期交易,,,,,市场风险暴露;项目准入影响,,政策状态风险;合规监管风险,关于印发《江苏省分布式发电市场化交易规则（试行）》的通知 国家能源局江苏监管办公室 国家能源局江苏监管办公室-通知 江苏 监管规则 电力市场 交易规则; | 市场化交易 关于印发《江苏省分布式发电市场化交易规则（试行）》的通知 2019-12-09 关于印发《江苏省分布式发电市场化交易规则（试行）》的通知 关于印发《江苏省分布式发电市场化交易规则（试行）》的通知_国家能源局江苏监管办公室 设为首页 工作邮箱 机构概览 动态要闻 信息公开 在线办事 互动回应 专题专栏 关于印发《江苏省分布式发电市场化交易规则（试行 | 江苏省分布式发电市场化交易规则（试行）.doc 江苏省分布式发电市场化交易规则（试行）.doc 国家能源局江苏监管办公室 江苏省发展改革委 2019年12月9日 扫一扫在手机打开当前页 地址: 南京市中山路268号汇杰广场21楼 邮编:210008 京公网安备 11010202007691 网站标识码: bm62000019号 京ICP备11044902号,规则词典_v1,待人工复核,2026-05-05 01:24:21
AUTO-20260427-9F3288D69E,关于印发《江苏省电力中长期交易规则》的通知,2021-02-03,,江苏,监管规则,现行有效,机器抽取,命令控制;市场机制;规划引导;财政金融;技术标准;信息披露;监管执法,准入条件;并网约束;履约约束;信息约束;消纳约束,补偿收益;价格激励;绿色激励;试点示范,电网企业;发电企业;新能源企业;储能企业;售电公司;电力用户;交易机构;微电网主体,发电;输配电;售电;用电;调度运行;辅助服务;现货市场;中长期市场;绿电绿证,上网电价;输配电价;分时电价;市场形成价格;容量价格;辅助服务价格;偏差价格,中长期交易;绿电交易;辅助服务交易;跨省跨区交易,电费结算;偏差结算;辅助服务结算;分摊机制;周期结算,偏差考核;信息披露考核,新能源消纳,微电网;储能;电网规划,收益机制明确;成本疏导;并网条件影响;市场风险暴露;项目准入影响,绿电消费;辅助服务收益;园区微电网,价格波动;偏差风险;并网消纳风险;政策状态风险;合规监管风险,关于印发《江苏省电力中长期交易规则》的通知 国家能源局江苏监管办公室 国家能源局江苏监管办公室-通知 江苏 监管规则 中长期 交易规则; | 中长期 关于印发《江苏省电力中长期交易规则》的通知 2021-02-03 关于印发《江苏省电力中长期交易规则》的通知 关于印发《江苏省电力中长期交易规则》的通知_国家能源局江苏监管办公室 设为首页 工作邮箱 机构概览 动态要闻 信息公开 在线办事 互动回应 专题专栏 关于印发《江苏省电力中长期交易规则》的通知 2021-02-03 16:40 来源：江苏能源 | 江苏省电力中长期交易规则.pdf 江苏省电力中长期交易规则.pdf 国家能源局江苏监管办公室 江苏省发展和改革委员会 2021年1月6日 扫一扫在手机打开当前页 地址: 南京市中山路268号汇杰广场21楼 邮编:210008 京公网安备 11010202007691 网站标识码: bm62000019号 京ICP备11044902号 第一条 为规范江苏电力中,规则词典_v1,待人工复核,2026-05-05 01:24:21
AUTO-20260427-DD7C4546BF,关于征求《华东区域跨省电力中长期交易规则（修订稿）》意见的函,2022-05-27,浙监能便函〔2022〕116号,浙江,监管规则,现行有效,机器抽取,命令控制;市场机制;规划引导;财政金融;技术标准;信息披露;监管执法,准入条件;并网约束;履约约束;信息约束;消纳约束,补偿收益;价格激励;绿色激励;试点示范,电网企业;发电企业;新能源企业;储能企业;售电公司;电力用户;交易机构;微电网主体,发电;输配电;售电;用电;调度运行;辅助服务;现货市场;中长期市场;绿电绿证,上网电价;输配电价;分时电价;市场形成价格;辅助服务价格;偏差价格,中长期交易;绿电交易;辅助服务交易;跨省跨区交易,电费结算;偏差结算;辅助服务结算;分摊机制,运行考核;偏差考核;信用评价;信息披露考核,新能源消纳;能源安全,新型电力系统;源网荷储;微电网;储能;电网规划,收益机制明确;成本疏导;并网条件影响;市场风险暴露;项目准入影响,绿电消费;辅助服务收益;园区微电网,价格波动;偏差风险;并网消纳风险;合规监管风险,关于征求《华东区域跨省电力中长期交易规则（修订稿）》意见的函 国家能源局浙江监管办公室 国家能源局浙江监管办公室 浙江 监管规则 中长期 交易规则; | 跨省 关于征求《华东区域跨省电力中长期交易规则（修订稿）》意见的函 2022-05-27 关于征求《华东区域跨省电力中长期交易规则（修订稿）》意见的函 关于征求《华东区域跨省电力中长期交易规则（修订稿）》意见的函_国家能源局浙江监管办公室 设为首页 工作邮箱 机构概览 动态要闻 信息公开 在线办事 互动回应 专题专栏 关于征求《华东区域跨省电力中长期交易规则 | 第二条 本规则适用华东区域跨省电力中长期交易。,规则词典_v1,待人工复核,2026-05-05 01:24:21
AUTO-20260427-FB654119A3,关于印发《新疆电力中长期市场实施细则》的通知,2023-01-04,,新疆,监管规则,现行有效,机器抽取,命令控制;市场机制;信息披露;监管执法,信息约束,,发电企业;售电公司;电力用户;交易机构,发电;售电;用电;中长期市场,,中长期交易,,,,,,,合规监管风险,关于印发《新疆电力中长期市场实施细则》的通知 国家能源局新疆监管办公室 国家能源局新疆监管办公室 新疆 监管规则 中长期 实施细则; | 中长期 关于印发《新疆电力中长期市场实施细则》的通知 2023-01-04； | OCR文本待人工复核 关于印发《新疆电力中长期市场实施细则》的通知.pdf 关于印发《新疆电力中长期市场实施细则》的通知 设为首页 工作邮箱 机构概览 动态要闻 信息公开 在线办事 互动回应 2023-01-04 11:07 来源： 字体： 关于印发《新疆电力中长期市场实施细则》的通知.pdf 新疆电力中长期交易实施细则.doc 新疆电力中长期交易实施细则.,规则词典_v1,待人工复核,2026-05-05 01:24:21
AUTO-20260427-C4E6EA0484,关于印发山西省电力市场化交易专项整治工作方案的通知,2023-10-20,晋能源电力发〔2023〕262号,山西,官方政策,现行有效,机器抽取,市场机制;信息披露,准入条件;信息约束,,交易机构,,,,,,,,市场风险暴露,,,关于印发山西省电力市场化交易专项整治工作方案的通知 山西省能源局 山西省能源局-政策文件检索电力 山西 官方政策 电力市场 电力市场; | 市场化交易 山西省能源局关于印发山西省电力市场化交易专项整治工作方案的通知 山西省能源局关于印发山西省电力市场化交易专项整治工作方案的通知 山西省能源局 国家能源局 山西省人民政府 切換到繁體 无障碍浏览 首 页 政务公开 政务服务 机关党建 互动交流 政府信息公开 法定主动公开目录 最新文件 标 题： 山西省能源局关于印发山西省电力市场化交易专项整治工作方 | 附件： 《山西省电力市场化交易专项整治工作方案》.docx (此件主动公开) 关联文件 公共服务 山西省煤炭经营监督管理系统 各市能源局网站 太原市能源局网站 大同市能源局网站 朔州市能源局网站 忻州市能源局网站 阳泉市能源局网站 晋中市能源局网站 吕梁市能源局网站 长治市能源局网站 晋城市能源局网站 临汾市能源局网站 运城市能源局网站 能源行业相关网站 国,规则词典_v1,待人工复核,2026-05-05 01:24:21
AUTO-20260427-C3DDFE1C05,关于山西电力现货市场由试运行转正式运行的通知,2023-12-22,晋能源电力发〔2023〕320号,山西,官方政策,现行有效,机器抽取,命令控制;市场机制;信息披露;监管执法,准入条件;履约约束;信息约束,试点示范,交易机构,发电;售电;用电;调度运行;现货市场,,,,信用评价;信息披露考核,,,市场风险暴露;项目准入影响,,价格波动;合规监管风险,关于山西电力现货市场由试运行转正式运行的通知 山西省能源局 山西省能源局-政策文件检索电力 山西 官方政策 现货 现货 山西省能源局国家能源局山西监管办公室关于山西电力现货市场由试运行转正式运行的通知 山西省能源局 国家能源局 山西省人民政府 切換到繁體 无障碍浏览 首 页 政务公开 政务服务 机关党建 互动交流 政府信息公开 法定主动公开目录 最新文件 标 | 的检验， 运行平稳有序 截至目前 ，我省 电力现货市场已连续运行 023 月，我们 电规总院对我省电力现货市场进行评估。 | 评估意见认为， 山西电力现货市场建设领跑全国，取得了显著成效，市场规则体系健全；,规则词典_v1,待人工复核,2026-05-05 01:24:21
AUTO-20260427-A5A96B278D,关于印发电力市场规则体系（V14.0）的通知,2024-01-24,晋能源规〔2024〕1号,山西,官方政策,现行有效,机器抽取,命令控制;市场机制;财政金融;技术标准;信息披露;监管执法,准入条件;并网约束;履约约束;信息约束;消纳约束,补偿收益;价格激励;绿色激励;试点示范,电网企业;发电企业;新能源企业;储能企业;售电公司;电力用户;交易机构;虚拟电厂;微电网主体,发电;输配电;售电;用电;调度运行;辅助服务;现货市场;中长期市场;绿电绿证,输配电价;分时电价;市场形成价格;容量价格;偏差价格,中长期交易;现货交易;绿电交易;辅助服务交易;容量交易;跨省跨区交易,电费结算;偏差结算;分摊机制,偏差考核;信用评价;信息披露考核,能源安全,源网荷储;储能;虚拟电厂,收益机制明确;成本疏导;并网条件影响;市场风险暴露;项目准入影响,聚合交易;绿电消费;辅助服务收益;园区微电网,价格波动;偏差风险;并网消纳风险;政策状态风险;合规监管风险,关于印发电力市场规则体系（V14.0）的通知 山西省能源局 山西省能源局-政策文件检索电力 山西 官方政策 电力市场 电力市场; | 规则体系 山西省能源局国家能源局山西监管办公室关于印发电力市场规则体系（V14.0）的通知 山西省能源局 国家能源局 山西省人民政府 切換到繁體 无障碍浏览 首 页 政务公开 政务服务 机关党建 互动交流 政府信息公开 法定主动公开目录 规范性文件 标 题： 山西省能源局 国家能源局山西监管办公室关于印发电力市场规则体系 （V14.0）的通知 发文字号： 晋 | 山西省能源局、山西能源监管办根据市场运行情况依职责开展规则修订工作。,规则词典_v1,待人工复核,2026-05-05 01:24:21
AUTO-20260427-98DA675CE3,关于印发电力市场规则体系（V14.0）的通知,2024-01-24,晋能源规〔2024〕1号,山西,官方政策,现行有效,机器抽取,命令控制;市场机制;财政金融;技术标准;信息披露;监管执法,准入条件;并网约束;履约约束;信息约束;消纳约束,补偿收益;价格激励;绿色激励;试点示范,电网企业;发电企业;新能源企业;储能企业;售电公司;电力用户;交易机构;虚拟电厂;微电网主体,发电;输配电;售电;用电;调度运行;辅助服务;现货市场;中长期市场;绿电绿证,输配电价;分时电价;市场形成价格;容量价格;偏差价格,中长期交易;现货交易;绿电交易;辅助服务交易;容量交易;跨省跨区交易,电费结算;偏差结算;分摊机制,偏差考核;信用评价;信息披露考核,能源安全,源网荷储;储能;虚拟电厂,收益机制明确;成本疏导;并网条件影响;市场风险暴露;项目准入影响,聚合交易;绿电消费;辅助服务收益;园区微电网,价格波动;偏差风险;并网消纳风险;政策状态风险;合规监管风险,关于印发电力市场规则体系（V14.0）的通知 山西省能源局 山西省能源局-政策文件检索电力 山西 官方政策 电力市场 电力市场; | 规则体系 山西省能源局国家能源局山西监管办公室关于印发电力市场规则体系（V14.0）的通知 山西省能源局 国家能源局 山西省人民政府 切換到繁體 无障碍浏览 首 页 政务公开 政务服务 机关党建 互动交流 政府信息公开 法定主动公开目录 规范性文件 标 题： 山西省能源局 国家能源局山西监管办公室关于印发电力市场规则体系 （V14.0）的通知 发文字号： 晋 | 山西省能源局、山西能源监管办根据市场运行情况依职责开展规则修订工作。,规则词典_v1,待人工复核,2026-05-05 01:24:21
AUTO-20260427-2A3ABE6092,浙江能源监管办关于印发2025年浙江省电力中长期交易合同示范文本的通知,2024-12-19,,浙江,监管规则,现行有效,机器抽取,命令控制;市场机制;规划引导;信息披露;监管执法,并网约束;履约约束;信息约束,试点示范,发电企业;售电公司;电力用户;交易机构,发电;售电;用电;调度运行;中长期市场,,中长期交易,,,,,,,合规监管风险,浙江能源监管办关于印发2025年浙江省电力中长期交易合同示范文本的通知 国家能源局浙江监管办公室 国家能源局浙江监管办公室 浙江 监管规则 中长期 中长期 浙江能源监管办关于印发2025年浙江省电力中长期交易合同示范文本的通知 2024-12-19 浙江能源监管办关于印发2025年浙江省电力中长期交易合同示范文本的通知_国家能源局浙江监管办公室 设为首页 工 | 联系人：万川 电话：0571-51102784 邮箱：zjbscc nea.gov.cn 附件： 2025年浙江省电力中长期批发市场交易合同示范文本.zip 国家能源局浙江监管办公室 2024 年12月16日 扫一扫在手机打开当前页 地址: 杭州市黄龙路8号浙江电力生产调度大楼7楼 邮编:310007 浙公网安备 33010602008994号 网站标识码:,规则词典_v1,待人工复核,2026-05-05 01:24:21
AUTO-20260427-5C3FEF8C0F,关于印发《电力市场规则体系（V15.0）》的通知,2024-12-30,晋能源规〔2024〕7号,山西,官方政策,现行有效,机器抽取,命令控制;市场机制;财政金融;技术标准;信息披露;监管执法,准入条件;并网约束;履约约束;信息约束;消纳约束,补偿收益;价格激励;绿色激励;试点示范,电网企业;发电企业;新能源企业;储能企业;售电公司;电力用户;交易机构;虚拟电厂,发电;输配电;售电;用电;调度运行;辅助服务;现货市场;中长期市场;绿电绿证,市场形成价格;容量价格;偏差价格,中长期交易;现货交易;绿电交易;辅助服务交易;容量交易;跨省跨区交易,电费结算;偏差结算;辅助服务结算;分摊机制;周期结算,偏差考核;信息披露考核,,新型电力系统;储能;虚拟电厂,收益机制明确;成本疏导;并网条件影响;市场风险暴露;项目准入影响,聚合交易;绿电消费;辅助服务收益,价格波动;偏差风险;并网消纳风险;合规监管风险,规则体系 山西省能源局国家能源局山西监管办公室关于印发《电力市场规则体系（V15.0）》的通知 山西省能源局 国家能源局 山西省人民政府 切換到繁體 无障碍浏览 首 页 政务公开 政务服务 机关党建 互动交流 政府信息公开 法定主动公开目录 规范性文件 现行有效 标 题： 山西省能源局 国家能源局山西监管办公室关于印发《电力市场规则体系（V15.0）》的通知 | 国家能源局山西监管办公室 24年12月25日 【图解】电力市场规则体系（V15.0） 《电力市场规则体系（V15.0）》.pdf 关联文件 【图解】电力市场规则体系（V15.0） 公共服务 山西省煤炭经营监督管理系统 各市能源局网站 太原市能源局网站 大同市能源局网站 朔州市能源局网站 忻州市能源局网站 阳泉市能源局网站 晋中市能源局网站 吕梁市能源局网站  | 具体修订内容如下： — 1 — — 2 — 按照《电力市场规则体系修订管理实施细则》（晋能源电力发 〔2023〕327 号）要求，省能源局、山西能源监管办按照程序对 《电力市场规则体系 V15.0》进行修订。,规则词典_v1,待人工复核,2026-05-05 01:24:21
AUTO-20260427-002763E163,关于印发《新疆电力市场监管实施办法》 的通知 新监能市场〔2025〕24号,2025-03-21,新监能市场〔2025〕24号,新疆,监管规则,现行有效,机器抽取,命令控制;市场机制;财政金融;技术标准;信息披露;监管执法,准入条件;并网约束;履约约束;信息约束,补偿收益;价格激励;试点示范,电网企业;发电企业;储能企业;售电公司;电力用户;交易机构;虚拟电厂;微电网主体,发电;输配电;售电;用电;调度运行;辅助服务;现货市场;中长期市场,输配电价;市场形成价格;容量价格,中长期交易;容量交易;需求响应;跨省跨区交易,电费结算;分摊机制,信用评价;信息披露考核;监管处罚,,储能;电网规划;虚拟电厂,收益机制明确;成本疏导;并网条件影响;市场风险暴露;项目准入影响,聚合交易;辅助服务收益;园区微电网,价格波动;偏差风险;并网消纳风险;政策状态风险;合规监管风险,关于印发《新疆电力市场监管实施办法》 的通知 新监能市场〔2025〕24号 国家能源局新疆监管办公室 国家能源局新疆监管办公室 新疆 监管规则 电力市场 电力市场; | 市场监管 关于印发《新疆电力市场监管实施办法》 的通知 新监能市场〔2025〕24号 2025-03-21 关于印发《新疆电力市场监管实施办法》 的通知 新监能市场〔2025〕24号 设为首页 工作邮箱 机构概览 动态要闻 信息公开 在线办事 互动回应 2025-03-21 17:11 来源：新疆办市场监管处 字体： 国网新疆电力有限公司、中新建电力集团有限 | 国家能源局新疆监管办公室 2025年3月12日 一、开放、 新疆电力市场监管实施办法 第一章 第一条 为维护电力市场秩序，保障电力市场的统 一、开放、 竞争、有序，根据《中共中央国务院关于进一步深化电力体制改 革的若干意见》《中共中央国务院关于加快建设全国统一大市场的 意见》《电力市场监管办法》《国家能源局能源争议纠纷调解规定》《电力中长期交易基本规则》和有,规则词典_v1,待人工复核,2026-05-05 01:24:21
AUTO-20260427-DB74AC69C2,浙江能源监管办关于开展2025年电力市场秩序突出问题专项监管的通知,2025-04-29,,浙江,监管规则,现行有效,机器抽取,命令控制;市场机制;财政金融;信息披露;监管执法,准入条件;并网约束;信息约束,价格激励;绿色激励,电网企业;发电企业;新能源企业;售电公司;交易机构,发电;输配电;售电;调度运行;现货市场,市场形成价格,跨省跨区交易,电费结算,信息披露考核;监管处罚,,,成本疏导;市场风险暴露;项目准入影响,,合规监管风险,浙江能源监管办关于开展2025年电力市场秩序突出问题专项监管的通知 国家能源局浙江监管办公室 国家能源局浙江监管办公室 浙江 监管规则 电力市场 电力市场 浙江能源监管办关于开展2025年电力市场秩序突出问题专项监管的通知 2025-04-29； | OCR文本待人工复核 --- 第 1 页 OCR --- 国家能源局浙江监管办公室文件 浙监能市场〔2025］6号 浙江能源监管办关于开展2025年电力市场 秩序突出问题专项监管的通知 国网浙江省电力有限公司，浙江省能源集团有限公司、华能（浙 江）能源开发有限公司、国家能源集团浙江电力有限公司、中国 大唐集团浙江分公司、中国华电集团有限公司浙江公司、国家电  | （一）市场运营机构独立规范运行情况。,规则词典_v1,待人工复核,2026-05-05 01:24:21
AUTO-20260427-B7B2A6455E,关于开展四川省2025年电力市场秩序突出问题专项监管的通知,2025-05-08,,四川,监管规则,现行有效,机器抽取,命令控制;市场机制;信息披露;监管执法,准入条件;并网约束;信息约束,价格激励,电网企业;发电企业;交易机构,发电;输配电;调度运行;现货市场;中长期市场,上网电价;市场形成价格;容量价格,中长期交易;跨省跨区交易,,信息披露考核;监管处罚,,,市场风险暴露;项目准入影响,,政策状态风险;合规监管风险,关于开展四川省2025年电力市场秩序突出问题专项监管的通知 国家能源局四川监管办公室 国家能源局四川监管办公室 四川 监管规则 电力市场 电力市场 关于开展四川省2025年电力市场秩序突出问题专项监管的通知 2025-05-08； | OCR文本待人工复核 --- 第 1 页 OCR --- 国家能源局四川监管办公室 川监能市场函〔2025]44号 关于开展四川省2025年电力市场秩序 突出问题专项监管的通知 国网四川省电力公司，四川电力交易中心，四川省电力市场管理 委员会，各有关发电企业： 按照《国家能源局综合司关于开展2025年电力市场秩序突 出问题专项监管的通知》（国能综通监管［20 | 请各单位高度重视专项监管工作，提高 一、精心组织实施。,规则词典_v1,待人工复核,2026-05-05 01:24:21
AUTO-20260427-08350D960F,关于进一步做好电力市场信息披露工作的通知,2025-05-23,国能发监管〔2024〕9号,江苏,监管规则,现行有效,机器抽取,命令控制;市场机制;财政金融;技术标准;信息披露;监管执法,准入条件;并网约束;履约约束;信息约束;消纳约束,,电网企业;售电公司;电力用户;交易机构,发电;输配电;售电;用电;调度运行;辅助服务;现货市场,市场形成价格,辅助服务交易,,信息披露考核;监管处罚,,,收益机制明确;市场风险暴露;项目准入影响,辅助服务收益,价格波动;偏差风险;合规监管风险,关于进一步做好电力市场信息披露工作的通知 国家能源局江苏监管办公室 国家能源局江苏监管办公室-通知 江苏 监管规则 电力市场 电力市场 关于进一步做好电力市场信息披露工作的通知 2025-05-23 关于进一步做好电力市场信息披露工作的通知_国家能源局江苏监管办公室 设为首页 工作邮箱 机构概览 动态要闻 信息公开 在线办事 互动回应 专题专栏 关于进一步做 | 现货市场初期，作为特定信息向经营主体披露。 | 代理购电信息同步推送至电力交易平台进行披露。,规则词典_v1,待人工复核,2026-05-05 01:24:21
AUTO-20260427-4E8F5E6BB6,关于印发《分布式光伏发电开发建设管理实施细则（试行）》的通知,2025-06-24,晋能源规〔2025〕2号,山西,官方政策,试行,机器抽取,命令控制;市场机制;规划引导;财政金融;技术标准;信息披露;监管执法,准入条件;并网约束;履约约束;信息约束;消纳约束,绿色激励;试点示范,电网企业;新能源企业;储能企业;电力用户;虚拟电厂;微电网主体,发电;输配电;售电;用电;调度运行;绿电绿证,输配电价,绿电交易;跨省跨区交易,电费结算;分摊机制,信用评价,双碳目标,源网荷储;微电网;储能;电网规划;分布式光伏;虚拟电厂,成本疏导;并网条件影响;项目准入影响,自发自用余电上网;聚合交易;绿电消费;园区微电网,并网消纳风险;政策状态风险;合规监管风险,关于印发《分布式光伏发电开发建设管理实施细则（试行）》的通知 山西省能源局 山西省能源局-政策文件检索电力 山西 官方政策 电力市场 实施细则 山西省能源局国家能源局山西监管办公室关于印发《分布式光伏发电开发建设管理实施细则（试行）》的通知 山西省能源局 国家能源局 山西省人民政府 切換到繁體 无障碍浏览 首 页 政务公开 政务服务 机关党建 互动交流 政府 | 2025 年 6 月 24 日 （此件主动公开） 分布式光伏发电开发建设管理实施细则（试行） 第一章 总 则 第一条 第一条 为推进能源高质量发展和清洁能源消纳，保障光伏发电项目和电力系统安全可靠运行，助力实现“碳达峰、碳中和”目标，根据《中华人民共和国能源法》《中华人民共和国可再生能源法》《分布式光伏发电开发建设管理办法》《电网公平开放监管办法》等有关规定 | 第三条 第二条 分布式光伏发电是指在用户侧开发、在配电网接入、原则上在配电网系统就近平衡调节的光伏发电设施。,规则词典_v1,待人工复核,2026-05-05 01:24:21
AUTO-20260427-9DEF0F2D44,关于印发《分布式光伏发电开发建设管理实施细则（试行）》的通知,2025-06-24,晋能源规〔2025〕2号,山西,官方政策,试行,机器抽取,命令控制;市场机制;规划引导;财政金融;技术标准;信息披露;监管执法,准入条件;并网约束;履约约束;信息约束;消纳约束,绿色激励;试点示范,电网企业;新能源企业;储能企业;电力用户;虚拟电厂;微电网主体,发电;输配电;售电;用电;调度运行;绿电绿证,输配电价,绿电交易;跨省跨区交易,电费结算;分摊机制,信用评价,双碳目标,源网荷储;微电网;储能;电网规划;分布式光伏;虚拟电厂,成本疏导;并网条件影响;项目准入影响,自发自用余电上网;聚合交易;绿电消费;园区微电网,并网消纳风险;政策状态风险;合规监管风险,关于印发《分布式光伏发电开发建设管理实施细则（试行）》的通知 山西省能源局 山西省能源局-政策文件检索电力 山西 官方政策 电力市场 实施细则 山西省能源局国家能源局山西监管办公室关于印发《分布式光伏发电开发建设管理实施细则（试行）》的通知 山西省能源局 国家能源局 山西省人民政府 切換到繁體 无障碍浏览 首 页 政务公开 政务服务 机关党建 互动交流 政府 | 2025 年 6 月 24 日 （此件主动公开） 分布式光伏发电开发建设管理实施细则（试行） 第一章 总 则 第一条 第一条 为推进能源高质量发展和清洁能源消纳，保障光伏发电项目和电力系统安全可靠运行，助力实现“碳达峰、碳中和”目标，根据《中华人民共和国能源法》《中华人民共和国可再生能源法》《分布式光伏发电开发建设管理办法》《电网公平开放监管办法》等有关规定 | 第三条 第二条 分布式光伏发电是指在用户侧开发、在配电网接入、原则上在配电网系统就近平衡调节的光伏发电设施。,规则词典_v1,待人工复核,2026-05-05 01:24:21
AUTO-20260427-7369F01D27,浙江省发展和改革委员会 浙江省能源局 国家能源局浙江监管办公室关于浙江电力现货市场转正式...,2025-08-26,浙发改能源〔2025〕191号,浙江,监管规则,现行有效,机器抽取,命令控制;市场机制;监管执法,,,发电企业;售电公司;电力用户,发电;售电;用电;调度运行;现货市场,,,,,,,市场风险暴露,,合规监管风险,浙江省发展和改革委员会 浙江省能源局 国家能源局浙江监管办公室关于浙江电力现货市场转正式... 国家能源局浙江监管办公室 国家能源局浙江监管办公室 浙江 监管规则 现货 现货 浙江省发展和改革委员会 浙江省能源局 国家能源局浙江监管办公室关于浙江电力现货市场转正式... 2025-08-26 —— 1 — 浙江省发展和改革委员会 浙 江 省 能 源 局 国家,规则词典_v1,待人工复核,2026-05-05 01:24:21
AUTO-20260427-6344CB4B08,关于公开征求《四川电力市场结算细则（征求意见稿）》意见的通知,2025-09-04,,四川,官方政策,征求意见,机器抽取,命令控制;市场机制;规划引导;财政金融;技术标准;信息披露;监管执法,准入条件;并网约束;履约约束;信息约束;消纳约束,补偿收益;价格激励;绿色激励;试点示范,电网企业;发电企业;储能企业;售电公司;电力用户;交易机构;虚拟电厂;微电网主体,发电;输配电;售电;用电;调度运行;辅助服务;现货市场;中长期市场;绿电绿证,上网电价;偏差价格,中长期交易;现货交易;绿电交易;辅助服务交易;跨省跨区交易,电费结算;分摊机制;周期结算,运行考核,,储能;电网规划;虚拟电厂,收益机制明确;成本疏导;并网条件影响;市场风险暴露;项目准入影响,聚合交易;绿电消费;辅助服务收益;园区微电网,偏差风险;并网消纳风险;政策状态风险;合规监管风险,关于公开征求《四川电力市场结算细则（征求意见稿）》意见的通知 四川省发展和改革委员会 四川省发展和改革委员会 四川 官方政策 电力市场; | 结算 关于公开征求《四川电力市场结算细则（征求意见稿）》意见的通知 关于公开征求《四川电力市场结算细则（征求意见稿）》意见的通知_通知公告_四川省发展和改革委员会 便民日历 智能问答 无障碍 个人中心 网站支持ipv6 搜 索 新闻中心 政府信息公开 政务服务 发改工作 党建工作 互动交流 专题专栏 数据发布 基本信息公开 通知公告 关于公开征求《四川电力市 | 电力现货市场结算试运行期间按《结算细则》开展结算，请各单位结合电力市场运行、结算情况研提修改意见，及时将书面意见反馈至联系人邮箱。,规则词典_v1,待人工复核,2026-05-05 01:24:21
AUTO-20260427-9AE8418A06,江苏能源监管办关于公开征求《江苏电力调频辅助服务市场交易规则（征求意见稿）》意见的公告,2025-10-31,,江苏,监管规则,征求意见,机器抽取,命令控制;市场机制;信息披露;监管执法,并网约束;信息约束,价格激励;试点示范,,调度运行;辅助服务,,辅助服务交易,,,,新型电力系统,收益机制明确;并网条件影响,辅助服务收益,并网消纳风险;政策状态风险;合规监管风险,江苏能源监管办关于公开征求《江苏电力调频辅助服务市场交易规则（征求意见稿）》意见的公告 国家能源局江苏监管办公室 国家能源局江苏监管办公室-公告 江苏 监管规则 辅助服务 交易规则; | 调频 江苏能源监管办关于公开征求《江苏电力调频辅助服务市场交易规则（征求意见稿）》意见的公告 2025-10-31 江苏能源监管办关于公开征求《江苏电力调频辅助服务市场交易规则（征求意见稿）》意见的公告_国家能源局江苏监管办公室 设为首页 工作邮箱 机构概览 动态要闻 信息公开 在线办事 互动回应 专题专栏 江苏能源监管办关于公开征求《江苏电力调频辅助服务市 | 此次征求意见时间为2025年11月1日至2025年11月30日。,规则词典_v1,待人工复核,2026-05-05 01:24:21
AUTO-20260427-790BD08DF9,关于印发《绿电园区规划、建设和运营工作指引（2025年）》的通知,2025-11-10,晋能源规发〔2025〕224号,山西,官方政策,现行有效,机器抽取,命令控制;市场机制;规划引导;财政金融;技术标准;信息披露,履约约束;信息约束,补偿收益;价格激励;绿色激励;试点示范,电网企业;储能企业;电力用户;虚拟电厂;微电网主体,发电;输配电;用电;调度运行;辅助服务;现货市场;中长期市场;绿电绿证,输配电价;容量价格;偏差价格,中长期交易;现货交易;容量交易,电费结算,,,源网荷储;储能;电网规划;虚拟电厂,收益机制明确;成本疏导;市场风险暴露,聚合交易;辅助服务收益;园区微电网,偏差风险,关于印发《绿电园区规划、建设和运营工作指引（2025年）》的通知 山西省能源局 山西省能源局-政策文件检索电力 山西 官方政策 绿电 绿电 山西省能源局关于印发《绿电园区规划、建设和运营工作指引（2025年）》的通知 山西省能源局 国家能源局 山西省人民政府 切換到繁體 无障碍浏览 首 页 政务公开 政务服务 机关党建 互动交流 政府信息公开 法定主动公开目 | 请各绿电园区结合工作实际，强化全过程管理，确保园区高质量建成运营。 | 绿电园区规划、建设和运营 工作指引（2025年） 为深入贯彻落实习近平总书记视察山西重要讲话重要指示精神，挖掘我省绿电要素优势，高质量打造绿电园区，实现绿电资源就地转化，助力招商引资和产业升级，围绕控制绿电项目开发成本、降低园区配电环节成本、节约园区内部运营成本和合理控制园区网购电成本四个关键环节，制定本工作指引。,规则词典_v1,待人工复核,2026-05-05 01:24:21
AUTO-20260427-FDD3BF6D20,关于再次公开征求《四川电力市场结算细则（征求意见稿）》的通知,2025-11-11,,四川,官方政策,征求意见,机器抽取,命令控制;市场机制;规划引导;财政金融;技术标准;信息披露;监管执法,准入条件;并网约束;履约约束;信息约束;消纳约束,补偿收益;价格激励;绿色激励;试点示范,电网企业;发电企业;储能企业;售电公司;电力用户;交易机构;虚拟电厂;微电网主体,发电;输配电;售电;用电;调度运行;辅助服务;现货市场;中长期市场;绿电绿证,上网电价;市场形成价格;偏差价格,中长期交易;现货交易;绿电交易;辅助服务交易;跨省跨区交易,电费结算;分摊机制;周期结算,运行考核,,储能;电网规划;虚拟电厂,收益机制明确;成本疏导;并网条件影响;市场风险暴露;项目准入影响,聚合交易;绿电消费;辅助服务收益;园区微电网,偏差风险;并网消纳风险;政策状态风险;合规监管风险,关于再次公开征求《四川电力市场结算细则（征求意见稿）》的通知 四川省发展和改革委员会 四川省发展和改革委员会 四川 官方政策 电力市场; | 结算 关于再次公开征求《四川电力市场结算细则（征求意见稿）》的通知 关于再次公开征求《四川电力市场结算细则（征求意见稿）》的通知_通知公告_四川省发展和改革委员会 便民日历 智能问答 无障碍 个人中心 网站支持ipv6 搜 索 新闻中心 政府信息公开 政务服务 发改工作 党建工作 互动交流 专题专栏 数据发布 基本信息公开 通知公告 关于再次公开征求《四川电 | 请各单位结合电力市场运行 结算情况研提修改意见， 将书面意见反馈至联系人邮箱 电力现货市场 开展结算试运行 《结算细则》 《结算细则》 开展结算 联系人： 省发展改革委： 蒋欢欢 86705951 四川能源监管办 85253859 省能源局： 刘硕英 86705822 电子邮箱： scjgc2018@163.com 附件： 四川电力市场结算细则（征求意见稿）,规则词典_v1,待人工复核,2026-05-05 01:24:21
AUTO-20260427-F694D4BAAB,关于征求2026年浙江省电力中长期交易合同示范文本意见的函,2025-12-01,,浙江,监管规则,现行有效,机器抽取,命令控制;市场机制;规划引导;信息披露;监管执法,并网约束;履约约束;信息约束,试点示范,电网企业;发电企业;售电公司;电力用户,发电;输配电;售电;用电;调度运行;现货市场;中长期市场;绿电绿证,输配电价,中长期交易;绿电交易,,,,,,,政策状态风险;合规监管风险,关于征求2026年浙江省电力中长期交易合同示范文本意见的函 国家能源局浙江监管办公室 国家能源局浙江监管办公室 浙江 监管规则 中长期 中长期 关于征求2026年浙江省电力中长期交易合同示范文本意见的函 2025-12-01； | OCR文本待人工复核 关于征求2026年浙江省电力中长期交易合同示范文本意见的函_国家能源局浙江监管办公室 设为首页 工作邮箱 机构概览 动态要闻 信息公开 在线办事 互动回应 专题专栏 关于征求2026年浙江省电力中长期交易合同示范文本意见的函 2025-12-01 14:51 来源：浙江监管办管理员 字体： 关于征求2026年浙江省电力中长期交易合同示范 | 请于12月 3日前提出 书面意见，加盖单位公章后反馈我办，逾期未反馈视为无意见。,规则词典_v1,待人工复核,2026-05-05 01:24:21
AUTO-20260427-87C8FAFF1E,国家能源局福建监管办公室 福建省发展和改革委员会关于印发《福建电力市场规则体系管理办法（试行）》的通知,2025-12-05,,福建,监管规则,现行有效,机器抽取,命令控制;市场机制;规划引导;技术标准;信息披露;监管执法,准入条件;并网约束;信息约束,,电网企业;售电公司;交易机构,输配电;售电;调度运行;辅助服务;现货市场;中长期市场;绿电绿证,,中长期交易;现货交易;绿电交易;辅助服务交易,,信息披露考核,,,收益机制明确;市场风险暴露,辅助服务收益,政策状态风险;合规监管风险,国家能源局福建监管办公室 福建省发展和改革委员会关于印发《福建电力市场规则体系管理办法（试行）》的通知 国家能源局福建监管办公室 国家能源局福建监管办公室 福建 监管规则 电力市场 电力市场; | 规则体系 国家能源局福建监管办公室 福建省发展和改革委员会关于印发《福建电力市场规则体系... 2025-12-05； | OCR文本待人工复核 国家能源局福建监管办公室 福建省发展和改革委员会关于印发《福建电力市场规则体系管理办法（试行）》的通知_国家能源局福建监管办公室 设为首页 工作邮箱 机构概览 动态要闻 信息公开 在线办事 互动回应 专题专栏 国家能源局福建监管办公室 福建省发展和改革委员会关于印发《福建电力市场规则体系管理办法（试行）》的通知 2025-12-05 1,规则词典_v1,待人工复核,2026-05-05 01:24:21
AUTO-20260427-8E9C5D7331,关于公开征求《新疆电力中长期市场实施细则（征求意见稿）》意见建议的通知,2026-01-23,,新疆,监管规则,征求意见,机器抽取,命令控制;市场机制;信息披露;监管执法,准入条件;信息约束,,,中长期市场,,,,,,,,,政策状态风险;合规监管风险,关于公开征求《新疆电力中长期市场实施细则（征求意见稿）》意见建议的通知 国家能源局新疆监管办公室 国家能源局新疆监管办公室 新疆 监管规则 中长期 实施细则; | 中长期 关于公开征求《新疆电力中长期市场实施细则（征求意见稿）》意见建议的通知 2026-01-23 关于公开征求《新疆电力中长期市场实施细则（征求意见稿）》意见建议的通知 关于公开征求《新疆电力中长期市场实施细则（征求意见稿）》意见建议的通知 设为首页 工作邮箱 机构概览 动态要闻 信息公开 在线办事 互动回应 2026-01-23 18:55 来源：新疆 | 新疆电力中长期市场实施细则（征求意见稿）.doc 附件：《新疆电力中长期市场实施细则（征求意见稿）》 国家能源局新疆监管办公室 2026年1月2 附件： 新疆电力中长期市场实施细则（征求意见稿）.doc 扫一扫在手机打开当前页 地址: 乌鲁木齐水磨沟区南湖东路68号 邮编: 830063 京公网安备 11010202007691 网站标识码: bm62000,规则词典_v1,待人工复核,2026-05-05 01:24:21
AUTO-20260427-175A83DAA9,关于将山西尚太（四期）、阳曲县绿电园区2个项目纳入省级绿电直连项目清单的通知,2026-02-13,晋能源规函〔2026〕49号,山西,官方政策,现行有效,机器抽取,命令控制;市场机制;规划引导;信息披露,准入条件;并网约束;信息约束,绿色激励,新能源企业;储能企业;电力用户;交易机构;微电网主体,发电;输配电;用电;绿电绿证,,,,,,储能,并网条件影响;项目准入影响,园区微电网,并网消纳风险,关于将山西尚太（四期）、阳曲县绿电园区2个项目纳入省级绿电直连项目清单的通知 山西省能源局 山西省能源局-政策文件检索电力 山西 官方政策 绿电 绿电 山西省能源局关于将山西尚太（四期）、阳曲县绿电园区2个项目纳入省级绿电直连项目清单的通知 山西省能源局 国家能源局 山西省人民政府 切換到繁體 无障碍浏览 首 页 政务公开 政务服务 机关党建 互动交流 政府 | 三、各有关市能源主管部门要按照国家和我省绿电直连有关政策要求，督促项目单位尽快编制实施方案，并按程序组织评审和实施。 | 二、2个项目涉及的新能源项目纳入省级年度开发建设计划，配套储能列入省级储能项目库，电网接入工程纳入省级电力规划。,规则词典_v1,待人工复核,2026-05-05 01:24:21
AUTO-20260427-3D2FA4A769,关于印发《四川省电力辅助服务管理实施细则》和《四川省电力并网运行管理实施细则...,2026-04-13,,四川,监管规则,现行有效,机器抽取,命令控制;市场机制;财政金融;技术标准;信息披露;监管执法,准入条件;并网约束;履约约束;信息约束;消纳约束,补偿收益;价格激励;绿色激励;试点示范,电网企业;发电企业;新能源企业;储能企业;电力用户;交易机构;虚拟电厂;微电网主体,发电;输配电;用电;调度运行;辅助服务;现货市场;绿电绿证,分时电价;辅助服务价格;偏差价格,辅助服务交易;需求响应;跨省跨区交易,电费结算;辅助服务结算;分摊机制,运行考核;信息披露考核,双碳目标;绿色低碳,新型电力系统;源网荷储;储能;虚拟电厂,收益机制明确;成本疏导;并网条件影响;市场风险暴露;项目准入影响,聚合交易;辅助服务收益;园区微电网,偏差风险;并网消纳风险;政策状态风险;合规监管风险,关于印发《四川省电力辅助服务管理实施细则》和《四川省电力并网运行管理实施细则... 国家能源局四川监管办公室 国家能源局四川监管办公室 四川 监管规则 辅助服务 实施细则; | 辅助服务 关于印发《四川省电力辅助服务管理实施细则》和《四川省电力并网运行管理实施细则... 2026-04-13； | OCR文本待人工复核 和《四川省电力并网运行管理实施细则》 --- 第 1 页 OCR --- 国家能源局四川监管办公室文件 川监能市场［2026］22号 关于印发《四川省电力辅助服务管理实施细则》 和《四川省电力并网运行管理实施细则》 的通知 国网四川省电力公司，四川电力交易中心有限公司，各有关电力 企业，各相关市场主体： 为进一步优化电力并网运行和辅助服,规则词典_v1,待人工复核,2026-05-05 01:24:21
AUTO-20260502-B85D7DD04E,关于印发《省级电网输配电价定价办法》的通知(发改价格规〔2020〕101号),2020-02-05,发改价格规〔2020〕101号,全国,官方政策,现行有效,机器抽取,命令控制;市场机制;规划引导;财政金融;技术标准;信息披露;监管执法,准入条件;并网约束;信息约束,补偿收益;价格激励;试点示范,电网企业;储能企业;电力用户,发电;输配电;售电;用电;调度运行;辅助服务;现货市场,上网电价;输配电价,辅助服务交易;跨省跨区交易,电费结算;分摊机制,监管处罚,,储能,收益机制明确;成本疏导;并网条件影响;市场风险暴露;项目准入影响,辅助服务收益,政策状态风险;合规监管风险,关于印发《省级电网输配电价定价办法》的通知(发改价格规〔2020〕101号) 国家发展改革委 国家发展改革委 全国 官方政策 电网; | 电网 关于印发《省级电网输配电价定价办法》的通知(发改价格规〔2020〕101号) 【关于印发《省级电网输配电价定价办法》的通知(发改价格规〔2020〕101号)】-国家发展和改革委员会 政务公开 规范性文件 关于印发《省级电网输配电价定价办法》的通知(发改价格规〔2020〕101号) 发布时间：2020/02/05 来源： 价格司 [ 打印 ] 国家发展改 | 附件： 省级电网输配电价定价办法 省级电网输配电价定价办法 国家发展改革委 2020年1月19日 相关政策与解读 国家发展改革委修订出台《省级电网输配电价定价办法》和《区域电网输电价格定价办法》 排行榜 第一条 为科学合理核定省级电网企业输配电价，健全输配电 — 3 — 省级电网输配电价定价办法 第一章 总则 第一条 为科学合理核定省级电网企业输配电价，健全,规则词典_v1,待人工复核,2026-05-05 01:24:21
AUTO-20260502-F19174E368,关于印发《福建省电力市场中长期交易规则》补充修订内容的通知,2021-03-19,,福建,监管规则,现行有效,机器抽取,命令控制;市场机制;规划引导;财政金融;技术标准;信息披露;监管执法,准入条件;并网约束;履约约束;信息约束;消纳约束,补偿收益;价格激励;试点示范,电网企业;发电企业;新能源企业;售电公司;电力用户;交易机构,发电;输配电;售电;用电;调度运行;辅助服务;现货市场;中长期市场,上网电价;输配电价;市场形成价格;辅助服务价格;偏差价格,中长期交易;现货交易;跨省跨区交易,偏差结算;辅助服务结算;分摊机制;周期结算,偏差考核,,,收益机制明确;成本疏导;并网条件影响;市场风险暴露;项目准入影响,辅助服务收益,偏差风险;并网消纳风险;合规监管风险,关于印发《福建省电力市场中长期交易规则》补充修订内容的通知 国家能源局福建监管办公室 国家能源局福建监管办公室 福建 监管规则 电力市场; | 中长期 关于印发《福建省电力市场中长期交易规则》补充修订内容的通知 2021-03-19； | OCR文本待人工复核 关于印发《福建省电力市场中长期交易规则》补充修订内容的通知 关于印发《福建省电力市场中长期交易规则》补充修订内容的通知_国家能源局福建监管办公室 设为首页 工作邮箱 机构概览 动态要闻 信息公开 在线办事 互动回应 专题专栏 关于印发《福建省电力市场中长期交易规则》补充修订内容的通知 2021-03-19 17:30 来源： 福建能源监,规则词典_v1,待人工复核,2026-05-05 01:24:21
AUTO-20260502-0628D0B13F,关于印发《贵州电力调峰辅助服务市场交易规则》的通知,2023-03-31,,贵州,监管规则,现行有效,机器抽取,命令控制;市场机制;财政金融;技术标准;信息披露;监管执法,准入条件;并网约束;履约约束;信息约束;消纳约束,补偿收益;价格激励;试点示范,电网企业;发电企业;储能企业;电力用户;交易机构;虚拟电厂;微电网主体,发电;输配电;售电;用电;调度运行;辅助服务;现货市场;中长期市场,输配电价;市场形成价格;容量价格;辅助服务价格;偏差价格,中长期交易;辅助服务交易;容量交易;需求响应,电费结算;偏差结算;辅助服务结算;分摊机制,运行考核;偏差考核;信息披露考核;监管处罚,双碳目标;新能源消纳,新型电力系统;源网荷储;储能;电网规划;虚拟电厂,收益机制明确;成本疏导;并网条件影响;市场风险暴露;项目准入影响,聚合交易;辅助服务收益;园区微电网,价格波动;偏差风险;并网消纳风险;政策状态风险;合规监管风险,关于印发《贵州电力调峰辅助服务市场交易规则》的通知 国家能源局贵州监管办公室 国家能源局贵州监管办公室 贵州 监管规则 辅助服务 交易规则; | 调峰 关于印发《贵州电力调峰辅助服务市场交易规则》的通知 2023-03-31 关于印发《贵州电力调峰辅助服务市场交易规则》的通知.pdf 关于印发《贵州电力调峰辅助服务市场交易规则》的通知 设为首页 工作邮箱 机构概览 动态要闻 信息公开 在线办事 互动回应 专题专栏 2023-03-31 09:14 来源： 字体： 关于印发《贵州电力调峰辅助服务市场交易 | 第二条 本规则依据《关于进一步深化电力体制改革的若干 意见》（中发〔2015〕9 号）及其相关配套文件、《完善电力辅 助服务补偿（市场）机制工作方案》（国能发监管〔2017〕67 号）、《电力并网运行管理规定》（国能发监管规〔2021〕60 力辅助服务管理实施细则》（南方监能市场〔2022〕91 号，以 号）、《电力辅助服务管理办法》（国能发监管规〔2021,规则词典_v1,待人工复核,2026-05-05 01:24:21
AUTO-20260502-32DD0BDC61,国家能源局西北监管局关于做好2025年迎峰度夏能源保供工作的通知（西北监能市场[2025]43号）,2025-07-01,西北监能市场〔2025〕43号,西北区域,监管规则,现行有效,机器抽取,命令控制;市场机制;信息披露;监管执法,准入条件;并网约束;履约约束;信息约束;消纳约束,,电网企业;发电企业;新能源企业;储能企业;电力用户;虚拟电厂;微电网主体,发电;输配电;用电;调度运行;辅助服务;现货市场;中长期市场,容量价格,辅助服务交易;需求响应;跨省跨区交易,,运行考核;信息披露考核,新能源消纳;能源安全,源网荷储;储能;电网规划;虚拟电厂,收益机制明确;并网条件影响;市场风险暴露;项目准入影响,聚合交易;辅助服务收益;园区微电网,偏差风险;并网消纳风险;合规监管风险,国家能源局西北监管局关于做好2025年迎峰度夏能源保供工作的通知（西北监能市场[2025]43号） 国家能源局派出机构 国家能源局西北监管局 西北区域 监管规则 电力保供 迎峰度夏 国家能源局西北监管局关于做好2025年迎峰度夏能源保供工作的通知（西北监能市场[20... 2025-07-01； | OCR文本待人工复核 国家能源局西北监管局关于做好2025年迎峰度夏能源保供工作的通知（西北监能市场[2025]43号） 设为首页 工作邮箱 机构概览 动态要闻 信息公开 在线办事 互动回应 专题专栏 2025-07-01 17:38 来源：市场处 字体： 国家能源局西北监管局关于做好2025年迎峰度夏能源保供工作的通知（西北监能市场[2025]43号）.p | 能源企业要深入学 习贯彻习近平总书记关于国家能源安全的重要论述，坚持以人 民为中心的发展思想，充分认识做好能源保供工作的重要性和 紧迫性，以时时放心不下的责任感和积极担当作为的精气神， 坚决扛牢能源保供主体责任，为西北区域经济社会高质量发展 提供坚强能源电力保障。,规则词典_v1,待人工复核,2026-05-05 01:24:21
AUTO-20260502-C1292B6683,国家能源局西北监管局关于做好2025年迎峰度冬能源保供工作的通知（西北监能市场〔2025〕82号）,2025-11-20,西北监能市场〔2025〕82号,西北区域,监管规则,现行有效,机器抽取,命令控制;市场机制;技术标准;信息披露;监管执法,准入条件;并网约束;履约约束;信息约束;消纳约束,价格激励;试点示范,电网企业;发电企业;储能企业;电力用户;虚拟电厂,发电;输配电;用电;调度运行;辅助服务;现货市场;中长期市场,,辅助服务交易;需求响应;跨省跨区交易,电费结算,运行考核;信息披露考核,新能源消纳;能源安全,储能;虚拟电厂,收益机制明确;成本疏导;并网条件影响;市场风险暴露;项目准入影响,聚合交易;辅助服务收益,偏差风险;并网消纳风险;合规监管风险,国家能源局西北监管局关于做好2025年迎峰度冬能源保供工作的通知（西北监能市场〔2025〕82号） 国家能源局派出机构 国家能源局西北监管局 西北区域 监管规则 电力保供 迎峰度冬 国家能源局西北监管局关于做好2025年迎峰度冬能源保供工作的通知（西北监能市场〔2... 2025-11-20； | OCR文本待人工复核 国家能源局西北监管局关于做好2025年迎峰度冬能源保供工作的通知（西北监能市场〔2025〕82号） 设为首页 工作邮箱 机构概览 动态要闻 信息公开 在线办事 互动回应 专题专栏 2025-11-20 17:04 来源：市场处 字体： 国家能源局西北监管局关于做好2025年迎峰度冬能源保供工作的通知（西北监能市场〔2025〕82号）.p | 能源保障和 安全事关国计民生，各能源企业要深入贯彻习近平总书记关于 国家能源安全的重要论述精神，认真落实国家发展改革委和国 家能源局工作要求，充分认识保障能源安全稳定供应的重要 性，将能源保供作为一项政治任务，进一步增强责任感、使命 感、紧迫感，扎实做好今冬明春能源保供各项工作，确保能源 安全稳定供应和人民群众温暖过冬。,规则词典_v1,待人工复核,2026-05-05 01:24:21
AUTO-20260502-EE25AD8C79,关于印发《区域电网输电价格定价办法》的通知(发改价格规〔2020〕100号),2020-02-05,发改价格规〔2020〕100号,全国,官方政策,现行有效,机器抽取,命令控制;市场机制;规划引导;技术标准;信息披露;监管执法,信息约束,补偿收益;价格激励,电网企业;电力用户;微电网主体,发电;输配电;售电;用电;调度运行;辅助服务,输配电价,辅助服务交易;跨省跨区交易,电费结算;分摊机制,,,电网规划,收益机制明确;成本疏导;市场风险暴露;项目准入影响,辅助服务收益;园区微电网,政策状态风险;合规监管风险,关于印发《区域电网输电价格定价办法》的通知(发改价格规〔2020〕100号) 国家发展改革委 国家发展改革委 全国 官方政策 电网; | 输配电价 电网 关于印发《区域电网输电价格定价办法》的通知(发改价格规〔2020〕100号) 【关于印发《区域电网输电价格定价办法》的通知(发改价格规〔2020〕100号)】-国家发展和改革委员会 政务公开 规范性文件 关于印发《区域电网输电价格定价办法》的通知(发改价格规〔2020〕100号) 发布时间：2020/02/05 来源： 价格司 [ 打印 ]  | 附件： 区域电网输电价格定价办法 区域电网输电价格定价办法 国家发展改革委 2020年1月19日 相关政策与解读 国家发展改革委修订出台《省级电网输配电价定价办法》和《区域电网输电价格定价办法》 排行榜 第一条 为科学合理核定区域电网输电价格，健全输电定价制 — 3 — 区域电网输电价格定价办法 第一章 总则 第一条 为科学合理核定区域电网输电价格，健全输电,规则词典_v1,待人工复核,2026-05-05 01:24:21
AUTO-20260502-67AB5EB68F,关于核定2020～2022年省级电网输配电价的通知(发改价格规〔2020〕1508号),2020-09-30,发改价格规〔2020〕1508号,全国,官方政策,现行有效,机器抽取,命令控制;市场机制;财政金融;技术标准;信息披露;监管执法,准入条件;信息约束,补偿收益;价格激励,电网企业;发电企业;电力用户,发电;输配电;售电;用电;调度运行;辅助服务,上网电价;输配电价;容量价格;辅助服务价格,,电费结算;辅助服务结算;分摊机制,,,,收益机制明确;成本疏导;并网条件影响;市场风险暴露;项目准入影响,辅助服务收益,合规监管风险,关于核定2020～2022年省级电网输配电价的通知(发改价格规〔2020〕1508号) 国家发展改革委 国家发展改革委 全国 官方政策 电网; | 电网 关于核定2020～2022年省级电网输配电价的通知(发改价格规〔2020〕1508号) 【关于核定2020～2022年省级电网输配电价的通知(发改价格规〔2020〕1508号)】-国家发展和改革委员会 政务公开 规范性文件 关于核定2020～2022年省级电网输配电价的通知(发改价格规〔2020〕1508号) 发布时间：2020/09/30 来源： 价 | 参与电力市场化交易的用户用电价格包括市场交易上网电价、输配电价、辅助服务费用和政府性基金及附加。,规则词典_v1,待人工复核,2026-05-05 01:24:21
AUTO-20260502-9C5CF5AFC7,关于第三监管周期省级电网输配电价及有关事项的通知(发改价格〔2023〕526号),2023-05-15,发改价格〔2023〕526号,全国,官方政策,现行有效,机器抽取,命令控制;财政金融;技术标准;信息披露;监管执法,并网约束;履约约束;信息约束,补偿收益;价格激励;试点示范,电网企业;储能企业;电力用户,发电;输配电;售电;用电;调度运行;辅助服务,上网电价;输配电价;容量价格;辅助服务价格,,电费结算;辅助服务结算;分摊机制,,,储能,收益机制明确;成本疏导;并网条件影响,辅助服务收益,合规监管风险,关于第三监管周期省级电网输配电价及有关事项的通知(发改价格〔2023〕526号) 国家发展改革委 国家发展改革委-政策通知 全国 官方政策 电网; | 电网 关于第三监管周期省级电网输配电价及有关事项的通知(发改价格〔2023〕526号) 【关于第三监管周期省级电网输配电价及有关事项的通知(发改价格〔2023〕526号)】-国家发展和改革委员会 政务公开 关于第三监管周期省级电网输配电价及有关事项的通知(发改价格〔2023〕526号) 发布时间：2023/05/15 来源： 价格司 [ 打印 ] 国家发展改 | 二、用户用电价格逐步归并为居民生活、农业生产及工商业用电（除执行居民生活和农业生产用电价格以外的用电）三类；,规则词典_v1,待人工复核,2026-05-05 01:24:21
AUTO-20260502-CA3E4C4B01,关于印发《湖北电网非统调发电企业辅助服务管理实施细则（试行）》的通知,2012-12-14,,华中区域,监管规则,试行,机器抽取,命令控制;规划引导;财政金融;技术标准;信息披露;监管执法,准入条件;并网约束;履约约束;信息约束;消纳约束,补偿收益;价格激励;试点示范,发电企业;新能源企业;电力用户,发电;输配电;售电;用电;调度运行;辅助服务;现货市场,上网电价;分时电价;偏差价格,辅助服务交易,电费结算;分摊机制,运行考核,,,收益机制明确;成本疏导;并网条件影响;市场风险暴露;项目准入影响,辅助服务收益,偏差风险;并网消纳风险;政策状态风险;合规监管风险,关于印发《湖北电网非统调发电企业辅助服务管理实施细则（试行）》的通知 国家能源局派出机构 国家能源局华中监管局 华中区域 监管规则 电网; | 电网 关于印发《湖北电网非统调发电企业辅助服务管理实施细则（试行）》的通知 2012-12-14 关于印发《湖北电网非统调发电企业辅助服务管理实施细则（试行）》的通知 关于印发《湖北电网非统调发电企业辅助服务管理实施细则（试行）》的通知 设为首页 工作邮箱 机构概览 动态要闻 信息公开 在线办事 互动回应 专题专栏 2012-12-14 17:23 来源：  | 第二章 附件：湖北电网非统调发电企业辅助服务管理实施细则（试行） （此页无正文） 年12月12日 湖北电网非统调发电企业辅助服务 管理实施细则（试行） 目 录 第一章 ... 4 第二章 定义与分类 ... 5 第一条 第三章 安全与运行管理 ... 13 第四章 调峰峰平谷比例 ... 14 第五章 考核、补偿与结算 ... 20 第六章 监督与管理 ..,规则词典_v1,待人工复核,2026-05-05 01:24:21
AUTO-20260502-2F839964D5,关于印发《湖北电网非统调发电企业辅助服务管理实施细则（试行）》的通知,2013-01-14,,华中区域,监管规则,试行,机器抽取,命令控制;财政金融;信息披露;监管执法,信息约束;消纳约束,补偿收益,发电企业,发电;输配电;辅助服务,,辅助服务交易,,,,,收益机制明确,辅助服务收益,政策状态风险;合规监管风险,关于印发《湖北电网非统调发电企业辅助服务管理实施细则（试行）》的通知 国家能源局派出机构 国家能源局华中监管局 华中区域 监管规则 电网; | 电网 关于印发《湖北电网非统调发电企业辅助服务管理实施细则（试行）》的通知 2013-01-14 关于印发《湖北电网非统调发电企业辅助服务管理实施细则（试行）》的通知 关于印发《湖北电网非统调发电企业辅助服务管理实施细则（试行）》的通知 设为首页 工作邮箱 机构概览 动态要闻 信息公开 在线办事 互动回应 专题专栏 2013-01-14 10:26 来源：  | 附件： 湖北电网非统调发电企业辅助服务管理实施细则（试行）.doc 湖北电网非统调发电企业辅助服务管理实施细则（试行）.doc 2012 扫一扫在手机打开当前页 网站标识码：bm62000009号 京ICP备11044902号 京公网安备 11010202007691 办公地址：湖北省武汉市洪山区徐东大街63号国家能源大厦20-22层，邮政编码：430066,规则词典_v1,待人工复核,2026-05-05 01:24:21
AUTO-20260502-AC14F2D45A,关于印发《山东省新建电源接入电网监管暂行办法实施细则(试行)》的通知,2014-07-14,,山东,监管规则,试行,机器抽取,命令控制;信息披露;监管执法,并网约束;信息约束,,,发电;输配电,,,,,,,并网条件影响,,政策状态风险;合规监管风险,关于印发《山东省新建电源接入电网监管暂行办法实施细则(试行)》的通知 国家能源局派出机构 国家能源局山东监管办公室 山东 监管规则 电网 实施细则; | 电网 关于印发《山东省新建电源接入电网监管暂行办法实施细则(试行)》的通知 2014-07-14 关于印发《山东省新建电源接入电网监管暂行办法实施细则(试行)》的通知 关于印发《山东省新建电源接入电网监管暂行办法实施细则(试行)》的通知_国家能源局山东监管办公室 设为首页 工作邮箱 机构概览 动态要闻 信息公开 在线办事 互动回应 专题专栏 关于印发《山东省,规则词典_v1,待人工复核,2026-05-05 01:24:21
AUTO-20260502-938C076F58,关于印发《新疆电力辅助服务市场运营规则》的通知,2020-01-16,,新疆,监管规则,现行有效,机器抽取,命令控制;市场机制;规划引导;财政金融;技术标准;信息披露;监管执法,准入条件;并网约束;履约约束;信息约束;消纳约束,补偿收益;价格激励;绿色激励;试点示范,电网企业;发电企业;新能源企业;储能企业;售电公司;电力用户;交易机构,发电;输配电;售电;用电;调度运行;辅助服务;现货市场;中长期市场,上网电价;市场形成价格;辅助服务价格;偏差价格,中长期交易;现货交易;辅助服务交易;跨省跨区交易,电费结算;辅助服务结算;分摊机制;周期结算,运行考核,新能源消纳,储能,收益机制明确;成本疏导;并网条件影响;市场风险暴露;项目准入影响,辅助服务收益,价格波动;偏差风险;并网消纳风险;政策状态风险;合规监管风险,关于印发《新疆电力辅助服务市场运营规则》的通知 国家能源局新疆监管办公室 国家能源局新疆监管办公室 新疆 监管规则 辅助服务 运营规则; | 辅助服务 关于印发《新疆电力辅助服务市场运营规则》的通知 2020-01-16； | OCR文本待人工复核 关于印发《新疆电力辅助服务市场运营规则》的通知.pdf 关于印发《新疆电力辅助服务市场运营规则》的通知 设为首页 工作邮箱 机构概览 动态要闻 信息公开 在线办事 互动回应 2020-01-16 12:32 来源： 字体： 关于印发《新疆电力辅助服务市场运营规则》的通知.pdf 附件：新疆电力辅助服务市场运营规则.pdf 附件：新疆电力,规则词典_v1,待人工复核,2026-05-05 01:24:21
AUTO-20260502-53881076C7,关于转发《国家发改委 国家能源局关于印发电力中长期交易基本规则的通知》,2020-09-09,发改能源规〔2020〕889号,新疆,监管规则,现行有效,机器抽取,命令控制;市场机制;规划引导;财政金融;技术标准;信息披露;监管执法,准入条件;并网约束;履约约束;信息约束;消纳约束,补偿收益;价格激励;绿色激励;试点示范,电网企业;发电企业;新能源企业;储能企业;售电公司;电力用户;交易机构,发电;输配电;售电;用电;调度运行;辅助服务;现货市场;中长期市场,上网电价;输配电价;分时电价;市场形成价格;容量价格;辅助服务价格;偏差价格,中长期交易;现货交易;辅助服务交易;容量交易;跨省跨区交易,电费结算;偏差结算;辅助服务结算;分摊机制,偏差考核;信用评价;信息披露考核,,储能;电网规划,收益机制明确;成本疏导;并网条件影响;市场风险暴露;项目准入影响,辅助服务收益,价格波动;偏差风险;并网消纳风险;政策状态风险;合规监管风险,关于转发《国家发改委 国家能源局关于印发电力中长期交易基本规则的通知》 国家能源局新疆监管办公室 国家能源局新疆监管办公室 新疆 监管规则 中长期 中长期 关于转发《国家发改委 国家能源局关于印发电力中长期交易基本规则的通知》 2020-09-09； | OCR文本待人工复核 关于转发《国家发改委 国家能源局关于印发电力中长期交易基本规则的通知》 关于转发《国家发改委 国家能源局关于印发电力中长期交易基本规则的通知》 设为首页 工作邮箱 机构概览 动态要闻 信息公开 在线办事 互动回应 2020-09-09 16:25 来源： 字体： 关于转发《国家发改委 国家能源局关于印发电力中长期交易基本规则的通知》.p | --- 第 2 页 OCR --- 施细则（试行》修订工作，各市场成员可根据《基本规则》结 二、我办已按要求成立了《新疆电力中长期交易实施细则(试 行)》（以下简称《实施细则（试行》》)修订工作小组，启动了《实 施细则（试行》修订工作，各市场成员可根据《基本规则》结 合新疆实际提出修订建议，并及时反馈我办。,规则词典_v1,待人工复核,2026-05-05 01:24:21
AUTO-20260502-2EA2D2C696,关于印发《新疆电力市场交易信用评价及评定管理办法（试行）》的通知,2020-09-22,,新疆,监管规则,试行,机器抽取,命令控制;市场机制;规划引导;财政金融;技术标准;信息披露;监管执法,准入条件;并网约束;履约约束;信息约束,试点示范,电网企业;发电企业;售电公司;电力用户;交易机构,发电;输配电;售电;用电;调度运行;辅助服务;现货市场;中长期市场,市场形成价格;偏差价格,中长期交易,电费结算;分摊机制,信用评价;信息披露考核;监管处罚,,电网规划,收益机制明确;并网条件影响;市场风险暴露;项目准入影响,辅助服务收益,价格波动;偏差风险;政策状态风险;合规监管风险,关于印发《新疆电力市场交易信用评价及评定管理办法（试行）》的通知 国家能源局新疆监管办公室 国家能源局新疆监管办公室 新疆 监管规则 电力市场 电力市场 关于印发《新疆电力市场交易信用评价及评定管理办法（试行）》的通知 2020-09-22； | OCR文本待人工复核 关于印发《新疆电力市场交易信用评价及评定管理办法（试行）》的通知 关于印发《新疆电力市场交易信用评价及评定管理办法（试行）》的通知 设为首页 工作邮箱 机构概览 动态要闻 信息公开 在线办事 互动回应 2020-09-22 11:56 来源： 字体： 附件：新疆电力市场交易信用评价及评定管理办法（试行）.pdf 关于印发《新疆电力市场交 | 第二条 本管理办法适用于新疆电力市场成员包括各类发电 企业、售电公司（含拥有配电网运营权的售电公司、独立的售电 - 4 - 公司） 、电网企业（含各局域电网企业、趸售县（团场）供电公 司） 、电力用户、电力交易机构、电力调度机构和独立辅助服务 提供者等。,规则词典_v1,待人工复核,2026-05-05 01:24:21
AUTO-20260502-AC00442207,关于印发《江苏分布式发电市场化交易及电网企业输配电服务三方合同（示范文本）》的通知,2020-12-10,,江苏,监管规则,现行有效,机器抽取,命令控制;市场机制;规划引导;财政金融;技术标准;信息披露;监管执法,准入条件;并网约束;履约约束;信息约束,补偿收益;价格激励;试点示范,电网企业;发电企业;售电公司;电力用户;交易机构,发电;输配电;售电;用电;调度运行;中长期市场,上网电价;输配电价;分时电价;容量价格;偏差价格,中长期交易,电费结算;偏差结算;分摊机制;周期结算,偏差考核,,,收益机制明确;成本疏导;并网条件影响;市场风险暴露;项目准入影响,辅助服务收益,偏差风险;并网消纳风险;合规监管风险,关于印发《江苏分布式发电市场化交易及电网企业输配电服务三方合同（示范文本）》的通知 国家能源局江苏监管办公室 国家能源局江苏监管办公室-通知 江苏 监管规则 电网; | 电网 关于印发《江苏分布式发电市场化交易及电网企业输配电服务三方合同（示范文本）》的通知 2020-12-10 关于印发《江苏分布式发电市场化交易及电网企业输配电服务三方合同（示范文本）》的通知_国家能源局江苏监管办公室 设为首页 工作邮箱 机构概览 动态要闻 信息公开 在线办事 互动回应 专题专栏 关于印发《江苏分布式发电市场化交易及电网企业输配电服务三方 | 请各有关单位在开展分布式发电市场化交易工作时参照使用，在执行中若有相关问题可及时与我办联系。,规则词典_v1,待人工复核,2026-05-05 01:24:21
AUTO-20260502-F9194BABA6,福建能源监管办关于转发国家能源局《电力现货市场信息披露办法（暂行）》的通知,2020-12-14,,福建,监管规则,现行有效,机器抽取,命令控制;市场机制;规划引导;财政金融;技术标准;信息披露;监管执法,准入条件;并网约束;履约约束;信息约束,价格激励;绿色激励;试点示范,电网企业;发电企业;新能源企业;售电公司;电力用户;交易机构,发电;输配电;售电;用电;调度运行;辅助服务;现货市场;中长期市场,输配电价;分时电价,中长期交易;现货交易;辅助服务交易,电费结算;分摊机制,信用评价;信息披露考核;监管处罚,,电网规划,收益机制明确;成本疏导;并网条件影响;市场风险暴露;项目准入影响,辅助服务收益,偏差风险;并网消纳风险;政策状态风险;合规监管风险,福建能源监管办关于转发国家能源局《电力现货市场信息披露办法（暂行）》的通知 国家能源局福建监管办公室 国家能源局福建监管办公室 福建 监管规则 现货 现货 福建能源监管办关于转发国家能源局《电力现货市场信息披露办法（暂行）》的通知 2020-12-14； | OCR文本待人工复核 福建能源监管办关于转发国家能源局《电力现货市场信息披露办法（暂行）》的通知_国家能源局福建监管办公室 设为首页 工作邮箱 机构概览 动态要闻 信息公开 在线办事 互动回应 专题专栏 福建能源监管办关于转发国家能源局《电力现货市场信息披露办法（暂行）》的通知 2020-12-14 16:46 来源： 福建能源监管办 字体： 国家能源局关于 | 现转发给你们，并提出以下意见，请认真贯彻落实： 一、各市场成员要高度重视电力现货市场信息披露工作，认 二、福建电力交易中心总体负责电力现货市场信息披露的实 真组织学习，严格按照《办法》要求，明确责任分工，落实主体 --- 第 2 页 OCR --- 责任，真实、准确、完整、及时地披露相关信息。,规则词典_v1,待人工复核,2026-05-05 01:24:21
AUTO-20260502-4DA9E89D90,关于转发《发电企业与电网企业电费结算办法》的通知,2021-01-18,,浙江,监管规则,现行有效,机器抽取,命令控制;技术标准;信息披露;监管执法,并网约束;信息约束,,电网企业;发电企业,发电;输配电;调度运行,,,电费结算,,,,成本疏导,,合规监管风险,关于转发《发电企业与电网企业电费结算办法》的通知 国家能源局浙江监管办公室 国家能源局浙江监管办公室 浙江 监管规则 电网; | 电网 关于转发《发电企业与电网企业电费结算办法》的通知 2021-01-18 关于转发《发电企业与电网企业电费结算办法》的通知 关于转发《发电企业与电网企业电费结算办法》的通知_国家能源局浙江监管办公室 设为首页 工作邮箱 机构概览 动态要闻 信息公开 在线办事 互动回应 专题专栏 关于转发《发电企业与电网企业电费结算办法》的通知 2021-01-18 08,规则词典_v1,待人工复核,2026-05-05 01:24:21
AUTO-20260502-151D70D93E,关于征求《福建电力市场中长期交易规则》补充修订意见的函,2021-01-19,发改能源规〔2020〕889号,福建,监管规则,现行有效,机器抽取,命令控制;市场机制;规划引导;财政金融;技术标准;信息披露;监管执法,准入条件;并网约束;履约约束;信息约束;消纳约束,补偿收益;价格激励;绿色激励;试点示范,电网企业;发电企业;新能源企业;储能企业;售电公司;电力用户;交易机构,发电;输配电;售电;用电;调度运行;辅助服务;现货市场;中长期市场,上网电价;输配电价;分时电价;市场形成价格;容量价格;辅助服务价格;偏差价格,中长期交易;现货交易;辅助服务交易;容量交易;跨省跨区交易,电费结算;偏差结算;辅助服务结算;分摊机制;周期结算,偏差考核;信息披露考核,,储能;电网规划,收益机制明确;成本疏导;并网条件影响;市场风险暴露;项目准入影响,辅助服务收益,价格波动;偏差风险;并网消纳风险;政策状态风险;合规监管风险,关于征求《福建电力市场中长期交易规则》补充修订意见的函 国家能源局福建监管办公室 国家能源局福建监管办公室 福建 监管规则 电力市场; | 中长期 关于征求《福建电力市场中长期交易规则》补充修订意见的函 2021-01-19； | OCR文本待人工复核 关于征求《福建电力市场中长期交易规则》补充修订意见的函 关于征求《福建电力市场中长期交易规则》补充修订意见的函_国家能源局福建监管办公室 设为首页 工作邮箱 机构概览 动态要闻 信息公开 在线办事 互动回应 专题专栏 关于征求《福建电力市场中长期交易规则》补充修订意见的函 2021-01-19 14:13 来源： 福建能源监管办 字体：,规则词典_v1,待人工复核,2026-05-05 01:24:21
AUTO-20260502-51C3E7A2FC,福建能源监管办关于转发国家能源局《发电企业与电网企业电费结算办法》的通知（闽监能市场〔2021〕12号）,2021-02-19,闽监能市场〔2021〕12号,福建,监管规则,现行有效,机器抽取,命令控制;市场机制;财政金融;技术标准;信息披露;监管执法,准入条件;并网约束;履约约束;信息约束,补偿收益;价格激励;绿色激励;试点示范,电网企业;发电企业;新能源企业;电力用户;交易机构;微电网主体,发电;输配电;售电;用电;调度运行;辅助服务;中长期市场,输配电价;分时电价;辅助服务价格,中长期交易;跨省跨区交易,电费结算;辅助服务结算;分摊机制,信息披露考核;监管处罚,,电网规划,收益机制明确;成本疏导;并网条件影响;项目准入影响,辅助服务收益;园区微电网,偏差风险;并网消纳风险;政策状态风险;合规监管风险,福建能源监管办关于转发国家能源局《发电企业与电网企业电费结算办法》的通知（闽监能市场〔2021〕12号） 国家能源局福建监管办公室 国家能源局福建监管办公室 福建 监管规则 电网; | 电网 福建能源监管办关于转发国家能源局《发电企业与电网企业电费结算办法》的通知（闽... 2021-02-19； | OCR文本待人工复核 福建能源监管办关于转发国家能源局《发电企业与电网企业电费结算办法》的通知（闽监能市场〔2021〕12号）_国家能源局福建监管办公室 设为首页 工作邮箱 机构概览 动态要闻 信息公开 在线办事 互动回应 专题专栏 福建能源监管办关于转发国家能源局《发电企业与电网企业电费结算办法》的通知（闽监能市场〔2021〕12号） 2021-02-19,规则词典_v1,待人工复核,2026-05-05 01:24:21
AUTO-20260502-63CC94BB35,福建能源监管办关于征求《关于完善福建省电力市场中长期交易规则的若干意见》（征求意见稿）意见的函,2021-12-29,,福建,监管规则,现行有效,机器抽取,命令控制;市场机制;规划引导;信息披露;监管执法,准入条件;并网约束;履约约束;信息约束;消纳约束,价格激励;试点示范,电网企业;发电企业;新能源企业;售电公司;电力用户;交易机构,发电;输配电;售电;用电;调度运行;现货市场;中长期市场,上网电价;分时电价;市场形成价格;偏差价格,中长期交易,电费结算;偏差结算,偏差考核,,,收益机制明确;成本疏导;并网条件影响;市场风险暴露;项目准入影响,,价格波动;偏差风险;并网消纳风险;政策状态风险;合规监管风险,福建能源监管办关于征求《关于完善福建省电力市场中长期交易规则的若干意见》（征求意见稿）意见的函 国家能源局福建监管办公室 国家能源局福建监管办公室 福建 监管规则 电力市场; | 中长期 福建能源监管办关于征求《关于完善福建省电力市场中长期交易规则的若干意见》（征... 2021-12-29； | OCR文本待人工复核 福建能源监管办关于征求《关于完善福建省电力市场中长期交易规则的若干意见》（征求意见稿）意见的函_国家能源局福建监管办公室 设为首页 工作邮箱 机构概览 动态要闻 信息公开 在线办事 互动回应 专题专栏 福建能源监管办关于征求《关于完善福建省电力市场中长期交易规则的若干意见》（征求意见稿）意见的函 2021-12-29 17:45 来源：,规则词典_v1,待人工复核,2026-05-05 01:24:21
AUTO-20260502-249D43FE0F,关于印发《京津唐电网燃煤发电机组灵活性改造能力验收监管暂行办法》的通知,2021-12-31,,华北区域,监管规则,现行有效,机器抽取,命令控制;信息披露;监管执法,信息约束;消纳约束,,电网企业;发电企业,发电;输配电;调度运行,,,,,双碳目标,,并网条件影响,,并网消纳风险;政策状态风险;合规监管风险,关于印发《京津唐电网燃煤发电机组灵活性改造能力验收监管暂行办法》的通知 国家能源局派出机构 国家能源局华北监管局 华北区域 监管规则 电网 电网 关于印发《京津唐电网燃煤发电机组灵活性改造能力验收监管暂行办法》的通知 2021-12-31 关于印发《京津唐电网燃煤发电机组灵活性改造能力验收监管暂行办法》的通知 关于印发《京津唐电网燃煤发电机组灵活性改造能力验 | 关于印发《京津唐电网燃煤发电机组灵活性改造能力验收监管暂行办法》的通知 改革委员会、天津市工业和信息化局、河北省发展和改革委员会，制定《京津唐电网燃煤发电机组灵活性改造能力验收监管暂行办法》。 | 二、各电网企业要结合电网运行实际，统筹安排发电企业灵活性改造验收计划，并做好验收结果的应用工作。,规则词典_v1,待人工复核,2026-05-05 01:24:21
AUTO-20260502-0CE4A6EDB8,关于征求《福建省电力调频辅助服务市场交易规则（试行）（2022年修订版）》（征求意见稿）意见的函,2022-01-21,,福建,监管规则,试行,机器抽取,命令控制;市场机制;规划引导;财政金融;技术标准;信息披露;监管执法,准入条件;并网约束;履约约束;信息约束;消纳约束,补偿收益;价格激励;试点示范,电网企业;发电企业;新能源企业;储能企业;售电公司;电力用户;交易机构,发电;输配电;售电;用电;调度运行;辅助服务;现货市场,上网电价;输配电价;市场形成价格;容量价格;辅助服务价格;偏差价格,辅助服务交易;容量交易,电费结算;偏差结算;辅助服务结算;分摊机制;周期结算,运行考核;偏差考核;信息披露考核,,新型电力系统;储能,收益机制明确;成本疏导;并网条件影响;市场风险暴露;项目准入影响,辅助服务收益,价格波动;偏差风险;并网消纳风险;政策状态风险;合规监管风险,关于征求《福建省电力调频辅助服务市场交易规则（试行）（2022年修订版）》（征求意见稿）意见的函 国家能源局福建监管办公室 国家能源局福建监管办公室 福建 监管规则 辅助服务 交易规则; | 调频 关于征求《福建省电力调频辅助服务市场交易规则（试行）（2022年修订版）》（征求... 2022-01-21； | OCR文本待人工复核 关于征求《福建省电力调频辅助服务市场交易规则（试行）（2022年修订版）》（征求意见稿）意见的函_国家能源局福建监管办公室 设为首页 工作邮箱 机构概览 动态要闻 信息公开 在线办事 互动回应 专题专栏 关于征求《福建省电力调频辅助服务市场交易规则（试行）（2022年修订版）》（征求意见稿）意见的函 2022-01-21 10:10 来,规则词典_v1,待人工复核,2026-05-05 01:24:21
AUTO-20260502-5990BDF80F,国家能源局福建监管办公室关于印发《福建省电力调频辅助服务市场交易规则（试行）（2022年修订版）》的通知（闽监能市场规〔2022〕45号 ）,2022-04-29,闽监能市场规〔2022〕45号,福建,监管规则,试行,机器抽取,命令控制;市场机制;财政金融;技术标准;信息披露;监管执法,准入条件;并网约束;履约约束;信息约束;消纳约束,补偿收益;价格激励;绿色激励;试点示范,电网企业;发电企业;新能源企业;储能企业;售电公司;电力用户;交易机构,发电;输配电;售电;用电;调度运行;辅助服务;现货市场,上网电价;输配电价;市场形成价格;容量价格;辅助服务价格;偏差价格,辅助服务交易;容量交易,电费结算;偏差结算;辅助服务结算;分摊机制;周期结算,偏差考核;信息披露考核,双碳目标;绿色低碳,新型电力系统;储能,收益机制明确;成本疏导;并网条件影响;市场风险暴露;项目准入影响,辅助服务收益,价格波动;偏差风险;并网消纳风险;政策状态风险;合规监管风险,国家能源局福建监管办公室关于印发《福建省电力调频辅助服务市场交易规则（试行）（2022年修订版）》的通知（闽监能市场规〔2022〕45号 ） 国家能源局福建监管办公室 国家能源局福建监管办公室 福建 监管规则 辅助服务 交易规则; | 调频 国家能源局福建监管办公室关于印发《福建省电力调频辅助服务市场交易规则（试行）... 2022-04-29； | OCR文本待人工复核 国家能源局福建监管办公室关于印发《福建省电力调频辅助服务市场交易规则（试行）（2022年修订版）》的通知（闽监能市场规〔2022〕45号 ）_国家能源局福建监管办公室 设为首页 工作邮箱 机构概览 动态要闻 信息公开 在线办事 互动回应 专题专栏 国家能源局福建监管办公室关于印发《福建省电力调频辅助服务市场交易规则（试行）（2022年修,规则词典_v1,待人工复核,2026-05-05 01:24:21
AUTO-20260502-3381A48EFB,关于征求《山东电网地方公用电厂并网运行管理实施细则》意见的通知,2022-05-05,,山东,监管规则,现行有效,机器抽取,命令控制;市场机制;信息披露;监管执法,并网约束;信息约束;消纳约束,,发电企业;交易机构,发电;输配电;用电;调度运行;现货市场,,,,,新能源消纳,,并网条件影响,,并网消纳风险;政策状态风险;合规监管风险,关于征求《山东电网地方公用电厂并网运行管理实施细则》意见的通知 国家能源局派出机构 国家能源局山东监管办公室 山东 监管规则 电网 实施细则; | 电网 关于征求《山东电网地方公用电厂并网运行管理实施细则》意见的通知 2022-05-05 关于征求《山东电网地方公用电厂并网运行管理实施细则》意见的通知 关于征求《山东电网地方公用电厂并网运行管理实施细则》意见的通知_国家能源局山东监管办公室 设为首页 工作邮箱 机构概览 动态要闻 信息公开 在线办事 互动回应 专题专栏 关于征求《山东电网地方公用电厂并网 | 请于5月15日前将相关意见加盖公章后扫描，以电子邮件方式反馈我办。,规则词典_v1,待人工复核,2026-05-05 01:24:21
AUTO-20260502-B58BD846B2,关于公布2022年6月新疆电网、 天中、吉泉直流配套电源“两个细则” 考核补偿结果的通知,2023-06-05,,新疆,监管规则,现行有效,机器抽取,命令控制;市场机制;财政金融;信息披露;监管执法,并网约束;信息约束,补偿收益,电网企业;发电企业;交易机构,发电;输配电;调度运行;辅助服务,,,,运行考核,,,收益机制明确;并网条件影响,辅助服务收益,并网消纳风险;合规监管风险,关于公布2022年6月新疆电网、 天中、吉泉直流配套电源“两个细则” 考核补偿结果的通知 国家能源局新疆监管办公室 国家能源局新疆监管办公室 新疆 监管规则 电网 电网 关于公布2022年6月新疆电网、 天中、吉泉直流配套电源“两个细则” 考核补偿结果的通知 2023-06-05 关于公布2022年6月新疆电网、 天中、吉泉直流配套电源“两个细则” 考核补偿 | 附件： 月吉泉直流配套电源“两个细则”考核补偿公布结果 1.2022 月新疆电网“两个细则”考核补偿公布结果 2.2022 月天中直流配套电源“两个细则”考核补偿公布结果 3.2022 月吉泉直流配套电源“两个细则”考核补偿公布结果 国家能源局新疆监管办公室 2023 附件1：2022年6月新疆电网“两个细则”考核补偿公布结果.xls 附件1：2022年6月,规则词典_v1,待人工复核,2026-05-05 01:24:21
AUTO-20260502-528AAED7BF,广西电网中调直调电厂辅助服务补偿及并网运行考核清单（2023年1月份）,2023-06-20,,南方区域,监管规则,现行有效,机器抽取,命令控制;财政金融;信息披露;监管执法,并网约束;信息约束;消纳约束,补偿收益;试点示范,新能源企业,发电;输配电;调度运行;辅助服务,,辅助服务交易,辅助服务结算;分摊机制,运行考核,,,收益机制明确;成本疏导;并网条件影响,辅助服务收益,并网消纳风险;合规监管风险,广西电网中调直调电厂辅助服务补偿及并网运行考核清单（2023年1月份） 国家能源局派出机构 国家能源局南方监管局 南方区域 监管规则 电网; | 电网 广西电网中调直调电厂辅助服务补偿及并网运行考核清单（2023年1月份） 2023-06-20 广西电网中调直调电厂辅助服务补偿及并网运行考核清单（2023年1月份） 设为首页 工作邮箱 机构概览 动态要闻 信息公开 在线办事 互动回应 专题专栏 2023-06-20 10:59 来源： 国家能源局南方监管局 字体： 广西电网中调直调电厂辅助服务补偿及并 | 按照南方能源监管局的要求，辅助服务补偿及并网运行考核费用、各辅助服务市场等的考核及补偿费用全部分别结算，净收入分别按照各电厂上网电量占全网比例进行折算（深调补偿净收入按照调峰积分电量进行折算）。,规则词典_v1,待人工复核,2026-05-05 01:24:21
AUTO-20260502-4BDB59627A,广西电网中调直调电厂辅助服务补偿及并网运行考核清单（2023年2月份）,2023-06-20,,南方区域,监管规则,现行有效,机器抽取,命令控制;财政金融;信息披露;监管执法,并网约束;信息约束;消纳约束,补偿收益;试点示范,新能源企业;储能企业,发电;输配电;调度运行;辅助服务,,辅助服务交易,辅助服务结算;分摊机制,运行考核,,储能,收益机制明确;成本疏导;并网条件影响,辅助服务收益,并网消纳风险;合规监管风险,广西电网中调直调电厂辅助服务补偿及并网运行考核清单（2023年2月份） 国家能源局派出机构 国家能源局南方监管局 南方区域 监管规则 电网; | 电网 广西电网中调直调电厂辅助服务补偿及并网运行考核清单（2023年2月份） 2023-06-20 广西电网中调直调电厂辅助服务补偿及并网运行考核清单（2023年2月份） 设为首页 工作邮箱 机构概览 动态要闻 信息公开 在线办事 互动回应 专题专栏 2023-06-20 10:59 来源： 国家能源局南方监管局 字体： 广西电网中调直调电厂辅助服务补偿及并 | 按照南方能源监管局的要求，辅助服务补偿及并网运行考核费用、各辅助服务市场等的考核及补偿费用全部分别结算，净收入分别按照各电厂上网电量占全网比例进行折算（深调补偿净收入按照调峰积分电量进行折算）。,规则词典_v1,待人工复核,2026-05-05 01:24:21
AUTO-20260502-5D0F7AD380,关于公布2022年7、8月新疆电网、 天中、吉泉直流配套电源“两个细则” 考核补偿结果的通知,2023-07-12,,新疆,监管规则,现行有效,机器抽取,命令控制;市场机制;财政金融;信息披露;监管执法,并网约束;信息约束,补偿收益,电网企业;发电企业;交易机构,发电;输配电;调度运行;辅助服务,,,,运行考核,,,收益机制明确;并网条件影响,辅助服务收益,并网消纳风险;合规监管风险,关于公布2022年7、8月新疆电网、 天中、吉泉直流配套电源“两个细则” 考核补偿结果的通知 国家能源局新疆监管办公室 国家能源局新疆监管办公室 新疆 监管规则 电网 电网 关于公布2022年7、8月新疆电网、 天中、吉泉直流配套电源“两个细则” 考核补偿结果的通知 2023-07-12； | OCR文本待人工复核 关于公布2022年7、8月新疆电网、 天中、吉泉直流配套电源“两个细则” 考核补偿结果的通知 设为首页 工作邮箱 机构概览 动态要闻 信息公开 在线办事 互动回应 2023-07-12 19:44 来源： 字体： 关于公布 2022 月新疆电网、 天中、吉泉直流配套电源“两个细则” 天中、吉泉直流配套电源“两个细则” 考核补偿结果的通知 | 附件： 月吉泉直流配套电源“两个细则”考核补偿公布结果 1.2022 月新疆电网“两个细则”考核补偿 公布结果 2.2022 月天中直流配套电源“两个细则”考核补偿公布结果 3.2022 月吉泉直流配套电源“两个细则”考核补偿公布结果 国家能源局新疆监管办公室 2023 （主动公开） 关于公布2022年7.8月新疆电网、天中、吉泉直流配套电源“两个细则”考核,规则词典_v1,待人工复核,2026-05-05 01:24:21
AUTO-20260502-1C4010163C,关于公布2022年9、10月新疆电网、天中、吉泉直流配套电源“两个细则”考核补偿结果的通知,2023-08-18,,新疆,监管规则,现行有效,机器抽取,命令控制;市场机制;财政金融;信息披露;监管执法,并网约束;信息约束,补偿收益;绿色激励,电网企业;新能源企业;交易机构,发电;输配电;调度运行;辅助服务;绿电绿证,,,分摊机制,运行考核,,,收益机制明确;成本疏导;并网条件影响,辅助服务收益,并网消纳风险;合规监管风险,关于公布2022年9、10月新疆电网、天中、吉泉直流配套电源“两个细则”考核补偿结果的通知 国家能源局新疆监管办公室 国家能源局新疆监管办公室 新疆 监管规则 电网 电网 关于公布2022年9、10月新疆电网、天中、吉泉直流配套电源“两个细则”考核补偿结果的通知 2023-08-18； | OCR文本待人工复核 关于公布2022年9、10月新疆电网、天中、吉泉直流配套电源“两个细则”考核补偿结果的通知 设为首页 工作邮箱 机构概览 动态要闻 信息公开 在线办事 互动回应 2023-08-18 19:01 来源： 字体： 关于公布2022年9、10月新疆电网、天中、吉泉直流配套电源“两个细则”考核补偿结果的通知.pdf 附件： 扫一扫在手机打开当 | 请你们按照规定开展结 --- 第 2 页 OCR --- 3.2022年9、10月吉泉直流配套电源“两个细则” 附件：1.2022年9、10月新疆电网“两个细则”考核补偿 公布结果 2.2022年9、10月天中直流配套电源“两个细则” 考核补偿公布结果 3.2022年9、10月吉泉直流配套电源“两个细则” 国家能源局新疆监管办公室 （主动公开） 978.63,规则词典_v1,待人工复核,2026-05-05 01:24:21
AUTO-20260502-D6CB362613,国家能源局浙江监管办公室关于发布浙江电网2023年10-12月份“两个细则”运行结果的通知 2024-03-11,2023-10-12,,浙江,监管规则,现行有效,机器抽取,命令控制;市场机制;规划引导;财政金融;监管执法,并网约束;信息约束,补偿收益;试点示范,发电企业;新能源企业;储能企业;交易机构,发电;输配电;调度运行;辅助服务,,跨省跨区交易,电费结算,运行考核,,储能,收益机制明确;成本疏导;并网条件影响;项目准入影响,辅助服务收益,并网消纳风险;合规监管风险,"国家能源局浙江监管办公室关于发布浙江电网2023年10-12月份“两个细则”运行结果的通知 2024-03-11 国家能源局浙江监管办公室 国家能源局浙江监管办公室 浙江 监管规则 电网 电网 国家能源局浙江监管办公室关于发布浙江电网2023年10-12月份“两个细则”运行结果的通知 2024-03-11； | OCR文本待人工复核 2023年10-12月份“两个细则 --- 第 1 页 OCR --- 国家能源局浙江监管办公室文件 浙监能市场〔2024］3号 国家能源局浙江监管办公室关于发布浙江电网 2023年10-12月份“两个细则 运行结果的通知 国网浙江省电力有限公司,浙江电力交易中心，各有关发电企业: 并网发电厂辅助服务管理实施细则》（简称“两个细则”）以 | 我办通过网站对 个细则”运行结果进行了统计和计算,有关发电企业对运行结果 --- 第 2 页 OCR --- 数据进行了核对。",规则词典_v1,待人工复核,2026-05-05 01:24:21
AUTO-20260502-B082375700,关于公布2023年1、2月新疆电网、 天中、吉泉直流配套电源“两个细则” 考核补偿结果的通知,2023-11-13,,新疆,监管规则,现行有效,机器抽取,命令控制;市场机制;财政金融;信息披露;监管执法,并网约束;信息约束,补偿收益,电网企业;发电企业;交易机构,发电;输配电;调度运行;辅助服务,,,,运行考核,,,收益机制明确;并网条件影响,辅助服务收益,并网消纳风险;合规监管风险,关于公布2023年1、2月新疆电网、 天中、吉泉直流配套电源“两个细则” 考核补偿结果的通知 国家能源局新疆监管办公室 国家能源局新疆监管办公室 新疆 监管规则 电网 电网 关于公布2023年1、2月新疆电网、 天中、吉泉直流配套电源“两个细则” 考核补偿结果的通知 2023-11-13 关于公布2023年1、2月新疆电网、 天中、吉泉直流配套电源“两个细则 | 附件： 3.2023年1、2月吉泉直流配套电源“两个细则”考核补偿公布结果 1.2023年1、2月新疆电网“两个细则”考核补偿公布结果 2.2023年1、2月天中直流配套电源“两个细则”考核补偿公布结果 3.2023年1、2月吉泉直流配套电源“两个细则”考核补偿公布结果 国家能源局新疆监管办公室 2023年11月8日 （主动公开） 附件1：2023年2月新疆,规则词典_v1,待人工复核,2026-05-05 01:24:21
AUTO-20260502-2DEB917D91,关于印发《四川新建电源接入电网监管实施细则》的通知,2023-11-27,,四川,监管规则,现行有效,机器抽取,命令控制;市场机制;规划引导;技术标准;信息披露;监管执法,准入条件;并网约束;履约约束;信息约束;消纳约束,绿色激励;试点示范,电网企业;发电企业;新能源企业;储能企业;电力用户;交易机构;微电网主体,发电;输配电;售电;调度运行;辅助服务;现货市场,输配电价,辅助服务交易,分摊机制,信息披露考核;监管处罚,新能源消纳,储能;电网规划;分布式光伏,并网条件影响;项目准入影响,自发自用余电上网;辅助服务收益;园区微电网,偏差风险;并网消纳风险;政策状态风险;合规监管风险,关于印发《四川新建电源接入电网监管实施细则》的通知 国家能源局四川监管办公室 国家能源局四川监管办公室 四川 监管规则 电网 实施细则; | 电网 关于印发《四川新建电源接入电网监管实施细则》的通知 2023-11-27； | OCR文本待人工复核 关于印发《四川新建电源接入电网监管实施细则》的通知 关于印发《四川新建电源接入电网监管实施细则》的通知_国家能源局四川监管办公室 设为首页 工作邮箱 机构概览 动态要闻 信息公开 在线办事 互动回应 专题专栏 关于印发《四川新建电源接入电网监管实施细则》的通知 2023-11-27 14:43 来源：四川能源监管办 字体： 关于印发《四,规则词典_v1,待人工复核,2026-05-05 01:24:21
AUTO-20260502-D745981CF2,国家能源局浙江监管办公室关于发布浙江电网2024年1-3月份“两个细则”运行结果的通知 2024-06-05,2024-01-03,,浙江,监管规则,现行有效,机器抽取,命令控制;市场机制;规划引导;财政金融;监管执法,并网约束,补偿收益;绿色激励;试点示范,发电企业;新能源企业;储能企业;交易机构,发电;输配电;调度运行;辅助服务;绿电绿证,,跨省跨区交易,电费结算,运行考核,,储能,收益机制明确;成本疏导;并网条件影响;项目准入影响,辅助服务收益,并网消纳风险;合规监管风险,国家能源局浙江监管办公室关于发布浙江电网2024年1-3月份“两个细则”运行结果的通知 2024-06-05 国家能源局浙江监管办公室 国家能源局浙江监管办公室 浙江 监管规则 电网 电网 国家能源局浙江监管办公室关于发布浙江电网2024年1-3月份“两个细则”运行结果的通知 2024-06-05； | OCR文本待人工复核 2024年1-3月份“两个细则运行结果的通知 --- 第 1 页 OCR --- 国家能源局浙江监管办公室文件 浙监能市场〔2024］6号 国家能源局浙江监管办公室关于发布浙江电网 2024年1-3月份“两个细则运行结果的通知 国网浙江省电力有限公司，浙江电力交易中心，各有关发电企业： 并网发电厂辅助服务管理实施细则》（简称“两个细则” | 我办通过网站对 细则”运行结果进行了统计和计算，有关发电企业对运行结果数 据进行了核对。,规则词典_v1,待人工复核,2026-05-05 01:24:21
AUTO-20260502-84CFE51CF3,关于公布2023年3、4月新疆电网、 天中、吉泉直流配套电源“两个细则” 考核补偿结果的通知,2024-01-17,,新疆,监管规则,现行有效,机器抽取,命令控制;市场机制;财政金融;信息披露;监管执法,并网约束;信息约束,补偿收益,电网企业;发电企业;交易机构,发电;输配电;调度运行;辅助服务,,,,运行考核,,,收益机制明确;并网条件影响,辅助服务收益,并网消纳风险;合规监管风险,关于公布2023年3、4月新疆电网、 天中、吉泉直流配套电源“两个细则” 考核补偿结果的通知 国家能源局新疆监管办公室 国家能源局新疆监管办公室 新疆 监管规则 电网 电网 关于公布2023年3、4月新疆电网、 天中、吉泉直流配套电源“两个细则” 考核补偿结果的通知 2024-01-17 关于公布2023年3、4月新疆电网、 天中、吉泉直流配套电源“两个细则 | 附件： 3.2023年3、4 1.2023年3、4 月新疆电网 “两个细则”考核补偿公布结果 2.2023年3、4 月天中直流配套电源 3.2023年3、4 月吉泉直流配套电源 国家能源局新疆监管办公室 2023年12月13日 （主动公开） 附件1：2023年4月新疆电网“两个细则”考核补偿公布结果.xls 附件1：2023年3月新疆电网“两个细则”考核补偿,规则词典_v1,待人工复核,2026-05-05 01:24:21
AUTO-20260502-7F6A0EC8C5,关于印发《四川省两项改革涉改乡镇农村电网巩固提升项目省级预算内基本建设投资补助管理办法》的通知（川发改能源规〔2024〕61号）,2024-02-18,川发改能源规〔2024〕61号,四川,官方政策,现行有效,机器抽取,命令控制;财政金融;技术标准;信息披露;监管执法,准入条件;履约约束;信息约束;消纳约束,绿色激励;试点示范,电网企业;新能源企业,输配电;用电;现货市场,,,,,,电网规划,并网条件影响;项目准入影响,,并网消纳风险;合规监管风险,关于印发《四川省两项改革涉改乡镇农村电网巩固提升项目省级预算内基本建设投资补助管理办法》的通知（川发改能源规〔2024〕61号） 四川省发展和改革委员会 四川省发展和改革委员会 四川 官方政策 电网 电网 关于印发《四川省两项改革涉改乡镇农村电网巩固提升项目省级预算内基本建设投资补助管理办法》的通知（川发... 四川省发展和改革委员会 便民日历 智能问答 无 | 2024 定了《四川省两项改革涉改乡镇农村电网巩固提升项目省级预算内基本建设投资补助管理办法》，现予印发，请遵照执行。 | 2024 四川省两项改革涉改乡镇农村电网巩固提升 项目省级预算内基本建设投资补助 第一条 管理办法 第一章 第一条 为贯彻落实省委关于做好两项改革“后半篇”文章部署，加强涉改乡镇电力保障，规范省级预算内基本建设投资（以下简称“省预算内投资”）管理，根据《四川省省级预算内基本建设投资管理办法》（川发改投资规〔 号）、《推动农村电网改造升级工作方案》以及农村电网,规则词典_v1,待人工复核,2026-05-05 01:24:21
AUTO-20260502-04A8BBEF37,关于印发《四川省电力辅助服务管理实施细则》和《四川省电力并网管理实施细则》的通知 2024-03-01,2024-03-01,,四川,监管规则,现行有效,机器抽取,命令控制;市场机制;财政金融;技术标准;信息披露;监管执法,准入条件;并网约束;履约约束;信息约束;消纳约束,补偿收益;价格激励;试点示范,电网企业;发电企业;新能源企业;储能企业;电力用户;交易机构;虚拟电厂;微电网主体,发电;输配电;用电;调度运行;辅助服务;现货市场,分时电价;辅助服务价格;偏差价格,辅助服务交易;需求响应;跨省跨区交易,电费结算;辅助服务结算;分摊机制,运行考核;信息披露考核,双碳目标;能源安全,新型电力系统;源网荷储;储能;虚拟电厂,收益机制明确;成本疏导;并网条件影响;市场风险暴露;项目准入影响,聚合交易;辅助服务收益;园区微电网,偏差风险;并网消纳风险;政策状态风险;合规监管风险,关于印发《四川省电力辅助服务管理实施细则》和《四川省电力并网管理实施细则》的通知 2024-03-01 国家能源局四川监管办公室 国家能源局四川监管办公室 四川 监管规则 辅助服务 实施细则; | 辅助服务 关于印发《四川省电力辅助服务管理实施细则》和《四川省电力并网管理实施细则》的通知 2024-03-01； | OCR文本待人工复核 《四川省电力并网运行管理实施细则》的通知 --- 第 1 页 OCR --- 国家能源局四川监管办公室文件 川监能市场〔2024］27号 关于印发《四川省电力辅助服务管理实施细则》和 《四川省电力并网运行管理实施细则》的通知 国网西南分部、国网四川省电力公司，四川电力交易中心有限公 司，各有关电力企业，各相关市场主体: 为推动构建新型电,规则词典_v1,待人工复核,2026-05-05 01:24:21
AUTO-20260502-82D7DD7E71,关于公布2023年5月、6月新疆电网、 天中、吉泉直流配套电源“两个细则” 考核补偿结果的通知,2024-03-15,西北监能市场〔2018〕66号,新疆,监管规则,现行有效,机器抽取,命令控制;市场机制;财政金融;信息披露;监管执法,并网约束;信息约束,补偿收益,电网企业;发电企业;交易机构,发电;输配电;调度运行;辅助服务,,,,运行考核,,,收益机制明确;并网条件影响,辅助服务收益,并网消纳风险;合规监管风险,关于公布2023年5月、6月新疆电网、 天中、吉泉直流配套电源“两个细则” 考核补偿结果的通知 国家能源局新疆监管办公室 国家能源局新疆监管办公室 新疆 监管规则 电网 电网 关于公布2023年5月、6月新疆电网、 天中、吉泉直流配套电源“两个细则” 考核补偿结果的通知 2024-03-15； | OCR文本待人工复核 关于公布2023年5月、6月新疆电网、 天中、吉泉直流配套电源“两个细则” 考核补偿结果的通知 设为首页 工作邮箱 机构概览 动态要闻 信息公开 在线办事 互动回应 2024-03-15 16:31 来源：新疆监管办市场处 字体： 北京电力交易中心有限公司、国家电网公司西北分部、国网新疆电力有限公司、新疆电力交易中心有限公司、新疆区域内 | 附件： 2.202 1.202 月新疆电网 “两个细则”考核补偿公布结果 2.202 .202 月天中直流配套电源 月吉泉直流配套电源 国家能源局新疆监管办公室 （主动公开） 关于公布2023年5月、6月新疆电网、天中、吉泉直流配套电源“两个细则”考核补偿结果的通知.pdf 附件2：2023年6月新疆电网“两个细则”考核补偿公布结果.xls 附件1：2023,规则词典_v1,待人工复核,2026-05-05 01:24:21
AUTO-20260502-AC38FC825D,关于公布2023年7月、8月新疆电网、 天中、吉泉直流配套电源“两个细则” 考核补偿结果的通知,2024-03-15,西北监能市场〔2018〕66号,新疆,监管规则,现行有效,机器抽取,命令控制;市场机制;财政金融;信息披露;监管执法,并网约束;信息约束,补偿收益,电网企业;发电企业;交易机构,发电;输配电;调度运行;辅助服务,,,分摊机制,运行考核,,,收益机制明确;成本疏导;并网条件影响,辅助服务收益,并网消纳风险;合规监管风险,关于公布2023年7月、8月新疆电网、 天中、吉泉直流配套电源“两个细则” 考核补偿结果的通知 国家能源局新疆监管办公室 国家能源局新疆监管办公室 新疆 监管规则 电网 电网 关于公布2023年7月、8月新疆电网、 天中、吉泉直流配套电源“两个细则” 考核补偿结果的通知 2024-03-15； | OCR文本待人工复核 关于公布2023年7月、8月新疆电网、 天中、吉泉直流配套电源“两个细则” 考核补偿结果的通知 设为首页 工作邮箱 机构概览 动态要闻 信息公开 在线办事 互动回应 2024-03-15 16:36 来源：新疆监管办市场处 字体： 北京电力交易中心有限公司、国家电网公司西北分部、国网新疆电力有限公司、新疆电力交易中心有限公司、新疆区域内 | 附件： 3.202 1.202 月新疆电网 “两个细则”考核补偿公布结果 2.202 3.202 月天中直流配套电源 .202 月吉泉直流配套电源 国家能源局新疆监管办公室 （主动公开） 关于公布2023年7月、8月新疆电网、天中、吉泉直流配套电源“两个细则”考核补偿结果的通知.pdf 附件2：2023年8月新疆电网“两个细则”分摊兑现汇总表.xls 附件1,规则词典_v1,待人工复核,2026-05-05 01:24:21
AUTO-20260502-12D273D838,关于公布2023年11月、12月新疆电网、天中、吉泉直流配套电源“两个细则”考核补偿结果的通知,2024-04-09,西北监能市场〔2018〕66号,新疆,监管规则,现行有效,机器抽取,命令控制;市场机制;财政金融;信息披露;监管执法,并网约束;信息约束,补偿收益,电网企业;发电企业;交易机构,发电;输配电;调度运行;辅助服务,,,,运行考核,,,收益机制明确;并网条件影响,辅助服务收益,并网消纳风险;合规监管风险,关于公布2023年11月、12月新疆电网、天中、吉泉直流配套电源“两个细则”考核补偿结果的通知 国家能源局新疆监管办公室 国家能源局新疆监管办公室 新疆 监管规则 电网 电网 关于公布2023年11月、12月新疆电网、天中、吉泉直流配套电源“两个细则”考核补偿结果的通知 2024-04-09； | OCR文本待人工复核 关于公布2023年11月、12月新疆电网、天中、吉泉直流配套电源“两个细则”考核补偿结果的通知 设为首页 工作邮箱 机构概览 动态要闻 信息公开 在线办事 互动回应 2024-04-09 10:22 来源：新疆监管办 字体： 北京电力交易中心有限公司、国家电网公司西北分部、国网新疆电力有限公司、新疆电力交易中心有限公司、新疆区域内各发电 | 附件： 3.202 1.202 月新疆电网 “两个细则”考核补偿公布结果 2.202 3.202 月天中直流配套电源 .202 月吉泉直流配套电源 国家能源局新疆监管办公室 （主动公开） 关于公布2023年11月、12月新疆电网、天中、吉泉直流配套电源“两个细则”考核补偿结果的通知.pdf 附件2：2023年12月新疆电网“两个细则”考核补偿公布结果.xls,规则词典_v1,待人工复核,2026-05-05 01:24:21
AUTO-20260502-95AA629F47,关于公布2023年9月、10月新疆电网、 天中、吉泉直流配套电源“两个细则” 考核补偿结果的通知,2024-04-09,西北监能市场〔2018〕66号,新疆,监管规则,现行有效,机器抽取,命令控制;市场机制;财政金融;信息披露;监管执法,并网约束;信息约束,补偿收益,电网企业;发电企业;交易机构,发电;输配电;调度运行;辅助服务,,,,运行考核,,,收益机制明确;并网条件影响,辅助服务收益,并网消纳风险;合规监管风险,关于公布2023年9月、10月新疆电网、 天中、吉泉直流配套电源“两个细则” 考核补偿结果的通知 国家能源局新疆监管办公室 国家能源局新疆监管办公室 新疆 监管规则 电网 电网 关于公布2023年9月、10月新疆电网、 天中、吉泉直流配套电源“两个细则” 考核补偿结果的通知 2024-04-09； | OCR文本待人工复核 关于公布2023年9月、10月新疆电网、 天中、吉泉直流配套电源“两个细则” 考核补偿结果的通知 设为首页 工作邮箱 机构概览 动态要闻 信息公开 在线办事 互动回应 2024-04-09 10:18 来源：新疆监管办 字体： 北京电力交易中心有限公司、国家电网公司西北分部、国网新疆电力有限公司、新疆电力交易中心有限公司、新疆区域内各发 | 附件： 3.202 1.202 月新疆电网 “两个细则”考核补偿公布结果 2.202 3.202 月天中直流配套电源 .202 月吉泉直流配套电源 国家能源局新疆监管办公室 （主动公开） 关于公布2023年9月、10月新疆电网、天中、吉泉直流配套电源“两个细则”考核补偿结果的通知.pdf 附件2：2023年10月新疆电网“两个细则”考核补偿公布结果.xls ,规则词典_v1,待人工复核,2026-05-05 01:24:21
AUTO-20260502-D2E612383A,上海市经济信息化委关于发布 《上海电力供应环境可持续性关键绩效指标报告 （2023年度）》的通知,2024-04-30,,上海,官方政策,现行有效,机器抽取,命令控制;市场机制;规划引导;财政金融;技术标准;信息披露;监管执法,准入条件;并网约束;信息约束;消纳约束,价格激励;绿色激励;试点示范,电网企业;发电企业;新能源企业;储能企业;电力用户;虚拟电厂;数据中心,发电;输配电;售电;用电;调度运行;绿电绿证,输配电价;分时电价,绿电交易;需求响应,,监管处罚,双碳目标;绿色低碳,新型电力系统;储能;电力算力协同;虚拟电厂,并网条件影响;项目准入影响,聚合交易;绿电消费,并网消纳风险;合规监管风险,碳中和 上海市经济信息化委关于发布 《上海电力供应环境可持续性关键绩效指标报告 （2023年度）》的通知 为深入贯彻落实国家和我市关于碳达峰、碳中和的重大战略决策，扎实推进我市能源绿色低碳转型，加快构建新型电力系统，推动可持续高质量发展，我委会同相关部门和单位编写了《上海电力供应环境可持续性关键绩效指标报告（2023年度）》，现予以发布。 | 2024-04-30 上海市经济信息化委关于发布 《上海电力供应环境可持续性关键绩效指标报告 （2023年度）》的通知 信息公开受理/公众监督 信息公开受理 受理部门 上海市经济和信息化委员会 受理地点 上海市世博村路300号5号楼 受理时间 周一至周五 上午9:00-11:00 下午2:00-5:00 咨询电话 23112670 Fax:60801950  | 附件：上海电力供应环境可持续性关键绩效指标报告（2023 年度） 2024年 上海电力供应环境可持续性关键绩效指标报告 （2023年度） 2023年，上海电力供需平稳有序，电源侧进一步清洁化、低碳化，电网侧进一步坚强化、智能化，用户侧进一步灵活化、友好化，虚拟电厂持续深化应用，新型电力系统建设加速推进，上海电力供应环境可持续性关键绩效指标数据如下。,规则词典_v1,待人工复核,2026-05-05 01:24:21
AUTO-20260502-78C667A747,国家能源局西北监管局关于报送2023年度电网企业和发电企业价格与成本信息的通知,2024-05-16,,西北区域,监管规则,现行有效,机器抽取,命令控制;信息披露;监管执法,准入条件;信息约束,,电网企业;发电企业,发电;输配电;售电;现货市场,,,电费结算,信息披露考核,,,成本疏导,,合规监管风险,国家能源局西北监管局关于报送2023年度电网企业和发电企业价格与成本信息的通知 国家能源局派出机构 国家能源局西北监管局 西北区域 监管规则 电网 电网 国家能源局西北监管局关于报送2023年度电网企业和发电企业价格与成本信息的通知 2024-05-16； | OCR文本待人工复核 国家能源局西北监管局关于报送2023年度电网企业和发电企业价格与成本信息的通知 设为首页 工作邮箱 机构概览 动态要闻 信息公开 在线办事 互动回应 专题专栏 2024-05-16 10:01 来源：市场处 字体： 国家能源局西北监管局关于报送2023年度电网企业价格与成本信息的通知.pdf 国家能源局西北监管局关于报送2023年度发电 | 具体表格及报告模板请在西北能源监管局 网站“通知公告”栏目进行下载。,规则词典_v1,待人工复核,2026-05-05 01:24:21
AUTO-20260502-99BECE515C,关于印发《四川省电力市场秩序突出问题专项监管实施方案》的通知 2024-06-17,2024-06-17,国务院令第432号,四川,监管规则,现行有效,机器抽取,命令控制;市场机制;规划引导;财政金融;技术标准;信息披露;监管执法,准入条件;履约约束;信息约束,补偿收益;绿色激励,电网企业;新能源企业;交易机构,输配电;售电;调度运行;辅助服务;现货市场;中长期市场;绿电绿证,市场形成价格;偏差价格,中长期交易;跨省跨区交易,电费结算;偏差结算;分摊机制,运行考核;偏差考核;信息披露考核;监管处罚,,,收益机制明确;成本疏导;市场风险暴露;项目准入影响,辅助服务收益,价格波动;偏差风险;政策状态风险;合规监管风险,关于印发《四川省电力市场秩序突出问题专项监管实施方案》的通知 2024-06-17 国家能源局四川监管办公室 国家能源局四川监管办公室 四川 监管规则 电力市场 电力市场 关于印发《四川省电力市场秩序突出问题专项监管实施方案》的通知 2024-06-17； | OCR文本待人工复核 专项监管实施方案》的通知 --- 第 1 页 OCR --- 国家能源局四川监管办公室 川监能市场函［2024]44号 关于印发《四川省电力市场秩序突出问题 专项监管实施方案》的通知 国网四川省电力公司、四川电力交易中心，各有关电力企业： 根据《国家能源局综合司关于开展2024年电力市场秩序突 出问题专项监管的通知》《国家能源局综合司关 | 全国统一电力市场体系重点任务分工方案>的通知》工作要求， 结合四川实际，我办制定了《四川省电力市场秩序突出问题专项 监管实施方案》，现印发给你们，请遵照执行。,规则词典_v1,待人工复核,2026-05-05 01:24:21
AUTO-20260502-6712165152,国家能源局浙江监管办公室关于发布浙江电网2024年7-9月份“两个细则”运行结果的通知 2024-12-18,2024-07-09,,浙江,监管规则,现行有效,机器抽取,命令控制;市场机制;规划引导;财政金融;监管执法,并网约束,补偿收益;试点示范,发电企业;新能源企业;交易机构,发电;输配电;调度运行;辅助服务,,跨省跨区交易,电费结算,运行考核,,,收益机制明确;成本疏导;并网条件影响;项目准入影响,辅助服务收益,并网消纳风险;合规监管风险,国家能源局浙江监管办公室关于发布浙江电网2024年7-9月份“两个细则”运行结果的通知 2024-12-18 国家能源局浙江监管办公室 国家能源局浙江监管办公室 浙江 监管规则 电网 电网 国家能源局浙江监管办公室关于发布浙江电网2024年7-9月份“两个细则”运行结果的通知 2024-12-18； | OCR文本待人工复核 2024年7-9月份两个细则运行结果的通知 --- 第 1 页 OCR --- 国家能源局浙江监管办公室文件 浙监能市场【2024］11号 国家能源局浙江监管办公室关于发布浙江电网 2024年7-9月份两个细则运行结果的通知 国网浙江省电力有限公司，浙江电力交易中心，各有关发电企业： 按照《华东区域发电厂并网运行管理实施细则》《华东区域 | 我办通过网站对 细则”运行结果进行了统计和计算，有关发电企业对运行结果数 据进行了核对。,规则词典_v1,待人工复核,2026-05-05 01:24:21
AUTO-20260502-6AF7FE5926,国家能源局浙江监管办公室关于发布浙江电网2024年10-12月份“两个细则”运行结果的通知,2024-10-12,,浙江,监管规则,现行有效,机器抽取,命令控制;市场机制;规划引导;财政金融;信息披露;监管执法,并网约束;信息约束,补偿收益;绿色激励;试点示范,发电企业;新能源企业;储能企业;交易机构,发电;输配电;调度运行;辅助服务;现货市场;绿电绿证,,跨省跨区交易,电费结算;分摊机制,运行考核,,储能,收益机制明确;成本疏导;并网条件影响;市场风险暴露;项目准入影响,辅助服务收益,并网消纳风险;合规监管风险,国家能源局浙江监管办公室关于发布浙江电网2024年10-12月份“两个细则”运行结果的通知 国家能源局浙江监管办公室 国家能源局浙江监管办公室 浙江 监管规则 电网 电网 国家能源局浙江监管办公室关于发布浙江电网2024年10-12月份“两个细则”运行结果的通知 2025-04-15 国家能源局浙江监管办公室关于发布浙江电网2024年10-12月份“两个细则 | 国网浙江省电力公司按规定向我办报送了2024年10-12月份“两个细则”运行结果的明细清单。 | 我办通过网站对2024年10-12月份“两个细则”运行结果进行了公示。,规则词典_v1,待人工复核,2026-05-05 01:24:21
AUTO-20260502-755A9B598E,国家能源局浙江监管办公室关于发布浙江电网2025年1-3月份“两个细则”运行结果的通知,2025-01-03,,浙江,监管规则,现行有效,机器抽取,命令控制;市场机制;规划引导;财政金融;信息披露;监管执法,并网约束;信息约束,补偿收益;试点示范,发电企业;储能企业;交易机构,发电;输配电;调度运行;辅助服务,,跨省跨区交易,电费结算,运行考核,,储能,收益机制明确;成本疏导;并网条件影响;项目准入影响,辅助服务收益,并网消纳风险;合规监管风险,国家能源局浙江监管办公室关于发布浙江电网2025年1-3月份“两个细则”运行结果的通知 国家能源局浙江监管办公室 国家能源局浙江监管办公室 浙江 监管规则 电网 电网 国家能源局浙江监管办公室关于发布浙江电网2025年1-3月份“两个细则”运行结果的通知 2025-07-02； | OCR文本待人工复核 国家能源局浙江监管办公室关于发布浙江电网2025年1-3月份“两个细则”运行结果的通知_国家能源局浙江监管办公室 设为首页 工作邮箱 机构概览 动态要闻 信息公开 在线办事 互动回应 专题专栏 国家能源局浙江监管办公室关于发布浙江电网2025年1-3月份“两个细则”运行结果的通知 2025-09-04 14:42 来源：浙江监管办管理员 | 国网浙江省电力公司按规定向我办报送了2025年1-3月份“两个细则”运行结果的明细清单。,规则词典_v1,待人工复核,2026-05-05 01:24:21
AUTO-20260502-EA3CB8F3CF,国家能源局浙江监管办公室关于发布浙江电网2025年1-3月份“两个细则”运行结果的通知,2025-01-03,,浙江,监管规则,现行有效,机器抽取,命令控制;市场机制;规划引导;财政金融;信息披露;监管执法,并网约束;信息约束,补偿收益;试点示范,发电企业;储能企业;交易机构,发电;输配电;调度运行;辅助服务,,跨省跨区交易,电费结算,运行考核,,储能,收益机制明确;成本疏导;并网条件影响;项目准入影响,辅助服务收益,并网消纳风险;合规监管风险,国家能源局浙江监管办公室关于发布浙江电网2025年1-3月份“两个细则”运行结果的通知 国家能源局浙江监管办公室 国家能源局浙江监管办公室 浙江 监管规则 电网 电网 国家能源局浙江监管办公室关于发布浙江电网2025年1-3月份“两个细则”运行结果的通知 2025-07-02； | OCR文本待人工复核 国家能源局浙江监管办公室关于发布浙江电网2025年1-3月份“两个细则”运行结果的通知_国家能源局浙江监管办公室 设为首页 工作邮箱 机构概览 动态要闻 信息公开 在线办事 互动回应 专题专栏 国家能源局浙江监管办公室关于发布浙江电网2025年1-3月份“两个细则”运行结果的通知 2025-09-04 14:42 来源：浙江监管办管理员 | 国网浙江省电力公司按规定向我办报送了2025年1-3月份“两个细则”运行结果的明细清单。,规则词典_v1,待人工复核,2026-05-05 01:24:21
AUTO-20260502-60B47C167C,国家能源局浙江监管办公室关于发布浙江电网2025年1-3月份“两个细则”运行结果的通知,2025-01-03,,浙江,监管规则,现行有效,机器抽取,命令控制;市场机制;规划引导;财政金融;信息披露;监管执法,并网约束;信息约束,补偿收益;试点示范,发电企业;储能企业;交易机构,发电;输配电;调度运行;辅助服务,,跨省跨区交易,电费结算,运行考核,,储能,收益机制明确;成本疏导;并网条件影响;项目准入影响,辅助服务收益,并网消纳风险;合规监管风险,国家能源局浙江监管办公室关于发布浙江电网2025年1-3月份“两个细则”运行结果的通知 国家能源局浙江监管办公室 国家能源局浙江监管办公室 浙江 监管规则 电网 电网 国家能源局浙江监管办公室关于发布浙江电网2025年1-3月份“两个细则”运行结果的通知 2025-09-04； | OCR文本待人工复核 国家能源局浙江监管办公室关于发布浙江电网2025年1-3月份“两个细则”运行结果的通知_国家能源局浙江监管办公室 设为首页 工作邮箱 机构概览 动态要闻 信息公开 在线办事 互动回应 专题专栏 国家能源局浙江监管办公室关于发布浙江电网2025年1-3月份“两个细则”运行结果的通知 2025-09-04 14:42 来源：浙江监管办管理员 | 国网浙江省电力公司按规定向我办报送了2025年1-3月份“两个细则”运行结果的明细清单。,规则词典_v1,待人工复核,2026-05-05 01:24:21
AUTO-20260502-E6C404A9A8,浙江能源监管办关于认真贯彻落实《电网安全风险管控办法》的通知 2025-01-07,2025-01-07,,浙江,监管规则,现行有效,机器抽取,命令控制;规划引导;技术标准;信息披露;监管执法,并网约束;信息约束,试点示范,电网企业;发电企业;电力用户,发电;输配电;用电;调度运行;现货市场,,跨省跨区交易,,,,新型电力系统;电网规划,成本疏导;并网条件影响,,并网消纳风险;政策状态风险;合规监管风险,浙江能源监管办关于认真贯彻落实《电网安全风险管控办法》的通知 2025-01-07 国家能源局浙江监管办公室 国家能源局浙江监管办公室 浙江 监管规则 电网 电网 浙江能源监管办关于认真贯彻落实《电网安全风险管控办法》的通知 2025-01-07； | OCR文本待人工复核 风险管控办法》的通知 --- 第 1 页 OCR --- 国家能源局浙江监管办公室文件 浙监能安全［2024】21号 浙江能源监管办关于认真贯彻落实《电网安全 风险管控办法》的通知 国网浙江省电力有限公司、各地市供电公司，浙江省能源集团有 限公司，华能（浙江）能源开发有限公司，国家能源集团浙江电 力有限公司，大唐、华电集团浙江分公司，国 | 法》及时修订完善电网安全风险管控规章制度，细化风险识别、 二、及时修订完善相关管理制度 省电力公司及电力调度机构应结合工作实际，逐条对照《办 法》及时修订完善电网安全风险管控规章制度，细化风险识别、 风险定级、风险监视、风险控制、风险治理等环节的工作程序， 明确风险管控措施落实情况监督管理的具体要求。,规则词典_v1,待人工复核,2026-05-05 01:24:21
AUTO-20260502-3623F08B0E,国家能源局浙江监管办公室关于发布浙江电网2025年4-6月份“两个细则”运行结果的通知,2025-04-06,,浙江,监管规则,现行有效,机器抽取,命令控制;市场机制;规划引导;财政金融;信息披露;监管执法,并网约束;信息约束,补偿收益;试点示范,发电企业;新能源企业;储能企业;交易机构,发电;输配电;调度运行;辅助服务,,跨省跨区交易,电费结算,运行考核,,储能,收益机制明确;成本疏导;并网条件影响;项目准入影响,辅助服务收益,并网消纳风险;合规监管风险,国家能源局浙江监管办公室关于发布浙江电网2025年4-6月份“两个细则”运行结果的通知 国家能源局浙江监管办公室 国家能源局浙江监管办公室 浙江 监管规则 电网 电网 国家能源局浙江监管办公室关于发布浙江电网2025年4-6月份“两个细则”运行结果的通知 2025-09-04； | OCR文本待人工复核 国家能源局浙江监管办公室关于发布浙江电网2025年4-6月份“两个细则”运行结果的通知_国家能源局浙江监管办公室 设为首页 工作邮箱 机构概览 动态要闻 信息公开 在线办事 互动回应 专题专栏 国家能源局浙江监管办公室关于发布浙江电网2025年4-6月份“两个细则”运行结果的通知 2025-09-04 15:02 来源：浙江监管办管理员 | 国网浙江省电力公司按规定向我办报送了2025年4-6月份“两个细则”运行结果的明细清单。,规则词典_v1,待人工复核,2026-05-05 01:24:21
AUTO-20260502-E67230368E,四川省能源局关于征集智能电网国家科技重大专项2026年度重大研发攻关需求建议的通知,2025-05-22,,四川,官方政策,现行有效,机器抽取,命令控制;规划引导;财政金融;技术标准;信息披露,并网约束;信息约束,绿色激励;试点示范,新能源企业,输配电;用电;调度运行;现货市场,,,,,,新型电力系统,并网条件影响;项目准入影响,,并网消纳风险;合规监管风险,四川省能源局关于征集智能电网国家科技重大专项2026年度重大研发攻关需求建议的通知 四川省发展和改革委员会 四川省发展和改革委员会 四川 官方政策 电网 电网; | 智能电网 四川省能源局关于征集智能电网国家科技重大专项2026年度重大研发攻关需求建议的通知； | OCR文本待人工复核 四川省能源局关于征集智能电网国家科技重大专项2026年度重大研发攻关需求建议的通知_通知公告_四川省发展和改革委员会 便民日历 智能问答 无障碍 个人中心 网站支持ipv6 搜 索 新闻中心 政府信息公开 政务服务 发改工作 党建工作 互动交流 专题专栏 数据发布 基本信息公开 通知公告 四川省能源局关于征集智能电网国家科技重大专项20,规则词典_v1,待人工复核,2026-05-05 01:24:21
AUTO-20260502-CC59936556,关于印发《四川省电网侧新型储能项目清单（2025年度）》的通知(川发改能源〔2025〕309号),2025-07-11,川发改能源〔2025〕309号,四川,官方政策,现行有效,机器抽取,命令控制;市场机制;规划引导;财政金融;信息披露;监管执法,并网约束;信息约束,试点示范,电网企业;储能企业,发电;输配电;调度运行,,,,,,新型电力系统;储能,并网条件影响;市场风险暴露;项目准入影响,,并网消纳风险;合规监管风险,关于印发《四川省电网侧新型储能项目清单（2025年度）》的通知(川发改能源〔2025〕309号) 四川省发展和改革委员会 四川省发展和改革委员会 四川 官方政策 电网; | 电网 关于印发《四川省电网侧新型储能项目清单（2025年度）》的通知(川发改能源〔2025〕309号) 关于印发《四川省电网侧新型储能项目清单（2025年度）》的通知(川发改能源〔2025〕309号)_通知公告_四川省发展和改革委员会 便民日历 智能问答 无障碍 个人中心 网站支持ipv6 搜 索 新闻中心 政府信息公开 政务服务 发改工作 党建工作 互动交 | 相关市（州）能源行业主管部门要强化项目调度，按月报送项目进展情况，自本通知印发之日起 年内未实质性开工建设的项目，将予以调出项目清单。,规则词典_v1,待人工复核,2026-05-05 01:24:21
AUTO-20260502-717F870021,四川省能源局 国家能源局四川监管办公室关于进一步加强我省电网建设项目质量监督和启动验收管理的通知,2025-07-22,,四川,官方政策,现行有效,机器抽取,命令控制;技术标准;信息披露;监管执法,准入条件;并网约束;信息约束,试点示范,电网企业,输配电;用电;调度运行;现货市场,,,分摊机制,信息披露考核,,电网规划,并网条件影响,,并网消纳风险;政策状态风险;合规监管风险,四川省能源局 国家能源局四川监管办公室关于进一步加强我省电网建设项目质量监督和启动验收管理的通知 四川省发展和改革委员会 四川省发展和改革委员会 四川 官方政策 电网 电网 四川省能源局 国家能源局四川监管办公室关于进一步加强我省电网建设项目质量监督和启动验收管理的通知 四川省能源局 国家能源局四川监管办公室关于进一步加强我省电网建设项目质量监督和启动验收管 | （一）质量监督机构 一、加强电网建设项目质量监督管理 （一）质量监督机构 根据国家能源局《关于进一步明确电力建设工程质量监督机构业务工作的通知》（国能函安全〔 2020 号）、《关于公布电力建设工程质量监督机构名录的通知》（国能综通安全〔 2022 号）规定，四川省电力建设工程质量监督中心站（以下简称省电力质监中心站）负责四川省内电网建设项目质量监督工作。 | 省电力质监中心站及其在各市（州）设立的项目站（分站）按照电压等级、核准（审批）层级、行政区域等具体实施电网建设项目质量监督。,规则词典_v1,待人工复核,2026-05-05 01:24:21
AUTO-20260502-8B017B6B7F,山西省能源局 国家能源局山西监管办公室 国网山西省电力有限公司关于进一步加强新能源配套送出工程管理推动新能源高质量发展的通知,2025-08-18,晋能源新能源发〔2025〕161号,山西,官方政策,现行有效,机器抽取,命令控制;市场机制;规划引导;技术标准;信息披露;监管执法,准入条件;并网约束;履约约束;信息约束;消纳约束,补偿收益;绿色激励;试点示范,电网企业;发电企业;新能源企业;储能企业,发电;输配电;调度运行,输配电价,,分摊机制,,双碳目标;绿色低碳,新型电力系统;储能;电网规划,收益机制明确;成本疏导;并网条件影响;项目准入影响,,偏差风险;并网消纳风险;合规监管风险,山西省能源局 国家能源局山西监管办公室 国网山西省电力有限公司关于进一步加强新能源配套送出工程管理推动新能源高质量发展的通知 山西省能源局 山西省能源局-政策文件检索电力 山西 官方政策 高质量发展; | 新能源 高质量发展 山西省能源局 国家能源局山西监管办公室 国网山西省电力有限公司关于进一步加强新能源配套送出工程管理推动新能源高质量发展的通知 山西省能源局 国家能源局 山西省人民政府 切換到繁體 无障碍浏览 首 页 政务公开 政务服务 机关党建 互动交流 政府信息公开 法定主动公开目录 最新文件 标 题： 山西省能源局 国家能源局山西监管办公室 国网山西 | 一、总体要求 一、总体要求 深入贯彻习近平新时代中国特色社会主义思想，全面落实国家“碳达峰、碳中和”战略目标，坚持以“统筹规划、协同建设、公平开放、共享共用”为原则，规范新能源配套送出工程投资建设、运营管理和开放共享机制，推动新能源项目与配套电网工程同步规划、同步建设、同步投运。,规则词典_v1,待人工复核,2026-05-05 01:24:21
AUTO-20260502-F3F5060517,四川省发展和改革委员会关于地方电网居民生活用电执行低谷电价政策有关事项的通知,2025-08-27,,四川,官方政策,现行有效,机器抽取,技术标准;信息披露,准入条件;并网约束;信息约束,价格激励;试点示范,电网企业,发电;输配电;售电;用电;调度运行,输配电价;分时电价,,分摊机制,,,,成本疏导;项目准入影响,,合规监管风险,四川省发展和改革委员会关于地方电网居民生活用电执行低谷电价政策有关事项的通知 四川省发展和改革委员会 四川省发展和改革委员会 四川 官方政策 电网 电网 四川省发展和改革委员会关于地方电网居民生活用电执行低谷电价政策有关事项的通知 四川省发展和改革委员会关于地方电网居民生活用电执行低谷电价政策有关事项的通知_通知公告_四川省发展和改革委员会 便民日历 智能问 | 一、实施范围 一、实施范围 全省地方电网供区内执行 一户一表 阶梯电价的居民用户。 | 地方电网企业计量抄表到户 阶梯电价的 自愿选择 执行阶梯电价， 标准执行 （含价格水平、阶梯电量等） 。,规则词典_v1,待人工复核,2026-05-05 01:24:21
AUTO-20260502-A3BBD32046,关于印发《四川省电网侧新型储能项目清单（2025年第二批）》的通知(川发改能源〔2025〕518号),2025-10-24,川发改能源〔2025〕518号,四川,官方政策,现行有效,机器抽取,市场机制;财政金融;信息披露,并网约束;信息约束,试点示范,电网企业;储能企业;微电网主体,输配电;调度运行,,,,,能源安全,储能,并网条件影响;市场风险暴露;项目准入影响,园区微电网,并网消纳风险;合规监管风险,关于印发《四川省电网侧新型储能项目清单（2025年第二批）》的通知(川发改能源〔2025〕518号) 四川省发展和改革委员会 四川省发展和改革委员会 四川 官方政策 电网; | 电网 关于印发《四川省电网侧新型储能项目清单（2025年第二批）》的通知(川发改能源〔2025〕518号) 关于印发《四川省电网侧新型储能项目清单（2025年第二批）》的通知(川发改能源〔2025〕518号)_通知公告_四川省发展和改革委员会 便民日历 智能问答 无障碍 个人中心 网站支持ipv6 搜 索 新闻中心 政府信息公开 政务服务 发改工作 党建工作 | 请项目业主按照市场化原则加快推进项目实施，争取早日建成投运。,规则词典_v1,待人工复核,2026-05-05 01:24:21
AUTO-20260502-B841DF8667,华中能源监管局关于公开征求《川渝藏省间电力互济交易实施细则（征求意见稿）》意见的通知,2026-04-30,,华中区域,监管规则,征求意见,机器抽取,命令控制;市场机制;财政金融;技术标准;信息披露;监管执法,准入条件;并网约束;履约约束;信息约束;消纳约束,补偿收益;价格激励;绿色激励;试点示范,电网企业;发电企业;新能源企业;储能企业;售电公司;电力用户;交易机构;虚拟电厂;微电网主体,发电;输配电;售电;用电;调度运行;辅助服务;现货市场;中长期市场;绿电绿证,输配电价;市场形成价格;偏差价格,中长期交易;现货交易;辅助服务交易;跨省跨区交易,电费结算;偏差结算;分摊机制;周期结算,偏差考核;信息披露考核,新能源消纳;能源安全,源网荷储;储能;电网规划;虚拟电厂,收益机制明确;成本疏导;并网条件影响;市场风险暴露;项目准入影响,聚合交易;辅助服务收益;园区微电网,价格波动;偏差风险;并网消纳风险;政策状态风险;合规监管风险,华中能源监管局关于公开征求《川渝藏省间电力互济交易实施细则（征求意见稿）》意见的通知 国家能源局派出机构 国家能源局华中监管局 华中区域 监管规则 省间交易 实施细则; | 省间 华中能源监管局关于公开征求《川渝藏省间电力互济交易实施细则（征求意见稿）》意... 2026-04-30 华中能源监管局关于公开征求《川渝藏省间电力互济交易实施细则（征求意见稿）》意见的通知 设为首页 工作邮箱 机构概览 动态要闻 信息公开 在线办事 互动回应 专题专栏 2026-04-30 09:33 来源：国家能源局华中监管局 字体： 为助力全国统 | 欢迎有关单位和个人提出宝贵意见，于 日前发送至 schzj@nea.gov.cn ，并请注明单位、姓名及联系方式。,规则词典_v1,待人工复核,2026-05-05 01:24:21
AUTO-20260502-94192CD7A5,关于促进可再生能源绿色电力证书市场高质量发展的意见(发改能源〔2025〕262号),2025-03-18,发改能源〔2025〕262号,全国,官方政策,现行有效,机器抽取,命令控制;市场机制;规划引导;财政金融;技术标准;信息披露;监管执法,准入条件;并网约束;信息约束;消纳约束,价格激励;绿色激励;试点示范,电网企业;发电企业;新能源企业;交易机构;微电网主体;数据中心,发电;输配电;售电;调度运行;中长期市场;绿电绿证,市场形成价格,绿电交易;跨省跨区交易,周期结算,,绿色低碳;能源安全,电力算力协同;分布式光伏,收益机制明确;并网条件影响;项目准入影响,自发自用余电上网;聚合交易;绿电消费;园区微电网,并网消纳风险;合规监管风险,关于促进可再生能源绿色电力证书市场高质量发展的意见(发改能源〔2025〕262号) 国家发展改革委 国家发展改革委-政策通知 全国 官方政策 高质量发展; | 绿电 高质量发展 关于促进可再生能源绿色电力证书市场高质量发展的意见(发改能源〔2025〕262号) 【关于促进可再生能源绿色电力证书市场高质量发展的意见(发改能源〔2025〕262号)】-国家发展和改革委员会 政务公开 关于促进可再生能源绿色电力证书市场高质量发展的意见(发改能源〔2025〕262号) 发布时间：2025/03/18 来源： 能源局 [ 打 | 为贯彻落实《中华人民共和国能源法》有关规定，加快建立绿色能源消费促进机制，推动绿证市场高质量发展，进一步提升全社会绿色电力消费水平，提出以下意见。,规则词典_v1,待人工复核,2026-05-05 01:24:21
AUTO-20260502-9C1051AE3A,关于促进电网高质量发展的指导意见(发改能源〔2025〕1710号),2025-12-31,发改能源〔2025〕1710号,全国,官方政策,现行有效,机器抽取,命令控制;市场机制;规划引导;财政金融;技术标准;信息披露;监管执法,准入条件;并网约束;履约约束;信息约束;消纳约束,价格激励;绿色激励;试点示范,电网企业;发电企业;储能企业;电力用户;交易机构;虚拟电厂;微电网主体,发电;输配电;售电;用电;调度运行;辅助服务;现货市场;绿电绿证,输配电价,辅助服务交易;跨省跨区交易,电费结算;分摊机制,,绿色低碳;能源安全,新型电力系统;源网荷储;微电网;储能;电网规划;虚拟电厂,成本疏导;并网条件影响;项目准入影响,自发自用余电上网;聚合交易;辅助服务收益;园区微电网,并网消纳风险;合规监管风险,关于促进电网高质量发展的指导意见(发改能源〔2025〕1710号) 国家发展改革委 国家发展改革委-政策通知 全国 官方政策 高质量发展; | 电网 关于促进电网高质量发展的指导意见(发改能源〔2025〕1710号) 【关于促进电网高质量发展的指导意见(发改能源〔2025〕1710号)】-国家发展和改革委员会 政务公开 关于促进电网高质量发展的指导意见(发改能源〔2025〕1710号) 发布时间：2025/12/31 来源： 能源局 [ 打印 ] 国家发展改革委 国家能源局关于促进 电网高质量发展的 | 为适应能源绿色低碳转型需要，支撑新能源大规模高比例发展，保障大电网运行安全和电力可靠供应，服务建设全国统一电力市场，满足人民群众高质量用电需求，现就促进电网高质量发展提出如下意见。,规则词典_v1,待人工复核,2026-05-05 01:24:21
AUTO-20260502-11A59453A9,关于加强和规范电网规划投资管理工作的通知(发改能源规〔2020〕816号),2020-06-08,发改能源规〔2020〕816号,全国,官方政策,现行有效,机器抽取,命令控制;市场机制;规划引导;技术标准;信息披露;监管执法,准入条件;信息约束;消纳约束,,电网企业;微电网主体,发电;输配电,输配电价,跨省跨区交易,,,能源安全,电网规划,成本疏导;并网条件影响;市场风险暴露;项目准入影响,园区微电网,合规监管风险,关于加强和规范电网规划投资管理工作的通知(发改能源规〔2020〕816号) 国家发展改革委 国家发展改革委 全国 官方政策 电网 电网; | 电网规划 关于加强和规范电网规划投资管理工作的通知(发改能源规〔2020〕816号) 【关于加强和规范电网规划投资管理工作的通知(发改能源规〔2020〕816号)】-国家发展和改革委员会 政务公开 规范性文件 关于加强和规范电网规划投资管理工作的通知(发改能源规〔2020〕816号) 发布时间：2020/06/08 来源： 能源局 [ 打印 ] 国家发展改革 | 基建项目是指为提供输配电服务而实施的新建（含扩建）资产类项目，技术改造项目是指对原有输配电服务资产的技术改造类项目。,规则词典_v1,待人工复核,2026-05-05 01:24:21
AUTO-20260502-A406C4F625,关于印发《加快构建新型电力系统行动方案(2024—2027年)》的通知(发改能源〔2024〕1128号),2024-08-06,发改能源〔2024〕1128号,全国,官方政策,现行有效,机器抽取,市场机制;规划引导;财政金融;技术标准;信息披露;监管执法,准入条件;并网约束;信息约束;消纳约束,价格激励;绿色激励;试点示范,发电企业;新能源企业;储能企业;电力用户;虚拟电厂;微电网主体;数据中心,发电;输配电;用电;调度运行;辅助服务;绿电绿证,分时电价,辅助服务交易,分摊机制,,双碳目标;新能源消纳;能源安全,新型电力系统;源网荷储;微电网;储能;电网规划;电力算力协同;虚拟电厂,收益机制明确;并网条件影响;市场风险暴露;项目准入影响,聚合交易;辅助服务收益;园区微电网,并网消纳风险,关于印发《加快构建新型电力系统行动方案(2024—2027年)》的通知(发改能源〔2024〕1128号) 国家发展改革委 国家发展改革委-政策通知 全国 官方政策 新型电力系统 新型电力系统 关于印发《加快构建新型电力系统行动方案(2024—2027年)》的通知(发改能源〔2024〕1128号) 【关于印发《加快构建新型电力系统行动方案(2024—2027年 | 国家发展改革委 国 家 能 源 局 国 家 数 据 局 2024年7月25日 附件： 《加快构建新型电力系统行动方案（2024—2027年）》.ofd 《加快构建新型电力系统行动方案（2024—2027年）》.pdf 《加快构建新型电力系统行动方案（2024—2027年）》.ofd 相关政策与解读 国家能源局电力司主要负责同志就《加快构建新型电力系统行动方案 | 一、总体要求 以习近平新时代中国特色社会主义思想为指导，深入贯彻党的 二十大精神，完整、准确、全面贯彻新发展理念，加快构建新发展 格局，着力推动高质量发展，切实落实“四个革命、一个合作”能 源安全新战略，围绕规划建设新型能源体系、加快构建新型电力系 统的总目标，坚持清洁低碳、安全充裕、经济高效、供需协同、灵 活智能的基本原则，聚焦近期新型电力系统建设亟待突破,规则词典_v1,待人工复核,2026-05-05 01:24:21
AUTO-20260502-8FBE71AB3F,关于新形势下配电网高质量发展的指导意见(发改能源〔2024〕187号),2024-03-01,发改能源〔2024〕187号,全国,官方政策,现行有效,机器抽取,命令控制;市场机制;规划引导;财政金融;技术标准;信息披露;监管执法,准入条件;并网约束;信息约束;消纳约束,价格激励;绿色激励;试点示范,电网企业;新能源企业;储能企业;电力用户;虚拟电厂;微电网主体;数据中心,发电;输配电;用电;调度运行;辅助服务;现货市场,输配电价;分时电价,辅助服务交易;需求响应,分摊机制,,双碳目标;绿色低碳;新能源消纳;能源安全,新型电力系统;源网荷储;微电网;储能;电网规划;电力算力协同;虚拟电厂,收益机制明确;成本疏导;并网条件影响;市场风险暴露;项目准入影响,聚合交易;辅助服务收益;园区微电网,价格波动;并网消纳风险;合规监管风险,关于新形势下配电网高质量发展的指导意见(发改能源〔2024〕187号) 国家发展改革委 国家发展改革委-政策通知 全国 官方政策 高质量发展; | 配电网 关于新形势下配电网高质量发展的指导意见(发改能源〔2024〕187号) 【关于新形势下配电网高质量发展的指导意见(发改能源〔2024〕187号)】-国家发展和改革委员会 政务公开 关于新形势下配电网高质量发展的指导意见(发改能源〔2024〕187号) 发布时间：2024/03/01 来源： 国家能源局 [ 打印 ] 国家发展改革委 国家能源局关于新形 | 随着新型电力系统建设的推进，配电网正逐步由单纯接受、分配电能给用户的电力网络转变为源网荷储融合互动、与上级电网灵活耦合的电力网络，在促进分布式电源就近消纳、承载新型负荷等方面的功能日益显著。,规则词典_v1,待人工复核,2026-05-05 01:24:21
AUTO-20260502-135D10C5E6,关于核定2020～2022年区域电网输电价格的通知(发改价格规〔2020〕1441号),2020-09-30,发改价格规〔2020〕1441号,全国,官方政策,现行有效,机器抽取,命令控制;市场机制;技术标准;信息披露;监管执法,履约约束;信息约束,,电网企业,输配电;售电,输配电价;容量价格,跨省跨区交易,电费结算;分摊机制,,,,成本疏导;市场风险暴露,,合规监管风险,关于核定2020～2022年区域电网输电价格的通知(发改价格规〔2020〕1441号) 国家发展改革委 国家发展改革委 全国 官方政策 电网; | 输配电价 电网 关于核定2020～2022年区域电网输电价格的通知(发改价格规〔2020〕1441号) 【关于核定2020～2022年区域电网输电价格的通知(发改价格规〔2020〕1441号)】-国家发展和改革委员会 政务公开 规范性文件 关于核定2020～2022年区域电网输电价格的通知(发改价格规〔2020〕1441号) 发布时间：2020/09/30  | 其中，电量电价随区域电网实际交易结 一、华北、华东、华中、东北、西北区域电网第二监管周期（2020年1月1日～2022年12月31日）两部制输电价格水平详见附件。,规则词典_v1,待人工复核,2026-05-05 01:24:21
AUTO-20260502-F1C4251461,关于第三监管周期区域电网输电价格及有关事项的通知(发改价格〔2023〕532号),2023-05-15,发改价格〔2023〕532号,全国,官方政策,现行有效,机器抽取,命令控制;市场机制;信息披露;监管执法,信息约束,,电网企业,输配电;售电,输配电价;容量价格,,电费结算;分摊机制,,,,成本疏导;市场风险暴露,,合规监管风险,关于第三监管周期区域电网输电价格及有关事项的通知(发改价格〔2023〕532号) 国家发展改革委 国家发展改革委-政策通知 全国 官方政策 电网; | 输配电价 电网 关于第三监管周期区域电网输电价格及有关事项的通知(发改价格〔2023〕532号) 【关于第三监管周期区域电网输电价格及有关事项的通知(发改价格〔2023〕532号)】-国家发展和改革委员会 政务公开 关于第三监管周期区域电网输电价格及有关事项的通知(发改价格〔2023〕532号) 发布时间：2023/05/15 来源： 价格司 [ 打印 ]  | 其中，电量电价随区域电网实际交易结算电量收取；,规则词典_v1,待人工复核,2026-05-05 01:24:21
AUTO-20260502-3F932A6BA5,关于组织开展电网企业代理购电工作有关事项的通知(发改办价格〔2021〕809号),2021-10-26,发改办价格〔2021〕809号,全国,官方政策,现行有效,机器抽取,命令控制;市场机制;财政金融;信息披露;监管执法,准入条件;履约约束;信息约束;消纳约束,补偿收益;价格激励;绿色激励;试点示范,电网企业;发电企业;新能源企业;售电公司;电力用户;交易机构,发电;输配电;售电;用电;调度运行;辅助服务;现货市场;中长期市场,上网电价;输配电价;分时电价;市场形成价格;辅助服务价格;偏差价格,中长期交易;现货交易;跨省跨区交易,电费结算;偏差结算;辅助服务结算;分摊机制,偏差考核,新能源消纳,,收益机制明确;成本疏导;并网条件影响;市场风险暴露;项目准入影响,辅助服务收益,价格波动;偏差风险;并网消纳风险;合规监管风险,关于组织开展电网企业代理购电工作有关事项的通知(发改办价格〔2021〕809号) 国家发展改革委 国家发展改革委-政策通知 全国 官方政策 电网 电网 关于组织开展电网企业代理购电工作有关事项的通知(发改办价格〔2021〕809号) 【关于组织开展电网企业代理购电工作有关事项的通知(发改办价格〔2021〕809号)】-国家发展和改革委员会 政务公开 关于组织 | 组织开展电网企业代理购电工作，要坚持市场方向，鼓励新进入市场电力用户通过直接参与市场形成用电价格，对暂未直接参与市场交易的用户，由电网企业通过市场化方式代理购电； | 要加强政策衔接，做好与分时电价政策、市场交易规则等的衔接，确保代理购电价格合理形成；,规则词典_v1,待人工复核,2026-05-05 01:24:21
AUTO-20260502-A3DEF63765,关于跨电网经营区常态化电力交易机制方案的复函(发改体改〔2025〕915号),2025-07-11,发改体改〔2025〕915号,全国,官方政策,现行有效,机器抽取,市场机制;规划引导;财政金融;技术标准;信息披露,准入条件;并网约束;履约约束;信息约束;消纳约束,价格激励;绿色激励;试点示范,电网企业;发电企业;新能源企业;售电公司;电力用户;交易机构,发电;输配电;售电;用电;调度运行;现货市场;中长期市场;绿电绿证,市场形成价格;偏差价格,中长期交易;现货交易;绿电交易;跨省跨区交易,电费结算;偏差结算,信息披露考核,能源安全,,收益机制明确;成本疏导;并网条件影响;市场风险暴露;项目准入影响,自发自用余电上网;绿电消费,价格波动;偏差风险;并网消纳风险;政策状态风险;合规监管风险,关于跨电网经营区常态化电力交易机制方案的复函(发改体改〔2025〕915号) 国家发展改革委 国家发展改革委-政策通知 全国 官方政策 电网 电力交易; | 电网 关于跨电网经营区常态化电力交易机制方案的复函(发改体改〔2025〕915号) 【关于跨电网经营区常态化电力交易机制方案的复函(发改体改〔2025〕915号)】-国家发展和改革委员会 政务公开 关于跨电网经营区常态化电力交易机制方案的复函(发改体改〔2025〕915号) 发布时间：2025/07/11 来源： 体改司 [ 打印 ] 国家发展改革委 国家能 | 现批复如下 二、实现跨电网经营区常态化交易，是贯彻落实党的二十届三中全会精神、建设全国统一电力市场的标志性举措，对打破市场分割和地区封锁、在全国范围内优化电力资源配置具有重 一、原则同意《跨电网经营区常态化电力交易机制方案》，请认真组织实施。,规则词典_v1,待人工复核,2026-05-05 01:24:21
AUTO-20260502-EC360A7FC3,关于进一步做好电网企业代理购电工作的通知(发改办价格〔2022〕1047号),2023-01-10,发改办价格〔2022〕1047号,全国,官方政策,现行有效,机器抽取,命令控制;市场机制;信息披露;监管执法,并网约束;履约约束;信息约束,价格激励;试点示范,电网企业;电力用户,输配电;售电;用电;调度运行,上网电价;市场形成价格;偏差价格,,电费结算,,,,成本疏导;市场风险暴露,,偏差风险;合规监管风险,关于进一步做好电网企业代理购电工作的通知(发改办价格〔2022〕1047号) 国家发展改革委 国家发展改革委-政策通知 全国 官方政策 电网 电网 关于进一步做好电网企业代理购电工作的通知(发改办价格〔2022〕1047号) 【关于进一步做好电网企业代理购电工作的通知(发改办价格〔2022〕1047号)】-国家发展和改革委员会 政务公开 关于进一步做好电网企 | 在继续执行809号文件、保持政策稳定性的基础上，为进一步做好电网企业代理购电工作，现就有关事项通知如下： 一、保障用户安全可靠用电。 | 电网企业要落实809号文件要求，保障代理购电制度平稳运行，确保居民、农业用户和代理购电工商业用户电力安全可靠供应；,规则词典_v1,待人工复核,2026-05-05 01:24:21
AUTO-20260502-2D4C6E9F5F,华北能源监管局关于印发蒙西电力市场调频、备用两个辅助服务交易实施细则的通知,2020-06-18,华北监能市场〔2020〕119号,华北区域,监管规则,现行有效,机器抽取,命令控制;市场机制;规划引导;财政金融;技术标准;信息披露;监管执法,准入条件;并网约束;履约约束;信息约束,补偿收益;试点示范,发电企业;新能源企业;电力用户;交易机构,发电;输配电;用电;调度运行;辅助服务;现货市场;中长期市场,市场形成价格;容量价格;偏差价格,中长期交易;现货交易;辅助服务交易;容量交易,电费结算;分摊机制;周期结算,运行考核;信息披露考核;监管处罚,,,收益机制明确;成本疏导;并网条件影响;市场风险暴露;项目准入影响,辅助服务收益,价格波动;偏差风险;并网消纳风险;政策状态风险;合规监管风险,华北能源监管局关于印发蒙西电力市场调频、备用两个辅助服务交易实施细则的通知 国家能源局派出机构 国家能源局华北监管局 华北区域 监管规则 电力市场; | 备用 华北能源监管局关于印发蒙西电力市场调频、备用两个辅助服务交易实施细则的通知 2020-06-18 华北能源监管局关于印发蒙西电力市场调频、备用两个辅助服务交易实施细则的通知 设为首页 工作邮箱 机构概览 动态要闻 信息公开 在线办事 互动回应 专题专栏 2020-06-18 17:03 来源： 字体： 国家能源局华北监管局文件 华北监能市场〔2020〕 | 联系电话： 010-51968570 蒙西电力市场调频、备用辅助服务交易实施细则（试行）.pdf 蒙西电力市场调频、备用辅助服务交易实施细则（试行）.pdf 国家能源局华北监管局 2020 抄送：国家发展改革委体改司、运行局、价格司、基础司；,规则词典_v1,待人工复核,2026-05-05 01:24:21
AUTO-20260502-AD195410B7,华北能源监管局关于印发京津冀绿色电力市场化交易规则及配套优先调度实施细则的通知,2021-01-28,华北监能市场〔2020〕259号,华北区域,监管规则,现行有效,机器抽取,命令控制;市场机制;规划引导;财政金融;技术标准;信息披露;监管执法,准入条件;并网约束;履约约束;信息约束;消纳约束,补偿收益;价格激励;绿色激励;试点示范,电网企业;发电企业;新能源企业;售电公司;电力用户;交易机构,发电;输配电;售电;用电;调度运行;辅助服务;现货市场;中长期市场;绿电绿证,上网电价;输配电价;分时电价;市场形成价格;偏差价格,中长期交易;绿电交易;辅助服务交易,电费结算;偏差结算;分摊机制,监管处罚,绿色低碳,源网荷储,收益机制明确;成本疏导;并网条件影响;市场风险暴露;项目准入影响,绿电消费;辅助服务收益,价格波动;偏差风险;并网消纳风险;政策状态风险;合规监管风险,华北能源监管局关于印发京津冀绿色电力市场化交易规则及配套优先调度实施细则的通知 国家能源局派出机构 国家能源局华北监管局 华北区域 监管规则 电力市场; | 市场化交易 华北能源监管局关于印发京津冀绿色电力市场化交易规则及配套优先调度实施细则的通知 2021-01-28 华北能源监管局关于印发京津冀绿色电力市场化交易规则及配套优先调度实施细则的通知 设为首页 工作邮箱 机构概览 动态要闻 信息公开 在线办事 互动回应 专题专栏 2021-01-28 19:20 来源： 字体： 华北监能市场〔2020〕259号 北 | 国家能源局华北监管局 2020 京津冀绿色电力市场化交易规则及配套优先调度实施细则解读 京津冀绿色电力市场化交易规则及配套优先调度实施细则.pdf 京津冀绿色电力市场化交易规则及配套优先调度实施细则解读 http://hbj.nea.gov.cn/adminContent/initViewContent.do?pk=21383f74-95cb-4343-93,规则词典_v1,待人工复核,2026-05-05 01:24:21
AUTO-20260502-0CBB75111D,关于将《华东电网备用辅助服务市场运营规则（试行）》转入正式运行的公告,2023-12-13,,华东区域,监管规则,试行,机器抽取,命令控制;市场机制;财政金融;信息披露;监管执法,准入条件;并网约束;履约约束;信息约束;消纳约束,补偿收益;价格激励;试点示范,电网企业;发电企业;新能源企业;储能企业;电力用户,发电;输配电;售电;用电;调度运行;辅助服务;现货市场,输配电价;市场形成价格;容量价格;偏差价格,现货交易;辅助服务交易;跨省跨区交易,电费结算;辅助服务结算;分摊机制;周期结算,运行考核;信息披露考核,,储能,收益机制明确;成本疏导;并网条件影响;市场风险暴露;项目准入影响,辅助服务收益,价格波动;偏差风险;并网消纳风险;政策状态风险;合规监管风险,关于将《华东电网备用辅助服务市场运营规则（试行）》转入正式运行的公告 国家能源局派出机构 国家能源局华东监管局 华东区域 监管规则 电网; | 电网 关于将《华东电网备用辅助服务市场运营规则（试行）》转入正... 2023-12-13 关于将《华东电网备用辅助服务市场运营规则（试行）》转入正式运行的公告 关于将《华东电网备用辅助服务市场运营规则（试行）》转入正式运行的公告 设为首页 工作邮箱 机构概览 动态要闻 信息公开 在线办事 互动回应 专题专栏 2023-12-13 14:41 来源： 字体： | 现将《华东电网备用辅助服务市场运营规则（试行）》 华东监能市场〔 2020 154 转入正式运行，有效期由 2023 2028 附件: 《华东电网备用辅助服务市场运营规则》 《华东电网备用辅助服务市场运营规则》 扫一扫在手机打开当前页 办公地址：上海市黄浦区江西中路367号 邮编：200002 总机: 021-63372321 行政许可咨询电话: 021-2,规则词典_v1,待人工复核,2026-05-05 01:24:21
AUTO-20260502-447019A4E0,华北能源监管局关于印发华北电力调峰辅助服务市场运营规则（试运行版）的通知,2018-12-29,,华北区域,监管规则,现行有效,机器抽取,命令控制;市场机制;规划引导;财政金融;信息披露;监管执法,准入条件;并网约束;履约约束;信息约束;消纳约束,补偿收益;绿色激励;试点示范,电网企业;发电企业;新能源企业;电力用户,发电;输配电;用电;调度运行;辅助服务;现货市场;中长期市场;绿电绿证,市场形成价格;辅助服务价格;偏差价格,现货交易;辅助服务交易;跨省跨区交易,电费结算;偏差结算;辅助服务结算;分摊机制,偏差考核;信息披露考核,新能源消纳,,收益机制明确;成本疏导;并网条件影响;市场风险暴露;项目准入影响,辅助服务收益,价格波动;偏差风险;并网消纳风险;政策状态风险;合规监管风险,华北能源监管局关于印发华北电力调峰辅助服务市场运营规则（试运行版）的通知 国家能源局派出机构 国家能源局华北监管局 华北区域 监管规则 辅助服务 运营规则; | 调峰 华北能源监管局关于印发华北电力调峰辅助服务市场运营规则（试运行版）的通知 2018-12-29 华北能源监管局关于印发华北电力调峰辅助服务市场运营规则（试运行版）的通知 华北能源监管局关于印发华北电力调峰辅助服务市场运营规则（试运行版）的通知 设为首页 工作邮箱 机构概览 动态要闻 信息公开 在线办事 互动回应 专题专栏 2018-12-29 16:3 | 经向各方征求意见并根据模拟运行情况作 — 2 — 进一步修改完善后形成 《华北电力调峰辅助服务市场运营规则 》 （试运行版） （以下简称《规则》 ） 。,规则词典_v1,待人工复核,2026-05-05 01:24:21
AUTO-20260502-618DBAA604,华北能源监管局关于印发京津唐电网参与跨区域省间可再生能源电力现货交易差额收益分配方案的通知,2019-08-06,华北监能市场〔2019〕228号,华北区域,监管规则,现行有效,机器抽取,命令控制;市场机制;规划引导;财政金融;技术标准;信息披露;监管执法,准入条件;并网约束;信息约束;消纳约束,补偿收益;绿色激励;试点示范,电网企业;发电企业;新能源企业;电力用户,发电;输配电;用电;调度运行;辅助服务;现货市场,,现货交易;辅助服务交易;跨省跨区交易,电费结算,,新能源消纳,,收益机制明确;成本疏导;并网条件影响;市场风险暴露;项目准入影响,辅助服务收益,并网消纳风险;政策状态风险;合规监管风险,华北能源监管局关于印发京津唐电网参与跨区域省间可再生能源电力现货交易差额收益分配方案的通知 国家能源局派出机构 国家能源局华北监管局 华北区域 监管规则 电网; | 电网 华北能源监管局关于印发京津唐电网参与跨区域省间可再生能源电力现货交易差额收益... 2019-08-06 华北能源监管局关于印发京津唐电网参与跨区域省间可再生能源电力现货交易差额收益分配方案的通知 设为首页 工作邮箱 机构概览 动态要闻 信息公开 在线办事 互动回应 专题专栏 2019-08-06 00:00 来源： 字体： 华北电力监管局文件 国家能 | 由于国网北京、天津、冀北电力公司在该项交易中购电价格将低于其向国网华北分部及调度范围内火电企业的购电价格，从而形成部分差额收益。,规则词典_v1,待人工复核,2026-05-05 01:24:21
AUTO-20260502-988283654F,华北能源监管局关于印发《华北电力调峰辅助服务市场运营规则》（2019年修订版）的通知,2019-09-29,华北监能市场〔2019〕257号,华北区域,监管规则,现行有效,机器抽取,命令控制;信息披露;监管执法,并网约束;信息约束;消纳约束,试点示范,电网企业;发电企业,发电;输配电;调度运行;辅助服务;现货市场,,辅助服务交易,,信息披露考核,,,收益机制明确,辅助服务收益,政策状态风险;合规监管风险,"华北能源监管局关于印发《华北电力调峰辅助服务市场运营规则》（2019年修订版）的通知 国家能源局派出机构 国家能源局华北监管局 华北区域 监管规则 辅助服务 运营规则; | 调峰 华北能源监管局关于印发《华北电力调峰辅助服务市场运营规则》（2019年修订版）的通知 2019-09-29 华北能源监管局关于印发《华北电力调峰辅助服务市场运营规则》（2019年修订版）的通知 设为首页 工作邮箱 机构概览 动态要闻 信息公开 在线办事 互动回应 专题专栏 2019-09-29 00:00 来源： 字体： 华北监能市场〔2019〕257 | 为进一步提升华北电力调峰辅助服务市场运营规则（以下简称《规则》）的公平性和科学性，今年我局组织相关单位以工作组的形式，对《规则》进行了全面修订，经公开征求意见，现予印发，请遵照执行,并提出要求如下： 一、市场运营机构要进一步完善技术支持系统，做好修订后《规则》条款的实施工作，加强市场运行期间的信息披露，优化市场时段与非市场时段的衔接，严格执行市场出清结果，并",规则词典_v1,待人工复核,2026-05-05 01:24:21
AUTO-20260502-59B23CBDC6,华北能源监管局关于征求蒙西电力市场调频和备用辅助服务交易实施细则意见的函,2020-05-11,,华北区域,监管规则,现行有效,机器抽取,命令控制;市场机制;规划引导;财政金融;技术标准;信息披露;监管执法,准入条件;并网约束;履约约束;信息约束,补偿收益;试点示范,发电企业;新能源企业;电力用户;交易机构,发电;输配电;用电;调度运行;辅助服务;现货市场;中长期市场,市场形成价格;容量价格;偏差价格,中长期交易;现货交易;辅助服务交易;容量交易,电费结算;分摊机制;周期结算,运行考核;信息披露考核;监管处罚,,,收益机制明确;成本疏导;并网条件影响;市场风险暴露;项目准入影响,辅助服务收益,价格波动;偏差风险;并网消纳风险;政策状态风险;合规监管风险,华北能源监管局关于征求蒙西电力市场调频和备用辅助服务交易实施细则意见的函 国家能源局派出机构 国家能源局华北监管局 华北区域 监管规则 电力市场; | 备用 华北能源监管局关于征求蒙西电力市场调频和备用辅助服务交易实施细则意见的函 2020-05-11 华北能源监管局关于征求蒙西电力市场调频和备用辅助服务交易实施细则意见的函 华北能源监管局关于征求蒙西电力市场调频和备用辅助服务交易实施细则意见的函 设为首页 工作邮箱 机构概览 动态要闻 信息公开 在线办事 互动回应 专题专栏 2020-05-11 10:1 | 蒙西电力市场备用辅助服务交易实施细则（征求意见稿) 蒙西电力市场调频辅助服务交易实施细则（征求意见稿） 蒙西电力市场备用辅助服务交易实施细则（征求意见稿) 华北能源监管局关于征求蒙西电力市场调频和备用辅助服务交易实施细则意见的函.pdf 国家能源局华北监管局 2020 扫一扫在手机打开当前页 通信地址：北京市西城区月坛街道复兴门外大街地藏庵南巷1号（电研大厦,规则词典_v1,待人工复核,2026-05-05 01:24:21
AUTO-20260502-F372A8F2B7,华北能源监管局关于修订《河北南网电力调峰辅助服务市场运营规则》部分条款的通知,2020-11-16,华北监能市场〔2020〕215号,华北区域,监管规则,现行有效,机器抽取,命令控制;财政金融;信息披露;监管执法,准入条件;信息约束;消纳约束,补偿收益;价格激励,发电企业;新能源企业;电力用户,发电;输配电;用电;调度运行;辅助服务;现货市场,,辅助服务交易,分摊机制,运行考核,新能源消纳,,收益机制明确;成本疏导;并网条件影响;项目准入影响,辅助服务收益,并网消纳风险;政策状态风险;合规监管风险,华北能源监管局关于修订《河北南网电力调峰辅助服务市场运营规则》部分条款的通知 国家能源局派出机构 国家能源局华北监管局 华北区域 监管规则 辅助服务 运营规则; | 调峰 华北能源监管局关于修订《河北南网电力调峰辅助服务市场运营规则》部分条款的通知 2020-11-16 华北能源监管局关于修订《河北南网电力调峰辅助服务市场运营规则》部分条款的通知 设为首页 工作邮箱 机构概览 动态要闻 信息公开 在线办事 互动回应 专题专栏 2020-11-16 00:00 来源： 字体： 华北电力监管局文件 国家能源局华北监管局文件  | 去年以来，河北南网新能源装机持续快速增长，消纳形势日趋严峻。,规则词典_v1,待人工复核,2026-05-05 01:24:21
AUTO-20260502-CE737F8C61,关于转发国家能源局《发电企业与电网企业电费结算办法》的通知,2021-01-27,,南方区域,监管规则,现行有效,机器抽取,命令控制;财政金融;技术标准;信息披露;监管执法,履约约束;信息约束,绿色激励,电网企业;发电企业;新能源企业,发电;输配电;现货市场,,,电费结算,,,,成本疏导,,合规监管风险,关于转发国家能源局《发电企业与电网企业电费结算办法》的通知 国家能源局派出机构 国家能源局南方监管局 南方区域 监管规则 电网; | 电网 关于转发国家能源局《发电企业与电网企业电费结算办法》的通知 2021-01-27 关于转发国家能源局《发电企业与电网企业电费结算办法》的通知 关于转发国家能源局《发电企业与电网企业电费结算办法》的通知 设为首页 工作邮箱 机构概览 动态要闻 信息公开 在线办事 互动回应 专题专栏 2021-01-27 14:44 来源： SYN 字体： 内容： 附件： | 现将《办法》转发给你们， 79 号）(下称《办法》 ） ，切实规范发电企业和电网企业之间电费 结算行为（下称“厂网电费结算”）。,规则词典_v1,待人工复核,2026-05-05 01:24:21
AUTO-20260502-91EDC8EDE9,华北能源监管局关于进一步规范电力调峰辅助服务市场结算流程的通知,2021-02-09,华北监能市场〔2021〕47号,华北区域,监管规则,现行有效,机器抽取,命令控制;技术标准;信息披露;监管执法,准入条件;信息约束;消纳约束,,电网企业,发电;输配电;调度运行;辅助服务;现货市场,市场形成价格,辅助服务交易;跨省跨区交易,电费结算,运行考核;信息披露考核,,,收益机制明确;成本疏导;并网条件影响;项目准入影响,辅助服务收益,价格波动;并网消纳风险;合规监管风险,华北能源监管局关于进一步规范电力调峰辅助服务市场结算流程的通知 国家能源局派出机构 国家能源局华北监管局 华北区域 监管规则 辅助服务; | 结算 华北能源监管局关于进一步规范电力调峰辅助服务市场结算流程的通知 2021-02-09 华北能源监管局关于进一步规范电力调峰辅助服务市场结算流程的通知 设为首页 工作邮箱 机构概览 动态要闻 信息公开 在线办事 互动回应 专题专栏 2021-02-09 00:00 来源： 字体： 华北监能市场〔2021〕47号 国网华北分部，国网北京市、天津市、冀北、河 | 一、调整优化市场结算流程 一、调整优化市场结算流程 从2021年1月起，华北省间、京津唐电网、河北南网、蒙西电网电力调峰辅助服务市场运行结算程 序，调整 为国网华北分部、国网河北省电力有限公司、内蒙古电力（集团）有限责任公司于每月15日前向所有市场主体公示上月市场运行结果，并将结果于每月25日前以正式公文向我局备案。,规则词典_v1,待人工复核,2026-05-05 01:24:21
AUTO-20260502-E3C5794853,关于南方（以广东起步）电力现货市场 2022年结算试运行市场监管有关事项的通知,2022-01-07,,南方区域,监管规则,现行有效,机器抽取,命令控制;市场机制;规划引导;财政金融;技术标准;信息披露;监管执法,准入条件;并网约束;履约约束;信息约束;消纳约束,补偿收益;价格激励;绿色激励;试点示范,电网企业;发电企业;新能源企业;储能企业;售电公司;电力用户;交易机构;虚拟电厂;微电网主体,发电;输配电;售电;用电;调度运行;辅助服务;现货市场;中长期市场,上网电价;输配电价;市场形成价格;容量价格;偏差价格,中长期交易;现货交易;辅助服务交易;容量交易;需求响应;跨省跨区交易,电费结算;偏差结算;分摊机制;周期结算,偏差考核;信息披露考核,,新型电力系统;储能;电网规划;虚拟电厂,收益机制明确;成本疏导;并网条件影响;市场风险暴露;项目准入影响,聚合交易;辅助服务收益;园区微电网,价格波动;偏差风险;并网消纳风险;政策状态风险;合规监管风险,关于南方（以广东起步）电力现货市场 2022年结算试运行市场监管有关事项的通知 国家能源局派出机构 国家能源局南方监管局 南方区域 监管规则 电力市场; | 结算 关于南方（以广东起步）电力现货市场 2022年结算试运行市场监管有关事项的通知 2022-01-07 关于南方（以广东起步）电力现货市场 2022年结算试运行市场监管有关事项的通知 设为首页 工作邮箱 机构概览 动态要闻 信息公开 在线办事 互动回应 专题专栏 2022-01-07 11:34 来源： 国家能源局南方监管局 字体： 关于南方（以广东起步 | 其他未尽事宜按照电力现货市场 国 家 能 源 局 南 方 监 管 局 文 件 — 2 — 二、 广东电力交易中心、 广东省电力调度中心要根据市场规 结算试运行实施方案有关规定执行。,规则词典_v1,待人工复核,2026-05-05 01:24:21
AUTO-20260502-83C288CD96,关于印发《上海市省间清洁购电交易机制实施办法》的通知,2021-10-12,沪发改规范〔2021〕11号,上海,官方政策,现行有效,机器抽取,命令控制;市场机制;规划引导;财政金融;技术标准;信息披露;监管执法,准入条件;并网约束;信息约束;消纳约束,补偿收益;价格激励;绿色激励;试点示范,电网企业;发电企业;新能源企业;售电公司;电力用户;交易机构,发电;输配电;售电;用电;调度运行;辅助服务;现货市场;中长期市场;绿电绿证,上网电价;市场形成价格,中长期交易;现货交易;绿电交易;辅助服务交易;跨省跨区交易,电费结算;分摊机制;周期结算,,新能源消纳,,收益机制明确;成本疏导;并网条件影响;市场风险暴露;项目准入影响,自发自用余电上网;绿电消费;辅助服务收益,并网消纳风险;合规监管风险,关于印发《上海市省间清洁购电交易机制实施办法》的通知 上海市发展和改革委员会 上海市发展和改革委员会 上海 官方政策 省间交易 省间 关于印发《上海市省间清洁购电交易机制实施办法》的通知； | OCR文本待人工复核 关于印发《上海市省间清洁购电交易机制实施办法》的通知 关于印发《上海市省间清洁购电交易机制实施办法》的通知_规范性文件 政务公开 / 决策公开 / 规范性文件 关于印发《上海市省间清洁购电交易机制实施办法》的通知 (发布日期：2021年10月12日 文号：沪发改规范〔2021〕11号) 各有关单位： 为贯彻落实《中共中央国务院关于进一步 | 2021 第一章 日至本《办法》生效之日的交易参照本《办法》实施。,规则词典_v1,待人工复核,2026-05-05 01:24:21
AUTO-20260502-E85F70E1D4,关于印发《上海市省间清洁购电交易机制实施办法（试行）》的通知,2019-05-31,沪发改规范〔2019〕7号,上海,官方政策,试行,机器抽取,命令控制;市场机制;财政金融;信息披露;监管执法,信息约束;消纳约束,补偿收益;绿色激励,新能源企业;交易机构,发电;辅助服务,,跨省跨区交易,,,,,收益机制明确;并网条件影响,辅助服务收益,并网消纳风险;政策状态风险;合规监管风险,关于印发《上海市省间清洁购电交易机制实施办法（试行）》的通知 上海市发展和改革委员会 上海市发展和改革委员会 上海 官方政策 省间交易 省间 关于印发《上海市省间清洁购电交易机制实施办法（试行）》的通知 关于印发《上海市省间清洁购电交易机制实施办法（试行）》的通知 关于印发《上海市省间清洁购电交易机制实施办法（试行）》的通知_能源 政务公开 / 决策公开 / | 附件： 上海市省间清洁购电交易机制实施办法（试行）.docx 上海市省间清洁购电交易机制实施办法（试行）.docx 上海市发展和改革委员会 上海市经济和信息化委员会 国家能源局华东监管局 2019年5月30日 政策性文件留言咨询 （注：1.只接收对该政策性文件的相关咨询;,规则词典_v1,待人工复核,2026-05-05 01:24:21
AUTO-20260502-DAE6DF96FD,广东省能源局 国家能源局南方监管局关于印发广东省新型储能参与电力市场交易实施方案的通知,2023-04-04,,广东,官方政策,现行有效,机器抽取,命令控制;市场机制;规划引导;财政金融;技术标准;信息披露;监管执法,准入条件;并网约束;履约约束;信息约束;消纳约束,补偿收益;价格激励;试点示范,电网企业;发电企业;储能企业;售电公司;电力用户;交易机构;虚拟电厂,发电;输配电;售电;用电;调度运行;辅助服务;现货市场;中长期市场,输配电价;分时电价;市场形成价格;偏差价格,中长期交易;现货交易;辅助服务交易;需求响应;跨省跨区交易,电费结算;分摊机制;周期结算,,,新型电力系统;储能,收益机制明确;成本疏导;并网条件影响;市场风险暴露;项目准入影响,聚合交易;辅助服务收益,价格波动;偏差风险;并网消纳风险;合规监管风险,广东省能源局 国家能源局南方监管局关于印发广东省新型储能参与电力市场交易实施方案的通知 广东省能源局 广东省能源局 广东 官方政策 电力市场; | 新型储能 广东省能源局 国家能源局南方监管局关于印发广东省新型储能参与电力市场交易实施方案的通知04-04 广东省发展和改革委员会 - 广东省能源局 国家能源局南方监管局关于印发广东省新型储能参与电力市场交易实施方案的通知 返回主站 您所在的位置： 广东省能源局 通知公告 广东省能源局 国家能源局南方监管局关于印发广东省新型储能参与电力市场交易实施方案的通知 | 广东省能源局 国家能源局南方监管局 2023年3月30日 相关附件： 广东省新型储能参与电力市场交易实施方案.pdf 广东省新型储能参与电力市场交易实施方案.pdf 相关导读: 打印文档 相关网站 广东省投资项目在线审批监管平台 信用广东网 广东省招标投标监管网 粤港澳大湾区门户网 委管局/直属单位 广东省粮食和物资储备局 广东省发展和改革研究院（广东省产业,规则词典_v1,待人工复核,2026-05-05 01:24:21
AUTO-20260502-BCB05B4725,关于印发《新疆电力中长期交易实施细则（试行）》的通知,2018-05-31,,新疆,监管规则,试行,机器抽取,命令控制;市场机制;规划引导;财政金融;技术标准;信息披露;监管执法,准入条件;并网约束;履约约束;信息约束;消纳约束,补偿收益;价格激励;绿色激励;试点示范,电网企业;发电企业;新能源企业;储能企业;售电公司;电力用户;交易机构,发电;输配电;售电;用电;调度运行;辅助服务;现货市场;中长期市场,上网电价;输配电价;分时电价;市场形成价格;容量价格;偏差价格,中长期交易;现货交易;辅助服务交易;跨省跨区交易,电费结算;偏差结算;分摊机制,偏差考核;信用评价;信息披露考核;监管处罚,,储能;电网规划,收益机制明确;成本疏导;并网条件影响;市场风险暴露;项目准入影响,自发自用余电上网;辅助服务收益;园区微电网,价格波动;偏差风险;并网消纳风险;政策状态风险;合规监管风险,关于印发《新疆电力中长期交易实施细则（试行）》的通知 国家能源局新疆监管办公室 国家能源局新疆监管办公室 新疆 监管规则 中长期 实施细则; | 中长期 关于印发《新疆电力中长期交易实施细则（试行）》的通知 2018-05-31； | OCR文本待人工复核 关于印发《新疆电力中长期交易实施细则（试行）》的通知.pdf 关于印发《新疆电力中长期交易实施细则（试行）》的通知 设为首页 工作邮箱 机构概览 动态要闻 信息公开 在线办事 互动回应 2018-05-31 16:59 来源： 字体： 关于印发《新疆电力中长期交易实施细则（试行）》的通知.pdf 新疆电力中长期交易实施细则（试行）.pd,规则词典_v1,待人工复核,2026-05-05 01:24:21
AUTO-20260502-9542D0479B,关于印发《新疆电力辅助服务市场运营规则（试行）》的解释说明的通知,2018-09-04,,新疆,监管规则,试行,机器抽取,命令控制;市场机制;财政金融;信息披露;监管执法,履约约束;信息约束;消纳约束,补偿收益,电力用户;交易机构,发电;用电;辅助服务,偏差价格,辅助服务交易,辅助服务结算,,,,收益机制明确;市场风险暴露;项目准入影响,辅助服务收益,偏差风险;政策状态风险;合规监管风险,关于印发《新疆电力辅助服务市场运营规则（试行）》的解释说明的通知 国家能源局新疆监管办公室 国家能源局新疆监管办公室 新疆 监管规则 辅助服务 运营规则; | 辅助服务 关于印发《新疆电力辅助服务市场运营规则（试行）》的解释说明的通知 2018-09-04； | OCR文本待人工复核 关于印发《新疆电力辅助服务市场运营规则（试行）》的解释说明的通知 关于印发《新疆电力辅助服务市场运营规则（试行）》的解释说明的通知 设为首页 工作邮箱 机构概览 动态要闻 信息公开 在线办事 互动回应 2018-09-04 19:04 来源： 字体： 附件：《新疆电力辅助服务市场运营规则（试行）》的解释说明.pdf 关于印发《新疆电力辅,规则词典_v1,待人工复核,2026-05-05 01:24:21
AUTO-20260502-B2EA2CE0EA,京津冀绿色电力市场化交易规则（试行）,2018-11-29,华北监能市场〔2018〕497号,华北区域,监管规则,试行,机器抽取,命令控制;市场机制;规划引导;财政金融;技术标准;信息披露;监管执法,准入条件;并网约束;履约约束;信息约束;消纳约束,补偿收益;价格激励;绿色激励;试点示范,电网企业;发电企业;新能源企业;售电公司;电力用户;交易机构,发电;输配电;售电;用电;调度运行;辅助服务;现货市场;中长期市场;绿电绿证,上网电价;输配电价;分时电价;市场形成价格;偏差价格,中长期交易;绿电交易;辅助服务交易,电费结算;偏差结算;分摊机制,偏差考核;监管处罚,绿色低碳,源网荷储;电网规划,收益机制明确;成本疏导;并网条件影响;市场风险暴露;项目准入影响,辅助服务收益,价格波动;偏差风险;并网消纳风险;政策状态风险;合规监管风险,京津冀绿色电力市场化交易规则（试行） 国家能源局派出机构 国家能源局华北监管局 华北区域 监管规则 电力市场; | 市场化交易 京津冀绿色电力市场化交易规则（试行） 2018-11-29 京津冀绿色电力市场化交易规则（试行） 京津冀绿色电力市场化交易规则（试行） 设为首页 工作邮箱 机构概览 动态要闻 信息公开 在线办事 互动回应 专题专栏 2018-11-29 16:18 来源： 字体： 京津冀绿色电力市场化交易规则（试行）华北监能市场[2018]497号.pdf 扫一 | 改价格规〔2018〕943 号 ）、《关于积极推进电力市场化交易进一 步完善交易机制的通知》 （发改运行〔2018〕1027 号）等相关政 策规定和文件精神，制定本规则。,规则词典_v1,待人工复核,2026-05-05 01:24:21
AUTO-20260502-6A0C52BCCB,国家能源局福建监管办公室关于印发《福建省电力调频辅助服务市场交易规则（试行）》的通知（闽监能市场〔2018〕140号）,2018-12-22,闽监能市场〔2018〕140号,福建,监管规则,试行,机器抽取,命令控制;市场机制;规划引导;财政金融;技术标准;信息披露;监管执法,准入条件;并网约束;履约约束;信息约束;消纳约束,补偿收益;价格激励;试点示范,电网企业;发电企业;新能源企业;储能企业;售电公司;电力用户;交易机构,发电;输配电;售电;用电;调度运行;辅助服务;现货市场,上网电价;输配电价;市场形成价格;容量价格;辅助服务价格;偏差价格,辅助服务交易;容量交易,电费结算;偏差结算;辅助服务结算;分摊机制;周期结算,运行考核;偏差考核;信息披露考核,,储能,收益机制明确;成本疏导;并网条件影响;市场风险暴露;项目准入影响,辅助服务收益,价格波动;偏差风险;并网消纳风险;政策状态风险;合规监管风险,国家能源局福建监管办公室关于印发《福建省电力调频辅助服务市场交易规则（试行）》的通知（闽监能市场〔2018〕140号） 国家能源局福建监管办公室 国家能源局福建监管办公室 福建 监管规则 辅助服务 交易规则; | 调频 国家能源局福建监管办公室关于印发《福建省电力调频辅助服务市场交易规则（试行）... 2018-12-22； | OCR文本待人工复核 国家能源局福建监管办公室关于印发《福建省电力调频辅助服务市场交易规则（试行）》的通知（闽监能市场〔2018〕140号）_国家能源局福建监管办公室 设为首页 工作邮箱 机构概览 动态要闻 信息公开 在线办事 互动回应 专题专栏 国家能源局福建监管办公室关于印发《福建省电力调频辅助服务市场交易规则（试行）》的通知（闽监能市场〔2018〕14,规则词典_v1,待人工复核,2026-05-05 01:24:21
AUTO-20260502-B12FCEA11A,华北能源监管局关于公示华北电力调峰辅助服务市场模拟运行试结算报告的公告,2018-12-29,,华北区域,监管规则,现行有效,机器抽取,命令控制;市场机制;技术标准;信息披露;监管执法,准入条件;并网约束;履约约束;信息约束;消纳约束,补偿收益;价格激励;试点示范,发电企业;新能源企业;电力用户,发电;输配电;用电;调度运行;辅助服务;现货市场,分时电价;市场形成价格;辅助服务价格;偏差价格,现货交易;辅助服务交易;跨省跨区交易,辅助服务结算;分摊机制,运行考核;信息披露考核,绿色低碳;新能源消纳,,收益机制明确;成本疏导;并网条件影响;市场风险暴露;项目准入影响,辅助服务收益,价格波动;偏差风险;并网消纳风险;合规监管风险,华北能源监管局关于公示华北电力调峰辅助服务市场模拟运行试结算报告的公告 国家能源局派出机构 国家能源局华北监管局 华北区域 监管规则 辅助服务; | 结算 华北能源监管局关于公示华北电力调峰辅助服务市场模拟运行试结算报告的公告 2018-12-29 华北能源监管局关于公示华北电力调峰辅助服务市场模拟运行试结算报告的公告 设为首页 工作邮箱 机构概览 动态要闻 信息公开 在线办事 互动回应 专题专栏 2018-12-29 00:00 来源： 字体： 华北电力监管局文件 国家能源局华北监管局 公 告 2018 | 我局根据模拟运行试结算期间的市场运行情况，组织编制了《华北电力调峰辅助服务市场模拟运行试结算报告》。,规则词典_v1,待人工复核,2026-05-05 01:24:21
AUTO-20260502-5B403CA863,关于印发《〈新疆电力辅助服务市场运营规则（试行）〉的说明》的通知,2019-01-25,,新疆,监管规则,试行,机器抽取,命令控制;市场机制;财政金融;信息披露;监管执法,准入条件;并网约束;履约约束;信息约束;消纳约束,补偿收益;试点示范,发电企业;新能源企业;电力用户;交易机构,发电;输配电;用电;调度运行;辅助服务;现货市场,市场形成价格,辅助服务交易,分摊机制,监管处罚,,,收益机制明确;成本疏导;市场风险暴露;项目准入影响,辅助服务收益,政策状态风险;合规监管风险,关于印发《〈新疆电力辅助服务市场运营规则（试行）〉的说明》的通知 国家能源局新疆监管办公室 国家能源局新疆监管办公室 新疆 监管规则 辅助服务 运营规则; | 辅助服务 关于印发《〈新疆电力辅助服务市场运营规则（试行）〉的说明》的通知 2019-01-25； | OCR文本待人工复核 关于印发《〈新疆电力辅助服务市场运营规则（试行）〉的说明》的通知 关于印发《〈新疆电力辅助服务市场运营规则（试行）〉的说明》的通知 设为首页 工作邮箱 机构概览 动态要闻 信息公开 在线办事 互动回应 2019-01-25 11:46 来源： 字体： 附件：《新疆电力辅助服务市场运营规则（试行）》的说明.pdf 关于印发《〈新疆电力辅助,规则词典_v1,待人工复核,2026-05-05 01:24:21
AUTO-20260502-FB2BC17138,华北能源监管局关于延长华北电力调峰辅助服务市场运行时间的通知,2019-03-18,华北监能市场〔2019〕117号,华北区域,监管规则,现行有效,机器抽取,命令控制;信息披露;监管执法,准入条件;并网约束;信息约束;消纳约束,绿色激励;试点示范,电网企业;发电企业;新能源企业,发电;输配电;调度运行;辅助服务,,辅助服务交易,,,新能源消纳,,收益机制明确;并网条件影响,辅助服务收益,并网消纳风险;合规监管风险,华北能源监管局关于延长华北电力调峰辅助服务市场运行时间的通知 国家能源局派出机构 国家能源局华北监管局 华北区域 监管规则 辅助服务 辅助服务; | 调峰 华北能源监管局关于延长华北电力调峰辅助服务市场运行时间的通知 2019-03-18 华北能源监管局关于延长华北电力调峰辅助服务市场运行时间的通知 设为首页 工作邮箱 机构概览 动态要闻 信息公开 在线办事 互动回应 专题专栏 2019-03-18 00:00 来源： 字体： 华北监能市场〔2019〕117号 国家电网华北分部，国网北京市、天津市、河北省 | 一、华北电力调峰辅助服务市场自试运行以来，充分发挥了市场资源优化配置作用，有力促进了华北电网新能源消纳；,规则词典_v1,待人工复核,2026-05-05 01:24:21
AUTO-20260502-94ED2262D3,华北能源监管局关于公示内蒙古电力调峰辅助服务市场模拟运行试结算报告的公告,2019-04-09,,华北区域,监管规则,现行有效,机器抽取,命令控制;市场机制;技术标准;信息披露;监管执法,准入条件;并网约束;履约约束;信息约束;消纳约束,补偿收益;试点示范,电网企业;发电企业;新能源企业;储能企业;电力用户,发电;输配电;用电;调度运行;辅助服务;现货市场,市场形成价格;偏差价格,辅助服务交易,偏差结算;分摊机制,运行考核;偏差考核,新能源消纳,储能,收益机制明确;成本疏导;并网条件影响;市场风险暴露;项目准入影响,辅助服务收益,价格波动;偏差风险;并网消纳风险;合规监管风险,华北能源监管局关于公示内蒙古电力调峰辅助服务市场模拟运行试结算报告的公告 国家能源局派出机构 国家能源局华北监管局 华北区域 监管规则 辅助服务; | 结算 华北能源监管局关于公示内蒙古电力调峰辅助服务市场模拟运行试结算报告的公告 2019-04-09 华北能源监管局关于公示内蒙古电力调峰辅助服务市场模拟运行试结算报告的公告 设为首页 工作邮箱 机构概览 动态要闻 信息公开 在线办事 互动回应 专题专栏 2019-04-09 10:19 来源： 字体： 华北能源监管局关于公示内蒙古电力调峰辅助服务市场模拟运 | 根据模拟运行试结算期间的市场运行情 况，我局组织编制了《内蒙古电力调峰辅助服务市场模拟运行试 — 2 — 结算报告》。,规则词典_v1,待人工复核,2026-05-05 01:24:21
AUTO-20260502-602A69864D,华北能源监管局关于征求蒙西电力市场交易规则意见的函,2019-04-28,华北监能市场〔2019〕165号,华北区域,监管规则,现行有效,机器抽取,命令控制;市场机制;规划引导;信息披露;监管执法,信息约束,试点示范,发电企业,发电;现货市场,,,,,,,市场风险暴露;项目准入影响,,政策状态风险;合规监管风险,华北能源监管局关于征求蒙西电力市场交易规则意见的函 国家能源局派出机构 国家能源局华北监管局 华北区域 监管规则 电力市场 电力市场; | 交易规则 华北能源监管局关于征求蒙西电力市场交易规则意见的函 2019-04-28 华北能源监管局关于征求蒙西电力市场交易规则意见的函 华北能源监管局关于征求蒙西电力市场交易规则意见的函 设为首页 工作邮箱 机构概览 动态要闻 信息公开 在线办事 互动回应 专题专栏 2019-04-28 00:00 来源： 字体： 华北监能市场〔2019〕165号 内蒙古自 | 请于5月10日（星期五）17时前将反馈意见电子版和书面意见报送我局。,规则词典_v1,待人工复核,2026-05-05 01:24:21
AUTO-20260502-2B57477E38,华北能源监管局关于印发蒙西电力市场系列规则的通知,2019-06-13,,华北区域,监管规则,现行有效,机器抽取,命令控制;市场机制;规划引导;财政金融;技术标准;信息披露;监管执法,准入条件;并网约束;履约约束;信息约束;消纳约束,补偿收益;价格激励;绿色激励;试点示范,电网企业;发电企业;新能源企业;售电公司;电力用户;交易机构,发电;输配电;售电;用电;调度运行;辅助服务;现货市场;中长期市场,上网电价;输配电价;分时电价;市场形成价格;偏差价格,中长期交易;现货交易;辅助服务交易;跨省跨区交易,电费结算;分摊机制;周期结算,信用评价;信息披露考核,绿色低碳;新能源消纳,,收益机制明确;成本疏导;并网条件影响;市场风险暴露;项目准入影响,辅助服务收益,价格波动;偏差风险;并网消纳风险;政策状态风险;合规监管风险,华北能源监管局关于印发蒙西电力市场系列规则的通知 国家能源局派出机构 国家能源局华北监管局 华北区域 监管规则 电力市场 电力市场 华北能源监管局关于印发蒙西电力市场系列规则的通知 2019-06-13 华北能源监管局关于印发蒙西电力市场系列规则的通知 .pdf 华北能源监管局关于印发蒙西电力市场系列规则的通知 设为首页 工作邮箱 机构概览 动态要闻 信息公 | 附件：1. 蒙西电力市场运营基本规则（试行） 5. 蒙西电力市场实时电能量现货交易实施细则 2. 蒙西电力市场中长期电能量交易实施细则 （试行） 3. 蒙西电力市场日前电能量现货交易实施细则 4. 蒙西电力市场日内电能量现货交易实施细则 5. 蒙西电力市场实时电能量现货交易实施细则 8. 蒙西电力市场信用评级管理实施细则（试行） 6. 蒙西电力市场结算实施细 | 第二条 本规则名称为《蒙西电力市场运营基本规则（试行）》， 以下简称“规则”。,规则词典_v1,待人工复核,2026-05-05 01:24:21
AUTO-20260502-CFD8C2584A,华北能源监管局关于征求华北电力调峰辅助服务市场运营规则修订意见的函,2019-09-13,,华北区域,监管规则,现行有效,机器抽取,命令控制;市场机制;规划引导;财政金融;信息披露;监管执法,准入条件;并网约束;履约约束;信息约束;消纳约束,补偿收益;绿色激励;试点示范,电网企业;发电企业;新能源企业;储能企业;电力用户,发电;输配电;用电;调度运行;辅助服务;现货市场;中长期市场;绿电绿证,市场形成价格;辅助服务价格;偏差价格,现货交易;辅助服务交易;跨省跨区交易,电费结算;偏差结算;辅助服务结算;分摊机制,运行考核;偏差考核;信息披露考核,新能源消纳,储能,收益机制明确;成本疏导;并网条件影响;市场风险暴露;项目准入影响,辅助服务收益,价格波动;偏差风险;并网消纳风险;政策状态风险;合规监管风险,华北能源监管局关于征求华北电力调峰辅助服务市场运营规则修订意见的函 国家能源局派出机构 国家能源局华北监管局 华北区域 监管规则 辅助服务 运营规则; | 调峰 华北能源监管局关于征求华北电力调峰辅助服务市场运营规则修订意见的函 2019-09-13 华北能源监管局关于征求华北电力调峰辅助服务市场运营规则修订意见的函 华北能源监管局关于征求华北电力调峰辅助服务市场运营规则修订意见的函 设为首页 工作邮箱 机构概览 动态要闻 信息公开 在线办事 互动回应 专题专栏 2019-09-13 00:23 来源： 字体： | 为进一步提高辅助服务市场运行水平，促进 市场运行公开透明，按照我局 4 月份印发的《华北电力调峰辅 助服务市场规则及华北区域“两个细则”修订工作方案》的部 助服务市场规则及华北区域“两个细则”修订工作方案》的部 署，华北能源监管局牵头组织了由域内主要发电集团 、电网企 业及科研单位组成的工作组，对《华北电力调峰辅助服务市场 运营规则》部分条款进行了修订。,规则词典_v1,待人工复核,2026-05-05 01:24:21
AUTO-20260502-635E7480F1,华北能源监管局关于修订蒙西电网“两个细则”部分条款的通知,2019-09-30,华北监能市场〔2019〕258号,华北区域,监管规则,现行有效,机器抽取,命令控制;财政金融;技术标准;信息披露;监管执法,并网约束;信息约束;消纳约束,补偿收益;试点示范,发电企业,发电;输配电;调度运行;辅助服务;现货市场,,辅助服务交易,,运行考核;信息披露考核,,,收益机制明确;并网条件影响,辅助服务收益,并网消纳风险;政策状态风险;合规监管风险,华北能源监管局关于修订蒙西电网“两个细则”部分条款的通知 国家能源局派出机构 国家能源局华北监管局 华北区域 监管规则 电网 电网 华北能源监管局关于修订蒙西电网“两个细则”部分条款的通知 2019-09-30 华北能源监管局关于修订蒙西电网“两个细则”部分条款的通知 华北能源监管局关于修订蒙西电网“两个细则”部分条款的通知 设为首页 工作邮箱 机构概览 动 | 根据蒙西电网《内蒙古电网并网发电厂辅助服务管理实施细则（试行）》及《内蒙古电网发电厂并网运行管理实施细则（试行）》（简称“两个细则”）试运行实际情况，我局组织修订了“两个细则”部分条款，在公开征求意见并充分考虑各方意见和建议基础上形成修订内容，现予印发，相关条款自2019年10月1日起在蒙西电网实施，请认真遵照执行。 | 为稳妥推进蒙西电网“两个细则”修订条款贯彻实施，现就有关事项通知如下： 一、提高认识，加强管理。,规则词典_v1,待人工复核,2026-05-05 01:24:21
AUTO-20260502-6A681BBFA9,华北能源监管局关于征求《河北南网电力调峰辅助服务市场运营规则》意见的函,2019-10-22,,华北区域,监管规则,现行有效,机器抽取,命令控制;市场机制;财政金融;信息披露;监管执法,准入条件;并网约束;履约约束;信息约束;消纳约束,补偿收益;绿色激励;试点示范,电网企业;发电企业;新能源企业;电力用户;交易机构,发电;输配电;用电;调度运行;辅助服务;现货市场,输配电价;市场形成价格;辅助服务价格;偏差价格,现货交易;辅助服务交易,电费结算;偏差结算;辅助服务结算;分摊机制,运行考核;偏差考核,新能源消纳,,收益机制明确;成本疏导;并网条件影响;市场风险暴露;项目准入影响,辅助服务收益,价格波动;偏差风险;并网消纳风险;政策状态风险;合规监管风险,华北能源监管局关于征求《河北南网电力调峰辅助服务市场运营规则》意见的函 国家能源局派出机构 国家能源局华北监管局 华北区域 监管规则 辅助服务 运营规则; | 调峰 华北能源监管局关于征求《河北南网电力调峰辅助服务市场运营规则》意见的函 2019-10-22 华北能源监管局关于征求《河北南网电力调峰辅助服务市场运营规则》意见的函 华北能源监管局关于征求《河北南网电力调峰辅助服务市场运营规则》意见的函 设为首页 工作邮箱 机构概览 动态要闻 信息公开 在线办事 互动回应 专题专栏 2019-10-22 01:15 来 | 附件：河北南部电网调峰辅助服务市场运营规则 （征求意 附件：河北南部电网调峰辅助服务市场运营规则 （征求意 见稿） 2019 年 10 月 17 日 （联系方式：010-51968578，lvljc@nea.gov.cn） — 2 — 河北南部电网电力 第一条 为建立辅助服务市场化新机制，发挥市场在调峰 调峰辅助服务市场运营规则 （送审稿） 第一章 总则 第,规则词典_v1,待人工复核,2026-05-05 01:24:21
AUTO-20260502-342ED97968,华北能源监管局关于开展河北南网电力调峰辅助服务市场模拟运行的通知,2019-11-15,国能发监管〔2017〕67号,华北区域,监管规则,现行有效,机器抽取,命令控制;市场机制;财政金融;信息披露;监管执法,准入条件;并网约束;信息约束;消纳约束,补偿收益;试点示范,发电企业,发电;输配电;调度运行;辅助服务,,辅助服务交易,分摊机制,,,,收益机制明确;成本疏导;项目准入影响,辅助服务收益,合规监管风险,华北能源监管局关于开展河北南网电力调峰辅助服务市场模拟运行的通知 国家能源局派出机构 国家能源局华北监管局 华北区域 监管规则 辅助服务 辅助服务; | 调峰 华北能源监管局关于开展河北南网电力调峰辅助服务市场模拟运行的通知 2019-11-15 华北能源监管局关于开展河北南网电力调峰辅助服务市场模拟运行的通知 设为首页 工作邮箱 机构概览 动态要闻 信息公开 在线办事 互动回应 专题专栏 2019-11-15 00:00 来源： 字体： 国网河北省电力有限公司，河北南网各有关发电企业： 按照《国家能源局关于 | 在征求各方意见并加以完善后，形成《规则》模拟运行版。,规则词典_v1,待人工复核,2026-05-05 01:24:21
AUTO-20260502-104BC7F6EB,福建能源监管办关于印发《福建省电力调频辅助服务市场交易规则（试行）（2019年修订版）》的通知（闽监能市场〔2019〕113 号）,2020-01-03,闽监能市场〔2019〕113号,福建,监管规则,试行,机器抽取,命令控制;市场机制;财政金融;技术标准;信息披露;监管执法,准入条件;并网约束;履约约束;信息约束;消纳约束,补偿收益;价格激励;试点示范,电网企业;发电企业;新能源企业;储能企业;售电公司;电力用户;交易机构,发电;输配电;售电;用电;调度运行;辅助服务;现货市场,上网电价;输配电价;市场形成价格;容量价格;辅助服务价格;偏差价格,辅助服务交易;容量交易,电费结算;偏差结算;辅助服务结算;分摊机制;周期结算,偏差考核;信息披露考核,,储能,收益机制明确;成本疏导;并网条件影响;市场风险暴露;项目准入影响,辅助服务收益,价格波动;偏差风险;并网消纳风险;政策状态风险;合规监管风险,福建能源监管办关于印发《福建省电力调频辅助服务市场交易规则（试行）（2019年修订版）》的通知（闽监能市场〔2019〕113 号） 国家能源局福建监管办公室 国家能源局福建监管办公室 福建 监管规则 辅助服务 交易规则; | 调频 福建能源监管办关于印发《福建省电力调频辅助服务市场交易规则（试行）（2019年修... 2020-01-03； | OCR文本待人工复核 福建能源监管办关于印发《福建省电力调频辅助服务市场交易规则（试行）（2019年修订版）》的通知（闽监能市场〔2019〕113 号）_国家能源局福建监管办公室 设为首页 工作邮箱 机构概览 动态要闻 信息公开 在线办事 互动回应 专题专栏 福建能源监管办关于印发《福建省电力调频辅助服务市场交易规则（试行）（2019年修订版）》的通知（闽监,规则词典_v1,待人工复核,2026-05-05 01:24:21
AUTO-20260502-DA8C7B1FD4,华北能源监管局关于公开征求京津唐电网电力中长期交易结算规则意见的公告,2020-11-20,,华北区域,监管规则,征求意见,机器抽取,命令控制;市场机制;技术标准;信息披露;监管执法,信息约束,,,输配电;现货市场;中长期市场,,中长期交易,,,,,,,政策状态风险;合规监管风险,华北能源监管局关于公开征求京津唐电网电力中长期交易结算规则意见的公告 国家能源局派出机构 国家能源局华北监管局 华北区域 监管规则 电网; | 电网 华北能源监管局关于公开征求京津唐电网电力中长期交易结算规则意见的公告 2020-11-20 华北能源监管局关于公开征求京津唐电网电力中长期交易结算规则意见的公告 华北能源监管局关于公开征求京津唐电网电力中长期交易结算规则意见的公告 设为首页 工作邮箱 机构概览 动态要闻 信息公开 在线办事 互动回应 专题专栏 2020-11-20 00:00 来源：  | 请于11月26日前将反馈意见发至我局邮箱schbj@nea.gov.cn。,规则词典_v1,待人工复核,2026-05-05 01:24:21
AUTO-20260502-FD0E0EB601,关于征求《四川自动发电控制辅助服务市场交易细则（试行）（2020年修订版）》（征求意见稿）意见的函,2020-12-09,,四川,监管规则,试行,机器抽取,命令控制;市场机制;财政金融;技术标准;信息披露;监管执法,准入条件;并网约束;履约约束;信息约束;消纳约束,补偿收益;价格激励;试点示范,发电企业;新能源企业;储能企业;电力用户;交易机构,发电;输配电;用电;调度运行;辅助服务;现货市场;中长期市场,上网电价;市场形成价格;偏差价格,中长期交易;辅助服务交易,偏差结算;分摊机制,运行考核;偏差考核,,储能,收益机制明确;成本疏导;并网条件影响;市场风险暴露;项目准入影响,辅助服务收益,偏差风险;并网消纳风险;政策状态风险;合规监管风险,关于征求《四川自动发电控制辅助服务市场交易细则（试行）（2020年修订版）》（征求意见稿）意见的函 国家能源局四川监管办公室 国家能源局四川监管办公室 四川 监管规则 辅助服务 辅助服务 关于征求《四川自动发电控制辅助服务市场交易细则（试行）（2020年修订版）》（征... 2020-12-09； | OCR文本待人工复核 关于征求《四川自动发电控制辅助服务市场交易细则（试行）（2020年修订版）》（征求意见稿）意见的函_国家能源局四川监管办公室 设为首页 工作邮箱 机构概览 动态要闻 信息公开 在线办事 互动回应 专题专栏 关于征求《四川自动发电控制辅助服务市场交易细则（试行）（2020年修订版）》（征求意见稿）意见的函 2020-12-09 15:55 | 请于2020年12月6日之前将有关意见通过传真、电子邮件等形 式反馈至四川能源监管办（市场监管处）。,规则词典_v1,待人工复核,2026-05-05 01:24:21
AUTO-20260502-3D0367B587,关于印发《四川电力中长期交易规则》的通知,2021-02-09,,四川,监管规则,现行有效,机器抽取,命令控制;市场机制;规划引导;财政金融;技术标准;信息披露;监管执法,准入条件;并网约束;履约约束;信息约束;消纳约束,补偿收益;价格激励;绿色激励;试点示范,电网企业;发电企业;新能源企业;储能企业;售电公司;电力用户;交易机构,发电;输配电;售电;用电;调度运行;辅助服务;现货市场;中长期市场,上网电价;输配电价;分时电价;市场形成价格;容量价格;辅助服务价格;偏差价格,中长期交易;现货交易;辅助服务交易;容量交易;跨省跨区交易,电费结算;偏差结算;辅助服务结算;分摊机制,偏差考核;信用评价;信息披露考核,,储能;电网规划,收益机制明确;成本疏导;并网条件影响;市场风险暴露;项目准入影响,辅助服务收益,价格波动;偏差风险;并网消纳风险;政策状态风险;合规监管风险,关于印发《四川电力中长期交易规则》的通知 国家能源局四川监管办公室 国家能源局四川监管办公室 四川 监管规则 中长期 交易规则; | 中长期 关于印发《四川电力中长期交易规则》的通知 2021-02-09； | OCR文本待人工复核 关于印发《四川电力中长期交易规则》的通知 关于印发《四川电力中长期交易规则》的通知_国家能源局四川监管办公室 设为首页 工作邮箱 机构概览 动态要闻 信息公开 在线办事 互动回应 专题专栏 关于印发《四川电力中长期交易规则》的通知 2021-02-09 10:17 来源：四川能源监管办 字体： /upload/file/20210209,规则词典_v1,待人工复核,2026-05-05 01:24:21
AUTO-20260502-3CD55C11B6,关于印发《四川电力中长期交易规则》的通知,2021-02-09,,四川,监管规则,现行有效,机器抽取,命令控制;市场机制;规划引导;财政金融;技术标准;信息披露;监管执法,准入条件;并网约束;履约约束;信息约束;消纳约束,补偿收益;价格激励;绿色激励;试点示范,电网企业;发电企业;新能源企业;储能企业;售电公司;电力用户;交易机构,发电;输配电;售电;用电;调度运行;辅助服务;现货市场;中长期市场,上网电价;输配电价;分时电价;市场形成价格;容量价格;辅助服务价格;偏差价格,中长期交易;现货交易;辅助服务交易;容量交易;跨省跨区交易,电费结算;偏差结算;辅助服务结算;分摊机制,偏差考核;信用评价;信息披露考核,,储能;电网规划,收益机制明确;成本疏导;并网条件影响;市场风险暴露;项目准入影响,辅助服务收益,价格波动;偏差风险;并网消纳风险;政策状态风险;合规监管风险,关于印发《四川电力中长期交易规则》的通知 国家能源局四川监管办公室 国家能源局四川监管办公室 四川 监管规则 中长期 交易规则; | 中长期 关于印发《四川电力中长期交易规则》的通知 2021-02-09； | OCR文本待人工复核 关于印发《四川电力中长期交易规则》的通知 关于印发《四川电力中长期交易规则》的通知_国家能源局四川监管办公室 设为首页 工作邮箱 机构概览 动态要闻 信息公开 在线办事 互动回应 专题专栏 关于印发《四川电力中长期交易规则》的通知 2021-02-09 10:17 来源：四川能源监管办 字体： /upload/file/20210209,规则词典_v1,待人工复核,2026-05-05 01:24:21
AUTO-20260502-3309DC7CA7,关于开展电力市场交易规则体系建设情况调研的函,2021-05-12,,南方区域,监管规则,现行有效,机器抽取,命令控制;市场机制;信息披露;监管执法,并网约束;信息约束;消纳约束,,储能企业;交易机构,调度运行;辅助服务;现货市场;中长期市场,,中长期交易;辅助服务交易,,信息披露考核,,储能,收益机制明确;市场风险暴露,辅助服务收益,合规监管风险,关于开展电力市场交易规则体系建设情况调研的函 国家能源局派出机构 国家能源局南方监管局 南方区域 监管规则 电力市场 电力市场; | 规则体系 关于开展电力市场交易规则体系建设情况调研的函 2021-05-12 关于开展电力市场交易规则体系建设情况调研的函 关于开展电力市场交易规则体系建设情况调研的函 设为首页 工作邮箱 机构概览 动态要闻 信息公开 在线办事 互动回应 专题专栏 2021-05-12 15:00 来源： SYN 字体： 附件： 2.关于开展电力市场交易规则体系建设情况调研 | 3.广东电力现货市场建设思路和试运行情况；,规则词典_v1,待人工复核,2026-05-05 01:24:21
AUTO-20260502-D90E15BDC5,关于印发《南方区域电力市场监管实施办法（试行）》的通知,2021-10-26,南方监能市场〔2021〕156号,南方区域,监管规则,试行,机器抽取,命令控制;市场机制;技术标准;信息披露;监管执法,准入条件;并网约束;履约约束;信息约束,试点示范,电网企业;发电企业;储能企业;售电公司;电力用户;交易机构;微电网主体,发电;输配电;售电;用电;调度运行;辅助服务;现货市场;中长期市场,输配电价,中长期交易;现货交易;辅助服务交易;跨省跨区交易,电费结算,信息披露考核;监管处罚,,储能;电网规划,收益机制明确;成本疏导;并网条件影响;市场风险暴露;项目准入影响,辅助服务收益;园区微电网,价格波动;并网消纳风险;政策状态风险;合规监管风险,关于印发《南方区域电力市场监管实施办法（试行）》的通知 国家能源局派出机构 国家能源局南方监管局 南方区域 监管规则 电力市场 电力市场; | 市场监管 关于印发《南方区域电力市场监管实施办法（试行）》的通知 2021-10-26 关于印发《南方区域电力市场监管实施办法（试行）》的通知 关于印发《南方区域电力市场监管实施办法（试行）》的通知 设为首页 工作邮箱 机构概览 动态要闻 信息公开 在线办事 互动回应 专题专栏 2021-10-26 08:53 来源： SYN 字体： 附件： 1.南方监能市 | 监管实施办法（试行）》，现印发给你们，请遵照执行。,规则词典_v1,待人工复核,2026-05-05 01:24:21
AUTO-20260502-08415C6396,南方能源监管局审定发布2022年南方（以广东起步）现货市场试运行市场规则体系,2022-01-19,,南方区域,监管规则,现行有效,机器抽取,命令控制;市场机制;规划引导;财政金融;技术标准;信息披露;监管执法,准入条件;并网约束;履约约束;信息约束;消纳约束,补偿收益;价格激励;绿色激励;试点示范,电网企业;发电企业;新能源企业;储能企业;售电公司;电力用户;交易机构;虚拟电厂;微电网主体,发电;输配电;售电;用电;调度运行;辅助服务;现货市场;中长期市场,上网电价;输配电价;市场形成价格;容量价格;偏差价格,中长期交易;现货交易;辅助服务交易;容量交易;需求响应;跨省跨区交易,电费结算;偏差结算;分摊机制;周期结算,偏差考核;信息披露考核,,新型电力系统;储能;电网规划;虚拟电厂,收益机制明确;成本疏导;并网条件影响;市场风险暴露;项目准入影响,聚合交易;辅助服务收益;园区微电网,价格波动;偏差风险;并网消纳风险;政策状态风险;合规监管风险,南方能源监管局审定发布2022年南方（以广东起步）现货市场试运行市场规则体系 国家能源局派出机构 国家能源局南方监管局 南方区域 监管规则 电力市场; | 现货 南方能源监管局审定发布2022年南方（以广东起步）现货市场试运行市场规则体系 2022-01-19 南方能源监管局审定发布2022年南方（以广东起步）现货市场试运行市场规则体系 设为首页 工作邮箱 机构概览 动态要闻 信息公开 在线办事 互动回应 专题专栏 2022-01-19 14:06 来源： SYN 字体： 近日，南方能源监管局印发 《关于南方（ | 该规则体系包括 该规则体系包括 《广东电力市场运营规则》和《广东电力市场现货电能量交易实施细则》《广东电力市场中长期电能量交易实施细则》《广东电力市场现货结算实施细则》《广东电力市场注册管理实施细则》《广东电力市场信息披露管理实施细则》等 争议处理、市场规则管理等内容，搭建了市场运营管理制度的基础框架。,规则词典_v1,待人工复核,2026-05-05 01:24:21
AUTO-20260502-78DE621070,关于四川电网第三监管周期输配电价及有关事项的通知（川发改价格〔2023〕233号）,2023-05-29,川发改价格〔2023〕233号,四川,官方政策,现行有效,机器抽取,命令控制;市场机制;财政金融;技术标准;信息披露;监管执法,履约约束;信息约束,补偿收益;价格激励;试点示范,电网企业;储能企业;电力用户;微电网主体,输配电;售电;用电;调度运行;辅助服务,上网电价;输配电价;容量价格;辅助服务价格,辅助服务交易,电费结算;辅助服务结算;分摊机制,,,储能;电网规划,收益机制明确;成本疏导,辅助服务收益;园区微电网,合规监管风险,关于四川电网第三监管周期输配电价及有关事项的通知（川发改价格〔2023〕233号） 四川省发展和改革委员会 四川省发展和改革委员会 四川 官方政策 电网; | 电网 关于四川电网第三监管周期输配电价及有关事项的通知（川发改价格〔2023〕233号） 关于四川电网第三监管周期输配电价及有关事项的通知（川发改价格〔2023〕233号）_通知公告_四川省发展和改革委员会 便民日历 智能问答 无障碍 个人中心 网站支持ipv6 搜 索 新闻中心 政府信息公开 政务服务 发改工作 党建工作 互动交流 专题专栏 数据发布 基本 | 一、四川电网在第二监管周期供区范围基础上，新增国网珙县供电公司，第三监管周期输配电价标准（附件 一、四川电网在第二监管周期供区范围基础上，新增国网珙县供电公司，第三监管周期输配电价标准（附件 ），原 工商业及其他用电 更名为 工商业用电 ，执行工商业用电价格的用户简称 工商业用户 ，工商业用户执行本通知公布的输配电价表，居民、农业用户继续执行现行目录销售电价,规则词典_v1,待人工复核,2026-05-05 01:24:21
AUTO-20260502-ABF8F264A5,关于印发《上海市绿色电力交易实施方案》的通知,2024-10-17,沪发改能源〔2024〕215号,上海,官方政策,现行有效,机器抽取,命令控制;市场机制;规划引导;财政金融;技术标准;信息披露;监管执法,准入条件;并网约束;履约约束;信息约束;消纳约束,补偿收益;绿色激励;试点示范,电网企业;发电企业;新能源企业;储能企业;售电公司;电力用户;交易机构;微电网主体,发电;输配电;售电;用电;调度运行;辅助服务;现货市场;中长期市场;绿电绿证,市场形成价格;偏差价格,中长期交易;现货交易;绿电交易;辅助服务交易;跨省跨区交易,电费结算;偏差结算;分摊机制;周期结算,偏差考核;信用评价,绿色低碳,储能;分布式光伏,收益机制明确;成本疏导;并网条件影响;市场风险暴露;项目准入影响,自发自用余电上网;聚合交易;绿电消费;辅助服务收益;园区微电网,偏差风险;并网消纳风险;政策状态风险;合规监管风险,关于印发《上海市绿色电力交易实施方案》的通知 上海市发展和改革委员会 上海市发展和改革委员会 上海 官方政策 绿电 电力交易 关于印发《上海市绿色电力交易实施方案》的通知； | OCR文本待人工复核 关于印发《上海市绿色电力交易实施方案》的通知 关于印发《上海市绿色电力交易实施方案》的通知_能源 政务公开 / 决策公开 / 政策文件 / 资源环境 / 能源 关于印发《上海市绿色电力交易实施方案》的通知 (发布日期：2024年10月17日 文号：沪发改能源〔2024〕215号) 各区发展改革委，国网上海市电力公司，上海市电力交易中心， | 上海市发展和改革委员会 上海市经济和信息化委员会 国家能源局华东监管局 2024年10月15日 上海市绿色电力交易实施方案 上海市绿色电力交易实施方案 为加快建立有利于促进绿色能源生产消费的市场体系和长效机制，推进上海绿色电力交易工作有序开展，按照《上海市促进绿色电力消费加快能源低碳转型实施意见》（沪发改能源〔2024〕91号）要求，根据《电力中长期交易基本,规则词典_v1,待人工复核,2026-05-05 01:24:21
AUTO-20260502-70D4C9F4D7,关于印发《上海市配电网升级改造三年行动计划 （2023－2025年）实施方案》的通知,2023-02-01,沪发改能源〔2023〕30号,上海,官方政策,现行有效,机器抽取,命令控制;规划引导;财政金融;信息披露,准入条件;信息约束,试点示范,电网企业;电力用户,发电;输配电;用电;调度运行,输配电价,,,,,源网荷储;电网规划,成本疏导;并网条件影响;项目准入影响,,合规监管风险,关于印发《上海市配电网升级改造三年行动计划 （2023－2025年）实施方案》的通知 上海市发展和改革委员会 上海市发展和改革委员会 上海 官方政策 电网 电网; | 配电网 关于印发《上海市配电网升级改造三年行动计划 （2023－2025年）实施方案》的通知； | OCR文本待人工复核 关于印发《上海市配电网升级改造三年行动计划 （2023－2025年）实施方案》的通知_能源 政务公开 / 决策公开 / 政策文件 / 资源环境 / 能源 关于印发《上海市配电网升级改造三年行动计划 （2023－2025年）实施方案》的通知 (发布日期：2023年02月01日 文号：沪发改能源〔2023〕30号) 各区人民政府，各有关单位,规则词典_v1,待人工复核,2026-05-05 01:24:21
AUTO-20260502-8F611517B8,关于印发《上海市新型电力系统调节能力奖励资金管理办法》的通知,2025-05-16,沪发改规范〔2025〕5号,上海,官方政策,现行有效,机器抽取,命令控制;市场机制;规划引导;财政金融;技术标准;信息披露;监管执法,准入条件;并网约束;履约约束;信息约束,补偿收益;试点示范,电网企业;储能企业;电力用户;交易机构;虚拟电厂,输配电;用电;调度运行;现货市场,,,,信用评价,,新型电力系统;储能;虚拟电厂,收益机制明确;成本疏导;并网条件影响;项目准入影响,自发自用余电上网;聚合交易,并网消纳风险;合规监管风险,关于印发《上海市新型电力系统调节能力奖励资金管理办法》的通知 上海市发展和改革委员会 上海市发展和改革委员会 上海 官方政策 新型电力系统 新型电力系统 关于印发《上海市新型电力系统调节能力奖励资金管理办法》的通知； | OCR文本待人工复核 关于印发《上海市新型电力系统调节能力奖励资金管理办法》的通知 关于印发《上海市新型电力系统调节能力奖励资金管理办法》的通知_规范性文件 政务公开 / 决策公开 / 规范性文件 关于印发《上海市新型电力系统调节能力奖励资金管理办法》的通知 (发布日期：2025年05月16日 文号：沪发改规范〔2025〕5号) 市政府各委、办、局，各有关单 | 上海市发展和改革委员会 上海市经济和信息化委员会 上海市财政局 2025年5月13日 第一条（目的和依据） 上海市新型电力系统调节能力奖励资金管理办法 第一条（目的和依据） 为推动本市新型电力系统建设，加快提升虚拟电厂、电动汽车充放电、新型储能等调节能力，根据《关于加快推动新型储能发展的指导意见》（发改能源规〔2021〕1051号）、《关于加强新能源汽车与电,规则词典_v1,待人工复核,2026-05-05 01:24:21
AUTO-20260502-35862D6B84,关于转发《国家发展改革委关于第三监管周期省级电网输配电价及有关事项的通知》的通知,2023-05-26,沪发改价管〔2023〕19号,上海,官方政策,现行有效,机器抽取,命令控制;市场机制;财政金融;技术标准;信息披露;监管执法,并网约束;履约约束;信息约束,补偿收益;价格激励;试点示范,电网企业;储能企业;电力用户;交易机构;微电网主体,发电;输配电;售电;用电;调度运行;辅助服务;现货市场,上网电价;输配电价;分时电价;容量价格;辅助服务价格,,电费结算;辅助服务结算;分摊机制,,,储能;电网规划,收益机制明确;成本疏导;并网条件影响;市场风险暴露,辅助服务收益;园区微电网,合规监管风险,关于转发《国家发展改革委关于第三监管周期省级电网输配电价及有关事项的通知》的通知 上海市发展和改革委员会 上海市发展和改革委员会 上海 官方政策 电网; | 电网 关于转发《国家发展改革委关于第三监管周期省级电网输配电价及有关事项的通知》的通知； | OCR文本待人工复核 关于转发《国家发展改革委关于第三监管周期省级电网输配电价及有关事项的通知》的通知_价格管理 政务公开 / 决策公开 / 政策文件 / 价格工作 / 价格管理 关于转发《国家发展改革委关于第三监管周期省级电网输配电价及有关事项的通知》的通知 (发布日期：2023年05月26日 文号：沪发改价管〔2023〕19号) 国网上海市电力公司、上海,规则词典_v1,待人工复核,2026-05-05 01:24:21
AUTO-20260502-1C89E2775E,关于转发《国家发展改革委办公厅 国家能源局综合司关于加快推进电力现货市场建设工作的通知》的通知,2022-04-29,沪发改能源〔2022〕100号,上海,官方政策,现行有效,机器抽取,命令控制;市场机制;规划引导;财政金融;技术标准;信息披露;监管执法,准入条件;并网约束;履约约束;信息约束;消纳约束,补偿收益;价格激励;绿色激励;试点示范,电网企业;新能源企业;储能企业;售电公司;电力用户;交易机构;虚拟电厂;微电网主体,发电;输配电;售电;用电;调度运行;辅助服务;现货市场;中长期市场;绿电绿证,分时电价;市场形成价格;偏差价格,中长期交易;现货交易;绿电交易;辅助服务交易;跨省跨区交易,电费结算;偏差结算;分摊机制,偏差考核;信用评价;信息披露考核,新能源消纳;能源安全,微电网;储能;电网规划;虚拟电厂,收益机制明确;成本疏导;并网条件影响;市场风险暴露;项目准入影响,聚合交易;绿电消费;辅助服务收益;园区微电网,价格波动;偏差风险;并网消纳风险;合规监管风险,关于转发《国家发展改革委办公厅 国家能源局综合司关于加快推进电力现货市场建设工作的通知》的通知 上海市发展和改革委员会 上海市发展和改革委员会 上海 官方政策 现货 现货 关于转发《国家发展改革委办公厅 国家能源局综合司关于加快推进电力现货市场建设工作的通知》的通知； | OCR文本待人工复核 关于转发《国家发展改革委办公厅 国家能源局综合司关于加快推进电力现货市场建设工作的通知》的通知_能源 政务公开 / 决策公开 / 政策文件 / 资源环境 / 能源 关于转发《国家发展改革委办公厅 国家能源局综合司关于加快推进电力现货市场建设工作的通知》的通知 (发布日期：2022年04月29日 文号：沪发改能源〔2022〕100号) 各 | 为落实国家和市政府工作部署，更好推进本市电力现货市场建设，现将《通知》转发给你们，有关要求通知如下： 一、充分认识加快推动电力现货市场建设的重要意义。,规则词典_v1,待人工复核,2026-05-05 01:24:21
AUTO-20260502-25191CE6EB,关于转发《国家能源局关于印发的通知》的通知,2021-01-07,沪发改能源〔2021〕3号,上海,官方政策,现行有效,机器抽取,命令控制;规划引导;财政金融;技术标准;信息披露;监管执法,准入条件;并网约束;信息约束;消纳约束,试点示范,电网企业;发电企业;储能企业;电力用户;数据中心,发电;输配电;用电;调度运行;辅助服务;现货市场,输配电价,辅助服务交易,分摊机制,,能源安全,源网荷储;储能;电网规划;电力算力协同,成本疏导;并网条件影响;项目准入影响,辅助服务收益,合规监管风险,关于转发《国家能源局关于印发的通知》的通知 上海市发展和改革委员会 上海市发展和改革委员会 上海 官方政策 电网 电网; | 电网规划 关于转发《国家能源局关于印发<坚强局部电网规划建设实施方案>的通知》的通知； | OCR文本待人工复核 关于转发《国家能源局关于印发<坚强局部电网规划建设实施方案>的通知》的通知_能源 政务公开 / 决策公开 / 政策文件 / 资源环境 / 能源 关于转发《国家能源局关于印发 坚强局部电网规划建设实施方案> 的通知》的通知 坚强局部电网规划建设实施方案> 的通知》的通知 (发布日期：2021年01月07日 文号：沪发改能源〔2021〕3号,规则词典_v1,待人工复核,2026-05-05 01:24:21
AUTO-20260502-570F289F2B,内蒙古自治区能源局 国家能源局华北监管局 内蒙古自治区发展改革委关于蒙西电力现货市场由试运行转入正式运行的通知,2025-02-21,,内蒙古自治区,官方政策,现行有效,机器抽取,命令控制;市场机制;信息披露;监管执法,准入条件;信息约束;消纳约束,绿色激励;试点示范,交易机构,调度运行;现货市场,,,,,绿色低碳;新能源消纳,,并网条件影响;市场风险暴露;项目准入影响,,价格波动;并网消纳风险;合规监管风险,内蒙古自治区能源局 国家能源局华北监管局 内蒙古自治区发展改革委关于蒙西电力现货市场由试运行转入正式运行的通知 内蒙古自治区能源局 内蒙古自治区能源局 内蒙古自治区 官方政策 现货 现货 内蒙古自治区能源局 国家能源局华北监管局 内蒙古自治区发展改革委关于蒙西电力现货市场由试运行转入正式运行的通知 通知公告_ 内蒙古自治区能源局 返回首页 页面放大 页面缩小 | 评估意见认为 024 月，我们 中国电力企业联合会电力建设技术经济咨询中心 蒙西电力现货市场 转正式运行 第三方评估 。 | 评估意见认为 ，蒙西 电力现货市场建设有效推进，市场运行成效明显，发挥了保供应、促消纳、资源优化配置的作用 市场规则体系基本健全，市场运营管理规范，市场技术支持系统功能完备、运行稳定 市场风险防控机制完备，满足转入正式运行条件。,规则词典_v1,待人工复核,2026-05-05 01:24:21
AUTO-20260502-7ECF6F91DA,内蒙古自治区能源局 自治区工业和信息化厅关于印发《内蒙古自治区蒙西电网需求侧响应实施细则（1.0版）》的通知,2022-09-05,发改运行规〔2017〕1690号,内蒙古自治区,官方政策,现行有效,机器抽取,信息披露,并网约束;信息约束,试点示范,电力用户,输配电;用电;调度运行,,,,,,,,,,内蒙古自治区能源局 自治区工业和信息化厅关于印发《内蒙古自治区蒙西电网需求侧响应实施细则（1.0版）》的通知 内蒙古自治区能源局 内蒙古自治区能源局 内蒙古自治区 官方政策 电网 实施细则; | 电网 内蒙古自治区能源局 自治区工业和信息化厅关于印发《内蒙古自治区蒙西电网需求侧响应实施细则（1.0版）》的通知 通知公告_ 内蒙古自治区能源局 返回首页 页面放大 页面缩小 语音播报 大鼠标 退出长者模式 通知公告 内蒙古自治区能源局 自治区工业和信息化厅关于印发《内蒙古自治区蒙西电网需求侧响应实施细则（1.0版）》的通知 发布日期：2022-09-05 | 附件：内蒙古自治区蒙西电网需求侧响应实施细则（1.0版） 附件：内蒙古自治区蒙西电网需求侧响应实施细则（1.0版） 2022年8月31日 （主动公开） 政府网站标识码：1500000091 蒙ICP备19004088号 蒙公网安备 15010502001010号 地址：呼和浩特市赛罕区敕勒川大街发展大厦5号 联系电话：0471-6659443 网站支持IPV,规则词典_v1,待人工复核,2026-05-05 01:24:21
AUTO-20260502-80D4ECD388,北京市经济和信息化局关于印发《北京市新型储能产业发展实施方案（2024—2027年）》的通知,2024-12-05,,北京,官方政策,现行有效,机器抽取,命令控制;市场机制;规划引导;财政金融;技术标准;信息披露;监管执法,准入条件;并网约束;信息约束;消纳约束,绿色激励;试点示范,电网企业;新能源企业;储能企业;电力用户;虚拟电厂;微电网主体;数据中心,发电;输配电;用电;调度运行;现货市场;绿电绿证,输配电价,,,,双碳目标;绿色低碳;能源安全,新型电力系统;源网荷储;微电网;储能;电力算力协同;虚拟电厂,成本疏导;并网条件影响;市场风险暴露;项目准入影响,聚合交易;园区微电网,并网消纳风险;政策状态风险;合规监管风险,北京市经济和信息化局关于印发《北京市新型储能产业发展实施方案（2024—2027年）》的通知 北京市经济和信息化局 北京市经济和信息化局 北京 官方政策 储能 新型储能 北京市经济和信息化局关于印发《北京市新型储能产业发展实施方案（2024—2027年）》的通知 北京市经济和信息化局关于印发《北京市新型储能产业发展实施方案（2024—2027年）》的通知_政 | 2024年12月5日 北京市新型储能产业发展实施方案 北京市新型储能产业发展实施方案 （2024—202 新型储能是构建新型电力系统的重要技术和基础装备，是实现碳达峰碳中和目标的重要支撑，也是催生国内能源新业态、抢占国际战略新高地的重要领域。 | 为贯彻落实《关于加快推动新型储能发展的指导意见》《“十四五”新型储能发展实施方案》《北京市促进未来产业创新发展实施方案》等文件精神，把握产业发展机遇，整合资源优势，推动本市新型储能技术创新与产业发展，特制定本方案。,规则词典_v1,待人工复核,2026-05-05 01:24:21
AUTO-20260502-5CD4474B0A,广东省发展改革委 广东省能源局转发关于进一步推动新型储能参与电力市场和调度运用和“十四五”新型储能发展实施方案的通知,2022-06-24,发改办运行〔2022〕475号,广东,官方政策,现行有效,机器抽取,命令控制;市场机制;规划引导;财政金融;信息披露;监管执法,准入条件;并网约束;履约约束,试点示范,储能企业;交易机构,输配电;调度运行,,,,,,新型电力系统;储能,成本疏导;并网条件影响;市场风险暴露;项目准入影响,,并网消纳风险;政策状态风险;合规监管风险,广东省发展改革委 广东省能源局转发关于进一步推动新型储能参与电力市场和调度运用和“十四五”新型储能发展实施方案的通知 广东省能源局 广东省能源局 广东 官方政策 电力市场; | 新型储能 广东省发展改革委 广东省能源局转发关于进一步推动新型储能参与电力市场和调度运用和“十四五”新型储能发展实施方案的通知06-24 广东省发展和改革委员会 - 广东省发展改革委 广东省能源局转发关于进一步推动新型储能参与电力市场和调度运用和“十四五”新型储能发展实施方案的通知 返回主站 您所在的位置： 广东省能源局 通知公告 广东省发展改革委 广东省能 | 一、请广东电网公司、广东电力交易中心抓紧建立健全适应新型储能发展的市场机制和调度运行机制，推动以市场化方式形成价格，提升储能总体利用水平，促进新型储能良性发展， 一、请广东电网公司、广东电力交易中心抓紧建立健全适应新型储能发展的市场机制和调度运行机制，推动以市场化方式形成价格，提升储能总体利用水平，促进新型储能良性发展，助力新型电力系统建设。,规则词典_v1,待人工复核,2026-05-05 01:24:21
AUTO-20260502-C970B071A7,广东省能源局关于印发广东省推进能源高质量发展实施方案的通知,2023-05-24,,广东,官方政策,现行有效,机器抽取,命令控制;市场机制;规划引导;财政金融;技术标准;信息披露;监管执法,准入条件;并网约束;履约约束;信息约束;消纳约束,绿色激励;试点示范,电网企业;发电企业;新能源企业;储能企业;电力用户;交易机构;虚拟电厂;微电网主体;数据中心,发电;输配电;用电;调度运行;辅助服务;现货市场;中长期市场;绿电绿证,,绿电交易;辅助服务交易;需求响应;跨省跨区交易,,,双碳目标;绿色低碳;新能源消纳;能源安全,新型电力系统;源网荷储;微电网;储能;电网规划;电力算力协同;分布式光伏;虚拟电厂,收益机制明确;成本疏导;并网条件影响;市场风险暴露;项目准入影响,自发自用余电上网;聚合交易;辅助服务收益;园区微电网,偏差风险;并网消纳风险;合规监管风险,广东省能源局关于印发广东省推进能源高质量发展实施方案的通知 广东省能源局 广东省能源局 广东 官方政策 高质量发展 高质量发展 广东省能源局关于印发广东省推进能源高质量发展实施方案的通知05-24 广东省能源局关于印发广东省推进能源高质量发展实施方案的通知 广东省发展和改革委员会 - 广东省能源局关于印发广东省推进能源高质量发展实施方案的通知 返回主站 您所 | 2023年5月22日 广东省推进能源高质量发展实施方案 广东省推进能源高质量发展实施方案 （2023-2025年） 高质量发展是全面建设社会主义现代化国家的首要任务。 | 为贯彻落实省委、省政府关于高质量发展的工作部署，全力推动我省能源高质量发展，特制定本实施方案。,规则词典_v1,待人工复核,2026-05-05 01:24:21
AUTO-20260502-B8AE541F27,关于印发《山东省电力用户与发电企业直接交易规则(试行)》的通知,2014-03-14,,山东,监管规则,试行,机器抽取,命令控制;市场机制;信息披露;监管执法,信息约束,,发电企业;电力用户,发电;用电,,,,,,,,,政策状态风险;合规监管风险,关于印发《山东省电力用户与发电企业直接交易规则(试行)》的通知 国家能源局派出机构 国家能源局山东监管办公室 山东 监管规则 电力市场 交易规则 关于印发《山东省电力用户与发电企业直接交易规则(试行)》的通知 2014-03-14 关于印发《山东省电力用户与发电企业直接交易规则(试行)》的通知 关于印发《山东省电力用户与发电企业直接交易规则(试行)》的通知_,规则词典_v1,待人工复核,2026-05-05 01:24:21
AUTO-20260502-8836090C52,关于修订《山东省电力用户与发电企业直接交易规则》的通知,2015-12-29,,山东,监管规则,现行有效,机器抽取,命令控制;市场机制;信息披露;监管执法,信息约束,,发电企业;电力用户,发电;用电,,,,,,,,,合规监管风险,关于修订《山东省电力用户与发电企业直接交易规则》的通知 国家能源局派出机构 国家能源局山东监管办公室 山东 监管规则 电力市场 交易规则 关于修订《山东省电力用户与发电企业直接交易规则》的通知 2015-12-29 关于修订《山东省电力用户与发电企业直接交易规则》的通知 关于修订《山东省电力用户与发电企业直接交易规则》的通知_国家能源局山东监管办公室 设为首,规则词典_v1,待人工复核,2026-05-05 01:24:21
AUTO-20260502-9D85E1DB7A,关于印发《贵州省电力市场交易规则（试行）》的通知,2016-06-20,,贵州,监管规则,试行,机器抽取,命令控制;市场机制;信息披露;监管执法,信息约束,,,,,,,,,,,,政策状态风险;合规监管风险,关于印发《贵州省电力市场交易规则（试行）》的通知 国家能源局贵州监管办公室 国家能源局贵州监管办公室 贵州 监管规则 电力市场 电力市场; | 交易规则 关于印发《贵州省电力市场交易规则（试行）》的通知 2016-06-20 关于印发《贵州省电力市场交易规则（试行）》的通知 关于印发《贵州省电力市场交易规则（试行）》的通知 设为首页 工作邮箱 机构概览 动态要闻 信息公开 在线办事 互动回应 专题专栏 2016-06-20 17:17 来源： 字体： /ckfinder/userfiles/file,规则词典_v1,待人工复核,2026-05-05 01:24:21
AUTO-20260502-BD7CBEE06E,关于转发《国家发展改革委 国家能源局关于印发的通知》的通知,2017-02-22,,新疆,监管规则,现行有效,机器抽取,命令控制;市场机制;信息披露;监管执法,信息约束,,,中长期市场,,中长期交易,,,,,,,政策状态风险;合规监管风险,关于转发《国家发展改革委 国家能源局关于印发的通知》的通知 国家能源局新疆监管办公室 国家能源局新疆监管办公室 新疆 监管规则 中长期 中长期 关于转发《国家发展改革委 国家能源局关于印发<电力中长期交易基本规则（暂行）>的通知》的通知 2017-02-22 关于转发《国家发展改革委 国家能源局关于印发<电力中长期交易基本规则（暂行）>的通知》的通知 设为首,规则词典_v1,待人工复核,2026-05-05 01:24:21
AUTO-20260502-82EA1B2BDB,关于修订2017年电力直接交易规则的通知,2017-03-09,,山东,监管规则,现行有效,机器抽取,命令控制;市场机制;信息披露;监管执法,准入条件;履约约束;信息约束,价格激励;试点示范,发电企业;售电公司;电力用户;交易机构,发电;售电;用电;现货市场;中长期市场,上网电价;分时电价;市场形成价格;偏差价格,中长期交易,电费结算;偏差结算;分摊机制,偏差考核,,,成本疏导;市场风险暴露;项目准入影响,,偏差风险;政策状态风险;合规监管风险,"关于修订2017年电力直接交易规则的通知 国家能源局派出机构 国家能源局山东监管办公室 山东 监管规则 电力市场 交易规则 关于修订2017年电力直接交易规则的通知 2017-03-09 关于修订2017年电力直接交易规则的通知 关于修订2017年电力直接交易规则的通知_国家能源局山东监管办公室 设为首页 工作邮箱 机构概览 动态要闻 信息公开 在线办事 互 | 参与电力直接交易的用户 , 交易的需要,现对我省 2017年电力直接交易规则修订如下: 一、用户和售电企业的市场准入。 | 参与电力直接交易的用户 , 按照省经济和信息化委确定的 ⒛17年准入条件确定。",规则词典_v1,待人工复核,2026-05-05 01:24:21
AUTO-20260502-16C823ACD2,关于印发《新疆电力辅助服务市场运营规则（试行）》的通知,2017-09-28,,新疆,监管规则,试行,机器抽取,命令控制;市场机制;规划引导;财政金融;技术标准;信息披露;监管执法,准入条件;并网约束;履约约束;信息约束;消纳约束,补偿收益;价格激励;试点示范,电网企业;发电企业;新能源企业;储能企业;售电公司;电力用户;交易机构,发电;输配电;售电;用电;调度运行;辅助服务;现货市场;中长期市场,上网电价;市场形成价格;辅助服务价格,中长期交易;现货交易;辅助服务交易;跨省跨区交易,电费结算;辅助服务结算;分摊机制;周期结算,,新能源消纳,储能,收益机制明确;成本疏导;并网条件影响;市场风险暴露;项目准入影响,辅助服务收益,价格波动;偏差风险;并网消纳风险;政策状态风险;合规监管风险,关于印发《新疆电力辅助服务市场运营规则（试行）》的通知 国家能源局新疆监管办公室 国家能源局新疆监管办公室 新疆 监管规则 辅助服务 运营规则; | 辅助服务 关于印发《新疆电力辅助服务市场运营规则（试行）》的通知 2017-09-28； | OCR文本待人工复核 关于印发《新疆电力辅助服务市场运营规则（试行）》的通知.pdf 关于印发《新疆电力辅助服务市场运营规则（试行）》的通知 设为首页 工作邮箱 机构概览 动态要闻 信息公开 在线办事 互动回应 2017-09-28 17:24 来源： 字体： 关于印发《新疆电力辅助服务市场运营规则（试行）》的通知.pdf 新疆电力辅助服务市场运营规则（试行,规则词典_v1,待人工复核,2026-05-05 01:24:21
AUTO-20260502-D4AAD508AA,关于印发《江苏省电力中长期交易规则（暂行）》的通知,2017-11-02,,江苏,监管规则,现行有效,机器抽取,命令控制;市场机制;信息披露;监管执法,信息约束,,售电公司;电力用户;交易机构,发电;售电;用电;中长期市场,,中长期交易,,,,,,,政策状态风险;合规监管风险,关于印发《江苏省电力中长期交易规则（暂行）》的通知 国家能源局江苏监管办公室 国家能源局江苏监管办公室-通知 江苏 监管规则 中长期 交易规则; | 中长期 关于印发《江苏省电力中长期交易规则（暂行）》的通知 2017-11-02 关于印发《江苏省电力中长期交易规则（暂行）》的通知 关于印发《江苏省电力中长期交易规则（暂行）》的通知_国家能源局江苏监管办公室 设为首页 工作邮箱 机构概览 动态要闻 信息公开 在线办事 互动回应 专题专栏 关于印发《江苏省电力中长期交易规则（暂行）》的通知 2017-11- | 江苏电力中长期交易规则.doc 江苏电力中长期交易规则.doc 国家能源局江苏监管办公室 江苏省经济和信息化委员会 江苏省发展和改革委员会 江苏省物价局 2017年10月30日 扫一扫在手机打开当前页 地址: 南京市中山路268号汇杰广场21楼 邮编:210008 京公网安备 11010202007691 网站标识码: bm62000019号 京ICP备11,规则词典_v1,待人工复核,2026-05-05 01:24:21
AUTO-20260502-C0039114F9,福建能源监管办关于征求《福建省电力市场交易规则(试行)》拟修订和补充条款意见的函（闽监能函〔2018〕148 号）,2018-10-19,闽监能函〔2018〕148号,福建,监管规则,试行,机器抽取,命令控制;市场机制;信息披露;监管执法,信息约束,,电力用户;交易机构,用电,,,,,,,,,政策状态风险;合规监管风险,福建能源监管办关于征求《福建省电力市场交易规则(试行)》拟修订和补充条款意见的函（闽监能函〔2018〕148 号） 国家能源局福建监管办公室 国家能源局福建监管办公室 福建 监管规则 电力市场 电力市场; | 交易规则 福建能源监管办关于征求《福建省电力市场交易规则(试行)》拟修订和补充条款意见的... 2018-10-19； | OCR文本待人工复核 福建能源监管办关于征求《福建省电力市场交易规则(试行)》拟修订和补充条款意见的函（闽监能函〔2018〕148 号）_国家能源局福建监管办公室 设为首页 工作邮箱 机构概览 动态要闻 信息公开 在线办事 互动回应 专题专栏 福建能源监管办关于征求《福建省电力市场交易规则(试行)》拟修订和补充条款意见的函（闽监能函〔2018〕148 号） ,规则词典_v1,待人工复核,2026-05-05 01:24:21
AUTO-20260502-936B478D1F,关于做好2019年电力市场化交易注册绑定有关工作的通知,2018-10-29,,江苏,监管规则,现行有效,机器抽取,命令控制;市场机制;规划引导;技术标准;信息披露;监管执法,准入条件;履约约束;信息约束,试点示范,电网企业;售电公司;电力用户;交易机构,输配电;售电;用电;现货市场;中长期市场,输配电价,中长期交易,,,,,市场风险暴露;项目准入影响,,政策状态风险;合规监管风险,关于做好2019年电力市场化交易注册绑定有关工作的通知 国家能源局江苏监管办公室 国家能源局江苏监管办公室-通知 江苏 监管规则 电力市场 电力市场; | 注册 关于做好2019年电力市场化交易注册绑定有关工作的通知 2018-10-29 关于做好2019年电力市场化交易注册绑定有关工作的通知_国家能源局江苏监管办公室 设为首页 工作邮箱 机构概览 动态要闻 信息公开 在线办事 互动回应 专题专栏 关于做好2019年电力市场化交易注册绑定有关工作的通知 2018-10-29 10:04 来源：江苏能源监管办 字 | 原三方合同尚在有效期内的，各方协商一致后可继续执行。,规则词典_v1,待人工复核,2026-05-05 01:24:21
AUTO-20260502-5359AA8284,华北能源监管局关于印发《冀北电网集中式光伏扶贫电站优先调度实施细则（试行）》的通知,2018-11-05,华北监能市场〔2018〕489号,华北区域,监管规则,试行,机器抽取,命令控制;信息披露;监管执法,并网约束;信息约束;消纳约束,绿色激励;试点示范,发电企业;新能源企业,发电;输配电;调度运行,,,,,新能源消纳,,并网条件影响,,并网消纳风险;政策状态风险;合规监管风险,华北能源监管局关于印发《冀北电网集中式光伏扶贫电站优先调度实施细则（试行）》的通知 国家能源局派出机构 国家能源局华北监管局 华北区域 监管规则 电网; | 电网 华北能源监管局关于印发《冀北电网集中式光伏扶贫电站优先调度实施细则（试行）》... 2018-11-05 华北能源监管局关于印发《冀北电网集中式光伏扶贫电站优先调度实施细则（试行）》的通知 设为首页 工作邮箱 机构概览 动态要闻 信息公开 在线办事 互动回应 专题专栏 2018-11-05 10:35 来源： 字体： 华北监能市场〔2018〕489号  | 经向有关电力企业征求意见，现予印发，请相关单位于2018年11月1日起执行。,规则词典_v1,待人工复核,2026-05-05 01:24:21
AUTO-20260502-5B0D55E3A4,关于印发《新疆区域新能源发电企业与燃煤自备电厂调峰替代交易实施细则（暂行）》补充条款的通知,2018-11-26,,新疆,监管规则,现行有效,机器抽取,命令控制;市场机制;技术标准;信息披露;监管执法,准入条件;并网约束;履约约束;信息约束;消纳约束,,电网企业;发电企业;新能源企业;电力用户;交易机构,发电;输配电;用电;调度运行;辅助服务;现货市场;中长期市场,,中长期交易;辅助服务交易,电费结算;分摊机制,,新能源消纳,,收益机制明确;成本疏导;并网条件影响;项目准入影响,辅助服务收益,并网消纳风险;政策状态风险;合规监管风险,关于印发《新疆区域新能源发电企业与燃煤自备电厂调峰替代交易实施细则（暂行）》补充条款的通知 国家能源局新疆监管办公室 国家能源局新疆监管办公室 新疆 监管规则 辅助服务; | 调峰 关于印发《新疆区域新能源发电企业与燃煤自备电厂调峰替代交易实施细则（暂行）》补充条款的通知 2018-11-26； | OCR文本待人工复核 关于印发《新疆区域新能源发电企业与燃煤自备电厂调峰替代交易实施细则（暂行）》补充条款的通知 设为首页 工作邮箱 机构概览 动态要闻 信息公开 在线办事 互动回应 2018-11-26 18:15 来源： 字体： 关于印发《新疆区域新能源发电企业与燃煤自备电厂调峰替代交易实施细则（暂行）》补充条款的通知.pdf 附件：《新疆区域新能源发电,规则词典_v1,待人工复核,2026-05-05 01:24:21
AUTO-20260502-2950343FAA,关于印发《新疆区域电力市场信息披露实施细则（试行）》的通知,2018-12-06,,新疆,监管规则,试行,机器抽取,命令控制;市场机制;规划引导;财政金融;技术标准;信息披露;监管执法,准入条件;并网约束;履约约束;信息约束;消纳约束,补偿收益;价格激励;绿色激励;试点示范,电网企业;发电企业;新能源企业;售电公司;电力用户;交易机构,发电;输配电;售电;用电;调度运行;辅助服务;现货市场;中长期市场,上网电价;输配电价;市场形成价格;偏差价格,中长期交易;现货交易;辅助服务交易;跨省跨区交易,偏差结算;辅助服务结算;分摊机制,运行考核;偏差考核;信用评价;信息披露考核;监管处罚,,电网规划,收益机制明确;成本疏导;并网条件影响;市场风险暴露;项目准入影响,辅助服务收益,价格波动;偏差风险;并网消纳风险;政策状态风险;合规监管风险,关于印发《新疆区域电力市场信息披露实施细则（试行）》的通知 国家能源局新疆监管办公室 国家能源局新疆监管办公室 新疆 监管规则 电力市场 电力市场; | 实施细则 关于印发《新疆区域电力市场信息披露实施细则（试行）》的通知 2018-12-06； | OCR文本待人工复核 关于印发《新疆区域电力市场信息披露实施细则（试行）》的通知.pdf 关于印发《新疆区域电力市场信息披露实施细则（试行）》的通知 设为首页 工作邮箱 机构概览 动态要闻 信息公开 在线办事 互动回应 2018-12-06 16:22 来源： 字体： 关于印发《新疆区域电力市场信息披露实施细则（试行）》的通知.pdf 附件：《新疆区域电力市,规则词典_v1,待人工复核,2026-05-05 01:24:21
AUTO-20260502-B2EB4E219D,国家能源局福建监管办公室关于印发《福建省电力辅助服务（调峰）交易规则（试行）》补充修订内容的通知（闽监能市场〔2018〕138号）,2018-12-22,闽监能市场〔2018〕138号,福建,监管规则,试行,机器抽取,命令控制;市场机制;规划引导;财政金融;信息披露;监管执法,准入条件;并网约束;履约约束;信息约束;消纳约束,试点示范,新能源企业;电力用户,发电;输配电;用电;调度运行;辅助服务;现货市场,偏差价格,辅助服务交易,偏差结算;分摊机制,偏差考核,,,收益机制明确;成本疏导;并网条件影响;市场风险暴露;项目准入影响,辅助服务收益,偏差风险;并网消纳风险;政策状态风险;合规监管风险,国家能源局福建监管办公室关于印发《福建省电力辅助服务（调峰）交易规则（试行）》补充修订内容的通知（闽监能市场〔2018〕138号） 国家能源局福建监管办公室 国家能源局福建监管办公室 福建 监管规则 辅助服务 交易规则; | 调峰 国家能源局福建监管办公室关于印发《福建省电力辅助服务（调峰）交易规则（试行）... 2018-12-22； | OCR文本待人工复核 国家能源局福建监管办公室关于印发《福建省电力辅助服务（调峰）交易规则（试行）》补充修订内容的通知（闽监能市场〔2018〕138号）_国家能源局福建监管办公室 设为首页 工作邮箱 机构概览 动态要闻 信息公开 在线办事 互动回应 专题专栏 国家能源局福建监管办公室关于印发《福建省电力辅助服务（调峰）交易规则（试行）》补充修订内容的通知（闽,规则词典_v1,待人工复核,2026-05-05 01:24:21
AUTO-20260502-F9FA14325D,江苏能源监管办关于印发《江苏增量配电网企业供电服务规范（试行）》的通知,2019-01-07,,江苏,监管规则,试行,机器抽取,命令控制;信息披露;监管执法,信息约束,,电网企业;微电网主体,输配电,,,,,,电网规划,,园区微电网,政策状态风险;合规监管风险,江苏能源监管办关于印发《江苏增量配电网企业供电服务规范（试行）》的通知 国家能源局江苏监管办公室 国家能源局江苏监管办公室-通知 江苏 监管规则 电网 电网; | 配电网 江苏能源监管办关于印发《江苏增量配电网企业供电服务规范（试行）》的通知 2019-01-07 江苏能源监管办关于印发《江苏增量配电网企业供电服务规范（试行）》的通知_国家能源局江苏监管办公室 设为首页 工作邮箱 机构概览 动态要闻 信息公开 在线办事 互动回应 专题专栏 江苏能源监管办关于印发《江苏增量配电网企业供电服务规范（试行）》的通知 2019 | 附件.doc 国家能源局江苏监管办公室 2018年12月25日 扫一扫在手机打开当前页 地址: 南京市中山路268号汇杰广场21楼 邮编:210008 京公网安备 11010202007691 网站标识码: bm62000019号 京ICP备11044902号,规则词典_v1,待人工复核,2026-05-05 01:24:21
AUTO-20260502-60F4C79A3D,关于印发《新疆电力市场监管实施细则（试行）》的通知,2019-01-17,,新疆,监管规则,试行,机器抽取,命令控制;市场机制;财政金融;技术标准;信息披露;监管执法,准入条件;并网约束;履约约束;信息约束,价格激励;绿色激励;试点示范,电网企业;发电企业;新能源企业;售电公司;电力用户;交易机构,发电;输配电;售电;用电;调度运行;辅助服务;现货市场;中长期市场,输配电价;市场形成价格;偏差价格,中长期交易;辅助服务交易;跨省跨区交易,电费结算;偏差结算;分摊机制,运行考核;偏差考核;信用评价;信息披露考核;监管处罚,,电网规划,收益机制明确;成本疏导;并网条件影响;市场风险暴露;项目准入影响,辅助服务收益;园区微电网,价格波动;偏差风险;并网消纳风险;政策状态风险;合规监管风险,关于印发《新疆电力市场监管实施细则（试行）》的通知 国家能源局新疆监管办公室 国家能源局新疆监管办公室 新疆 监管规则 电力市场 电力市场; | 市场监管 关于印发《新疆电力市场监管实施细则（试行）》的通知 2019-01-17； | OCR文本待人工复核 关于印发《新疆电力市场监管实施细则（试行）》的通知.pdf 关于印发《新疆电力市场监管实施细则（试行）》的通知 设为首页 工作邮箱 机构概览 动态要闻 信息公开 在线办事 互动回应 2019-01-17 11:06 来源： 字体： 关于印发《新疆电力市场监管实施细则（试行）》的通知.pdf 附件：新疆电力市场监管实施细则（试行）.pdf,规则词典_v1,待人工复核,2026-05-05 01:24:21
AUTO-20260502-F67E0AF46B,山东能源监管办关于征求风电场并网管理运行管理实施细则修订意见的通知,2019-04-10,,山东,监管规则,现行有效,机器抽取,命令控制;市场机制;财政金融;技术标准;信息披露;监管执法,准入条件;并网约束;履约约束;信息约束,补偿收益;绿色激励;试点示范,电网企业;新能源企业,发电;输配电;用电;调度运行;辅助服务;现货市场,辅助服务价格;偏差价格,辅助服务交易,电费结算;辅助服务结算;分摊机制,运行考核,,,收益机制明确;成本疏导;并网条件影响;市场风险暴露;项目准入影响,辅助服务收益,偏差风险;并网消纳风险;政策状态风险;合规监管风险,山东能源监管办关于征求风电场并网管理运行管理实施细则修订意见的通知 国家能源局派出机构 国家能源局山东监管办公室 山东 监管规则 新能源 实施细则 山东能源监管办关于征求风电场并网管理运行管理实施细则修订意见的通知 2019-04-10 山东能源监管办关于征求风电场并网管理运行管理实施细则修订意见的通知 山东能源监管办关于征求风电场并网管理运行管理实施细则修 | 现面向各有关单位公开征求修订意见建议，如有意见建 议，请于 4 月 17 日前以电子邮件的方式反馈我办。 | 华北区域风电场并网运行管理实施细则 （ 山东 2017 年 修订稿 ） 第一条 第一章 第一条 为保障电力系统安全稳定运行 落实国家可再生 能源政策，规范风电并网调度运行管理，依据《中华人民共 和国电力法》、《中华人民共和国可再生能源法》、《电网调度 本细则应用范围为已并网运行的 管理条例》、《风电场功率预测预报管理暂行办法》、《大型风 电场并网技术设计规范,规则词典_v1,待人工复核,2026-05-05 01:24:21
AUTO-20260502-565A5A12EC,国家能源局印发《关于加强电力中长期交易监管的意见》的通知（国能发监管〔2019〕70号）,2019-09-18,国能发监管〔2019〕70号,福建,监管规则,现行有效,机器抽取,命令控制;市场机制;信息披露;监管执法,信息约束,,,中长期市场,,中长期交易,,,,,,,合规监管风险,国家能源局印发《关于加强电力中长期交易监管的意见》的通知（国能发监管〔2019〕70号） 国家能源局福建监管办公室 国家能源局福建监管办公室 福建 监管规则 中长期 中长期 国家能源局印发《关于加强电力中长期交易监管的意见》的通知（国能发监管〔2019〕7... 2019-09-18 国家能源局印发《关于加强电力中长期交易监管的意见》的通知（国能发监管〔20,规则词典_v1,待人工复核,2026-05-05 01:24:21
AUTO-20260502-B0BD036641,关于转发《国家能源局印发关于加强电力中长期交易监管的意见的通知》的通知,2019-12-26,,新疆,监管规则,现行有效,机器抽取,命令控制;市场机制;规划引导;技术标准;信息披露;监管执法,准入条件;并网约束;履约约束;信息约束,试点示范,电网企业;发电企业;售电公司;电力用户;交易机构,发电;输配电;售电;用电;调度运行;辅助服务;现货市场;中长期市场,输配电价,中长期交易,电费结算;分摊机制,信用评价;信息披露考核;监管处罚,,电网规划,收益机制明确;成本疏导;并网条件影响;市场风险暴露;项目准入影响,辅助服务收益,价格波动;偏差风险;政策状态风险;合规监管风险,关于转发《国家能源局印发关于加强电力中长期交易监管的意见的通知》的通知 国家能源局新疆监管办公室 国家能源局新疆监管办公室 新疆 监管规则 中长期 中长期 关于转发《国家能源局印发关于加强电力中长期交易监管的意见的通知》的通知 2019-12-26； | OCR文本待人工复核 关于转发《国家能源局印发关于加强电力中长期交易监管的意见的通知》的通知 设为首页 工作邮箱 机构概览 动态要闻 信息公开 在线办事 互动回应 2019-12-26 18:51 来源： 字体： 关于转发《国家能源局印发关于加强电力中长期交易监管的意见的通知》的通知.pdf 附件：国家能源局印发《关于加强电力中长期交易监管的意见》的通知.p | 同时，结合国家能源局对加强和规范能源监管工作的要求， 提出以下工作要求： 力市场交易规则的制定、修订工作应严格按照国家能源局关于能 一、《新疆电力中长期交易实施细则（试行》》、《新疆电力辅 --- 第 2 页 OCR --- 助服务运营规则（试行）》和相关配套法规政策、实施方案等电 力市场交易规则的制定、修订工作应严格按照国家能源局关于能 源监管机构在电力市,规则词典_v1,待人工复核,2026-05-05 01:24:21
AUTO-20260502-91F27D9B7D,关于印发《新疆电力市场信息报送实施细则（试行）》的通知,2020-04-14,,新疆,监管规则,试行,机器抽取,命令控制;市场机制;规划引导;财政金融;技术标准;信息披露;监管执法,准入条件;并网约束;履约约束;信息约束,补偿收益;绿色激励;试点示范,电网企业;发电企业;新能源企业;售电公司;电力用户;交易机构;微电网主体,发电;输配电;售电;用电;调度运行;辅助服务;现货市场;中长期市场,输配电价;市场形成价格;偏差价格,中长期交易;现货交易;辅助服务交易;跨省跨区交易,电费结算;辅助服务结算;分摊机制,运行考核;信息披露考核,,微电网;电网规划,收益机制明确;成本疏导;并网条件影响;市场风险暴露;项目准入影响,辅助服务收益;园区微电网,价格波动;偏差风险;并网消纳风险;政策状态风险;合规监管风险,关于印发《新疆电力市场信息报送实施细则（试行）》的通知 国家能源局新疆监管办公室 国家能源局新疆监管办公室 新疆 监管规则 电力市场 电力市场; | 实施细则 关于印发《新疆电力市场信息报送实施细则（试行）》的通知 2020-04-14； | OCR文本待人工复核 关于印发《新疆电力市场信息报送实施细则（试行）》的通知.pdf 关于印发《新疆电力市场信息报送实施细则（试行）》的通知 设为首页 工作邮箱 机构概览 动态要闻 信息公开 在线办事 互动回应 2020-04-14 11:07 来源： 字体： 关于印发《新疆电力市场信息报送实施细则（试行）》的通知.pdf 附件：新疆电力市场信息报送实施细则,规则词典_v1,待人工复核,2026-05-05 01:24:21
AUTO-20260502-975B75285D,福建能源监管办关于征求《福建省电力调峰辅助服务交易规则（试行）（2020年修订版）》（征求意见稿）修改意见的函,2020-05-28,,福建,监管规则,试行,机器抽取,命令控制;市场机制;规划引导;财政金融;技术标准;信息披露;监管执法,准入条件;并网约束;履约约束;信息约束;消纳约束,补偿收益;价格激励;绿色激励;试点示范,电网企业;发电企业;新能源企业;储能企业;售电公司;电力用户;交易机构,发电;输配电;售电;用电;调度运行;辅助服务;现货市场;中长期市场,上网电价;输配电价;分时电价;市场形成价格;辅助服务价格;偏差价格,中长期交易;辅助服务交易;跨省跨区交易,电费结算;偏差结算;辅助服务结算;分摊机制;周期结算,偏差考核;信息披露考核,新能源消纳,储能,收益机制明确;成本疏导;并网条件影响;市场风险暴露;项目准入影响,辅助服务收益,偏差风险;并网消纳风险;政策状态风险;合规监管风险,福建能源监管办关于征求《福建省电力调峰辅助服务交易规则（试行）（2020年修订版）》（征求意见稿）修改意见的函 国家能源局福建监管办公室 国家能源局福建监管办公室 福建 监管规则 辅助服务 交易规则; | 调峰 福建能源监管办关于征求《福建省电力调峰辅助服务交易规则（试行）（2020年修订版... 2020-05-28； | OCR文本待人工复核 福建能源监管办关于征求《福建省电力调峰辅助服务交易规则（试行）（2020年修订版）》（征求意见稿）修改意见的函_国家能源局福建监管办公室 设为首页 工作邮箱 机构概览 动态要闻 信息公开 在线办事 互动回应 专题专栏 福建能源监管办关于征求《福建省电力调峰辅助服务交易规则（试行）（2020年修订版）》（征求意见稿）修改意见的函 2020,规则词典_v1,待人工复核,2026-05-05 01:24:21
AUTO-20260502-3BF8700E79,国家能源局福建监管办公室关于印发《福建省电力调峰辅助服务交易规则(试行)(2020年修订版)》的通知,2020-06-30,,福建,监管规则,试行,机器抽取,命令控制;市场机制;规划引导;财政金融;技术标准;信息披露;监管执法,准入条件;并网约束;履约约束;信息约束;消纳约束,补偿收益;价格激励;绿色激励;试点示范,电网企业;发电企业;新能源企业;储能企业;售电公司;电力用户;交易机构,发电;输配电;售电;用电;调度运行;辅助服务;现货市场,上网电价;输配电价;分时电价;市场形成价格;辅助服务价格;偏差价格,辅助服务交易;跨省跨区交易,电费结算;偏差结算;辅助服务结算;分摊机制;周期结算,偏差考核;信息披露考核,新能源消纳,储能,收益机制明确;成本疏导;并网条件影响;市场风险暴露;项目准入影响,辅助服务收益,偏差风险;并网消纳风险;政策状态风险;合规监管风险,国家能源局福建监管办公室关于印发《福建省电力调峰辅助服务交易规则(试行)(2020年修订版)》的通知 国家能源局福建监管办公室 国家能源局福建监管办公室 福建 监管规则 辅助服务 交易规则; | 调峰 国家能源局福建监管办公室关于印发《福建省电力调峰辅助服务交易规则(试行)(2020年... 2020-06-30； | OCR文本待人工复核 国家能源局福建监管办公室关于印发《福建省电力调峰辅助服务交易规则(试行)(2020年修订版)》的通知_国家能源局福建监管办公室 设为首页 工作邮箱 机构概览 动态要闻 信息公开 在线办事 互动回应 专题专栏 国家能源局福建监管办公室关于印发《福建省电力调峰辅助服务交易规则(试行)(2020年修订版)》的通知 2020-06-30 15:,规则词典_v1,待人工复核,2026-05-05 01:24:21
AUTO-20260502-A765E1CC44,国家能源局华中监管局关于印发《华中区域并网发电厂辅助服务管理实施细则》和《华中区域发电厂并网运行管理实施细则》的通知,2020-09-07,,华中区域,监管规则,现行有效,机器抽取,命令控制;市场机制;规划引导;财政金融;技术标准;信息披露;监管执法,准入条件;并网约束;履约约束;信息约束;消纳约束,补偿收益;价格激励;试点示范,电网企业;发电企业;新能源企业;储能企业;电力用户,发电;输配电;用电;调度运行;辅助服务;现货市场,分时电价;辅助服务价格;偏差价格,辅助服务交易;跨省跨区交易,电费结算;偏差结算;辅助服务结算;分摊机制,偏差考核,,储能,收益机制明确;成本疏导;并网条件影响;市场风险暴露;项目准入影响,辅助服务收益,偏差风险;并网消纳风险;政策状态风险;合规监管风险,国家能源局华中监管局关于印发《华中区域并网发电厂辅助服务管理实施细则》和《华中区域发电厂并网运行管理实施细则》的通知 国家能源局派出机构 国家能源局华中监管局 华中区域 监管规则 辅助服务 实施细则; | 辅助服务 国家能源局华中监管局关于印发《华中区域并网发电厂辅助服务管理实施细则》和《华... 2020-09-07 国家能源局华中监管局关于印发《华中区域并网发电厂辅助服务管理实施细则》和《华中区域发电厂并网运行管理实施细则》的通知 设为首页 工作邮箱 机构概览 动态要闻 信息公开 在线办事 互动回应 专题专栏 2020-09-07 09:35 来源： 字体 | 联系电话：027-88717613 传 真：027-88717600 华中区域并网发电厂辅助服务管理实施细则.pdf 附件：1. 华中区域并网发电厂辅助服务管理实施细则 2. 华中区域发电厂并网运行管理实施细则 国家能源局华中监管局 2020年9月4日 华中区域并网发电厂辅助服务管理实施细则.pdf 华中区域发电厂并网运行管理实施细则.pdf 华中区域发电厂,规则词典_v1,待人工复核,2026-05-05 01:24:21
AUTO-20260502-CCC64E163E,华北能源监管局关于公开征求京津冀绿色电力市场化交易规则和京津冀绿色电力市场化交易优先调度实施细则意见,2020-11-09,,华北区域,监管规则,征求意见,机器抽取,命令控制;市场机制;规划引导;财政金融;技术标准;信息披露;监管执法,准入条件;并网约束;履约约束;信息约束;消纳约束,补偿收益;价格激励;绿色激励;试点示范,电网企业;发电企业;新能源企业;售电公司;电力用户;交易机构,发电;输配电;售电;用电;调度运行;辅助服务;现货市场;中长期市场;绿电绿证,上网电价;输配电价;分时电价;市场形成价格;偏差价格,中长期交易;绿电交易;辅助服务交易,电费结算;偏差结算;分摊机制,偏差考核;监管处罚,绿色低碳,源网荷储,收益机制明确;成本疏导;并网条件影响;市场风险暴露;项目准入影响,绿电消费;辅助服务收益,价格波动;偏差风险;并网消纳风险;政策状态风险;合规监管风险,华北能源监管局关于公开征求京津冀绿色电力市场化交易规则和京津冀绿色电力市场化交易优先调度实施细则意见 国家能源局派出机构 国家能源局华北监管局 华北区域 监管规则 电力市场; | 市场化交易 华北能源监管局关于公开征求京津冀绿色电力市场化交易规则和京津冀绿色电力市场化... 2020-11-09 华北能源监管局关于公开征求京津冀绿色电力市场化交易规则和京津冀绿色电力市场化交易优先调度实施细则意见 设为首页 工作邮箱 机构概览 动态要闻 信息公开 在线办事 互动回应 专题专栏 2020-11-09 16:37 来源： 字体： 为推进京津 | 请于 11月16日前将反馈意见发至我局邮箱（schbj@nea.gov.cn）。,规则词典_v1,待人工复核,2026-05-05 01:24:21
AUTO-20260502-7E77F18093,关于印发《南方区域发电厂并网运行管理实施细则》及《南方区域并网发电厂辅助服务管理实施细则》（2020,2020-12-31,,南方区域,监管规则,现行有效,机器抽取,命令控制;信息披露;监管执法,并网约束;信息约束,,,发电;调度运行;辅助服务,,,,,,,收益机制明确;并网条件影响,辅助服务收益,并网消纳风险;合规监管风险,关于印发《南方区域发电厂并网运行管理实施细则》及《南方区域并网发电厂辅助服务管理实施细则》（2020 国家能源局派出机构 国家能源局南方监管局 南方区域 监管规则 辅助服务 实施细则; | 辅助服务 关于印发《南方区域发电厂并网运行管理实施细则》及《南方区域并网发电厂辅助服务... 2020-12-31 关于印发《南方区域发电厂并网运行管理实施细则》及《南方区域并网发电厂辅助服务管理实施细则》（2020 设为首页 工作邮箱 机构概览 动态要闻 信息公开 在线办事 互动回应 专题专栏 2020-12-31 10:52 来源： 国家能源局南方监管局,规则词典_v1,待人工复核,2026-05-05 01:24:21
AUTO-20260502-816135392C,市工业和信息化局关于印发2021年春节期间电力需求响应实施细则的通知,2021-02-05,津工信电力〔2021〕3号,天津,官方政策,现行有效,机器抽取,命令控制;市场机制;规划引导;财政金融;信息披露;监管执法,准入条件;履约约束;信息约束,试点示范,电力用户;虚拟电厂,发电;用电;调度运行,市场形成价格;偏差价格,需求响应,,信用评价,,,并网条件影响;市场风险暴露;项目准入影响,聚合交易,偏差风险;合规监管风险,市工业和信息化局关于印发2021年春节期间电力需求响应实施细则的通知 天津市工业和信息化局 天津市工业和信息化局 天津 官方政策 需求响应 实施细则 市工业和信息化局关于印发2021年春节期间电力需求响应实施细则的通知2021-02-05 市工业和信息化局关于印发2021年春节期间电力需求响应实施细则的通知_委局文件_政务公开 天津政务网 2019年12月3 | 科技工业信息化\信息化 成 文 日 期 ： 发 文 日 期 ： 有 效 性 ： 市工业和信息化局关于印发 2021 年春节期间 电力需求响应实施细则的通知 电力需求响应实施细则的通知 国网天津市电力公司，有关单位： 为落实国家和我市关于春节期间能源保供工作部署要求，充分保障群众用电用热需求，依据《市工业和信息化局关于开展 年电力需求响应工作的通知》（津工信电 | （联系人：市工业和信息化局电力处 章建新 联系电话： 83608057 国网天津市电力公司营销部 李野 24408856 系统平台技术支持负责人 于龙 18522843986 18202253661 （此件主动公开） 津工信电力 2021 号附件 天津市 年春节期间电力需求响应 四、补贴价格 实施细则 一、实施背景......................,规则词典_v1,待人工复核,2026-05-05 01:24:21
AUTO-20260502-DD952557A2,四川能源监管办发布新版电力中长期交易规则,2021-02-23,,四川,监管规则,现行有效,机器抽取,命令控制;市场机制;信息披露;监管执法,准入条件;并网约束;信息约束,价格激励,交易机构,调度运行;现货市场;中长期市场,,中长期交易,,信息披露考核,,,收益机制明确;市场风险暴露;项目准入影响,,政策状态风险;合规监管风险,四川能源监管办发布新版电力中长期交易规则 国家能源局四川监管办公室 国家能源局四川监管办公室 四川 监管规则 中长期 交易规则; | 中长期 四川能源监管办发布新版电力中长期交易规则 2021-02-23 四川能源监管办发布新版电力中长期交易规则 四川能源监管办发布新版电力中长期交易规则_国家能源局四川监管办公室 设为首页 工作邮箱 机构概览 动态要闻 信息公开 在线办事 互动回应 专题专栏 四川能源监管办发布新版电力中长期交易规则 2021-02-23 17:04 来源：四川能源监管办  | 修订印发了《四川电力中长期交易规则》（以下简称《规则》）。,规则词典_v1,待人工复核,2026-05-05 01:24:21
AUTO-20260502-63DBCD549E,关于印发《广东、广西、海南及南方区域跨省区清洁能源消纳情况综合监管实施方案》的通知,2021-04-25,,南方区域,监管规则,现行有效,机器抽取,命令控制;市场机制;规划引导;财政金融;信息披露;监管执法,准入条件;并网约束;信息约束;消纳约束,补偿收益;绿色激励;试点示范,电网企业;发电企业;新能源企业;交易机构,发电;输配电;调度运行;辅助服务;现货市场;中长期市场,辅助服务价格,跨省跨区交易,电费结算;辅助服务结算;分摊机制,,双碳目标;新能源消纳,电网规划,收益机制明确;成本疏导;并网条件影响;市场风险暴露,辅助服务收益,并网消纳风险;合规监管风险,关于印发《广东、广西、海南及南方区域跨省区清洁能源消纳情况综合监管实施方案》的通知 国家能源局派出机构 国家能源局南方监管局 南方区域 监管规则 省间交易 跨省 关于印发《广东、广西、海南及南方区域跨省区清洁能源消纳情况综合监管实施方案》... 2021-04-25 关于印发《广东、广西、海南及南方区域跨省区清洁能源消纳情况综合监管实施方案》的通知 设为首页 | 请各相关单位按要求于 2021 年 5 月初启动自查自纠工作并 认真做好各阶段工作，确保综合监管取得实效。 | 南方能源监管局 2021 年 4 月 22 日 抄送：国家能源局市场监管司，云南、 贵州能源监管办， 广东省能源局， 广西自治区发改委（能源局） 、工信厅，海南省发改委。,规则词典_v1,待人工复核,2026-05-05 01:24:21
AUTO-20260502-BD716B69BA,关于印发福建省配电网建设及供电能力重点监管工作方案的通知（闽监能稽查〔2021〕40号 ）,2021-06-04,闽监能稽查〔2021〕40号,福建,监管规则,现行有效,机器抽取,命令控制;市场机制;规划引导;财政金融;技术标准;信息披露;监管执法,准入条件;履约约束;信息约束,,电网企业;电力用户,输配电;用电;现货市场,,,,信息披露考核;监管处罚,,电网规划,成本疏导;项目准入影响,,合规监管风险,关于印发福建省配电网建设及供电能力重点监管工作方案的通知（闽监能稽查〔2021〕40号 ） 国家能源局福建监管办公室 国家能源局福建监管办公室 福建 监管规则 电网 电网; | 配电网 关于印发福建省配电网建设及供电能力重点监管工作方案的通知（闽监能稽查〔2021〕4... 2021-06-04； | OCR文本待人工复核 关于印发福建省配电网建设及供电能力重点监管工作方案的通知（闽监能稽查〔2021〕40号 ）_国家能源局福建监管办公室 设为首页 工作邮箱 机构概览 动态要闻 信息公开 在线办事 互动回应 专题专栏 关于印发福建省配电网建设及供电能力重点监管工作方案的通知（闽监能稽查〔2021〕40号 ） 2021-06-04 11:34 来源： 福建能,规则词典_v1,待人工复核,2026-05-05 01:24:21
AUTO-20260502-9819FB14BF,市工业和信息化局关于印发2021年夏季电力需求响应实施细则的通知,2021-07-05,津工信电力〔2021〕17号,天津,官方政策,现行有效,机器抽取,信息披露,信息约束,,虚拟电厂,用电;调度运行,,需求响应,,,,,,聚合交易,,市工业和信息化局关于印发2021年夏季电力需求响应实施细则的通知 天津市工业和信息化局 天津市工业和信息化局 天津 官方政策 需求响应 实施细则 市工业和信息化局关于印发2021年夏季电力需求响应实施细则的通知2021-07-05 市工业和信息化局关于印发2021年夏季电力需求响应实施细则的通知_委局文件_政务公开 天津政务网 2019年12月3日星期二 无 | 科技工业信息化\信息化 成 文 日 期 ： 发 文 日 期 ： 有 效 性 ： 市工业和信息化局关于印发 2021 年夏季电力 需求响应实施细则的通知 需求响应实施细则的通知 国网天津市电力公司，有关单位： 为做好夏季电力需求响应工作，依据《电力需求侧管理办法（修订版）》（发改运行规〔 2017 1690 《市工业和信息化局关于开展 年电力需求响应工作的通知 | （联系人：市工业和信息化局电力处 章建新 联系电话： 83608057 国网天津市电力公司营销部 李野 24408856 市电力需求响应中心 程宝华 联系电话： 84509948 （此件 公开） 附件： 天津市2021年夏季电力需求响应实施细则.wps 天津市2021年夏季电力需求响应实施细则.wps | 政策解读 | 相关政策 | 相关报道 编辑部客服信箱,规则词典_v1,待人工复核,2026-05-05 01:24:21
AUTO-20260502-887CA055C6,关于统调统分燃煤发电市场化交易配比电量上网电价有关事项的通知（川发改价格〔2021〕265号）,2021-08-09,川发改价格〔2021〕265号,四川,官方政策,现行有效,机器抽取,市场机制;规划引导;信息披露,并网约束;信息约束,价格激励;试点示范,电网企业;发电企业;售电公司;电力用户;交易机构,发电;输配电;售电;用电;调度运行,上网电价,,电费结算,,,,成本疏导;市场风险暴露,,,关于统调统分燃煤发电市场化交易配比电量上网电价有关事项的通知（川发改价格〔2021〕265号） 四川省发展和改革委员会 四川省发展和改革委员会 四川 官方政策 电力市场 市场化交易; | 上网电价 关于统调统分燃煤发电市场化交易配比电量上网电价有关事项的通知（川发改价格〔2021〕265号） 关于统调统分燃煤发电市场化交易配比电量上网电价有关事项的通知（川发改价格〔2021〕265号）_通知公告_四川省发展和改革委员会 便民日历 智能问答 无障碍 个人中心 网站支持ipv6 搜 索 新闻中心 政府信息公开 政务服务 发改工作 党建工作 互动交 | 0.4012 一、自 2021 月起，省内统调统分燃煤发电市场化交易配比电量上网电价按川发改价格〔 号实施浮动，浮动幅度范围为现行燃煤发电基准价 0.4012 千瓦时基础上上浮不超过 10% 、下浮原则上不超过 15% 三、按照水火 二、各燃煤发电企业市场化交易配比电量上网电价、电量规模通过市场化方式形成，具体由四川电力交易中心报主管部门后组织实施。,规则词典_v1,待人工复核,2026-05-05 01:24:21
AUTO-20260502-C561726DF7,国家能源局华中监管局 西藏自治区能源局关于印发《西藏自治区电力中长期交易实施细则》的通知,2021-09-10,,华中区域,监管规则,现行有效,机器抽取,命令控制;市场机制;规划引导;财政金融;技术标准;信息披露;监管执法,准入条件;并网约束;履约约束;信息约束;消纳约束,补偿收益;价格激励;绿色激励;试点示范,电网企业;发电企业;新能源企业;储能企业;售电公司;电力用户;交易机构,发电;输配电;售电;用电;调度运行;辅助服务;现货市场;中长期市场,上网电价;输配电价;分时电价;市场形成价格;容量价格;辅助服务价格;偏差价格,中长期交易;现货交易;辅助服务交易;容量交易;跨省跨区交易,电费结算;偏差结算;辅助服务结算;分摊机制,偏差考核;信用评价;信息披露考核,,储能;电网规划,收益机制明确;成本疏导;并网条件影响;市场风险暴露;项目准入影响,辅助服务收益,价格波动;偏差风险;并网消纳风险;政策状态风险;合规监管风险,国家能源局华中监管局 西藏自治区能源局关于印发《西藏自治区电力中长期交易实施细则》的通知 国家能源局派出机构 国家能源局华中监管局 华中区域 监管规则 中长期 中长期 国家能源局华中监管局 西藏自治区能源局关于印发《西藏自治区电力中长期交易实施细... 2021-09-10 国家能源局华中监管局 西藏自治区能源局关于印发《西藏自治区电力中长期交易实施细则》的 | 请国网西藏电力有限公司、西藏电力交易中心高度重视，加快西藏自治区电力中长期交易技术支持系统建设，细化工作流程，协助市场主体完成市场注册 一、认真做好实施相关工作。 | 请国网西藏电力有限公司、西藏电力交易中心高度重视，加快西藏自治区电力中长期交易技术支持系统建设，细化工作流程，协助市场主体完成市场注册等基础工作，加强信息报送与披露，为市场主体提供规范、公开、透明的电力交易服务。,规则词典_v1,待人工复核,2026-05-05 01:24:21
AUTO-20260502-E0C1290415,浙江能源监管办关于印发2022年浙江省电力中长期交易相关合同示范文本的通知,2021-12-17,,浙江,监管规则,现行有效,机器抽取,命令控制;市场机制;规划引导;信息披露;监管执法,并网约束;履约约束;信息约束,试点示范,电网企业;发电企业;售电公司;电力用户;交易机构,发电;输配电;售电;用电;调度运行;中长期市场,输配电价,中长期交易,,,,,市场风险暴露,,合规监管风险,"浙江能源监管办关于印发2022年浙江省电力中长期交易相关合同示范文本的通知 国家能源局浙江监管办公室 国家能源局浙江监管办公室 浙江 监管规则 中长期 中长期 浙江能源监管办关于印发2022年浙江省电力中长期交易相关合同示范文本的通知 2021-12-17； | OCR文本待人工复核 浙江能源监管办关于印发2022年浙江省电力中长期交易相关合同示范文本的通知_国家能源局浙江监管办公室 设为首页 工作邮箱 机构概览 动态要闻 信息公开 在线办事 互动回应 专题专栏 浙江能源监管办关于印发2022年浙江省电力中长期交易相关合同示范文本的通知 2021-12-17 18:30 来源： 字体： 浙江能源监管办关于印发2022 | 联系人：叶晓霞 联系电话：51102738 --- 第 2 页 OCR --- 附件：1.浙江省电力中长期交易及输配电服务合同（示范文本， 2022年版） 4.参与2022年浙江省电力中长期交易承诺书（发电企业) 2.浙江省售电公司与电力用户购售电合同（示范文本, 2022年版）（参考使用） 3.参与 2022年浙江省电力中长期交易承诺书（电网企业) 4.参",规则词典_v1,待人工复核,2026-05-05 01:24:21
AUTO-20260502-FCBBC795F1,国家能源局南方监管局广西壮族自治区工业和信息化厅关于《印发广西电力中长期交易规则》的通知,2021-12-20,,南方区域,监管规则,现行有效,机器抽取,命令控制;市场机制;规划引导;财政金融;技术标准;信息披露;监管执法,准入条件;并网约束;履约约束;信息约束;消纳约束,补偿收益;价格激励;绿色激励;试点示范,电网企业;发电企业;新能源企业;储能企业;售电公司;电力用户;交易机构,发电;输配电;售电;用电;调度运行;辅助服务;现货市场;中长期市场,上网电价;输配电价;分时电价;市场形成价格;容量价格;辅助服务价格;偏差价格,中长期交易;现货交易;辅助服务交易;容量交易,电费结算;偏差结算;辅助服务结算;分摊机制;周期结算,偏差考核;信用评价;信息披露考核,,储能;电网规划,收益机制明确;成本疏导;并网条件影响;市场风险暴露;项目准入影响,辅助服务收益,价格波动;偏差风险;并网消纳风险;政策状态风险;合规监管风险,国家能源局南方监管局广西壮族自治区工业和信息化厅关于《印发广西电力中长期交易规则》的通知 国家能源局派出机构 国家能源局南方监管局 南方区域 监管规则 中长期 中长期 国家能源局南方监管局广西壮族自治区工业和信息化厅关于《印发广西电力中长期交易... 2021-12-20 国家能源局南方监管局广西壮族自治区工业和信息化厅关于《印发广西电力中长期交易规则》的通 | 国家能源局南方监管局 广西壮族自治区 工业和信息化厅 2021 年 12 月 16 日 规则》印发给你们，请遵照执行。 | 国家能源局南方监管局 广西壮族自治区 工业和信息化厅 2021 年 12 月 16 日 国家能源局南方监管局广西壮族自治区工业和信息化厅关于《印发广西电力中长期交易规则》的通知.pdf 扫一扫在手机打开当前页 办公地址：广州市海珠区琶洲大道190号 邮编：510308 值班电话：020-85125196 传真：020-83510221 广西业务办公室办公地址,规则词典_v1,待人工复核,2026-05-05 01:24:21
AUTO-20260502-10954479AD,市工业和信息化局关于做好天津市2022年电力市场化交易工作的通知,2021-12-20,津工信电力〔2021〕36号,天津,官方政策,现行有效,机器抽取,命令控制;市场机制;规划引导;财政金融;技术标准;信息披露;监管执法,准入条件;并网约束;履约约束;信息约束,价格激励;试点示范,电网企业;发电企业;售电公司;电力用户;交易机构,发电;输配电;售电;用电;调度运行;现货市场;中长期市场;绿电绿证,上网电价;输配电价;分时电价;市场形成价格;偏差价格,中长期交易;绿电交易;跨省跨区交易,电费结算;偏差结算;分摊机制,偏差考核,,,成本疏导;市场风险暴露;项目准入影响,绿电消费,价格波动;偏差风险;政策状态风险;合规监管风险,市工业和信息化局关于做好天津市2022年电力市场化交易工作的通知 天津市工业和信息化局 天津市工业和信息化局 天津 官方政策 电力市场 电力市场; | 市场化交易 市工业和信息化局关于做好天津市2022年电力市场化交易工作的通知2021-12-20 市工业和信息化局关于做好天津市2022年电力市场化交易工作的通知_委局文件_政务公开 天津政务网 2019年12月3日星期二 无障碍 长者模式 政务公开 政策法规 委局文件 名 称 ： 市工业和信息化局关于做好天津市2022年电力市场化交易工作的通知 索 引 号 | 科技工业信息化\信息化 成 文 日 期 ： 发 文 日 期 ： 有 效 性 ： 市工业和信息化局关于做好天津市 2022年电力 市场化交易工作的通知 北京电力交易中心有限公司、国家电网华北分部、国网天津市电力公司、天津电力交易中心有限公司，各有关发电企业、电力用户、售电公司 为深入贯彻《中共中央国务院关于进一步深化电力体制改革的若干意见》（中发〔 2015〕,规则词典_v1,待人工复核,2026-05-05 01:24:21
AUTO-20260502-A53E2100B8,关于印发《四川省电网企业代理购电工作实施方案》的通知（川发改价格〔2021〕544号）,2021-12-29,川发改价格〔2021〕544号,四川,官方政策,现行有效,机器抽取,命令控制;市场机制;规划引导;财政金融;技术标准;信息披露;监管执法,准入条件;并网约束;履约约束;信息约束;消纳约束,补偿收益;价格激励;绿色激励;试点示范,电网企业;发电企业;新能源企业;售电公司;电力用户;交易机构;微电网主体,发电;输配电;售电;用电;调度运行;辅助服务;现货市场;中长期市场,上网电价;输配电价;分时电价;市场形成价格;辅助服务价格;偏差价格,中长期交易,电费结算;偏差结算;辅助服务结算;分摊机制,偏差考核;信息披露考核,新能源消纳;能源安全,电网规划,收益机制明确;成本疏导;并网条件影响;市场风险暴露;项目准入影响,自发自用余电上网;辅助服务收益;园区微电网,价格波动;偏差风险;并网消纳风险;合规监管风险,关于印发《四川省电网企业代理购电工作实施方案》的通知（川发改价格〔2021〕544号） 四川省发展和改革委员会 四川省发展和改革委员会 四川 官方政策 电网 电网 关于印发《四川省电网企业代理购电工作实施方案》的通知（川发改价格〔2021〕544号） 关于印发《四川省电网企业代理购电工作实施方案》的通知（川发改价格〔2021〕544号）_通知公告_四川省发展 | 四川省发展和改革委员会 四川省经济和信息化厅 2021 四川省电网企业代理购电工作实施方案 四川省电网企业代理购电工作实施方案 根据《国家发展改革委关于进一步深化燃煤发电上网电价市场化改革的通知》（发改价格〔 1439 号）、《国家发展改革委办公厅关于组织开展电网企业代理购电工作有关事项的通知》（发改办价格〔 809 号）、《国家发展改革委办公厅关于加强电网 | 一、电网企业代理购电方式及流程 （一）明确代理购电用户范围 国网四川省电力公司（以下简称 国网四川电力 ）、省属地方电网、地方电网、增量配电网供区内暂无法直接参与市场交易（直接向发电企业或售电公司购电，下同）的 千伏及以上、未直接参与市场交易的 千伏以下、已直接参与市场交易又退出的工商业用户，可暂由电网企业代理购电。,规则词典_v1,待人工复核,2026-05-05 01:24:21
AUTO-20260502-7EEF2D35E6,市工业和信息化局关于印发2022年电力需求响应实施细则的通知,2022-01-24,津工信电力〔2022〕2号,天津,官方政策,现行有效,机器抽取,财政金融;技术标准;信息披露;监管执法,准入条件;履约约束;信息约束;消纳约束,补偿收益;价格激励;试点示范,电网企业;售电公司;电力用户;虚拟电厂,输配电;售电;用电;调度运行;辅助服务;现货市场,市场形成价格,辅助服务交易;需求响应,,信用评价,新能源消纳,虚拟电厂,收益机制明确;并网条件影响;项目准入影响,聚合交易;辅助服务收益,价格波动;并网消纳风险;合规监管风险,市工业和信息化局关于印发2022年电力需求响应实施细则的通知 天津市工业和信息化局 天津市工业和信息化局 天津 官方政策 需求响应 实施细则 市工业和信息化局关于印发2022年电力需求响应实施细则的通知2022-01-24 市工业和信息化局关于印发2022年电力需求响应实施细则的通知_委局文件_政务公开 天津政务网 2019年12月3日星期二 无障碍 长者模 | 科技工业信息化\信息化 成 文 日 期 ： 发 文 日 期 ： 有 效 性 ： 市工业和信息化局关于 2022 年电力 需求响应 年电力需求响应实施细则》（以下简称《实施细则》）， 实施细则 的通知 电力主管部门 市电力公司 有关单位： 为落实 国家和我市 年电力需求响应工作， 我局会同市电力公司等单位 制定了《天津市 年电力需求响应实施细则》（以下简称《实 | 近年来，我市开展电力需求响应，对 矛盾， 平衡电力缺口，促进新能源消纳，保障民生用电用热需求等发挥了重要作用 电力主管部门 市电力公司 等单位进一步提高认识 结合推动工业企业高质量发展、中小企业纾困等要求，精心组织做好 2022 年，特别是春节期间（冬奥会期间）电力需求响应相关工作，广泛动员 符合条件 的电力用户参加 二、做好技术支持和服务保障 二、做好技术,规则词典_v1,待人工复核,2026-05-05 01:24:21
AUTO-20260502-0E281D1CAE,山西省能源局关于印发《源网荷储一体化项目管理办法》的通知,2022-05-30,晋能源电力发〔2022〕244号,山西,官方政策,现行有效,机器抽取,命令控制;市场机制;规划引导;财政金融;技术标准;信息披露;监管执法,准入条件;并网约束;履约约束;信息约束;消纳约束,绿色激励;试点示范,电网企业;发电企业;新能源企业;储能企业;电力用户;交易机构;虚拟电厂;微电网主体,发电;输配电;售电;用电;调度运行;辅助服务;现货市场;绿电绿证,,绿电交易;辅助服务交易,电费结算;分摊机制,信用评价;监管处罚,新能源消纳,新型电力系统;源网荷储;储能;电网规划;虚拟电厂,收益机制明确;成本疏导;并网条件影响;市场风险暴露;项目准入影响,聚合交易;绿电消费;辅助服务收益;园区微电网,并网消纳风险;合规监管风险,山西省能源局关于印发《源网荷储一体化项目管理办法》的通知 山西省能源局 山西省能源局-政策文件检索电力 山西 官方政策 新型电力系统 源网荷储 山西省能源局关于印发《源网荷储一体化项目管理办法》的通知 山西省能源局关于印发 《源网荷储一体化项目管理办法》的通知 山西省能源局 国家能源局 山西省人民政府 切換到繁體 无障碍浏览 首 页 政务公开 政务服务 机关 | 2022年5月26日 （此件主动公开） 源网荷储一体化项目管理办法 源网荷储一体化项目管理办法 为贯彻落实《国家发展改革委 国家能源局关于推进电力源网荷储一体化和多能互补发展的指导意见》（发改能源规〔2021〕280号）等相关政策要求，提升能源清洁利用水平和电力系统运行效率，结合我省电力市场化改革和运行实际，制定本管理办法。 | （一）源网荷储一体化项目（以下简称“一体化”项目）通过“一体化”虚拟电厂等聚合模式参与电网运行和市场交易，原则上不占用大电网的调峰资源，对占用大电网公共和商业化 一、整体要求 （一）源网荷储一体化项目（以下简称“一体化”项目）通过“一体化”虚拟电厂等聚合模式参与电网运行和市场交易，原则上不占用大电网的调峰资源，对占用大电网公共和商业化调节资源的，按相关市场规,规则词典_v1,待人工复核,2026-05-05 01:24:21
AUTO-20260502-0FBB03FA6C,关于印发《南方区域电力并网运行管理实施细则》《南方区域电力辅助服务管理实施细则》的通知,2022-06-13,仍继续按照南方监能市场〔2020〕420号,南方区域,监管规则,现行有效,机器抽取,命令控制;市场机制;规划引导;财政金融;技术标准;信息披露;监管执法,准入条件;并网约束;履约约束;信息约束;消纳约束,补偿收益;试点示范,电网企业;发电企业;新能源企业;储能企业;电力用户;交易机构;虚拟电厂;微电网主体,发电;输配电;售电;用电;调度运行;辅助服务;现货市场,辅助服务价格;偏差价格,辅助服务交易;需求响应,偏差结算;辅助服务结算;分摊机制,运行考核;偏差考核;信息披露考核;监管处罚,双碳目标,新型电力系统;源网荷储;储能;虚拟电厂,收益机制明确;成本疏导;并网条件影响;市场风险暴露;项目准入影响,聚合交易;辅助服务收益;园区微电网,偏差风险;并网消纳风险;政策状态风险;合规监管风险,关于印发《南方区域电力并网运行管理实施细则》《南方区域电力辅助服务管理实施细则》的通知 国家能源局派出机构 国家能源局南方监管局 南方区域 监管规则 辅助服务 实施细则; | 辅助服务 关于印发《南方区域电力并网运行管理实施细则》《南方区域电力辅助服务管理实施细... 2022-06-13 关于印发《南方区域电力并网运行管理实施细则》《南方区域电力辅助服务管理实施细则》的通知 设为首页 工作邮箱 机构概览 动态要闻 信息公开 在线办事 互动回应 专题专栏 2022-06-13 14:23 来源： SYN 字体： 南方电网公司，南方 | 一、各有关单位要认真学习新版南方区域“两个细则”，加强培训宣贯，进一步提高认识，规范、有序开展电力并网运行和辅助服务管理，做好执行前准备工作。,规则词典_v1,待人工复核,2026-05-05 01:24:21
AUTO-20260502-C9353A3B5B,关于印发《江苏电力并网运行管理实施细则》《江苏电力辅助服务管理实施细则》的通知,2022-08-12,,江苏,监管规则,现行有效,机器抽取,命令控制;市场机制;规划引导;财政金融;技术标准;信息披露;监管执法,准入条件;并网约束;履约约束;信息约束;消纳约束,补偿收益;试点示范,电网企业;发电企业;新能源企业;储能企业;售电公司;电力用户;交易机构;虚拟电厂;微电网主体,发电;输配电;售电;用电;调度运行;辅助服务;现货市场,偏差价格,辅助服务交易;需求响应,电费结算;偏差结算,偏差考核;信息披露考核,双碳目标,新型电力系统;源网荷储;储能;虚拟电厂,收益机制明确;成本疏导;并网条件影响;市场风险暴露;项目准入影响,聚合交易;辅助服务收益;园区微电网,偏差风险;并网消纳风险;政策状态风险;合规监管风险,关于印发《江苏电力并网运行管理实施细则》《江苏电力辅助服务管理实施细则》的通知 国家能源局江苏监管办公室 国家能源局江苏监管办公室-通知 江苏 监管规则 辅助服务 实施细则; | 辅助服务 关于印发《江苏电力并网运行管理实施细则》《江苏电力辅助服务管理实施细则》的通知 2022-08-12 关于印发《江苏电力并网运行管理实施细则》《江苏电力辅助服务管理实施细则》的通知_国家能源局江苏监管办公室 设为首页 工作邮箱 机构概览 动态要闻 信息公开 在线办事 互动回应 专题专栏 关于印发《江苏电力并网运行管理实施细则》《江苏电力辅助服务管理 | 关于印发《江苏电力并网运行管理实施细则》《江苏电力辅助服务管理实施细则》的通知.pdf 国家能源局江苏监管办公室 2022年8月1日 扫一扫在手机打开当前页 地址: 南京市中山路268号汇杰广场21楼 邮编:210008 京公网安备 11010202007691 网站标识码: bm62000019号 京ICP备11044902号 — 1 — 国家能源局江苏监,规则词典_v1,待人工复核,2026-05-05 01:24:21
AUTO-20260502-94D2FE448E,山西省能源局关于印发《“十四五”新型储能发展实施方案》的通知,2022-09-30,晋能源新能源发〔2022〕353号,山西,官方政策,现行有效,机器抽取,命令控制;市场机制;规划引导;财政金融;技术标准;信息披露;监管执法,准入条件;并网约束;信息约束;消纳约束,补偿收益;价格激励;绿色激励;试点示范,电网企业;发电企业;新能源企业;储能企业;电力用户;虚拟电厂;微电网主体;数据中心,发电;输配电;用电;调度运行;辅助服务;现货市场;绿电绿证,输配电价,绿电交易;辅助服务交易;跨省跨区交易,分摊机制,,双碳目标;新能源消纳;能源安全,新型电力系统;源网荷储;微电网;储能;电力算力协同;虚拟电厂,收益机制明确;成本疏导;并网条件影响;市场风险暴露;项目准入影响,聚合交易;辅助服务收益;园区微电网,并网消纳风险;政策状态风险;合规监管风险,山西省能源局关于印发《“十四五”新型储能发展实施方案》的通知 山西省能源局 山西省能源局-政策文件检索电力 山西 官方政策 储能 新型储能 山西省能源局关于印发《“十四五”新型储能发展实施方案》的通知 山西省能源局关于印发《“十四五”新型储能 发展实施方案》的通知 山西省能源局 国家能源局 山西省人民政府 切換到繁體 无障碍浏览 首 页 政务公开 政务服务  | 2022年9月5日 （此件主动公开） “十四五”新型储能发展实施方案 “十四五”新型储能发展实施方案 根据国家发展改革委、国家能源局《关于加快推动新型储能发展的指导意见》（发改能源〔2021〕1051号）、《“十四五”新型储能发展实施方案》（发改能源〔2022〕209号）、国家能源局《关于印发<新型储能项目管理规范（暂行）>的通知》（国能发科技规〔2021〕 | （一）指导思想 一、总体要求 （一）指导思想 以习近平新时代中国特色社会主义思想为指导，全面贯彻党的十九大和十九届历次全会精神，深入落实“四个革命、一个合作”能源安全新战略，以碳达峰碳中和为目标，坚持以技术创新为内生动力、以市场机制为根本依托、以政策环境为有力保障，积极开创技术、市场、政策多轮驱动良好局面，提升电力系统安全保障能力、调节能力和综合效率，以稳中,规则词典_v1,待人工复核,2026-05-05 01:24:21
AUTO-20260502-DEF04B1A76,市工业和信息化局关于做好天津市2023年电力市场化交易工作的通知,2022-11-16,津工信电力〔2022〕37号,天津,官方政策,现行有效,机器抽取,命令控制;市场机制;信息披露,准入条件;并网约束;履约约束;信息约束,价格激励;绿色激励;试点示范,电网企业;发电企业;售电公司;交易机构,发电;输配电;售电;调度运行;中长期市场;绿电绿证,上网电价;偏差价格,中长期交易;绿电交易,,,,,市场风险暴露;项目准入影响,绿电消费,偏差风险,市工业和信息化局关于做好天津市2023年电力市场化交易工作的通知 天津市工业和信息化局 天津市工业和信息化局 天津 官方政策 电力市场 电力市场; | 市场化交易 市工业和信息化局关于做好天津市2023年电力市场化交易工作的通知2022-11-16 市工业和信息化局关于做好天津市2023年电力市场化交易工作的通知_委局文件_政务公开 天津政务网 2019年12月3日星期二 无障碍 长者模式 政务公开 政策法规 委局文件 名 称 ： 市工业和信息化局关于做好天津市2023年电力市场化交易工作的通知 索 引 号 | 科技工业信息化\信息化 成 文 日 期 ： 发 文 日 期 ： 有 效 性 ： 市工业和信息化局关于做好天津市 202 年电力市场化交易工作的通知 北京电力交易中心有限公司、国家电网华北分部、国网天津市电力公司、天津电力交易中心有限公司，各有关 市场主体 为深入贯彻《中共中央国务院关于进一步深化电力体制改革的若干意见》（中发〔 2015 及其配套文件 、《电,规则词典_v1,待人工复核,2026-05-05 01:24:21
AUTO-20260502-4804A59980,市工业和信息化局关于印发2023年春节期间电力需求响应实施细则的通知,2023-01-16,津工信电力〔2023〕1号,天津,官方政策,现行有效,机器抽取,财政金融;技术标准;信息披露;监管执法,准入条件;履约约束;信息约束;消纳约束,补偿收益;价格激励;试点示范,电网企业;售电公司;电力用户;虚拟电厂,输配电;售电;用电;调度运行;辅助服务;现货市场,,辅助服务交易;需求响应,,信用评价,新能源消纳;能源安全,虚拟电厂,收益机制明确;并网条件影响;项目准入影响,聚合交易;辅助服务收益,并网消纳风险;合规监管风险,市工业和信息化局关于印发2023年春节期间电力需求响应实施细则的通知 天津市工业和信息化局 天津市工业和信息化局 天津 官方政策 需求响应 实施细则 市工业和信息化局关于印发2023年春节期间电力需求响应实施细则的通知2023-01-16 市工业和信息化局关于印发2023年春节期间电力需求响应实施细则的通知_委局文件_政务公开 天津政务网 2019年12月3 | 科技工业信息化\信息化 成 文 日 期 ： 发 文 日 期 ： 有 效 性 ： 市工业和信息化局关于印发 202 年春节期间 电力需求响应实施细则的通知 电力需求响应实施细则的通知 各区电力运行主管部门， 国网天津市电力公司，有关单位： 为落实 市委、市政府关于 2022 迎峰度冬 电力保供 组织做好 2023 年春节期间电力需求响应工作， 充分保障 电网安 | 202 （联系人：市工业和信息化局电力处 章建新 联系电话： 83608057 市电力公司营销部 244088 负荷管理 程宝华 84509948 （此件 公开） 附件： 天津市2023年春节期间电力需求响应实施细则.pdf 天津市2023年春节期间电力需求响应实施细则.pdf | 政策解读 | 相关政策 | 相关报道 编辑部客服信箱jwxxc@tjec.g,规则词典_v1,待人工复核,2026-05-05 01:24:21
AUTO-20260502-3905C0AD10,山西省发展和改革委员会山西省能源局关于印发《山西省煤炭行业碳达峰实施方案》的通知,2023-10-19,晋能源规发〔2023〕251号,山西,官方政策,现行有效,机器抽取,命令控制;市场机制;规划引导;财政金融;技术标准;信息披露;监管执法,准入条件;并网约束;履约约束;信息约束,绿色激励;试点示范,发电企业;新能源企业;储能企业;电力用户;微电网主体,发电;用电;调度运行,,跨省跨区交易,分摊机制,信用评价,双碳目标;绿色低碳;能源安全,储能,市场风险暴露;项目准入影响,园区微电网,合规监管风险,山西省发展和改革委员会山西省能源局关于印发《山西省煤炭行业碳达峰实施方案》的通知 山西省能源局 山西省能源局-政策文件检索电力 山西 官方政策 电力市场 碳达峰 山西省发展和改革委员会山西省能源局关于印发《山西省煤炭行业碳达峰实施方案》的通知 山西省能源局 国家能源局 山西省人民政府 切換到繁體 无障碍浏览 首 页 政务公开 政务服务 机关党建 互动交流 政 | 山西省发展和改革委员会 （此件主动 山西省煤炭行业碳达峰实施方案 山西省煤炭行业碳达峰实施方案 为深入贯彻落实党中央、国务院关于碳达峰、碳中和工作决策部署和山西省委、省政府工作安排，促进煤炭行业绿色低碳转型发展，结合山西实际，制定本实施方案。 | （一）指导思想 一、总体要求 （一）指导思想 以习近平新时代中国特色社会主义思想为指导，深入贯彻落实习近平总书记考察调研山西重要指示精神，全面落实党的二十大精神，坚持稳中求进工作总基调，立足新发展阶段，完整、准确、全面贯彻新发展理念，立足以煤为主的基本国情和省情，守牢煤炭供应安全底线，充分发挥煤炭的“压舱石”作用，以煤炭清洁高效利用为方向，以科技创新为根本动,规则词典_v1,待人工复核,2026-05-05 01:24:21
AUTO-20260502-26D33939CF,国家能源局西北监管局关于印发《西北区域电力并网运行管理实施细则》《西北区域电力辅助服务管理实施细则》的通知,2023-11-22,西北监能市场〔2023〕95号,西北区域,监管规则,现行有效,机器抽取,命令控制;市场机制;规划引导;财政金融;技术标准;信息披露;监管执法,准入条件;并网约束;履约约束;信息约束;消纳约束,补偿收益;价格激励;绿色激励;试点示范,电网企业;发电企业;新能源企业;储能企业;电力用户;交易机构;虚拟电厂;微电网主体,发电;输配电;售电;用电;调度运行;辅助服务;现货市场,输配电价;分时电价;容量价格;辅助服务价格;偏差价格,辅助服务交易;容量交易;需求响应;跨省跨区交易,电费结算;辅助服务结算;分摊机制,运行考核;信息披露考核;监管处罚,双碳目标,源网荷储;储能;虚拟电厂,收益机制明确;成本疏导;并网条件影响;市场风险暴露;项目准入影响,聚合交易;辅助服务收益;园区微电网,偏差风险;并网消纳风险;合规监管风险,国家能源局西北监管局关于印发《西北区域电力并网运行管理实施细则》《西北区域电力辅助服务管理实施细则》的通知 国家能源局派出机构 国家能源局西北监管局 西北区域 监管规则 电力市场 实施细则 国家能源局西北监管局关于印发《西北区域电力并网运行管理实施细则》《西北区域电... 2023-11-22； | OCR文本待人工复核 国家能源局西北监管局关于印发《西北区域电力并网运行管理实施细则》《西北区域电力辅助服务管理实施细则》的通知 设为首页 工作邮箱 机构概览 动态要闻 信息公开 在线办事 互动回应 专题专栏 2023-11-22 14:35 来源：市场处 字体： 西北监能市场〔2023〕95号-国家能源局西北监管局关于印发《西北区域电力并网运行管理实施细则 | 力系统安全、 优质、 经济运行， 根据 《电力辅助服务管理办法》 （国能发监管规 〔2021〕61 号） 和国家有关法律法规， 结合西 北电力系统实际，制定本细则。,规则词典_v1,待人工复核,2026-05-05 01:24:21
AUTO-20260502-2AB70BEFDC,国家能源局西北监管局关于印发《西北区域电力并网运行管理实施细则》《西北区域电力辅助服务管理实施细则》补充规则的通知,2025-01-02,,西北区域,监管规则,现行有效,机器抽取,命令控制;市场机制;规划引导;财政金融;技术标准;信息披露;监管执法,准入条件;并网约束;履约约束;信息约束,补偿收益;绿色激励;试点示范,电网企业;发电企业;新能源企业;储能企业;交易机构,发电;输配电;用电;调度运行;辅助服务;现货市场,容量价格;辅助服务价格;偏差价格,辅助服务交易;容量交易;跨省跨区交易,电费结算;辅助服务结算;分摊机制,运行考核;信息披露考核,,新型电力系统;储能,收益机制明确;成本疏导;并网条件影响;市场风险暴露;项目准入影响,辅助服务收益,偏差风险;并网消纳风险;合规监管风险,国家能源局西北监管局关于印发《西北区域电力并网运行管理实施细则》《西北区域电力辅助服务管理实施细则》补充规则的通知 国家能源局派出机构 国家能源局西北监管局 西北区域 监管规则 电力市场 实施细则 国家能源局西北监管局关于印发《西北区域电力并网运行管理实施细则》《西北区域电... 2025-01-02； | OCR文本待人工复核 国家能源局西北监管局关于印发《西北区域电力并网运行管理实施细则》《西北区域电力辅助服务管理实施细则》补充规则的通知 设为首页 工作邮箱 机构概览 动态要闻 信息公开 在线办事 互动回应 专题专栏 2025-01-02 17:22 来源：市场处 字体： 国家能源局西北监管局关于印发《西北区域电力并网运行管理实施细则》《西北区域电力辅助服务 | 自2025年1月1日起， 新版“两个细则”及其补充规则转入结算试运行阶段，现提出 以下工作要求，请认真执行。,规则词典_v1,待人工复核,2026-05-05 01:24:21
AUTO-20260502-116B918776,关于开展2025年电网侧新型储能项目申报工作的通知（川发改能源〔2025〕65号）,2025-02-18,川发改能源〔2025〕65号,四川,官方政策,现行有效,机器抽取,市场机制;规划引导;财政金融;技术标准;信息披露;监管执法,准入条件;并网约束;信息约束;消纳约束,补偿收益;价格激励;试点示范,电网企业;储能企业;电力用户,发电;输配电;用电;调度运行;辅助服务;现货市场,分时电价,辅助服务交易,分摊机制,,能源安全,源网荷储;储能,收益机制明确;成本疏导;并网条件影响;市场风险暴露;项目准入影响,辅助服务收益,并网消纳风险;合规监管风险,关于开展2025年电网侧新型储能项目申报工作的通知（川发改能源〔2025〕65号） 四川省发展和改革委员会 四川省发展和改革委员会 四川 官方政策 电网; | 电网 关于开展2025年电网侧新型储能项目申报工作的通知（川发改能源〔2025〕65号） 关于开展2025年电网侧新型储能项目申报工作的通知（川发改能源〔2025〕65号）_省能源局综合处_四川省发展和改革委员会 便民日历 智能问答 无障碍 个人中心 网站支持ipv6 搜 索 新闻中心 政府信息公开 政务服务 发改工作 党建工作 互动交流 专题专栏 数据发布 | 一、项目申报条件 一、项目申报条件 项目布局合理。,规则词典_v1,待人工复核,2026-05-05 01:24:21
AUTO-20260502-07800C683B,山西省能源局关于加强2025年新型储能管理工作的通知,2025-05-06,晋能源新能源发〔2025〕90号,山西,官方政策,现行有效,机器抽取,命令控制;市场机制;规划引导;信息披露;监管执法,准入条件;并网约束;信息约束;消纳约束,绿色激励;试点示范,发电企业;新能源企业;储能企业;电力用户;微电网主体,发电;输配电;售电;辅助服务;绿电绿证,,辅助服务交易,,,,源网荷储;储能,并网条件影响;项目准入影响,辅助服务收益;园区微电网,并网消纳风险;合规监管风险,山西省能源局关于加强2025年新型储能管理工作的通知 山西省能源局 山西省能源局-政策文件检索电力 山西 官方政策 储能 新型储能 山西省能源局关于加强2025年新型储能管理工作的通知 山西省能源局 国家能源局 山西省人民政府 切換到繁體 无障碍浏览 首 页 政务公开 政务服务 机关党建 互动交流 政府信息公开 法定主动公开目录 最新文件 标 题： 山西省能 | 为加强新型储能项目管理，推动我省新型储能高质量发展，现就有关工作通知如下： 一、强化项目库管理 为鼓励项目加快建设，促进更多项目落地，对本次未入库和调整出库项目设置 个月缓冲期，其间未入库项目取得国有土地使用权的、调整出库项目实质性开工建设的，在 个月后择优调整入库。 | 由各市能源局组织对项目进展进行核实，届时将符合条件的项目及相关印证资料以正式文件上报我局。,规则词典_v1,待人工复核,2026-05-05 01:24:21
AUTO-20260502-A0DC054507,福建能源监管办关于公开征求《福建电力市场规则体系管理办法（试行）（征求意见稿）》意见的通知,2025-07-04,,福建,监管规则,征求意见,机器抽取,命令控制;市场机制;规划引导;技术标准;信息披露;监管执法,准入条件;并网约束;信息约束,,电网企业;售电公司;交易机构,输配电;售电;调度运行;辅助服务;现货市场;中长期市场;绿电绿证,,中长期交易;现货交易;绿电交易;辅助服务交易,,信息披露考核,,,收益机制明确;市场风险暴露,辅助服务收益,政策状态风险;合规监管风险,福建能源监管办关于公开征求《福建电力市场规则体系管理办法（试行）（征求意见稿）》意见的通知 国家能源局福建监管办公室 国家能源局福建监管办公室 福建 监管规则 电力市场 电力市场; | 规则体系 福建能源监管办关于公开征求《福建电力市场规则体系管理办法（试行）（征求意见稿... 2025-07-04； | OCR文本待人工复核 福建能源监管办关于公开征求《福建电力市场规则体系管理办法（试行）（征求意见稿）》意见的通知_国家能源局福建监管办公室 设为首页 工作邮箱 机构概览 动态要闻 信息公开 在线办事 互动回应 专题专栏 福建能源监管办关于公开征求《福建电力市场规则体系管理办法（试行）（征求意见稿）》意见的通知 2025-07-04 15:33 来源： 福建能,规则词典_v1,待人工复核,2026-05-05 01:24:21
AUTO-20260502-DC02450597,山西省能源局关于印发2025年第三季度新型储能项目库调整清单的通知,2025-09-23,晋能源新能源发〔2025〕192号,山西,官方政策,现行有效,机器抽取,命令控制;规划引导;信息披露;监管执法,准入条件;并网约束;信息约束;消纳约束,绿色激励;试点示范,电网企业;发电企业;新能源企业;储能企业;电力用户;微电网主体,发电;输配电;调度运行;辅助服务,,辅助服务交易,分摊机制,,,新型电力系统;源网荷储;储能;电网规划;分布式光伏,并网条件影响;项目准入影响,辅助服务收益;园区微电网,并网消纳风险;合规监管风险,山西省能源局关于印发2025年第三季度新型储能项目库调整清单的通知 山西省能源局 山西省能源局-政策文件检索电力 山西 官方政策 储能 新型储能 山西省能源局关于印发2025年第三季度新型储能项目库调整清单的通知 山西省能源局 国家能源局 山西省人民政府 切換到繁體 无障碍浏览 首 页 政务公开 政务服务 机关党建 互动交流 政府信息公开 法定主动公开目录  | 一、总体情况 经项目申报、专业评审和社会公示等程序，2025年第三季度新型储能项目库调整情况如下： （一）新增入库项目67个，总容量1317.396万千瓦； | （一）各项目单位要严格落实主体责任，确保项目按期开工建设、投产并网。,规则词典_v1,待人工复核,2026-05-05 01:24:21
AUTO-20260502-4CAB7D0BE0,关于印发《新型储能规模化建设专项行动方案(2025—2027年)》的通知(发改能源〔2025〕1144号),2025-09-12,发改能源〔2025〕1144号,全国,官方政策,现行有效,机器抽取,命令控制;市场机制;规划引导;财政金融;技术标准;信息披露;监管执法,准入条件;并网约束;信息约束;消纳约束,补偿收益;价格激励;绿色激励;试点示范,新能源企业;储能企业;电力用户;虚拟电厂;微电网主体;数据中心,发电;输配电;用电;调度运行;辅助服务;现货市场;中长期市场;绿电绿证,容量价格,辅助服务交易;容量交易;需求响应,,,,新型电力系统;源网荷储;微电网;储能;电网规划;电力算力协同;分布式光伏;虚拟电厂,收益机制明确;并网条件影响;市场风险暴露;项目准入影响,自发自用余电上网;聚合交易;辅助服务收益;园区微电网,合规监管风险,关于印发《新型储能规模化建设专项行动方案(2025—2027年)》的通知(发改能源〔2025〕1144号) 国家发展改革委 国家发展改革委-政策通知 全国 官方政策 储能 新型储能 关于印发《新型储能规模化建设专项行动方案(2025—2027年)》的通知(发改能源〔2025〕1144号) 【关于印发《新型储能规模化建设专项行动方案(2025—2027年)》的 | 国家发展改革委 国 家 能 源 局 2025年8月27日 附件： 《新型储能规模化建设专项行动方案（2025—2027年）》.ofd 《新型储能规模化建设专项行动方案（2025—2027年）》.pdf 《新型储能规模化建设专项行动方案（2025—2027年）》.ofd 相关政策与解读 国家能源局有关负责同志就《新型储能规模化建设专项行动方案（2025—202 | 一、总体目标 2027 年，新型储能基本实现规模化、市场化发展，技术创新水 平和装备制造能力稳居全球前列，市场机制、商业模式、标准体系 基本成熟健全，适应新型电力系统稳定运行的多元储能体系初步建 成，形成统筹全局、多元互补、高效运营的整体格局，为能源绿色 转型发展提供有力支撑。,规则词典_v1,待人工复核,2026-05-05 01:24:21
