关系编号,源资料编号,源标题,源发布日期,目标资料编号,目标标题,目标发布日期,关系类型,主题链条,区域路径,匹配依据,证据文本,置信度,是否人工确认,备注
EVO-00001,AUTO-20260502-B841DF8667,华中能源监管局关于公开征求《川渝藏省间电力互济交易实施细则（征求意见稿）》意见的通知,2026-04-30,AUTO-20260427-780DD684D9,电力市场运行基本规则,2024-04-25,引用依据,省间交易,华中区域->南方区域,规则名称：电力市场运行基本规则,省间电力余缺互济，支撑电力保供、可再生能源消纳和电力系统经济运行，依据《国务院办公厅关于完善全国统一电力市场体系的实施意见》（国发办〔 2026 〕 4 号）、《电力市场运行基本规则》（国家发展改革委令 2024 年第 20 号）、《电力现货市场基本规则（试行）》（发改能源规〔 2023 〕 1217 号）等有关政策文件 ， 华中能源监管局组,中,否,仅由新政策明文引用旧政策时生成
EVO-00002,AUTO-20260502-B841DF8667,华中能源监管局关于公开征求《川渝藏省间电力互济交易实施细则（征求意见稿）》意见的通知,2026-04-30,AUTO-20260424-10A4BBBC6D,电力市场运行基本规则_国家发展和改革委员会,2024-04-18,引用依据,省间交易,华中区域->全国,规则名称：电力市场运行基本规则,省间电力余缺互济，支撑电力保供、可再生能源消纳和电力系统经济运行，依据《国务院办公厅关于完善全国统一电力市场体系的实施意见》（国发办〔 2026 〕 4 号）、《电力市场运行基本规则》（国家发展改革委令 2024 年第 20 号）、《电力现货市场基本规则（试行）》（发改能源规〔 2023 〕 1217 号）等有关政策文件 ， 华中能源监管局组,中,否,仅由新政策明文引用旧政策时生成
EVO-00003,AUTO-20260427-9D436454D6,国家能源局华东监管局关于印发《长三角跨省电力中长期市场实施细则》的通知,2026-04-17,AUTO-20260427-AF700450D9,电力市场注册基本规则,2024-09-13,引用依据,中长期,华东区域->南方区域,规则名称：电力市场注册基本规则,6 页 OCR --- 事责任的企业、经法人单位授权的内部核算主体、个体工商户、 执行工商业电价或具有分布式电源的自然人等民事主体。 第十四条经营主体应当按照《电力市场注册基本规则》要 求，在电力交易平台办理市场注册、变更与注销，并进行实名认 证。各电力交易机构共享注册信息。 第十五条经营主体由所在省交易中心将注册信息推送至 京交三部或在北,中,否,仅由新政策明文引用旧政策时生成
EVO-00004,AUTO-20260427-9D436454D6,国家能源局华东监管局关于印发《长三角跨省电力中长期市场实施细则》的通知,2026-04-17,AUTO-20260424-2ABE953CDD,国家能源局关于印发《电力市场注册基本规则》的通知,2024-09-13,引用依据,中长期,华东区域->全国,规则名称：电力市场注册基本规则,6 页 OCR --- 事责任的企业、经法人单位授权的内部核算主体、个体工商户、 执行工商业电价或具有分布式电源的自然人等民事主体。 第十四条经营主体应当按照《电力市场注册基本规则》要 求，在电力交易平台办理市场注册、变更与注销，并进行实名认 证。各电力交易机构共享注册信息。 第十五条经营主体由所在省交易中心将注册信息推送至 京交三部或在北,中,否,仅由新政策明文引用旧政策时生成
EVO-00005,AUTO-20260427-9D436454D6,国家能源局华东监管局关于印发《长三角跨省电力中长期市场实施细则》的通知,2026-04-17,AUTO-20260427-780DD684D9,电力市场运行基本规则,2024-04-25,引用依据,中长期,华东区域->南方区域,规则名称：电力市场运行基本规则,一体化发展国家战略和全国统 一电力市场建设要求，规范长三角电力市场跨省中长期交易，依 法维护经营主体的合法权益，推进统一开放、竞争有序的电力市 场体系建设，根据《电力市场运行基本规则》（中华人民共和国 国家发展和改革委员会令2024年第20号）《国家发展改革委国 家能源局关于印发<电力中长期市场基本规则>的通知》（发改能 源规〔2025］16,中,否,仅由新政策明文引用旧政策时生成
EVO-00006,AUTO-20260427-9D436454D6,国家能源局华东监管局关于印发《长三角跨省电力中长期市场实施细则》的通知,2026-04-17,AUTO-20260424-10A4BBBC6D,电力市场运行基本规则_国家发展和改革委员会,2024-04-18,引用依据,中长期,华东区域->全国,规则名称：电力市场运行基本规则,一体化发展国家战略和全国统 一电力市场建设要求，规范长三角电力市场跨省中长期交易，依 法维护经营主体的合法权益，推进统一开放、竞争有序的电力市 场体系建设，根据《电力市场运行基本规则》（中华人民共和国 国家发展和改革委员会令2024年第20号）《国家发展改革委国 家能源局关于印发<电力中长期市场基本规则>的通知》（发改能 源规〔2025］16,中,否,仅由新政策明文引用旧政策时生成
EVO-00007,AUTO-20260425-D49D5FABE6,关于印发《重庆市电力中长期市场实施细则》的通知,2026-04-14,AUTO-20260427-780DD684D9,电力市场运行基本规则,2024-04-25,引用依据,中长期,华中区域->南方区域,规则名称：电力市场运行基本规则,电力用户，相关经营主体： 为贯彻落实加快建设全国统一电力市场要求，进一步深化重庆电力中长期市场建设，规范电力中长期交易行为，适应重庆电力市场高质量发展需要，依据《电力市场运行基本规则》（国家发展和改革委员会令 2024 年第 20 号）、《国家发展改革委 国家能源局关于印发 < 电力中长期市场基本规则 > 的通知》（发改能源规〔 2025 〕,中,否,仅由新政策明文引用旧政策时生成
EVO-00008,AUTO-20260425-D49D5FABE6,关于印发《重庆市电力中长期市场实施细则》的通知,2026-04-14,AUTO-20260424-10A4BBBC6D,电力市场运行基本规则_国家发展和改革委员会,2024-04-18,引用依据,中长期,华中区域->全国,规则名称：电力市场运行基本规则,电力用户，相关经营主体： 为贯彻落实加快建设全国统一电力市场要求，进一步深化重庆电力中长期市场建设，规范电力中长期交易行为，适应重庆电力市场高质量发展需要，依据《电力市场运行基本规则》（国家发展和改革委员会令 2024 年第 20 号）、《国家发展改革委 国家能源局关于印发 < 电力中长期市场基本规则 > 的通知》（发改能源规〔 2025 〕,中,否,仅由新政策明文引用旧政策时生成
EVO-00009,AUTO-20260425-A74926FCBF,关于印发《江西省电力中长期市场实施细则》的通知,2026-04-14,AUTO-20260427-780DD684D9,电力市场运行基本规则,2024-04-25,引用依据,中长期,华中区域->南方区域,规则名称：电力市场运行基本规则,电力用户，相关经营主体： 为贯彻落实加快建设全国统一电力市场要求，进一步深化江西电力中长期市场建设，规范电力中长期交易行为，适应江西电力市场高质量发展需要，依据《电力市场运行基本规则》（国家发展和改革委员会令 2024 年第 20 号）、《国家发展改革委 国家能源局关于印发 < 电力中长期市场基本规则 > 的通知》（发改能源规〔 2025 〕,中,否,仅由新政策明文引用旧政策时生成
EVO-00010,AUTO-20260425-A74926FCBF,关于印发《江西省电力中长期市场实施细则》的通知,2026-04-14,AUTO-20260424-10A4BBBC6D,电力市场运行基本规则_国家发展和改革委员会,2024-04-18,引用依据,中长期,华中区域->全国,规则名称：电力市场运行基本规则,电力用户，相关经营主体： 为贯彻落实加快建设全国统一电力市场要求，进一步深化江西电力中长期市场建设，规范电力中长期交易行为，适应江西电力市场高质量发展需要，依据《电力市场运行基本规则》（国家发展和改革委员会令 2024 年第 20 号）、《国家发展改革委 国家能源局关于印发 < 电力中长期市场基本规则 > 的通知》（发改能源规〔 2025 〕,中,否,仅由新政策明文引用旧政策时生成
EVO-00011,AUTO-20260425-712572408D,关于印发《西藏自治区电力中长期市场实施细则》的通知,2026-04-14,AUTO-20260427-780DD684D9,电力市场运行基本规则,2024-04-25,引用依据,中长期,华中区域->南方区域,规则名称：电力市场运行基本规则,电力用户，相关经营主体： 为贯彻落实加快建设全国统一电力市场要求，进一步深化西藏电力中长期市场建设，规范电力中长期交易行为，适应西藏电力市场高质量发展需要，依据《电力市场运行基本规则》（国家发展和改革委员会令 2024 年第 20 号）、《国家发展改革委 国家能源局关于印发 < 电力中长期市场基本规则 > 的通知》（发改能源规〔 2025 〕,中,否,仅由新政策明文引用旧政策时生成
EVO-00012,AUTO-20260425-712572408D,关于印发《西藏自治区电力中长期市场实施细则》的通知,2026-04-14,AUTO-20260424-10A4BBBC6D,电力市场运行基本规则_国家发展和改革委员会,2024-04-18,引用依据,中长期,华中区域->全国,规则名称：电力市场运行基本规则,电力用户，相关经营主体： 为贯彻落实加快建设全国统一电力市场要求，进一步深化西藏电力中长期市场建设，规范电力中长期交易行为，适应西藏电力市场高质量发展需要，依据《电力市场运行基本规则》（国家发展和改革委员会令 2024 年第 20 号）、《国家发展改革委 国家能源局关于印发 < 电力中长期市场基本规则 > 的通知》（发改能源规〔 2025 〕,中,否,仅由新政策明文引用旧政策时生成
EVO-00013,AUTO-20260424-663B4D5B07,关于印发《湖北省电力中长期市场实施细则》的通知,2026-04-14,AUTO-20260427-780DD684D9,电力市场运行基本规则,2024-04-25,引用依据,中长期,湖北->南方区域,规则名称：电力市场运行基本规则,电力用户，相关经营主体： 为贯彻落实加快建设全国统一电力市场要求，进一步深化湖北电力中长期市场建设，规范电力中长期交易行为，适应湖北电力市场高质量发展需要，依据《电力市场运行基本规则》（国家发展和改革委员会令 2024 年第 20 号）、《国家发展改革委 国家能源局关于印发 < 电力中长期市场基本规则 > 的通知》（发改能源规〔 2025 〕,中,否,仅由新政策明文引用旧政策时生成
EVO-00014,AUTO-20260424-663B4D5B07,关于印发《湖北省电力中长期市场实施细则》的通知,2026-04-14,AUTO-20260424-10A4BBBC6D,电力市场运行基本规则_国家发展和改革委员会,2024-04-18,引用依据,中长期,湖北->全国,规则名称：电力市场运行基本规则,电力用户，相关经营主体： 为贯彻落实加快建设全国统一电力市场要求，进一步深化湖北电力中长期市场建设，规范电力中长期交易行为，适应湖北电力市场高质量发展需要，依据《电力市场运行基本规则》（国家发展和改革委员会令 2024 年第 20 号）、《国家发展改革委 国家能源局关于印发 < 电力中长期市场基本规则 > 的通知》（发改能源规〔 2025 〕,中,否,仅由新政策明文引用旧政策时生成
EVO-00015,AUTO-20260424-97CB3F74FC,国家能源局华中监管局关于印发《华中区域省间电力中长期市场实施细则》的通知,2026-04-09,AUTO-20260425-F67BBBF923,关于印发《电力中长期市场基本规则》的通知(发改能源规〔2025〕1656号),2025-12-26,引用依据,中长期,华中区域->全国,规则名称：电力中长期市场基本规则,，相关经营主体 ： 为贯彻落实加快建设全国统一电力市场要求，进 一步深化华中区域省间电力中长期市场建设，规范省间电力中长期交易行为，依据《电力市场运行基本规则》《电力中长期市场基本规则》等有关规定，结合华中区域电力市场运行实际，华中能源监管局会同河南、湖南、四川能源监管办，组织电力交易机构修订形成《华中区域省间电力中长期市场实施细则》，经广泛征,中,否,仅由新政策明文引用旧政策时生成
EVO-00016,AUTO-20260424-97CB3F74FC,国家能源局华中监管局关于印发《华中区域省间电力中长期市场实施细则》的通知,2026-04-09,AUTO-20260427-780DD684D9,电力市场运行基本规则,2024-04-25,引用依据,中长期,华中区域->南方区域,规则名称：电力市场运行基本规则,、电力交易机构、发电企业，相关经营主体 ： 为贯彻落实加快建设全国统一电力市场要求，进 一步深化华中区域省间电力中长期市场建设，规范省间电力中长期交易行为，依据《电力市场运行基本规则》《电力中长期市场基本规则》等有关规定，结合华中区域电力市场运行实际，华中能源监管局会同河南、湖南、四川能源监管办，组织电力交易机构修订形成《华中区域省间电力中长,中,否,仅由新政策明文引用旧政策时生成
EVO-00017,AUTO-20260424-97CB3F74FC,国家能源局华中监管局关于印发《华中区域省间电力中长期市场实施细则》的通知,2026-04-09,AUTO-20260424-10A4BBBC6D,电力市场运行基本规则_国家发展和改革委员会,2024-04-18,引用依据,中长期,华中区域->全国,规则名称：电力市场运行基本规则,、电力交易机构、发电企业，相关经营主体 ： 为贯彻落实加快建设全国统一电力市场要求，进 一步深化华中区域省间电力中长期市场建设，规范省间电力中长期交易行为，依据《电力市场运行基本规则》《电力中长期市场基本规则》等有关规定，结合华中区域电力市场运行实际，华中能源监管局会同河南、湖南、四川能源监管办，组织电力交易机构修订形成《华中区域省间电力中长,中,否,仅由新政策明文引用旧政策时生成
EVO-00018,AUTO-20260427-6A8B006887,关于印发《上海电力中长期市场实施细则》的通知,2026-03-31,AUTO-20260425-F67BBBF923,关于印发《电力中长期市场基本规则》的通知(发改能源规〔2025〕1656号),2025-12-26,引用依据,中长期,华东区域->全国,规则名称：电力中长期市场基本规则,中央 国务院关于进一步深化电力体制改革的若干意见》（中发【2015] 9号）要求，结合《中华人民共和国能源法》《中华人民共和国 电力法》《电力市场运行基本规则》《电力中长期市场基本规则》 及有关配套规定，制定本细则。 第二条本细则所称电力中长期市场，是指已完成市场注册 的经营主体开展电力中长期交易的市场。电力中长期交易是指对 未来某一时期内交割,中,否,仅由新政策明文引用旧政策时生成
EVO-00019,AUTO-20260427-6A8B006887,关于印发《上海电力中长期市场实施细则》的通知,2026-03-31,AUTO-20260427-EDE85AAF9A,关于印发修订后的《上海电力中长期交易规则》的通知（华东监...,2025-02-21,引用依据,中长期,华东区域->华东区域,规则名称：上海电力中长期交易规则,信息化委依据职责负责解释。 第一百四十二条本实施细则与国家政策、文件规定不符的， 从其规定。 第一百四十三条本实施细则自2026年4月1日起施行，有 效期5年。《上海电力中长期交易规则》（华东监能市场［2025] 5号）、《上海电力中长期交易规则－绿色电力交易专章》（华 东监能市场〔2024］99号）同时废止。 —38- --- 第 39 页,中,否,仅由新政策明文引用旧政策时生成
EVO-00020,AUTO-20260427-6A8B006887,关于印发《上海电力中长期市场实施细则》的通知,2026-03-31,AUTO-20260427-AF700450D9,电力市场注册基本规则,2024-09-13,引用依据,中长期,华东区域->南方区域,规则名称：电力市场注册基本规则,三条 电力市场实行注册制度，经营主体进入或退出 电力市场应当办理相应的注册手续，包括注册、服务关系建立、 信息变更以及市场注销等。 第三十四条 经营主体应当按照《电力市场注册基本规则》 要求，在电力交易平台办理市场注册、变更与注销，并进行实名 认证。经营主体在履行市场注册程序后，参与电力中长期市场。 第三十五条 市场注册基本程序 （一）符合基,中,否,仅由新政策明文引用旧政策时生成
EVO-00021,AUTO-20260427-6A8B006887,关于印发《上海电力中长期市场实施细则》的通知,2026-03-31,AUTO-20260424-2ABE953CDD,国家能源局关于印发《电力市场注册基本规则》的通知,2024-09-13,引用依据,中长期,华东区域->全国,规则名称：电力市场注册基本规则,三条 电力市场实行注册制度，经营主体进入或退出 电力市场应当办理相应的注册手续，包括注册、服务关系建立、 信息变更以及市场注销等。 第三十四条 经营主体应当按照《电力市场注册基本规则》 要求，在电力交易平台办理市场注册、变更与注销，并进行实名 认证。经营主体在履行市场注册程序后，参与电力中长期市场。 第三十五条 市场注册基本程序 （一）符合基,中,否,仅由新政策明文引用旧政策时生成
EVO-00022,AUTO-20260427-6A8B006887,关于印发《上海电力中长期市场实施细则》的通知,2026-03-31,AUTO-20260427-780DD684D9,电力市场运行基本规则,2024-04-25,引用依据,中长期,华东区域->南方区域,规则名称：电力市场运行基本规则,、竞争、有序，根据《中共中央 国务院关于进一步深化电力体制改革的若干意见》（中发【2015] 9号）要求，结合《中华人民共和国能源法》《中华人民共和国 电力法》《电力市场运行基本规则》《电力中长期市场基本规则》 及有关配套规定，制定本细则。 第二条本细则所称电力中长期市场，是指已完成市场注册 的经营主体开展电力中长期交易的市场。电力中长期交易,中,否,仅由新政策明文引用旧政策时生成
EVO-00023,AUTO-20260427-6A8B006887,关于印发《上海电力中长期市场实施细则》的通知,2026-03-31,AUTO-20260424-10A4BBBC6D,电力市场运行基本规则_国家发展和改革委员会,2024-04-18,引用依据,中长期,华东区域->全国,规则名称：电力市场运行基本规则,、竞争、有序，根据《中共中央 国务院关于进一步深化电力体制改革的若干意见》（中发【2015] 9号）要求，结合《中华人民共和国能源法》《中华人民共和国 电力法》《电力市场运行基本规则》《电力中长期市场基本规则》 及有关配套规定，制定本细则。 第二条本细则所称电力中长期市场，是指已完成市场注册 的经营主体开展电力中长期交易的市场。电力中长期交易,中,否,仅由新政策明文引用旧政策时生成
EVO-00024,AUTO-20260427-0A34FA35E6,关于印发《安徽电力中长期市场实施细则》的通知,2026-03-31,AUTO-20260425-F67BBBF923,关于印发《电力中长期市场基本规则》的通知(发改能源规〔2025〕1656号),2025-12-26,引用依据,中长期,华东区域->全国,规则名称：电力中长期市场基本规则,全国统一电力市场体系的实施意见》（国办发 【2026］4号）等要求，依据《电力市场运行基本规则》（中 华人民共和国国家发展和改革委员会令2024年第20号）、 《电力中长期市场基本规则》（发改能源规〔2025］1656号） 等文件规定，制定本细则。 第二条电力中长期交易是指在电力中长期市场中开展 的对未来某一时期内交割电力产品或者服务的交易。本,中,否,仅由新政策明文引用旧政策时生成
EVO-00025,AUTO-20260427-0A34FA35E6,关于印发《安徽电力中长期市场实施细则》的通知,2026-03-31,AUTO-20260427-AF700450D9,电力市场注册基本规则,2024-09-13,引用依据,中长期,华东区域->南方区域,规则名称：电力市场注册基本规则,有关管理规定执行； 2.拥有配电网运营权的售电公司应当取得电力业务许可 证（供电类）。 （四）虚拟电厂、独立储能、分布式电源等新型经营主 体参与市场基本条件按照《电力市场注册基本规则》及安徽 有关管理规定执行。 第二十八条直接参与电力中长期市场的电力用户全部 电量可通过批发市场或零售市场购买，但不得同时参与批发 市场和零售市场。 第二十九条市,中,否,仅由新政策明文引用旧政策时生成
EVO-00026,AUTO-20260427-0A34FA35E6,关于印发《安徽电力中长期市场实施细则》的通知,2026-03-31,AUTO-20260424-2ABE953CDD,国家能源局关于印发《电力市场注册基本规则》的通知,2024-09-13,引用依据,中长期,华东区域->全国,规则名称：电力市场注册基本规则,有关管理规定执行； 2.拥有配电网运营权的售电公司应当取得电力业务许可 证（供电类）。 （四）虚拟电厂、独立储能、分布式电源等新型经营主 体参与市场基本条件按照《电力市场注册基本规则》及安徽 有关管理规定执行。 第二十八条直接参与电力中长期市场的电力用户全部 电量可通过批发市场或零售市场购买，但不得同时参与批发 市场和零售市场。 第二十九条市,中,否,仅由新政策明文引用旧政策时生成
EVO-00027,AUTO-20260427-0A34FA35E6,关于印发《安徽电力中长期市场实施细则》的通知,2026-03-31,AUTO-20260427-780DD684D9,电力市场运行基本规则,2024-04-25,引用依据,中长期,华东区域->南方区域,规则名称：电力市场运行基本规则,电力体制改革的若干 意见》（中发［2015］9号）及其配套细则、《国务院办公 厅关于完善全国统一电力市场体系的实施意见》（国办发 【2026］4号）等要求，依据《电力市场运行基本规则》（中 华人民共和国国家发展和改革委员会令2024年第20号）、 《电力中长期市场基本规则》（发改能源规〔2025］1656号） 等文件规定，制定本细则。 第二条,中,否,仅由新政策明文引用旧政策时生成
EVO-00028,AUTO-20260427-0A34FA35E6,关于印发《安徽电力中长期市场实施细则》的通知,2026-03-31,AUTO-20260424-10A4BBBC6D,电力市场运行基本规则_国家发展和改革委员会,2024-04-18,引用依据,中长期,华东区域->全国,规则名称：电力市场运行基本规则,电力体制改革的若干 意见》（中发［2015］9号）及其配套细则、《国务院办公 厅关于完善全国统一电力市场体系的实施意见》（国办发 【2026］4号）等要求，依据《电力市场运行基本规则》（中 华人民共和国国家发展和改革委员会令2024年第20号）、 《电力中长期市场基本规则》（发改能源规〔2025］1656号） 等文件规定，制定本细则。 第二条,中,否,仅由新政策明文引用旧政策时生成
EVO-00029,AUTO-20260427-D816ADFC99,关于印发《新疆电力中长期市场实施细则》 的通知,2026-03-30,AUTO-20260425-F67BBBF923,关于印发《电力中长期市场基本规则》的通知(发改能源规〔2025〕1656号),2025-12-26,引用依据,中长期,新疆->全国,规则名称：电力中长期市场基本规则,全国统一电力市场要求，规范新疆电力中长期市场运营和管理，依据《中华人民共和国能源法》《中华人民共和国电力法》《电力监管条例》等法律法规和《电力市场运行基本规则》《电力中长期市场基本规则》等文件要求，国家能源局新疆监管办公室、新疆维吾尔自治区发展改革委、新疆生产建设兵团发展改革委制定了《新疆电力中长期市场实施细则》，现印发你们，请遵照执行，并就有,中,否,仅由新政策明文引用旧政策时生成
EVO-00030,AUTO-20260427-D816ADFC99,关于印发《新疆电力中长期市场实施细则》 的通知,2026-03-30,AUTO-20260427-780DD684D9,电力市场运行基本规则,2024-04-25,引用依据,中长期,新疆->南方区域,规则名称：电力市场运行基本规则,为进一步贯彻落实加快建设全国统一电力市场要求，规范新疆电力中长期市场运营和管理，依据《中华人民共和国能源法》《中华人民共和国电力法》《电力监管条例》等法律法规和《电力市场运行基本规则》《电力中长期市场基本规则》等文件要求，国家能源局新疆监管办公室、新疆维吾尔自治区发展改革委、新疆生产建设兵团发展改革委制定了《新疆电力中长期市场实施细则》，现印,中,否,仅由新政策明文引用旧政策时生成
EVO-00031,AUTO-20260427-D816ADFC99,关于印发《新疆电力中长期市场实施细则》 的通知,2026-03-30,AUTO-20260424-10A4BBBC6D,电力市场运行基本规则_国家发展和改革委员会,2024-04-18,引用依据,中长期,新疆->全国,规则名称：电力市场运行基本规则,为进一步贯彻落实加快建设全国统一电力市场要求，规范新疆电力中长期市场运营和管理，依据《中华人民共和国能源法》《中华人民共和国电力法》《电力监管条例》等法律法规和《电力市场运行基本规则》《电力中长期市场基本规则》等文件要求，国家能源局新疆监管办公室、新疆维吾尔自治区发展改革委、新疆生产建设兵团发展改革委制定了《新疆电力中长期市场实施细则》，现印,中,否,仅由新政策明文引用旧政策时生成
EVO-00032,AUTO-20260425-9A3E9D6FC0,关于公开征求《山东电力市场监管办法(征求意见稿)》等意见的通知,2026-03-27,AUTO-20260427-780DD684D9,电力市场运行基本规则,2024-04-25,引用依据,电力市场,山东->南方区域,规则名称：电力市场运行基本规则,字体： 小 | 中 | 大 为贯彻落实国家有关部署，适应电力市场发展新形势，进一步规范山东电力市场秩序，完善监管机制，根据《电力监管条例》《电力市场监管办法》《电力市场运行基本规则》以及有关法律法规和政策规定，结合我省电力市场发展实际，我办组织有关单位对《山东电力市场监管办法(试行)》进行了修订，并同步编制了2项配套监管指引，现向社会公开征,中,否,仅由新政策明文引用旧政策时生成
EVO-00033,AUTO-20260425-9A3E9D6FC0,关于公开征求《山东电力市场监管办法(征求意见稿)》等意见的通知,2026-03-27,AUTO-20260424-10A4BBBC6D,电力市场运行基本规则_国家发展和改革委员会,2024-04-18,引用依据,电力市场,山东->全国,规则名称：电力市场运行基本规则,字体： 小 | 中 | 大 为贯彻落实国家有关部署，适应电力市场发展新形势，进一步规范山东电力市场秩序，完善监管机制，根据《电力监管条例》《电力市场监管办法》《电力市场运行基本规则》以及有关法律法规和政策规定，结合我省电力市场发展实际，我办组织有关单位对《山东电力市场监管办法(试行)》进行了修订，并同步编制了2项配套监管指引，现向社会公开征,中,否,仅由新政策明文引用旧政策时生成
EVO-00034,AUTO-20260427-E1D1006CB7,关于印发《江苏省电力中长期市场实施细则（2026版）》的通知,2026-03-06,AUTO-20260425-3D787AF073,关于公开征求《重庆电力中长期市场实施细则（征求意见稿）》意见的通知,2026-01-26,引用依据,中长期,江苏->华中区域,文号：发改能源规〔2025〕1656号,号）及其配套文件、《电力市场运行基本规则》（国家发展和改革委员会2024年第20号令）、《国家发展改革委 国家能源局关于印发〈电力中长期市场基本规则〉的通知》（发改能源规〔2025〕1656号）、《国家发展改革委 国家能源局关于印发〈电力现货市场基本规则（试行）〉的通知》（发改能源规〔2023〕1217号）、《国家能源局关于印发〈电力市场信息披露基本,高,否,仅由新政策明文引用旧政策时生成
EVO-00035,AUTO-20260427-E1D1006CB7,关于印发《江苏省电力中长期市场实施细则（2026版）》的通知,2026-03-06,AUTO-20260425-F67BBBF923,关于印发《电力中长期市场基本规则》的通知(发改能源规〔2025〕1656号),2025-12-26,引用依据,中长期,江苏->全国,文号：发改能源规〔2025〕1656号,号）及其配套文件、《电力市场运行基本规则》（国家发展和改革委员会2024年第20号令）、《国家发展改革委 国家能源局关于印发〈电力中长期市场基本规则〉的通知》（发改能源规〔2025〕1656号）、《国家发展改革委 国家能源局关于印发〈电力现货市场基本规则（试行）〉的通知》（发改能源规〔2023〕1217号）、《国家能源局关于印发〈电力市场信息披露基本,高,否,仅由新政策明文引用旧政策时生成
EVO-00036,AUTO-20260427-E1D1006CB7,关于印发《江苏省电力中长期市场实施细则（2026版）》的通知,2026-03-06,AUTO-20260425-8469367611,关于印发《电力市场计量结算基本规则》的通知(发改能源规〔2025〕976号),2025-08-06,引用依据,中长期,江苏->全国,文号：发改能源规〔2025〕976号,国家能源局关于印发〈电力市场注册基本规则〉的通知》（国能发监管规〔2024〕76号）、《国家发展改革委 国家能源局关于印发〈电力市场计量结算基本规则〉的通知》（发改能源规〔2025〕976号）、《国家发展改革委 国家能源局关于印发〈售电公司管理办法〉的通知》（发改体改规〔2021〕1595号）等文件和有关法律、法规规定，江苏能源监管办会同省发展改革,高,否,仅由新政策明文引用旧政策时生成
EVO-00037,AUTO-20260427-E1D1006CB7,关于印发《江苏省电力中长期市场实施细则（2026版）》的通知,2026-03-06,AUTO-20260427-08350D960F,关于进一步做好电力市场信息披露工作的通知,2025-05-23,引用依据,中长期,江苏->江苏,文号：国能发监管〔2024〕9号,革委 国家能源局关于印发〈电力现货市场基本规则（试行）〉的通知》（发改能源规〔2023〕1217号）、《国家能源局关于印发〈电力市场信息披露基本规则〉的通知》（国能发监管〔2024〕9号）、《国家能源局关于印发〈电力市场注册基本规则〉的通知》（国能发监管规〔2024〕76号）、《国家发展改革委 国家能源局关于印发〈电力市场计量结算基本规则〉的通,高,否,仅由新政策明文引用旧政策时生成
EVO-00038,AUTO-20260427-E1D1006CB7,关于印发《江苏省电力中长期市场实施细则（2026版）》的通知,2026-03-06,AUTO-20260425-E98D78E2BB,电力市场信息披露基本规则（国能发监管〔2024〕9号）,2025-05-16,引用依据,中长期,江苏->南方区域,文号：国能发监管〔2024〕9号,革委 国家能源局关于印发〈电力现货市场基本规则（试行）〉的通知》（发改能源规〔2023〕1217号）、《国家能源局关于印发〈电力市场信息披露基本规则〉的通知》（国能发监管〔2024〕9号）、《国家能源局关于印发〈电力市场注册基本规则〉的通知》（国能发监管规〔2024〕76号）、《国家发展改革委 国家能源局关于印发〈电力市场计量结算基本规则〉的通,高,否,仅由新政策明文引用旧政策时生成
EVO-00039,AUTO-20260427-E1D1006CB7,关于印发《江苏省电力中长期市场实施细则（2026版）》的通知,2026-03-06,AUTO-20260427-EC24CC36EA,关于印发修订后的《安徽电力中长期交易规则》的通知（华东监...,2025-02-21,引用依据,中长期,江苏->华东区域,文号：中发〔2015〕9号,期市场建设，更好适应江苏电力现货市场运行及新型经营主体发展需要，保证电力市场统一、开放、竞争、有序，根据《中共中央国务院关于进一步深化电力体制改革的若干意见》（中发〔2015〕9号）及其配套文件、《电力市场运行基本规则》（国家发展和改革委员会2024年第20号令）、《国家发展改革委 国家能源局关于印发〈电力中长期市场基本规则〉的通知》（发,高,否,仅由新政策明文引用旧政策时生成
EVO-00040,AUTO-20260427-E1D1006CB7,关于印发《江苏省电力中长期市场实施细则（2026版）》的通知,2026-03-06,AUTO-20260427-3AAD7C60CC,长三角省市间富余新能源消纳互济交易规则（试行）,2024-12-13,引用依据,中长期,江苏->华东区域,文号：中发〔2015〕9号,期市场建设，更好适应江苏电力现货市场运行及新型经营主体发展需要，保证电力市场统一、开放、竞争、有序，根据《中共中央国务院关于进一步深化电力体制改革的若干意见》（中发〔2015〕9号）及其配套文件、《电力市场运行基本规则》（国家发展和改革委员会2024年第20号令）、《国家发展改革委 国家能源局关于印发〈电力中长期市场基本规则〉的通知》（发,高,否,仅由新政策明文引用旧政策时生成
EVO-00041,AUTO-20260427-E1D1006CB7,关于印发《江苏省电力中长期市场实施细则（2026版）》的通知,2026-03-06,AUTO-20260427-075F05064A,华东能源监管局关于扩展华东电力调峰辅助服务市场交易至日内...,2024-12-13,引用依据,中长期,江苏->华东区域,文号：中发〔2015〕9号,期市场建设，更好适应江苏电力现货市场运行及新型经营主体发展需要，保证电力市场统一、开放、竞争、有序，根据《中共中央国务院关于进一步深化电力体制改革的若干意见》（中发〔2015〕9号）及其配套文件、《电力市场运行基本规则》（国家发展和改革委员会2024年第20号令）、《国家发展改革委 国家能源局关于印发〈电力中长期市场基本规则〉的通知》（发,高,否,仅由新政策明文引用旧政策时生成
EVO-00042,AUTO-20260427-E1D1006CB7,关于印发《江苏省电力中长期市场实施细则（2026版）》的通知,2026-03-06,AUTO-20260424-2ABE953CDD,国家能源局关于印发《电力市场注册基本规则》的通知,2024-09-13,引用依据,中长期,江苏->全国,文号：国能发监管规〔2024〕76号,3〕1217号）、《国家能源局关于印发〈电力市场信息披露基本规则〉的通知》（国能发监管〔2024〕9号）、《国家能源局关于印发〈电力市场注册基本规则〉的通知》（国能发监管规〔2024〕76号）、《国家发展改革委 国家能源局关于印发〈电力市场计量结算基本规则〉的通知》（发改能源规〔2025〕976号）、《国家发展改革委 国家能源局关于印发〈售电公司管,高,否,仅由新政策明文引用旧政策时生成
EVO-00043,AUTO-20260427-E1D1006CB7,关于印发《江苏省电力中长期市场实施细则（2026版）》的通知,2026-03-06,AUTO-20260427-780DD684D9,电力市场运行基本规则,2024-04-25,引用依据,中长期,江苏->南方区域,规则名称：电力市场运行基本规则,运行及新型经营主体发展需要，保证电力市场统一、开放、竞争、有序，根据《中共中央国务院关于进一步深化电力体制改革的若干意见》（中发〔2015〕9号）及其配套文件、《电力市场运行基本规则》（国家发展和改革委员会2024年第20号令）、《国家发展改革委 国家能源局关于印发〈电力中长期市场基本规则〉的通知》（发改能源规〔2025〕1656号）、《国家,中,否,仅由新政策明文引用旧政策时生成
EVO-00044,AUTO-20260427-E1D1006CB7,关于印发《江苏省电力中长期市场实施细则（2026版）》的通知,2026-03-06,AUTO-20260424-10A4BBBC6D,电力市场运行基本规则_国家发展和改革委员会,2024-04-18,引用依据,中长期,江苏->全国,规则名称：电力市场运行基本规则,运行及新型经营主体发展需要，保证电力市场统一、开放、竞争、有序，根据《中共中央国务院关于进一步深化电力体制改革的若干意见》（中发〔2015〕9号）及其配套文件、《电力市场运行基本规则》（国家发展和改革委员会2024年第20号令）、《国家发展改革委 国家能源局关于印发〈电力中长期市场基本规则〉的通知》（发改能源规〔2025〕1656号）、《国家,中,否,仅由新政策明文引用旧政策时生成
EVO-00045,AUTO-20260427-E1D1006CB7,关于印发《江苏省电力中长期市场实施细则（2026版）》的通知,2026-03-06,AUTO-20260427-56F605665F,关于印发《江苏省电力中长期交易规则（2023版）》的通知,2023-12-08,引用依据,中长期,江苏->江苏,规则名称：江苏省电力中长期交易规则（2023版,国家能源局关于印发〈售电公司管理办法〉的通知》（发改体改规〔2021〕1595号）等文件和有关法律、法规规定，江苏能源监管办会同省发展改革委（能源局）修订了《江苏省电力中长期交易规则（2023版）》，现将修订后《江苏省电力中长期市场实施细则（2026版）》印发给你们，请遵照执行。本规则自2026年3月1日起施行，实施过程中如有重大问题，请及时报告。 江,中,否,仅由新政策明文引用旧政策时生成
EVO-00046,AUTO-20260427-E1D1006CB7,关于印发《江苏省电力中长期市场实施细则（2026版）》的通知,2026-03-06,AUTO-20260427-B292F45571,关于印发《电力现货市场基本规则（试行）》的通知(发改能源规〔2023〕1217号),2023-09-15,引用依据,中长期,江苏->全国,文号：发改能源规〔2023〕1217号,局关于印发〈电力中长期市场基本规则〉的通知》（发改能源规〔2025〕1656号）、《国家发展改革委 国家能源局关于印发〈电力现货市场基本规则（试行）〉的通知》（发改能源规〔2023〕1217号）、《国家能源局关于印发〈电力市场信息披露基本规则〉的通知》（国能发监管〔2024〕9号）、《国家能源局关于印发〈电力市场注册基本规则〉的通知》（国能发监管规〔,高,否,仅由新政策明文引用旧政策时生成
EVO-00047,AUTO-20260427-E1D1006CB7,关于印发《江苏省电力中长期市场实施细则（2026版）》的通知,2026-03-06,AUTO-20260427-EE6D85F7E0,发改能源规〔2023〕1217号 《电力现货市场基本规则（试行）》,2023-09-10,引用依据,中长期,江苏->南方区域,文号：发改能源规〔2023〕1217号,局关于印发〈电力中长期市场基本规则〉的通知》（发改能源规〔2025〕1656号）、《国家发展改革委 国家能源局关于印发〈电力现货市场基本规则（试行）〉的通知》（发改能源规〔2023〕1217号）、《国家能源局关于印发〈电力市场信息披露基本规则〉的通知》（国能发监管〔2024〕9号）、《国家能源局关于印发〈电力市场注册基本规则〉的通知》（国能发监管规〔,高,否,仅由新政策明文引用旧政策时生成
EVO-00048,AUTO-20260427-8BA55D72F9,国家能源局西北监管局关于征求《西北区域省间电力中长期市场实施细则（2026年修订版）（征求意见稿）》意见建议的通知,2026-02-14,AUTO-20260425-F67BBBF923,关于印发《电力中长期市场基本规则》的通知(发改能源规〔2025〕1656号),2025-12-26,引用依据,中长期,西北区域->全国,规则名称：电力中长期市场基本规则,设，根据《中共中央 国务院关于进一步深化电力体制改革的若干意见》《国家发展改革委 国家能源局关于加快建设全国统一电力市场体系的指导意见》《电力市场运行基本规则》《电力中长期市场基本规则》等政策文件要求，组织起草了《西北区域省间电力中长期市场实施细则（2026年修订版）（征求意见稿）》，并初步征求了各有关单位意见建议。现将修订完善后的《西北区域省,中,否,仅由新政策明文引用旧政策时生成
EVO-00049,AUTO-20260427-8BA55D72F9,国家能源局西北监管局关于征求《西北区域省间电力中长期市场实施细则（2026年修订版）（征求意见稿）》意见建议的通知,2026-02-14,AUTO-20260427-780DD684D9,电力市场运行基本规则,2024-04-25,引用依据,中长期,西北区域->南方区域,规则名称：电力市场运行基本规则,争、有序的电力市场体系建设，根据《中共中央 国务院关于进一步深化电力体制改革的若干意见》《国家发展改革委 国家能源局关于加快建设全国统一电力市场体系的指导意见》《电力市场运行基本规则》《电力中长期市场基本规则》等政策文件要求，组织起草了《西北区域省间电力中长期市场实施细则（2026年修订版）（征求意见稿）》，并初步征求了各有关单位意见建议。现,中,否,仅由新政策明文引用旧政策时生成
EVO-00050,AUTO-20260427-8BA55D72F9,国家能源局西北监管局关于征求《西北区域省间电力中长期市场实施细则（2026年修订版）（征求意见稿）》意见建议的通知,2026-02-14,AUTO-20260424-10A4BBBC6D,电力市场运行基本规则_国家发展和改革委员会,2024-04-18,引用依据,中长期,西北区域->全国,规则名称：电力市场运行基本规则,争、有序的电力市场体系建设，根据《中共中央 国务院关于进一步深化电力体制改革的若干意见》《国家发展改革委 国家能源局关于加快建设全国统一电力市场体系的指导意见》《电力市场运行基本规则》《电力中长期市场基本规则》等政策文件要求，组织起草了《西北区域省间电力中长期市场实施细则（2026年修订版）（征求意见稿）》，并初步征求了各有关单位意见建议。现,中,否,仅由新政策明文引用旧政策时生成
EVO-00051,AUTO-20260427-2492100A42,关于公开征求《内蒙古电力多边交易市场规则体系2026年修订版(征求意见稿)》《蒙东电力市场规则体系2026年修订版(征求意见稿)》意见建议的公告,2026-02-14,AUTO-20260427-11E67EF119,关于印发《内蒙古电力多边交易市场规则体系》的通知,2024-12-27,引用依据,电力市场,内蒙古自治区->内蒙古自治区,规则名称：内蒙古电力多边交易市场规则体系,场建设要求，规范内蒙古电力多边交易市场、蒙东电力市场的建设和运营，维护电力市场秩序和市场成员合法权益，结合电力市场运行实际需要，内蒙古自治区能源局会同有关单位对《内蒙古电力多边交易市场规则体系》《蒙东电力市场规则体系（试行）》进行全面修订，研究起草了《内蒙古电力多边交易市场规则体系2026年修订版（征求意见稿）》《蒙东电力市场规则体系2026年修订版（,中,否,仅由新政策明文引用旧政策时生成
EVO-00052,AUTO-20260427-175A83DAA9,关于将山西尚太（四期）、阳曲县绿电园区2个项目纳入省级绿电直连项目清单的通知,2026-02-13,AUTO-20260427-8B8776AC2F,关于印发《推动绿电直连项目有序建设实施方案》的通知,2025-12-29,引用依据,绿电,山西->山西,文号：晋能源规发〔2025〕259号,改革委 国家能源局关于有序推动绿电直连发展有关事项的通知》（发改能源〔2025〕650号）、《山西省能源局关于印发<推动绿电直连项目有序建设实施方案>的通知》（晋能源规发〔2025〕259号）有关规定，经相关市申请，现将2个符合条件的项目纳入省级绿电直连项目清单，并就有关事项通知如下： 一、本次纳入清单项目共2个，新能源装机130万千瓦，其中，山西,高,否,仅由新政策明文引用旧政策时生成
EVO-00053,AUTO-20260427-175A83DAA9,关于将山西尚太（四期）、阳曲县绿电园区2个项目纳入省级绿电直连项目清单的通知,2026-02-13,AUTO-20260427-51C6A877DC,关于有序推动绿电直连发展有关事项的通知(发改能源〔2025〕650号),2025-05-30,引用依据,绿电,山西->全国,文号：发改能源〔2025〕650号,〔2026〕49号 有关市能源局，国网山西省电力有限公司，山西电力交易中心有限公司： 按照《国家发展改革委 国家能源局关于有序推动绿电直连发展有关事项的通知》（发改能源〔2025〕650号）、《山西省能源局关于印发<推动绿电直连项目有序建设实施方案>的通知》（晋能源规发〔2025〕259号）有关规定，经相关市申请，现将2个符合条件的项目纳入省级绿,高,否,仅由新政策明文引用旧政策时生成
EVO-00054,AUTO-20260427-1906B16212,关于进一步做好我市电力现货市场限价相关事项的通知_价格管理,2026-02-11,AUTO-20260427-A0AD12B7E0,关于进一步加快电力现货市场建设工作的通知(发改办体改〔2023〕813号),2023-11-01,引用依据,现货,上海->全国,文号：发改办体改〔2023〕813号,电力现货市场基本规则（试行）〉的通知》（发改能源规〔2023〕1217号）、《国家发展改革委办公厅 国家能源局综合司关于进一步加快电力现货市场建设工作的通知》（发改办体改〔2023〕813号）等文件规定，现就我市电力现货市场限价有关事项通知如下： 一、现货市场申报价格上限综合考虑市场用户电价承受能力、发电企业运营效益，同时参考我市近年工商业用户尖峰,高,否,仅由新政策明文引用旧政策时生成
EVO-00055,AUTO-20260427-1906B16212,关于进一步做好我市电力现货市场限价相关事项的通知_价格管理,2026-02-11,AUTO-20260427-B292F45571,关于印发《电力现货市场基本规则（试行）》的通知(发改能源规〔2023〕1217号),2023-09-15,引用依据,现货,上海->全国,文号：发改能源规〔2023〕1217号,改价管〔2026〕5号) 国网上海市电力公司、上海电力交易中心、各有关单位： 根据《国家发展改革委 国家能源局关于印发〈电力现货市场基本规则（试行）〉的通知》（发改能源规〔2023〕1217号）、《国家发展改革委办公厅 国家能源局综合司关于进一步加快电力现货市场建设工作的通知》（发改办体改〔2023〕813号）等文件规定，现就我市电力现货市场限价有关,高,否,仅由新政策明文引用旧政策时生成
EVO-00056,AUTO-20260427-1906B16212,关于进一步做好我市电力现货市场限价相关事项的通知_价格管理,2026-02-11,AUTO-20260427-EE6D85F7E0,发改能源规〔2023〕1217号 《电力现货市场基本规则（试行）》,2023-09-10,引用依据,现货,上海->南方区域,文号：发改能源规〔2023〕1217号,改价管〔2026〕5号) 国网上海市电力公司、上海电力交易中心、各有关单位： 根据《国家发展改革委 国家能源局关于印发〈电力现货市场基本规则（试行）〉的通知》（发改能源规〔2023〕1217号）、《国家发展改革委办公厅 国家能源局综合司关于进一步加快电力现货市场建设工作的通知》（发改办体改〔2023〕813号）等文件规定，现就我市电力现货市场限价有关,高,否,仅由新政策明文引用旧政策时生成
EVO-00057,AUTO-20260427-054169DB65,华中能源监管局关于印发《华中区域（东四省）电力互济交易实施细则》的通知,2026-01-30,AUTO-20260427-780DD684D9,电力市场运行基本规则,2024-04-25,引用依据,电力市场,华中区域->南方区域,规则名称：电力市场运行基本规则,，河南、湖北、湖南、江西四省电网企业、电力调度机构、电力交易机构、发电企业，相关经营主体 ： 为助力构建全国统一电力市场体系，促进华中区域省间电力余缺互济，根据《电力市场运行基本规则》等有关规定，国家能源局华中监管局会同河南、湖南能源监管办，组织市场运营机构制订形成《华中区域（东四省）电力互济交易实施细则》，经广泛征求地方政府相关部门和经营主,中,否,仅由新政策明文引用旧政策时生成
EVO-00058,AUTO-20260427-054169DB65,华中能源监管局关于印发《华中区域（东四省）电力互济交易实施细则》的通知,2026-01-30,AUTO-20260424-10A4BBBC6D,电力市场运行基本规则_国家发展和改革委员会,2024-04-18,引用依据,电力市场,华中区域->全国,规则名称：电力市场运行基本规则,，河南、湖北、湖南、江西四省电网企业、电力调度机构、电力交易机构、发电企业，相关经营主体 ： 为助力构建全国统一电力市场体系，促进华中区域省间电力余缺互济，根据《电力市场运行基本规则》等有关规定，国家能源局华中监管局会同河南、湖南能源监管办，组织市场运营机构制订形成《华中区域（东四省）电力互济交易实施细则》，经广泛征求地方政府相关部门和经营主,中,否,仅由新政策明文引用旧政策时生成
EVO-00059,AUTO-20260425-B3B8DDADB6,关于完善发电侧容量电价机制的通知(发改价格〔2026〕114号),2026-01-30,AUTO-20260427-69BAE4E34E,关于建立煤电容量电价机制的通知(发改价格〔2023〕1501号),2023-11-10,引用依据,容量电价,全国->全国,文号：发改价格〔2023〕1501号,进行补偿，公平反映不同机组对电力系统顶峰贡献。 二、分类完善容量电价机制 （一）完善煤电及天然气发电容量电价机制。 各地按照《关于建立煤电容量电价机制的通知》（发改价格〔2023〕1501号）要求，将通过容量电价回收煤电机组固定成本的比例提升至不低于50%，可结合当地市场建设、煤电利用小时数等实际情况进一步提高。 省级价格主管部门可对天然气发电建立,高,否,仅由新政策明文引用旧政策时生成
EVO-00060,AUTO-20260427-1C4703E1E9,国家能源局西北监管局关于征求陕西、宁夏、青海电力中长期市场实施细则（征求意见稿）意见建议的通知,2026-01-26,AUTO-20260425-F67BBBF923,关于印发《电力中长期市场基本规则》的通知(发改能源规〔2025〕1656号),2025-12-26,引用依据,中长期,西北区域->全国,规则名称：电力中长期市场基本规则,设，根据《中共中央 国务院关于进一步深化电力体制改革的若干意见》《国家发展改革委 国家能源局关于加快建设全国统一电力市场体系的指导意见》《电力市场运行基本规则》《电力中长期市场基本规则》等政策文件要求，组织起草了《陕西省电力中长期市场实施细则（征求意见稿）》《宁夏回族自治区电力中长期市场实施细则（征求意见稿）》《青海省电力中长期市场实施细则（征,中,否,仅由新政策明文引用旧政策时生成
EVO-00061,AUTO-20260427-1C4703E1E9,国家能源局西北监管局关于征求陕西、宁夏、青海电力中长期市场实施细则（征求意见稿）意见建议的通知,2026-01-26,AUTO-20260427-780DD684D9,电力市场运行基本规则,2024-04-25,引用依据,中长期,西北区域->南方区域,规则名称：电力市场运行基本规则,争、有序的电力市场体系建设，根据《中共中央 国务院关于进一步深化电力体制改革的若干意见》《国家发展改革委 国家能源局关于加快建设全国统一电力市场体系的指导意见》《电力市场运行基本规则》《电力中长期市场基本规则》等政策文件要求，组织起草了《陕西省电力中长期市场实施细则（征求意见稿）》《宁夏回族自治区电力中长期市场实施细则（征求意见稿）》《青海省,中,否,仅由新政策明文引用旧政策时生成
EVO-00062,AUTO-20260427-1C4703E1E9,国家能源局西北监管局关于征求陕西、宁夏、青海电力中长期市场实施细则（征求意见稿）意见建议的通知,2026-01-26,AUTO-20260424-10A4BBBC6D,电力市场运行基本规则_国家发展和改革委员会,2024-04-18,引用依据,中长期,西北区域->全国,规则名称：电力市场运行基本规则,争、有序的电力市场体系建设，根据《中共中央 国务院关于进一步深化电力体制改革的若干意见》《国家发展改革委 国家能源局关于加快建设全国统一电力市场体系的指导意见》《电力市场运行基本规则》《电力中长期市场基本规则》等政策文件要求，组织起草了《陕西省电力中长期市场实施细则（征求意见稿）》《宁夏回族自治区电力中长期市场实施细则（征求意见稿）》《青海省,中,否,仅由新政策明文引用旧政策时生成
EVO-00063,AUTO-20260425-D8A4A0C9BE,关于公开征求《华中区域省间电力中长期交易实施细则（征求意见稿）》意见的通知,2026-01-26,AUTO-20260427-780DD684D9,电力市场运行基本规则,2024-04-25,引用依据,中长期,华中区域->南方区域,规则名称：电力市场运行基本规则,局 Aa 字体： 小 | 中 | 大 为加快全国统一电力市场建设，进一步规范和完善华中区域电力中长期市场建设运营，维护区域电力市场秩序和经营主体合法权益， 根据《电力市场运行基本规则》（中华人民共和国国家发展和改革委员会令第 20 号）《国家发展改革委 国家能源局关于印发<电力中长期市场基本规则>的通知》（发改能源规 〔2025〕1656 号,中,否,仅由新政策明文引用旧政策时生成
EVO-00064,AUTO-20260425-D8A4A0C9BE,关于公开征求《华中区域省间电力中长期交易实施细则（征求意见稿）》意见的通知,2026-01-26,AUTO-20260424-10A4BBBC6D,电力市场运行基本规则_国家发展和改革委员会,2024-04-18,引用依据,中长期,华中区域->全国,规则名称：电力市场运行基本规则,局 Aa 字体： 小 | 中 | 大 为加快全国统一电力市场建设，进一步规范和完善华中区域电力中长期市场建设运营，维护区域电力市场秩序和经营主体合法权益， 根据《电力市场运行基本规则》（中华人民共和国国家发展和改革委员会令第 20 号）《国家发展改革委 国家能源局关于印发<电力中长期市场基本规则>的通知》（发改能源规 〔2025〕1656 号,中,否,仅由新政策明文引用旧政策时生成
EVO-00065,AUTO-20260425-63755B61E4,关于公开征求《西藏自治区电力中长期市场实施细则（征求意见稿）》意见的通知,2026-01-26,AUTO-20260427-780DD684D9,电力市场运行基本规则,2024-04-25,引用依据,中长期,华中区域->南方区域,规则名称：电力市场运行基本规则,局华中监管局 Aa 字体： 小 | 中 | 大 为加快全国统一电力市场建设，进一步规范和完善西藏电力市场建设运营，维护西藏电力市场秩序和经营主体合法权益， 根据《电力市场运行基本规则》（中华人民共和国国家发展和改革委员会令第 20 号）《国家发展改革委 国家能源局关于印发 < 电力中长期市场基本规则 > 的通知》（发改能源规〔 2025 〕,中,否,仅由新政策明文引用旧政策时生成
EVO-00066,AUTO-20260425-63755B61E4,关于公开征求《西藏自治区电力中长期市场实施细则（征求意见稿）》意见的通知,2026-01-26,AUTO-20260424-10A4BBBC6D,电力市场运行基本规则_国家发展和改革委员会,2024-04-18,引用依据,中长期,华中区域->全国,规则名称：电力市场运行基本规则,局华中监管局 Aa 字体： 小 | 中 | 大 为加快全国统一电力市场建设，进一步规范和完善西藏电力市场建设运营，维护西藏电力市场秩序和经营主体合法权益， 根据《电力市场运行基本规则》（中华人民共和国国家发展和改革委员会令第 20 号）《国家发展改革委 国家能源局关于印发 < 电力中长期市场基本规则 > 的通知》（发改能源规〔 2025 〕,中,否,仅由新政策明文引用旧政策时生成
EVO-00067,AUTO-20260425-3D787AF073,关于公开征求《重庆电力中长期市场实施细则（征求意见稿）》意见的通知,2026-01-26,AUTO-20260427-780DD684D9,电力市场运行基本规则,2024-04-25,引用依据,中长期,华中区域->南方区域,规则名称：电力市场运行基本规则,局华中监管局 Aa 字体： 小 | 中 | 大 为加快全国统一电力市场建设，进一步规范和完善重庆电力市场建设运营，维护重庆电力市场秩序和经营主体合法权益， 根据《电力市场运行基本规则》（中华人民共和国国家发展和改革委员会令第20号）《国家发展改革委 国家能源局关于印发<电力中长期市场基本规则>的通知》（发改能源规〔2025〕1656号） 等文,中,否,仅由新政策明文引用旧政策时生成
EVO-00068,AUTO-20260425-3D787AF073,关于公开征求《重庆电力中长期市场实施细则（征求意见稿）》意见的通知,2026-01-26,AUTO-20260424-10A4BBBC6D,电力市场运行基本规则_国家发展和改革委员会,2024-04-18,引用依据,中长期,华中区域->全国,规则名称：电力市场运行基本规则,局华中监管局 Aa 字体： 小 | 中 | 大 为加快全国统一电力市场建设，进一步规范和完善重庆电力市场建设运营，维护重庆电力市场秩序和经营主体合法权益， 根据《电力市场运行基本规则》（中华人民共和国国家发展和改革委员会令第20号）《国家发展改革委 国家能源局关于印发<电力中长期市场基本规则>的通知》（发改能源规〔2025〕1656号） 等文,中,否,仅由新政策明文引用旧政策时生成
EVO-00069,AUTO-20260425-35BEAAF482,关于公开征求《湖北省电力中长期市场实施细则（征求意见稿）》意见的通知,2026-01-26,AUTO-20260427-780DD684D9,电力市场运行基本规则,2024-04-25,引用依据,中长期,华中区域->南方区域,规则名称：电力市场运行基本规则,快推进全国统一电力市场体系建设，规范湖北电力中长期交易行为，依法维护湖北电力市场秩序、保护电力市场经营主体合法权益，保证电力市场的统一、开放、竞争、有序， 依据《电力市场运行基本规则》（中华人民共和国国家发展和改革委员会令 2024 年第 20 号）、《国家发展改革委 国家能源局关于印发<电力中长期市场基本规则>的通知》（发改能源规 〔 20,中,否,仅由新政策明文引用旧政策时生成
EVO-00070,AUTO-20260425-35BEAAF482,关于公开征求《湖北省电力中长期市场实施细则（征求意见稿）》意见的通知,2026-01-26,AUTO-20260424-10A4BBBC6D,电力市场运行基本规则_国家发展和改革委员会,2024-04-18,引用依据,中长期,华中区域->全国,规则名称：电力市场运行基本规则,快推进全国统一电力市场体系建设，规范湖北电力中长期交易行为，依法维护湖北电力市场秩序、保护电力市场经营主体合法权益，保证电力市场的统一、开放、竞争、有序， 依据《电力市场运行基本规则》（中华人民共和国国家发展和改革委员会令 2024 年第 20 号）、《国家发展改革委 国家能源局关于印发<电力中长期市场基本规则>的通知》（发改能源规 〔 20,中,否,仅由新政策明文引用旧政策时生成
EVO-00071,AUTO-20260425-1A6D55E163,关于公开征求《江西电力中长期市场实施细则（征求意见稿）》意见的通知,2026-01-26,AUTO-20260427-780DD684D9,电力市场运行基本规则,2024-04-25,引用依据,中长期,华中区域->南方区域,规则名称：电力市场运行基本规则,华中监管局 Aa 字体： 小 | 中 | 大 为加快全国统一电力市场建设，进一步规范和完善江西电力市场建设运营，维护江西电力市场秩序和经营主体合法权益， 根据 《电力市场运行基本规则》 （中华人民共和国国家发展和改革委员会令第 20 号）《国家发展改革委 国家能源局关于印发 < 电力中长期市场基本规则 > 的通知》（发改能源规〔 2025 〕,中,否,仅由新政策明文引用旧政策时生成
EVO-00072,AUTO-20260425-1A6D55E163,关于公开征求《江西电力中长期市场实施细则（征求意见稿）》意见的通知,2026-01-26,AUTO-20260424-10A4BBBC6D,电力市场运行基本规则_国家发展和改革委员会,2024-04-18,引用依据,中长期,华中区域->全国,规则名称：电力市场运行基本规则,华中监管局 Aa 字体： 小 | 中 | 大 为加快全国统一电力市场建设，进一步规范和完善江西电力市场建设运营，维护江西电力市场秩序和经营主体合法权益， 根据 《电力市场运行基本规则》 （中华人民共和国国家发展和改革委员会令第 20 号）《国家发展改革委 国家能源局关于印发 < 电力中长期市场基本规则 > 的通知》（发改能源规〔 2025 〕,中,否,仅由新政策明文引用旧政策时生成
EVO-00073,AUTO-20260427-8E9C5D7331,关于公开征求《新疆电力中长期市场实施细则（征求意见稿）》意见建议的通知,2026-01-23,AUTO-20260425-F67BBBF923,关于印发《电力中长期市场基本规则》的通知(发改能源规〔2025〕1656号),2025-12-26,引用依据,中长期,新疆->全国,规则名称：电力中长期市场基本规则,国统一电力市场的工作部署，进一步规范新疆电力中长期市场运营管理，推动新型经营主体参与电力市场交易，依法依规维护各类经营主体合法权益，国家能源局新疆监管办公室依据《电力中长期市场基本规则》（发改能源规﹝ 2025﹞1656号），牵头编制《新疆电力中长期市场实施细则（征求意见稿）》，现向社会公开征求意见。 自本通知发布之日起 30日内，请将有关意见,中,否,仅由新政策明文引用旧政策时生成
EVO-00074,AUTO-20260427-51AC1D580A,国家能源局西北监管局关于公开征求《西北区域省间电力互济交易运营规则（试行）（征求意见稿）》意见建议的通知,2026-01-23,AUTO-20260427-780DD684D9,电力市场运行基本规则,2024-04-25,引用依据,省间交易,西北区域->南方区域,规则名称：电力市场运行基本规则,纳，有力保障西北电网稳定可靠供电，根据《中共中央国务院关于加快建设全国统一大市场的意见》《国家发展改革委 国家能源局关于加快建设全国统一电力市场体系的指导意见》《电力市场运行基本规则》等政策文件要求，西北能源监管局会同甘肃能源监管办、新疆能源监管办组织有关单位共同编制了《西北区域省间电力互济交易规则（试行）（征求意见稿）》，并初步征求了各有关,中,否,仅由新政策明文引用旧政策时生成
EVO-00075,AUTO-20260427-51AC1D580A,国家能源局西北监管局关于公开征求《西北区域省间电力互济交易运营规则（试行）（征求意见稿）》意见建议的通知,2026-01-23,AUTO-20260424-10A4BBBC6D,电力市场运行基本规则_国家发展和改革委员会,2024-04-18,引用依据,省间交易,西北区域->全国,规则名称：电力市场运行基本规则,纳，有力保障西北电网稳定可靠供电，根据《中共中央国务院关于加快建设全国统一大市场的意见》《国家发展改革委 国家能源局关于加快建设全国统一电力市场体系的指导意见》《电力市场运行基本规则》等政策文件要求，西北能源监管局会同甘肃能源监管办、新疆能源监管办组织有关单位共同编制了《西北区域省间电力互济交易规则（试行）（征求意见稿）》，并初步征求了各有关,中,否,仅由新政策明文引用旧政策时生成
EVO-00076,AUTO-20260427-6620523786,关于印发《内蒙古自治区单一电力用户绿电直连项目开发建设实施方案（试行）》的通知,2026-01-14,AUTO-20260427-6FF22802C9,关于促进新能源消纳和调控的指导意见(发改能源〔2025〕1360号),2025-11-10,引用依据,绿电,内蒙古自治区->全国,文号：发改能源〔2025〕1360号,国家能源局关于完善价格机制促进新能源发电就近消纳的通知》（发改价格〔2025〕1192号）、《国家发展改革委 国家能源局关于促进新能源消纳和调控的指导意见》（发改能源〔2025〕1360号）等有关要求，自治区能源局研究制定了《内蒙古自治区单一电力用户绿电直连项目开发建设实施方案（试行）》，现印发你们，请认真执行。 此通知。 附件： 1.内蒙古自治,高,否,仅由新政策明文引用旧政策时生成
EVO-00077,AUTO-20260427-6620523786,关于印发《内蒙古自治区单一电力用户绿电直连项目开发建设实施方案（试行）》的通知,2026-01-14,AUTO-20260427-257D529B27,关于完善价格机制促进新能源发电就近消纳的通知(发改价格〔2025〕1192号),2025-09-12,引用依据,绿电,内蒙古自治区->全国,文号：发改价格〔2025〕1192号,国家能源局关于有序推动绿电直连发展有关事项的通知》（发改能源〔2025〕650号）、《国家发展改革委 国家能源局关于完善价格机制促进新能源发电就近消纳的通知》（发改价格〔2025〕1192号）、《国家发展改革委 国家能源局关于促进新能源消纳和调控的指导意见》（发改能源〔2025〕1360号）等有关要求，自治区能源局研究制定了《内蒙古自治区单一电力用,高,否,仅由新政策明文引用旧政策时生成
EVO-00078,AUTO-20260427-6620523786,关于印发《内蒙古自治区单一电力用户绿电直连项目开发建设实施方案（试行）》的通知,2026-01-14,AUTO-20260427-51C6A877DC,关于有序推动绿电直连发展有关事项的通知(发改能源〔2025〕650号),2025-05-30,引用依据,绿电,内蒙古自治区->全国,文号：发改能源〔2025〕650号,关盟市发展改革委，满洲里市、二连浩特市发展改革委，内蒙古电力公司、国网蒙东电力公司： 按照《国家发展改革委 国家能源局关于有序推动绿电直连发展有关事项的通知》（发改能源〔2025〕650号）、《国家发展改革委 国家能源局关于完善价格机制促进新能源发电就近消纳的通知》（发改价格〔2025〕1192号）、《国家发展改革委 国家能源局关于促进新能源消纳,高,否,仅由新政策明文引用旧政策时生成
EVO-00079,AUTO-20260427-B587DC0124,关于印发《四川电力市场结算细则V1.0）》的通知,2026-01-06,AUTO-20260425-F67BBBF923,关于印发《电力中长期市场基本规则》的通知(发改能源规〔2025〕1656号),2025-12-26,引用依据,电力市场,四川->全国,规则名称：电力中长期市场基本规则,营主体 : 为规范电力市场结算管理，维护电力市场秩序和市场成员合法权益， 按照 《电力市场计量结算基本规则》（发改能源规 〔 202 5 〕 976 号 ） 、《电力中长期市场基本规则》（ 发改能源规 〔 202 5 〕 1656 号 ）等有关规定 ， 结合 我省电力市场 规则，经商省级相关部门、能源监管机构，我们制定了 《 四川电力市场结算细,中,否,仅由新政策明文引用旧政策时生成
EVO-00080,AUTO-20260427-B587DC0124,关于印发《四川电力市场结算细则V1.0）》的通知,2026-01-06,AUTO-20260425-8469367611,关于印发《电力市场计量结算基本规则》的通知(发改能源规〔2025〕976号),2025-08-06,引用依据,电力市场,四川->全国,规则名称：电力市场计量结算基本规则,，有关地方电网企业 、增量配电网企业 ，有关发电企业、电力用户、售电公司、新型经营主体 : 为规范电力市场结算管理，维护电力市场秩序和市场成员合法权益， 按照 《电力市场计量结算基本规则》（发改能源规 〔 202 5 〕 976 号 ） 、《电力中长期市场基本规则》（ 发改能源规 〔 202 5 〕 1656 号 ）等有关规定 ， 结合 我省电力,中,否,仅由新政策明文引用旧政策时生成
EVO-00081,AUTO-20260424-08F5111897,关于印发《山东省电力并网运行管理实施细则》《山东省电力辅助服务管理实施细则》(修订稿)的通知,2026-01-06,AUTO-20260426-7DF0C00260,关于印发《山东省电力并网运行管理实施细则》、《山东省电力辅助服务管理实施细则》的通知,2023-07-24,引用依据,辅助服务,山东->山东,规则名称：山东省电力并网运行管理实施细则,关于印发《山东省电力并网运行管理实施细则》《山东省电力辅助服务管理实施细则》(修订稿)的通知 山东省电力并网运行与辅助服务管理实施细则修订稿 关于印发《山东省电力并网运行管理实施细则》《山东省电力辅助服,中,否,仅由新政策明文引用旧政策时生成
EVO-00082,AUTO-20260427-7F4BF875A3,关于做好2026年内蒙古电力多边交易市场中长期交易有关事宜的通知,2025-12-30,AUTO-20260427-E623436BEE,浙江能源监管办关于贯彻落实《电力市场信息披露基本规则》有关事项的通知,2025-12-20,引用依据,中长期,内蒙古自治区->浙江,规则名称：电力市场信息披露基本规则,极推进储能、虚拟电厂（负荷聚合商）、绿电直连项目等新型经营主体参与电力市场，完善相关市场交易细则，支持新型经营主体创新发展。 （二）电网企业和电力交易机构应按照《电力市场信息披露基本规则》，在满足保密与安全要求前提下，加强与市场经营主体实时信息共享。 （三）纳入机制电价的新能源项目达到全生命周期合理利用小时数或运行年限后，依据项目核准、批复等证明,中,否,仅由新政策明文引用旧政策时生成
EVO-00083,AUTO-20260427-543BC9B2A3,关于做好2026年内蒙古东部电力交易市场中长期交易有关事宜的通知,2025-12-30,AUTO-20260427-E623436BEE,浙江能源监管办关于贯彻落实《电力市场信息披露基本规则》有关事项的通知,2025-12-20,引用依据,中长期,内蒙古自治区->浙江,规则名称：电力市场信息披露基本规则,极推进储能、虚拟电厂（负荷聚合商）、绿电直连项目等新型经营主体参与电力市场，完善相关市场交易细则，支持新型经营主体创新发展。 （二）电网企业和电力交易机构应按照《电力市场信息披露基本规则》，在满足保密与安全要求前提下，加强与市场经营主体实时信息共享。 （三）纳入机制电价的新能源项目达到全生命周期合理利用小时数或运行年限后，依据项目核准、批复等证明,中,否,仅由新政策明文引用旧政策时生成
EVO-00084,AUTO-20260427-8B8776AC2F,关于印发《推动绿电直连项目有序建设实施方案》的通知,2025-12-29,AUTO-20260427-51C6A877DC,关于有序推动绿电直连发展有关事项的通知(发改能源〔2025〕650号),2025-05-30,引用依据,绿电,山西->全国,文号：发改能源〔2025〕650号,电力有限公司，山西电力交易中心有限公司，各有关主体： 为有序做好我省绿电直连项目建设，根据《国家发展改革委 国家能源局关于有序推动绿电直连发展有关事项的通知》（发改能源〔2025〕650号），我局制定了《推动绿电直连项目有序建设实施方案》，现印发给你们，请认真组织实施。 山西省能源局 2025年12月29日 《推动绿电直连项目有序建设实施方案》,高,否,仅由新政策明文引用旧政策时生成
EVO-00085,AUTO-20260425-F67BBBF923,关于印发《电力中长期市场基本规则》的通知(发改能源规〔2025〕1656号),2025-12-26,AUTO-20260427-780DD684D9,电力市场运行基本规则,2024-04-25,引用依据,中长期,全国->南方区域,规则名称：电力市场运行基本规则,中心有限公司、广州电力交易中心有限责任公司： 为贯彻落实加快建设全国统一电力市场要求，深化电力中长期市场建设，规范电力中长期交易行为，适应电力改革发展需要，根据《电力市场运行基本规则》（中华人民共和国国家发展和改革委员会令2024年第20号）、《国家发展改革委 国家能源局关于加快建设全国统一电力市场体系的指导意见》（发改体改〔2022〕118,中,否,仅由新政策明文引用旧政策时生成
EVO-00086,AUTO-20260425-F67BBBF923,关于印发《电力中长期市场基本规则》的通知(发改能源规〔2025〕1656号),2025-12-26,AUTO-20260424-10A4BBBC6D,电力市场运行基本规则_国家发展和改革委员会,2024-04-18,引用依据,中长期,全国->全国,规则名称：电力市场运行基本规则,中心有限公司、广州电力交易中心有限责任公司： 为贯彻落实加快建设全国统一电力市场要求，深化电力中长期市场建设，规范电力中长期交易行为，适应电力改革发展需要，根据《电力市场运行基本规则》（中华人民共和国国家发展和改革委员会令2024年第20号）、《国家发展改革委 国家能源局关于加快建设全国统一电力市场体系的指导意见》（发改体改〔2022〕118,中,否,仅由新政策明文引用旧政策时生成
EVO-00087,AUTO-20260425-F67BBBF923,关于印发《电力中长期市场基本规则》的通知(发改能源规〔2025〕1656号),2025-12-26,AUTO-20260427-E24F3D75D9,关于印发《电力中长期交易基本规则》的通知,2020-06-14,引用依据,中长期,全国->南方区域,规则名称：电力中长期交易基本规则,委员会令2024年第20号）、《国家发展改革委 国家能源局关于加快建设全国统一电力市场体系的指导意见》（发改体改〔2022〕118号）等有关规定，我们组织修订了《电力中长期交易基本规则》，现将修订形成的《电力中长期市场基本规则》印发给你们，请遵照执行。 国家能源局派出机构会同政府有关主管部门组织电力交易机构根据本规则拟定各地和区域电力中长期市场,中,否,仅由新政策明文引用旧政策时生成
EVO-00088,AUTO-20260427-5ED24A4111,关于调整我市煤电容量电价有关事项的通知_价格管理,2025-12-24,AUTO-20260427-69BAE4E34E,关于建立煤电容量电价机制的通知(发改价格〔2023〕1501号),2023-11-10,引用依据,容量电价,上海->全国,文号：发改价格〔2023〕1501号,股份： 为推动煤电转变经营发展模式，充分发挥煤电支撑调节作用，保障我市电力安全稳定供应，按照《国家发展和改革委员会 国家能源局关于建立煤电容量电价机制的通知》（发改价格〔2023〕1501号）规定，现就调整我市煤电容量电价有关事项通知如下： 一、自2026年1月1日起，我市煤电容量电价调整为165元/千瓦·年（含税）。 二、市电力公司要对煤电容量电,高,否,仅由新政策明文引用旧政策时生成
EVO-00089,AUTO-20260427-B85C17304B,关于印发《四川电力辅助服务市场交易实施细则》的通知,2025-12-22,AUTO-20260425-8469367611,关于印发《电力市场计量结算基本规则》的通知(发改能源规〔2025〕976号),2025-08-06,引用依据,辅助服务,四川->全国,文号：发改能源规〔2025〕976号,,高,否,仅由新政策明文引用旧政策时生成
EVO-00090,AUTO-20260427-A739C746F8,关于上海市2025年度新能源增量项目机制电价竞价结果的通知_价格管理,2025-12-03,AUTO-20260427-1E20E600C3,关于深化新能源上网电价市场化改革 促进新能源高质量发展的通知(发改价格〔2025〕136号),2025-02-09,引用依据,新能源,上海->全国,文号：发改价格〔2025〕136号,市电力公司、上海电力交易中心，上海市经济信息中心，各有关经营主体： 根据《国家发展改革委国家能源局关于深化新能源上网电价市场化改革促进新能源高质量发展的通知》（发改价格〔2025〕136号）、《关于上海市贯彻落实新能源上网电价市场化改革有关事项的通知》（沪发改价管〔2025〕29号）、《关于上海市2025年新能源机制电价竞价工作有关事项的通知》（,高,否,仅由新政策明文引用旧政策时生成
EVO-00091,AUTO-20260427-A739C746F8,关于上海市2025年度新能源增量项目机制电价竞价结果的通知_价格管理,2025-12-03,AUTO-20260425-4ECBDBC2ED,天津市深化新能源上网电价市场化改革实施方案,,引用依据,新能源,上海->天津,文号：发改价格〔2025〕136号,市电力公司、上海电力交易中心，上海市经济信息中心，各有关经营主体： 根据《国家发展改革委国家能源局关于深化新能源上网电价市场化改革促进新能源高质量发展的通知》（发改价格〔2025〕136号）、《关于上海市贯彻落实新能源上网电价市场化改革有关事项的通知》（沪发改价管〔2025〕29号）、《关于上海市2025年新能源机制电价竞价工作有关事项的通知》（,高,否,仅由新政策明文引用旧政策时生成
EVO-00092,AUTO-20260425-7D4B7A7D59,关于印发输配电定价成本监审办法、省级电网输配电价定价办法、区域电网输电价格定价办法和跨省跨区专项工程输电价格定价办法的通知(发改价格规〔2025〕1490号),2025-11-27,AUTO-20260427-51EB30208F,关于印发《跨省跨区专项工程输电价格定价办法》的通知(发改价格规〔2021〕1455号),2021-10-15,引用依据,电力市场;输配电价,全国->全国,规则名称：跨省跨区专项工程输电价格定价办法,求，进一步完善电网企业输配电环节价格监管制度，经商国家能源局，我们研究制定了《输配电定价成本监审办法》《省级电网输配电价定价办法》《区域电网输电价格定价办法》和《跨省跨区专项工程输电价格定价办法》。现印发给你们，请按照执行。 国家发展改革委 2025年11月21日 附件： 《输配电定价成本监审办法》.pdf 《省级电网输配电价定价办法》.pdf 《区域电,中,否,仅由新政策明文引用旧政策时生成
EVO-00093,AUTO-20260425-7D4B7A7D59,关于印发输配电定价成本监审办法、省级电网输配电价定价办法、区域电网输电价格定价办法和跨省跨区专项工程输电价格定价办法的通知(发改价格规〔2025〕1490号),2025-11-27,AUTO-20260502-EE25AD8C79,关于印发《区域电网输电价格定价办法》的通知(发改价格规〔2020〕100号),2020-02-05,引用依据,电力市场;输配电价,全国->全国,规则名称：区域电网输电价格定价办法,关于完善价格治理机制的意见》要求，进一步完善电网企业输配电环节价格监管制度，经商国家能源局，我们研究制定了《输配电定价成本监审办法》《省级电网输配电价定价办法》《区域电网输电价格定价办法》和《跨省跨区专项工程输电价格定价办法》。现印发给你们，请按照执行。 国家发展改革委 2025年11月21日 附件： 《输配电定价成本监审办法》.pdf 《省级电,中,否,仅由新政策明文引用旧政策时生成
EVO-00094,AUTO-20260425-7D4B7A7D59,关于印发输配电定价成本监审办法、省级电网输配电价定价办法、区域电网输电价格定价办法和跨省跨区专项工程输电价格定价办法的通知(发改价格规〔2025〕1490号),2025-11-27,AUTO-20260502-B85D7DD04E,关于印发《省级电网输配电价定价办法》的通知(发改价格规〔2020〕101号),2020-02-05,引用依据,电力市场;输配电价,全国->全国,规则名称：省级电网输配电价定价办法,共中央办公厅、国务院办公厅《关于完善价格治理机制的意见》要求，进一步完善电网企业输配电环节价格监管制度，经商国家能源局，我们研究制定了《输配电定价成本监审办法》《省级电网输配电价定价办法》《区域电网输电价格定价办法》和《跨省跨区专项工程输电价格定价办法》。现印发给你们，请按照执行。 国家发展改革委 2025年11月21日 附件： 《输配电定价成本,中,否,仅由新政策明文引用旧政策时生成
EVO-00095,AUTO-20260425-82D40D1344,关于公开征求《西藏自治区电力中长期交易实施细则（征求意见稿）》意见的通知,2025-11-22,AUTO-20260427-780DD684D9,电力市场运行基本规则,2024-04-25,引用依据,中长期,华中区域->南方区域,规则名称：电力市场运行基本规则,源局华中监管局 Aa 字体： 小 | 中 | 大 为加快全国统一电力市场建设，进一步规范和完善西藏电力市场建设运营，维护西藏电力市场秩序和经营主体合法权益，依据《电力市场运行基本规则》（国家发展改革委令第 20 号）等文件精神，我局会同自治区能源局组织编制了《西藏自治区电力中长期交易实施细则（征求意见稿）》 。现予公告，向社会公开征求意见。欢,中,否,仅由新政策明文引用旧政策时生成
EVO-00096,AUTO-20260425-82D40D1344,关于公开征求《西藏自治区电力中长期交易实施细则（征求意见稿）》意见的通知,2025-11-22,AUTO-20260424-10A4BBBC6D,电力市场运行基本规则_国家发展和改革委员会,2024-04-18,引用依据,中长期,华中区域->全国,文号：国家发展改革委令第20号,,高,否,仅由新政策明文引用旧政策时生成
EVO-00097,AUTO-20260427-B95E146723,华北能源监管局关于征求京津唐电力调峰辅助服务市场运营规则 （征求意见稿）意见的通告,2025-11-17,AUTO-20260425-54244C417B,关于印发《电力辅助服务市场基本规则》的通知(发改能源规〔2025〕411号),2025-04-29,引用依据,辅助服务,华北区域->全国,规则名称：电力辅助服务市场基本规则,唐电网电力辅助服务市场运营管理，深入挖掘系统调节能力，维护市场主体合法权益，依据《关于建立健全电力辅助服务市场价格机制的通知》（发改价格﹝2024﹞196号）、《电力辅助服务市场基本规则》（发改能源规﹝2025﹞411号）等有关文件规定，结合京津唐区域实际，对《华北电力调峰辅助服务市场运营规则》（2019年修订版）进行修订，在初步征求意见的基础上,中,否,仅由新政策明文引用旧政策时生成
EVO-00098,AUTO-20260427-B95E146723,华北能源监管局关于征求京津唐电力调峰辅助服务市场运营规则 （征求意见稿）意见的通告,2025-11-17,AUTO-20260425-53BB03C30D,关于印发《电力辅助服务市场基本规则》的通知,2025-04-24,引用依据,辅助服务,华北区域->南方区域,规则名称：电力辅助服务市场基本规则,唐电网电力辅助服务市场运营管理，深入挖掘系统调节能力，维护市场主体合法权益，依据《关于建立健全电力辅助服务市场价格机制的通知》（发改价格﹝2024﹞196号）、《电力辅助服务市场基本规则》（发改能源规﹝2025﹞411号）等有关文件规定，结合京津唐区域实际，对《华北电力调峰辅助服务市场运营规则》（2019年修订版）进行修订，在初步征求意见的基础上,中,否,仅由新政策明文引用旧政策时生成
EVO-00099,AUTO-20260427-B95E146723,华北能源监管局关于征求京津唐电力调峰辅助服务市场运营规则 （征求意见稿）意见的通告,2025-11-17,AUTO-20260502-988283654F,华北能源监管局关于印发《华北电力调峰辅助服务市场运营规则》（2019年修订版）的通知,2019-09-29,引用依据,辅助服务,华北区域->华北区域,规则名称：华北电力调峰辅助服务市场运营规则,助服务市场价格机制的通知》（发改价格﹝2024﹞196号）、《电力辅助服务市场基本规则》（发改能源规﹝2025﹞411号）等有关文件规定，结合京津唐区域实际，对《华北电力调峰辅助服务市场运营规则》（2019年修订版）进行修订，在初步征求意见的基础上形成征求意见稿。现公开征求意见，请认真研究，并于12月17日前通过电子邮件将意见反馈至华北能源监管局。 联系,中,否,仅由新政策明文引用旧政策时生成
EVO-00100,AUTO-20260427-851724B835,关于明确我市应急备用煤电机组容量电价有关事项的通知_价格管理,2025-11-17,AUTO-20260427-69BAE4E34E,关于建立煤电容量电价机制的通知(发改价格〔2023〕1501号),2023-11-10,引用依据,容量电价,上海->全国,文号：发改价格〔2023〕1501号,文号：沪发改价管〔2025〕43号) 国网上海市电力公司、上海电力交易中心、各有关单位：： 根据《国家发展改革委 国家能源局关于建立煤电容量电价机制的通知》（发改价格〔2023〕1501号）要求，现就我市应急备用煤电机组容量电价有关事项通知如下： 一、我市应急备用煤电机组容量电价标准按每年每千瓦256元（含税）执行。 二、我市应急备用煤电机组每月,高,否,仅由新政策明文引用旧政策时生成
EVO-00101,AUTO-20260427-FDD3BF6D20,关于再次公开征求《四川电力市场结算细则（征求意见稿）》的通知,2025-11-11,AUTO-20260425-8469367611,关于印发《电力市场计量结算基本规则》的通知(发改能源规〔2025〕976号),2025-08-06,引用依据,电力市场,四川->全国,规则名称：电力市场计量结算基本规则,方电网企业，有关发电企业、电力用户、售电公司、新型经营主体 : 为规范电力市场结算管理，维护电力市场秩序和市场成员合法权益，根据国家发展改革委、国家能源局印发的《电力市场计量结算基本规则》（发改能源规 〔 202 5 〕 976 号 ）， 结合 我省电力市场运行 情况和市场主体反馈意见， 省发展改革委会同四川能源监管办、省能源局 对 《 四川电力,中,否,仅由新政策明文引用旧政策时生成
EVO-00102,AUTO-20260427-9AE8418A06,江苏能源监管办关于公开征求《江苏电力调频辅助服务市场交易规则（征求意见稿）》意见的公告,2025-10-31,AUTO-20260425-54244C417B,关于印发《电力辅助服务市场基本规则》的通知(发改能源规〔2025〕411号),2025-04-29,引用依据,辅助服务,江苏->全国,文号：发改能源规〔2025〕411号,家能源局关于建立健全电力辅助服务市场价格机制的通知》（发改价格〔2024〕196号）和《国家发展改革委 国家能源局关于印发<电力辅助服务市场基本规则>的通知》（发改能源规〔2025〕411号）要求，协同推进电力市场建设，进一步激励并网主体提升调频服务质量，支撑新型电力系统构建，服务能源转型发展，切实保障电力系统安全运行，江苏能源监管办组织对《江苏电,高,否,仅由新政策明文引用旧政策时生成
EVO-00103,AUTO-20260427-9AE8418A06,江苏能源监管办关于公开征求《江苏电力调频辅助服务市场交易规则（征求意见稿）》意见的公告,2025-10-31,AUTO-20260425-53BB03C30D,关于印发《电力辅助服务市场基本规则》的通知,2025-04-24,引用依据,辅助服务,江苏->南方区域,文号：发改能源规〔2025〕411号,家能源局关于建立健全电力辅助服务市场价格机制的通知》（发改价格〔2024〕196号）和《国家发展改革委 国家能源局关于印发<电力辅助服务市场基本规则>的通知》（发改能源规〔2025〕411号）要求，协同推进电力市场建设，进一步激励并网主体提升调频服务质量，支撑新型电力系统构建，服务能源转型发展，切实保障电力系统安全运行，江苏能源监管办组织对《江苏电,高,否,仅由新政策明文引用旧政策时生成
EVO-00104,AUTO-20260427-9AE8418A06,江苏能源监管办关于公开征求《江苏电力调频辅助服务市场交易规则（征求意见稿）》意见的公告,2025-10-31,AUTO-20260427-B0F72F5007,关于建立健全电力辅助服务市场价格机制的通知(发改价格〔2024〕196号),2024-02-08,引用依据,辅助服务,江苏->全国,文号：发改价格〔2024〕196号,0-31 17:12 来源：江苏监管办管理员 Aa 字体： 小 | 中 | 大 为落实《国家发展改革委 国家能源局关于建立健全电力辅助服务市场价格机制的通知》（发改价格〔2024〕196号）和《国家发展改革委 国家能源局关于印发<电力辅助服务市场基本规则>的通知》（发改能源规〔2025〕411号）要求，协同推进电力市场建设，进一步激励并网主体提升,高,否,仅由新政策明文引用旧政策时生成
EVO-00105,AUTO-20260427-ED15D5C741,广东省发展和改革委员会 - 广东省发展改革委关于申报新能源可持续发展价格结算机制存量项目的通知,2025-09-30,AUTO-20260427-1E20E600C3,关于深化新能源上网电价市场化改革 促进新能源高质量发展的通知(发改价格〔2025〕136号),2025-02-09,引用依据,新能源,广东->全国,文号：发改价格〔2025〕136号,展改革局（委），惠州市能源和重点项目局，广东电网公司、深圳供电局： 《国家发展改革委 国家能源局关于深化新能源上网电价市场化改革 促进新能源高质量发展的通知》（发改价格〔2025〕136号）、《广东省发展改革委 广东省能源局关于印发〈关于深化新能源上网电价市场化改革促进新能源高质量发展的实施方案〉的通知》（粤发改价格〔2025〕263号）提出，建,高,否,仅由新政策明文引用旧政策时生成
EVO-00106,AUTO-20260427-ED15D5C741,广东省发展和改革委员会 - 广东省发展改革委关于申报新能源可持续发展价格结算机制存量项目的通知,2025-09-30,AUTO-20260425-4ECBDBC2ED,天津市深化新能源上网电价市场化改革实施方案,,引用依据,新能源,广东->天津,文号：发改价格〔2025〕136号,展改革局（委），惠州市能源和重点项目局，广东电网公司、深圳供电局： 《国家发展改革委 国家能源局关于深化新能源上网电价市场化改革 促进新能源高质量发展的通知》（发改价格〔2025〕136号）、《广东省发展改革委 广东省能源局关于印发〈关于深化新能源上网电价市场化改革促进新能源高质量发展的实施方案〉的通知》（粤发改价格〔2025〕263号）提出，建,高,否,仅由新政策明文引用旧政策时生成
EVO-00107,AUTO-20260425-F75ABE5310,关于印发《江西省电力市场规则（试行4.0版）》的通知,2025-09-23,AUTO-20260427-A21D2B578A,关于印发《江西省电力中长期交易实施细则》的通知,2022-08-18,引用依据,电力市场,华中区域->华中区域,规则名称：江西省电力中长期交易实施细则,3.0 版本》进行了修订，形成了《江西省电力市场规则（试行 4.0 版）》 ( 以下简称《规则》 ) ，现予以印发。 《规则》包括《江西省电力市场注册实施细则》《江西省电力中长期交易实施细则》《江西省电力现货交易实施细则》《江西省电力市场风险防控实施细则》《江西省电力市场结算实施细则》《江西省电力零售市场实施细则》，自 2025 年 10 月 1 日,中,否,仅由新政策明文引用旧政策时生成
EVO-00108,AUTO-20260426-A3868601F8,国家能源局华中监管局关于公开征求《重庆电力中长期交易实施细则（征求意见稿）》意见的通知,2025-09-17,AUTO-20260427-780DD684D9,电力市场运行基本规则,2024-04-25,引用依据,中长期,华中区域->南方区域,规则名称：电力市场运行基本规则,建设和运营，维护重庆电力市场秩序和经营主体合法权益，依据《中共中央 国务院关于进一步深化电力体制改革的若干意见》（中发〔 2015 〕 9 号）及相关配套文件、《电力市场运行基本规则》（国家发展改革委令第 20 号）等文件精神，我局会同重庆市经济和信息化委员会、重庆市发展和改革委员会、重庆市能源局组织有关单位起草了《重庆电力中长期交易实施细则,中,否,仅由新政策明文引用旧政策时生成
EVO-00109,AUTO-20260426-A3868601F8,国家能源局华中监管局关于公开征求《重庆电力中长期交易实施细则（征求意见稿）》意见的通知,2025-09-17,AUTO-20260424-10A4BBBC6D,电力市场运行基本规则_国家发展和改革委员会,2024-04-18,引用依据,中长期,华中区域->全国,文号：国家发展改革委令第20号,,高,否,仅由新政策明文引用旧政策时生成
EVO-00110,AUTO-20260427-6344CB4B08,关于公开征求《四川电力市场结算细则（征求意见稿）》意见的通知,2025-09-04,AUTO-20260425-8469367611,关于印发《电力市场计量结算基本规则》的通知(发改能源规〔2025〕976号),2025-08-06,引用依据,电力市场,四川->全国,规则名称：电力市场计量结算基本规则,方电网企业，有关发电企业、电力用户、售电公司、新型经营主体 : 为规范电力市场结算管理，维护电力市场秩序和市场成员合法权益，根据国家发展改革委、国家能源局印发的《电力市场计量结算基本规则》（发改能源规 〔 2025 〕 976 号 ），结合我省电力市场建设运行实际，省发展改革委、四川能源监管办、省能源局组织编制了《四川电力市场结算细则（征求意见稿,中,否,仅由新政策明文引用旧政策时生成
EVO-00111,AUTO-20260427-5EF9021CE0,国家能源局西北监管局关于征求《西北区域跨省电力中长期交易实施细则——新型储能交易专章（征求意见稿）》意见建议的通知,2025-08-25,AUTO-20260427-C45458E7FC,国家能源局西北监管局关于印发《西北区域跨省电力中长期交易实施细则》的通知（全文）,2024-10-18,引用依据,储能,西北区域->西北区域,规则名称：西北区域跨省电力中长期交易实施细则,储能行业持续健康发展，更好服务西北新型电力系统建设，国家能源局西北监管局组织起草了《西北区域跨省电力中长期交易实施细则——新型储能交易专章（征求意见稿）》，作为《西北区域跨省电力中长期交易实施细则》（西北能监市场〔2024〕74号）的补充，并初步征求了各有关单位意见建议。现对修改完善后的《西北区域跨省电力中长期交易实施细则——新型储能交易专章（征求意见稿）,中,否,仅由新政策明文引用旧政策时生成
EVO-00112,AUTO-20260427-0B5231DDC9,关于公开征求《四川电力辅助服务市场交易实施细则（征求意见稿）》意见的通知,2025-08-20,AUTO-20260425-54244C417B,关于印发《电力辅助服务市场基本规则》的通知(发改能源规〔2025〕411号),2025-04-29,引用依据,辅助服务,四川->全国,规则名称：电力辅助服务市场基本规则,供和清洁能源消纳， 按照《国家能源局综合司关于同意京津唐等14个地区电力辅助 服务市场建设实施方案的复函》要求，四川能源监管办会同省发 展改革委和省能源局，根据《电力辅助服务市场基本规则》和《国 家发展改革委国家能源局关于建立健全电力辅助服务市场价格 机制的通知》等有关文件规定，组织国网四川电力调度控制中心 编制了《四川电力辅助服务市场交易实施细,中,否,仅由新政策明文引用旧政策时生成
EVO-00113,AUTO-20260427-0B5231DDC9,关于公开征求《四川电力辅助服务市场交易实施细则（征求意见稿）》意见的通知,2025-08-20,AUTO-20260425-53BB03C30D,关于印发《电力辅助服务市场基本规则》的通知,2025-04-24,引用依据,辅助服务,四川->南方区域,规则名称：电力辅助服务市场基本规则,供和清洁能源消纳， 按照《国家能源局综合司关于同意京津唐等14个地区电力辅助 服务市场建设实施方案的复函》要求，四川能源监管办会同省发 展改革委和省能源局，根据《电力辅助服务市场基本规则》和《国 家发展改革委国家能源局关于建立健全电力辅助服务市场价格 机制的通知》等有关文件规定，组织国网四川电力调度控制中心 编制了《四川电力辅助服务市场交易实施细,中,否,仅由新政策明文引用旧政策时生成
EVO-00114,AUTO-20260426-DEDA1D301C,华中能源监管局关于公开征求《华中区域(东四省)省间电力互济市场交易规则》意见的通知,2025-08-01,AUTO-20260427-780DD684D9,电力市场运行基本规则,2024-04-25,引用依据,省间交易,华中区域->南方区域,规则名称：电力市场运行基本规则,济，支撑电力保供、可再生能源消纳和电力系统经济运行 ，依据《中共中央国务院关于进一步深化电力体制改革的若干意见》（中发〔 2015 〕 9 号）及相关配套文件、《电力市场运行基本规则》（国家发展改革委令第 20 号）、《国家发展改革委 国家能源局关于建立健全电力辅助服务市场价格机制的通知》（发改价格〔 2024 〕 196 号）等文件精神，华,中,否,仅由新政策明文引用旧政策时生成
EVO-00115,AUTO-20260426-DEDA1D301C,华中能源监管局关于公开征求《华中区域(东四省)省间电力互济市场交易规则》意见的通知,2025-08-01,AUTO-20260424-10A4BBBC6D,电力市场运行基本规则_国家发展和改革委员会,2024-04-18,引用依据,省间交易,华中区域->全国,文号：国家发展改革委令第20号,,高,否,仅由新政策明文引用旧政策时生成
EVO-00116,AUTO-20260425-2B6F6F94C5,关于公开征求《山东电力市场规则(试行)》(征求意见稿)意见的通知,2025-07-29,AUTO-20260427-1E20E600C3,关于深化新能源上网电价市场化改革 促进新能源高质量发展的通知(发改价格〔2025〕136号),2025-02-09,引用依据,电力市场,山东->全国,文号：发改价格〔2025〕136号,8号)、《电力市场运行基本规则》(国家发改委2024年第20号令)、《国家发展改革委 国家能源局关于深化新能源上网电价市场化改革 促进新能源高质量发展的通知》(发改价格〔2025〕136号)等文件要求，进一步规范山东电力市场建设和运营，维护电力市场秩序，我办会同省发展改革委、省能源局组织有关单位研究修订了《山东电力市场(试行)》(征求意见稿)，现,高,否,仅由新政策明文引用旧政策时生成
EVO-00117,AUTO-20260425-2B6F6F94C5,关于公开征求《山东电力市场规则(试行)》(征求意见稿)意见的通知,2025-07-29,AUTO-20260427-780DD684D9,电力市场运行基本规则,2024-04-25,引用依据,电力市场,山东->南方区域,规则名称：电力市场运行基本规则,管办公室 Aa 字体： 小 | 中 | 大 为贯彻落实《国家发展改革委 国家能源局关于加快建设全国统一电力市场体系的指导意见》(发改体改〔2022〕118号)、《电力市场运行基本规则》(国家发改委2024年第20号令)、《国家发展改革委 国家能源局关于深化新能源上网电价市场化改革 促进新能源高质量发展的通知》(发改价格〔2025〕136号)等,中,否,仅由新政策明文引用旧政策时生成
EVO-00118,AUTO-20260425-2B6F6F94C5,关于公开征求《山东电力市场规则(试行)》(征求意见稿)意见的通知,2025-07-29,AUTO-20260424-10A4BBBC6D,电力市场运行基本规则_国家发展和改革委员会,2024-04-18,引用依据,电力市场,山东->全国,规则名称：电力市场运行基本规则,管办公室 Aa 字体： 小 | 中 | 大 为贯彻落实《国家发展改革委 国家能源局关于加快建设全国统一电力市场体系的指导意见》(发改体改〔2022〕118号)、《电力市场运行基本规则》(国家发改委2024年第20号令)、《国家发展改革委 国家能源局关于深化新能源上网电价市场化改革 促进新能源高质量发展的通知》(发改价格〔2025〕136号)等,中,否,仅由新政策明文引用旧政策时生成
EVO-00119,AUTO-20260425-2B6F6F94C5,关于公开征求《山东电力市场规则(试行)》(征求意见稿)意见的通知,2025-07-29,AUTO-20260425-4ECBDBC2ED,天津市深化新能源上网电价市场化改革实施方案,,引用依据,电力市场,山东->天津,文号：发改价格〔2025〕136号,8号)、《电力市场运行基本规则》(国家发改委2024年第20号令)、《国家发展改革委 国家能源局关于深化新能源上网电价市场化改革 促进新能源高质量发展的通知》(发改价格〔2025〕136号)等文件要求，进一步规范山东电力市场建设和运营，维护电力市场秩序，我办会同省发展改革委、省能源局组织有关单位研究修订了《山东电力市场(试行)》(征求意见稿)，现,高,否,仅由新政策明文引用旧政策时生成
EVO-00120,AUTO-20260427-F447945296,关于印发《新疆电力辅助服务市场实施细则》的通知,2025-07-11,AUTO-20260425-54244C417B,关于印发《电力辅助服务市场基本规则》的通知(发改能源规〔2025〕411号),2025-04-29,引用依据,辅助服务,新疆->全国,规则名称：电力辅助服务市场基本规则,售电企业、电力用户： 为贯彻落实党中央深化电力体制改革、建设全国统一电力市场的重要精神，进一步规范新疆电力辅助服务市场运营管理，维护市场经营主体的合法权益，按照《电力辅助服务市场基本规则》要求，依据国家发展改革委、国家能源局批复的《新疆电力辅助服务市场建设方案》，国家能源局新疆监管办公室会同新疆自治区发展改革委、新疆生产建设兵团发展改革委，编制了,中,否,仅由新政策明文引用旧政策时生成
EVO-00121,AUTO-20260427-F447945296,关于印发《新疆电力辅助服务市场实施细则》的通知,2025-07-11,AUTO-20260425-53BB03C30D,关于印发《电力辅助服务市场基本规则》的通知,2025-04-24,引用依据,辅助服务,新疆->南方区域,规则名称：电力辅助服务市场基本规则,售电企业、电力用户： 为贯彻落实党中央深化电力体制改革、建设全国统一电力市场的重要精神，进一步规范新疆电力辅助服务市场运营管理，维护市场经营主体的合法权益，按照《电力辅助服务市场基本规则》要求，依据国家发展改革委、国家能源局批复的《新疆电力辅助服务市场建设方案》，国家能源局新疆监管办公室会同新疆自治区发展改革委、新疆生产建设兵团发展改革委，编制了,中,否,仅由新政策明文引用旧政策时生成
EVO-00122,AUTO-20260427-F447945296,关于印发《新疆电力辅助服务市场实施细则》的通知,2025-07-11,AUTO-20260502-938C076F58,关于印发《新疆电力辅助服务市场运营规则》的通知,2020-01-16,引用依据,辅助服务,新疆->新疆,规则名称：新疆电力辅助服务市场运营规则,"团发展改革委，编制了《新疆电力辅助服务市场实施细则》 ,现予以印发，并将有关事项通知如下： 一、《新疆电力辅助服务市场实施细则》自 2025年8月1日起执行，原《新疆电力辅助服务市场运营规则》 （新监能 〔 2020〕 17号） 不再执行。 二、为进一步配合新疆电力现货市场结算试运行工作， 在新疆电力现货市场试运行期间，加强调峰辅助服务市场与电力现货",中,否,仅由新政策明文引用旧政策时生成
EVO-00123,AUTO-20260427-C78A139FE6,关于印发《部分条款修订稿》的通知,2025-07-11,AUTO-20260427-AF700450D9,电力市场注册基本规则,2024-09-13,引用依据,中长期,新疆->南方区域,规则名称：电力市场注册基本规则,"制改革、建设全国统一电力市场的重要精神，进一步规范新疆电力中长期市场运营管理，维护市场经营主体的合法权益，按照《电力中长期交易基本规则》《电力现货市场基本规则》《电力市场注册基本规则》等要求，国家能源局新疆监管办公室会同新疆自治区发展改革委、新疆生产建设兵团发展改革委，对《新疆电力中长期市场实施细则》部分条款进行了修订完善 ,现予以印发，并将",中,否,仅由新政策明文引用旧政策时生成
EVO-00124,AUTO-20260427-C78A139FE6,关于印发《部分条款修订稿》的通知,2025-07-11,AUTO-20260424-2ABE953CDD,国家能源局关于印发《电力市场注册基本规则》的通知,2024-09-13,引用依据,中长期,新疆->全国,规则名称：电力市场注册基本规则,"制改革、建设全国统一电力市场的重要精神，进一步规范新疆电力中长期市场运营管理，维护市场经营主体的合法权益，按照《电力中长期交易基本规则》《电力现货市场基本规则》《电力市场注册基本规则》等要求，国家能源局新疆监管办公室会同新疆自治区发展改革委、新疆生产建设兵团发展改革委，对《新疆电力中长期市场实施细则》部分条款进行了修订完善 ,现予以印发，并将",中,否,仅由新政策明文引用旧政策时生成
EVO-00125,AUTO-20260427-C78A139FE6,关于印发《部分条款修订稿》的通知,2025-07-11,AUTO-20260427-FB654119A3,关于印发《新疆电力中长期市场实施细则》的通知,2023-01-04,引用依据,中长期,新疆->新疆,规则名称：新疆电力中长期市场实施细则,"电力中长期交易基本规则》《电力现货市场基本规则》《电力市场注册基本规则》等要求，国家能源局新疆监管办公室会同新疆自治区发展改革委、新疆生产建设兵团发展改革委，对《新疆电力中长期市场实施细则》部分条款进行了修订完善 ,现予以印发，并将有关事项通知如下： 一、《新疆电力中长期市场实施细则》（新监能市场﹝ 2022﹞93号）继续执行。自2025年8月1日",中,否,仅由新政策明文引用旧政策时生成
EVO-00126,AUTO-20260427-C78A139FE6,关于印发《部分条款修订稿》的通知,2025-07-11,AUTO-20260427-E24F3D75D9,关于印发《电力中长期交易基本规则》的通知,2020-06-14,引用依据,中长期,新疆->南方区域,规则名称：电力中长期交易基本规则,、售电企业、电力用户： 为贯彻落实党中央深化电力体制改革、建设全国统一电力市场的重要精神，进一步规范新疆电力中长期市场运营管理，维护市场经营主体的合法权益，按照《电力中长期交易基本规则》《电力现货市场基本规则》《电力市场注册基本规则》等要求，国家能源局新疆监管办公室会同新疆自治区发展改革委、新疆生产建设兵团发展改革委，对《新疆电力中长期市场实施,中,否,仅由新政策明文引用旧政策时生成
EVO-00127,AUTO-20260427-51C6A877DC,关于有序推动绿电直连发展有关事项的通知(发改能源〔2025〕650号),2025-05-30,AUTO-20260427-AF700450D9,电力市场注册基本规则,2024-09-13,引用依据,绿电,全国->南方区域,规则名称：电力市场注册基本规则,电网反送电。项目应按照有关管理要求和技术标准做好无功和电能质量管理。 四、交易与价格机制 （十二）作为整体参与市场。 并网型绿电直连项目享有平等的市场地位，按照《电力市场注册基本规则》进行注册，原则上应作为整体参与电力市场交易，根据市场交易结果安排生产，并按照与公共电网的交换功率进行结算。项目负荷不得由电网企业代理购电。项目电源和负荷不是同一,中,否,仅由新政策明文引用旧政策时生成
EVO-00128,AUTO-20260427-51C6A877DC,关于有序推动绿电直连发展有关事项的通知(发改能源〔2025〕650号),2025-05-30,AUTO-20260424-2ABE953CDD,国家能源局关于印发《电力市场注册基本规则》的通知,2024-09-13,引用依据,绿电,全国->全国,规则名称：电力市场注册基本规则,电网反送电。项目应按照有关管理要求和技术标准做好无功和电能质量管理。 四、交易与价格机制 （十二）作为整体参与市场。 并网型绿电直连项目享有平等的市场地位，按照《电力市场注册基本规则》进行注册，原则上应作为整体参与电力市场交易，根据市场交易结果安排生产，并按照与公共电网的交换功率进行结算。项目负荷不得由电网企业代理购电。项目电源和负荷不是同一,中,否,仅由新政策明文引用旧政策时生成
EVO-00129,AUTO-20260425-E98D78E2BB,电力市场信息披露基本规则（国能发监管〔2024〕9号）,2025-05-16,AUTO-20260502-F9194BABA6,福建能源监管办关于转发国家能源局《电力现货市场信息披露办法（暂行）》的通知,2020-12-14,引用依据,电力市场,南方区域->福建,规则名称：电力现货市场信息披露办法（暂行,时性、完整性、准确性等 情况作出评价，评价结果向所有 市场成员 公布。 第 七 章 附 则 第五十条 本 规则 自 2024 年 1 月 31 日 起施行 ，《电力现货市场信息披露办法（暂行）》（国能发监管 〔 2020 〕 56 号）同时废止 。 第五十一条 本 规则 由国家能源局负责解释。 第五十二条 本规则有效期五年。 附 表 ：电力市场信息,中,否,仅由新政策明文引用旧政策时生成
EVO-00130,AUTO-20260427-B7B2A6455E,关于开展四川省2025年电力市场秩序突出问题专项监管的通知,2025-05-08,AUTO-20260427-EC24CC36EA,关于印发修订后的《安徽电力中长期交易规则》的通知（华东监...,2025-02-21,引用依据,电力市场,四川->华东区域,文号：中发〔2015〕9号,,高,否,仅由新政策明文引用旧政策时生成
EVO-00131,AUTO-20260427-B7B2A6455E,关于开展四川省2025年电力市场秩序突出问题专项监管的通知,2025-05-08,AUTO-20260427-3AAD7C60CC,长三角省市间富余新能源消纳互济交易规则（试行）,2024-12-13,引用依据,电力市场,四川->华东区域,文号：中发〔2015〕9号,,高,否,仅由新政策明文引用旧政策时生成
EVO-00132,AUTO-20260427-B7B2A6455E,关于开展四川省2025年电力市场秩序突出问题专项监管的通知,2025-05-08,AUTO-20260427-075F05064A,华东能源监管局关于扩展华东电力调峰辅助服务市场交易至日内...,2024-12-13,引用依据,电力市场,四川->华东区域,文号：中发〔2015〕9号,,高,否,仅由新政策明文引用旧政策时生成
EVO-00133,AUTO-20260427-B7B2A6455E,关于开展四川省2025年电力市场秩序突出问题专项监管的通知,2025-05-08,AUTO-20260424-2ABE953CDD,国家能源局关于印发《电力市场注册基本规则》的通知,2024-09-13,引用依据,电力市场,四川->全国,文号：国能发监管规〔2024〕76号,,高,否,仅由新政策明文引用旧政策时生成
EVO-00134,AUTO-20260427-B7B2A6455E,关于开展四川省2025年电力市场秩序突出问题专项监管的通知,2025-05-08,AUTO-20260427-69BAE4E34E,关于建立煤电容量电价机制的通知(发改价格〔2023〕1501号),2023-11-10,引用依据,电力市场,四川->全国,文号：发改价格〔2023〕1501号,,高,否,仅由新政策明文引用旧政策时生成
EVO-00135,AUTO-20260427-B7B2A6455E,关于开展四川省2025年电力市场秩序突出问题专项监管的通知,2025-05-08,AUTO-20260427-A0AD12B7E0,关于进一步加快电力现货市场建设工作的通知(发改办体改〔2023〕813号),2023-11-01,引用依据,电力市场,四川->全国,文号：发改办体改〔2023〕813号,,高,否,仅由新政策明文引用旧政策时生成
EVO-00136,AUTO-20260425-54244C417B,关于印发《电力辅助服务市场基本规则》的通知(发改能源规〔2025〕411号),2025-04-29,AUTO-20260427-780DD684D9,电力市场运行基本规则,2024-04-25,引用依据,电力市场;辅助服务,全国->南方区域,规则名称：电力市场运行基本规则,力（集团）有限责任公司，北京、广州电力交易中心，有关发电企业： 为贯彻落实加快建设全国统一电力市场要求，指导全国电力辅助服务市场建设，适应电力改革发展需要，根据《电力市场运行基本规则》（中华人民共和国国家发展和改革委员会2024年第20号令）、《国家发展改革委、国家能源局关于加快建设全国统一电力市场体系的指导意见》（发改体改〔2022〕118,中,否,仅由新政策明文引用旧政策时生成
EVO-00137,AUTO-20260425-54244C417B,关于印发《电力辅助服务市场基本规则》的通知(发改能源规〔2025〕411号),2025-04-29,AUTO-20260424-10A4BBBC6D,电力市场运行基本规则_国家发展和改革委员会,2024-04-18,引用依据,电力市场;辅助服务,全国->全国,规则名称：电力市场运行基本规则,力（集团）有限责任公司，北京、广州电力交易中心，有关发电企业： 为贯彻落实加快建设全国统一电力市场要求，指导全国电力辅助服务市场建设，适应电力改革发展需要，根据《电力市场运行基本规则》（中华人民共和国国家发展和改革委员会2024年第20号令）、《国家发展改革委、国家能源局关于加快建设全国统一电力市场体系的指导意见》（发改体改〔2022〕118,中,否,仅由新政策明文引用旧政策时生成
EVO-00138,AUTO-20260425-54244C417B,关于印发《电力辅助服务市场基本规则》的通知(发改能源规〔2025〕411号),2025-04-29,AUTO-20260427-B0F72F5007,关于建立健全电力辅助服务市场价格机制的通知(发改价格〔2024〕196号),2024-02-08,引用依据,电力市场;辅助服务,全国->全国,文号：发改价格〔2024〕196号,家能源局关于加快建设全国统一电力市场体系的指导意见》（发改体改〔2022〕118号）、《国家发展改革委、国家能源局关于建立健全电力辅助服务市场价格机制的通知》（发改价格〔2024〕196号）等有关规定，我们组织起草了《电力辅助服务市场基本规则》（以下简称《规则》），现印发给你们，并就有关事项通知如下。 一、国家能源局派出机构会同省级价格、能源主管,高,否,仅由新政策明文引用旧政策时生成
EVO-00139,AUTO-20260426-E51176BC68,国家能源局华中监管局关于印发《湖北、江西、重庆电力调频辅助服务市场运行规则》的通知,2025-04-02,AUTO-20260427-9347AA22F9,华中能源监管局关于印发《江西电力调频辅助服务市场运营规则》的通知,2022-12-29,引用依据,辅助服务,华中区域->华中区域,规则名称：江西电力调频辅助服务市场运营规则,> 的通知》（国能发监管规〔 2021 〕 61 号）等文件精神，华中能源监管局组织对《湖北电力调频辅助服务市场运营规则》《重庆电力调频辅助服务市场运营规则》《江西电力调频辅助服务市场运营规则》进行了修订，形成了《湖北、江西、重庆电力调频辅助服务市场运行规则》，并经三省市电力市场管理委员会审议通过，现予以印发，请遵照执行。 请电力调度机构尽快完成技术支,中,否,仅由新政策明文引用旧政策时生成
EVO-00140,AUTO-20260426-E51176BC68,国家能源局华中监管局关于印发《湖北、江西、重庆电力调频辅助服务市场运行规则》的通知,2025-04-02,AUTO-20260427-D122E3E18C,关于印发《重庆电力调频辅助服务市场运营规则》的通知,2022-12-09,引用依据,辅助服务,华中区域->华中区域,规则名称：重庆电力调频辅助服务市场运营规则,局关于印发 < 电力辅助服务管理办法 > 的通知》（国能发监管规〔 2021 〕 61 号）等文件精神，华中能源监管局组织对《湖北电力调频辅助服务市场运营规则》《重庆电力调频辅助服务市场运营规则》《江西电力调频辅助服务市场运营规则》进行了修订，形成了《湖北、江西、重庆电力调频辅助服务市场运行规则》，并经三省市电力市场管理委员会审议通过，现予以印发，请遵照,中,否,仅由新政策明文引用旧政策时生成
EVO-00141,AUTO-20260427-002763E163,关于印发《新疆电力市场监管实施办法》 的通知 新监能市场〔2025〕24号,2025-03-21,AUTO-20260427-E24F3D75D9,关于印发《电力中长期交易基本规则》的通知,2020-06-14,引用依据,电力市场,新疆->南方区域,规则名称：电力中长期交易基本规则,中共中央国务院关于进一步深化电力体制改 革的若干意见》《中共中央国务院关于加快建设全国统一大市场的 意见》《电力市场监管办法》《国家能源局能源争议纠纷调解规定》《电力中长期交易基本规则》和有关法律法规，结合新疆实际，制定本实施办法。 第二条 本实施办法适用于 新疆维吾尔自治区内的电力市场监管，其中涉及跨省跨区的按照国家有关规定执行。 第三条 国,中,否,仅由新政策明文引用旧政策时生成
EVO-00142,AUTO-20260427-002763E163,关于印发《新疆电力市场监管实施办法》 的通知 新监能市场〔2025〕24号,2025-03-21,AUTO-20260502-60F4C79A3D,关于印发《新疆电力市场监管实施细则（试行）》的通知,2019-01-17,引用依据,电力市场,新疆->新疆,规则名称：新疆电力市场监管实施细则（试行,》第三十四条的有关规定处理。 第十章 附则 第五十条 本实施办法由新疆能源监管办负责解释。 第五十一条 实施办法自发布之日起施行。 2019年1月10日发布的《新疆电力市场监管实施细则（试行）》（新监能市场〔2019〕10号）和《新疆区域售电公司监管办法（试行）》（新监能市场〔2019〕107号）同时废止。 附件： 扫一扫在手机打开当前页 网站地图,中,否,仅由新政策明文引用旧政策时生成
EVO-00143,AUTO-20260427-EDE85AAF9A,关于印发修订后的《上海电力中长期交易规则》的通知（华东监...,2025-02-21,AUTO-20260427-AD0E26D414,关于修订电力中长期交易规则的通知,2017-08-30,引用依据,中长期,华东区域->山东,标题明文：电力中长期交易规则,关于印发修订后的《上海电力中长期交易规则》的通知（华东监... 关于印发修订后的《上海电力中长期交易规则》的通知（华东监... 2025-02-21；OCR文本待人工复核 --- 第 1 页 OCR,中,否,仅由新政策明文引用旧政策时生成
EVO-00144,AUTO-20260427-EC24CC36EA,关于印发修订后的《安徽电力中长期交易规则》的通知（华东监...,2025-02-21,AUTO-20260427-AD0E26D414,关于修订电力中长期交易规则的通知,2017-08-30,引用依据,中长期,华东区域->山东,标题明文：电力中长期交易规则,关于印发修订后的《安徽电力中长期交易规则》的通知（华东监... 关于印发修订后的《安徽电力中长期交易规则》的通知（华东监... 2025-02-21；OCR文本待人工复核 --- 第 1 页 OCR,中,否,仅由新政策明文引用旧政策时生成
EVO-00145,AUTO-20260426-0D440B2FA1,关于印发《重庆市电力中长期交易规则》的通知,2024-12-19,AUTO-20260427-780DD684D9,电力市场运行基本规则,2024-04-25,引用依据,中长期,华中区域->南方区域,规则名称：电力市场运行基本规则,华中监能市场 ﹝ 2024 ﹞ 149 号 国网西南分部，国网重庆市电力公司，重庆电力交易中心有限公司，重庆市各有关发电企业、售电公司、电力用户 ： 为贯彻落实《电力市场运行基本规则》（中华人民共和国国家发展和改革委员会第 20 号令）、 《国家发展改革委 国家能源局关于建立煤电容量电价机制的通知》（发改价格〔 2023 〕 1501 号）、,中,否,仅由新政策明文引用旧政策时生成
EVO-00146,AUTO-20260426-0D440B2FA1,关于印发《重庆市电力中长期交易规则》的通知,2024-12-19,AUTO-20260424-10A4BBBC6D,电力市场运行基本规则_国家发展和改革委员会,2024-04-18,引用依据,中长期,华中区域->全国,规则名称：电力市场运行基本规则,华中监能市场 ﹝ 2024 ﹞ 149 号 国网西南分部，国网重庆市电力公司，重庆电力交易中心有限公司，重庆市各有关发电企业、售电公司、电力用户 ： 为贯彻落实《电力市场运行基本规则》（中华人民共和国国家发展和改革委员会第 20 号令）、 《国家发展改革委 国家能源局关于建立煤电容量电价机制的通知》（发改价格〔 2023 〕 1501 号）、,中,否,仅由新政策明文引用旧政策时生成
EVO-00147,AUTO-20260427-3AAD7C60CC,长三角省市间富余新能源消纳互济交易规则（试行）,2024-12-13,AUTO-20260502-99BECE515C,关于印发《四川省电力市场秩序突出问题专项监管实施方案》的通知 2024-06-17,2024-06-17,引用依据,新能源,华东区域->四川,文号：国务院令第432号,,高,否,仅由新政策明文引用旧政策时生成
EVO-00148,AUTO-20260427-3AAD7C60CC,长三角省市间富余新能源消纳互济交易规则（试行）,2024-12-13,AUTO-20260424-10A4BBBC6D,电力市场运行基本规则_国家发展和改革委员会,2024-04-18,引用依据,新能源,华东区域->全国,文号：国家发展改革委令第20号,,高,否,仅由新政策明文引用旧政策时生成
EVO-00149,AUTO-20260427-3AAD7C60CC,长三角省市间富余新能源消纳互济交易规则（试行）,2024-12-13,AUTO-20260502-5CD4474B0A,广东省发展改革委 广东省能源局转发关于进一步推动新型储能参与电力市场和调度运用和“十四五”新型储能发展实施方案的通知,2022-06-24,引用依据,新能源,华东区域->广东,文号：发改办运行〔2022〕475号,,高,否,仅由新政策明文引用旧政策时生成
EVO-00150,AUTO-20260427-3AAD7C60CC,长三角省市间富余新能源消纳互济交易规则（试行）,2024-12-13,AUTO-20260427-0ABCD56E46,关于进一步推动新型储能参与电力市场和调度运用的通知(发改办运行〔2022〕475号),2022-06-07,引用依据,新能源,华东区域->全国,文号：发改办运行〔2022〕475号,,高,否,仅由新政策明文引用旧政策时生成
EVO-00151,AUTO-20260427-075F05064A,华东能源监管局关于扩展华东电力调峰辅助服务市场交易至日内...,2024-12-13,AUTO-20260502-99BECE515C,关于印发《四川省电力市场秩序突出问题专项监管实施方案》的通知 2024-06-17,2024-06-17,引用依据,辅助服务,华东区域->四川,文号：国务院令第432号,,高,否,仅由新政策明文引用旧政策时生成
EVO-00152,AUTO-20260427-075F05064A,华东能源监管局关于扩展华东电力调峰辅助服务市场交易至日内...,2024-12-13,AUTO-20260427-42E984C2AA,关于进一步深化燃煤发电上网电价市场化改革的通知(发改价格〔2021〕1439号),2021-10-12,引用依据,辅助服务,华东区域->全国,文号：发改价格〔2021〕1439号,,高,否,仅由新政策明文引用旧政策时生成
EVO-00153,AUTO-20260427-075F05064A,华东能源监管局关于扩展华东电力调峰辅助服务市场交易至日内...,2024-12-13,AUTO-20260502-342ED97968,华北能源监管局关于开展河北南网电力调峰辅助服务市场模拟运行的通知,2019-11-15,引用依据,辅助服务,华东区域->华北区域,文号：国能发监管〔2017〕67号,,高,否,仅由新政策明文引用旧政策时生成
EVO-00154,AUTO-20260502-80D4ECD388,北京市经济和信息化局关于印发《北京市新型储能产业发展实施方案（2024—2027年）》的通知,2024-12-05,AUTO-20260502-94D2FE448E,山西省能源局关于印发《“十四五”新型储能发展实施方案》的通知,2022-09-30,引用依据,储能,北京->山西,规则名称：十四五”新型储能发展实施方案,重要技术和基础装备，是实现碳达峰碳中和目标的重要支撑，也是催生国内能源新业态、抢占国际战略新高地的重要领域。为贯彻落实《关于加快推动新型储能发展的指导意见》《“十四五”新型储能发展实施方案》《北京市促进未来产业创新发展实施方案》等文件精神，把握产业发展机遇，整合资源优势，推动本市新型储能技术创新与产业发展，特制定本方案。 一、形势与基础 （一）发,中,否,仅由新政策明文引用旧政策时生成
EVO-00155,AUTO-20260502-80D4ECD388,北京市经济和信息化局关于印发《北京市新型储能产业发展实施方案（2024—2027年）》的通知,2024-12-05,AUTO-20260427-C2621C7DE7,关于印发《“十四五”新型储能发展实施方案》的通知(发改能源〔2022〕209号),2022-03-21,引用依据,储能,北京->全国,规则名称：十四五”新型储能发展实施方案,重要技术和基础装备，是实现碳达峰碳中和目标的重要支撑，也是催生国内能源新业态、抢占国际战略新高地的重要领域。为贯彻落实《关于加快推动新型储能发展的指导意见》《“十四五”新型储能发展实施方案》《北京市促进未来产业创新发展实施方案》等文件精神，把握产业发展机遇，整合资源优势，推动本市新型储能技术创新与产业发展，特制定本方案。 一、形势与基础 （一）发,中,否,仅由新政策明文引用旧政策时生成
EVO-00156,AUTO-20260427-CC8285BA8B,华中能源监管局关于征求《湖北、江西、重庆电力调频辅助服务市场运行规则（征求意见稿）》意见的通知,2024-11-20,AUTO-20260427-9347AA22F9,华中能源监管局关于印发《江西电力调频辅助服务市场运营规则》的通知,2022-12-29,引用依据,辅助服务,华中区域->华中区域,规则名称：江西电力调频辅助服务市场运营规则,> 的通知》（国能发监管规〔 2021 〕 61 号）等文件精神，华中能源监管局组织对《湖北电力调频辅助服务市场运营规则》《重庆电力调频辅助服务市场运营规则》《江西电力调频辅助服务市场运营规则》进行了修订，形成了《湖北、江西、重庆电力调频辅助服务市场运行规则（征求意见稿）》。 现向社会公开征求意见。欢迎有关单位和社会各界人士提出宝贵意见，于 2024,中,否,仅由新政策明文引用旧政策时生成
EVO-00157,AUTO-20260427-CC8285BA8B,华中能源监管局关于征求《湖北、江西、重庆电力调频辅助服务市场运行规则（征求意见稿）》意见的通知,2024-11-20,AUTO-20260427-D122E3E18C,关于印发《重庆电力调频辅助服务市场运营规则》的通知,2022-12-09,引用依据,辅助服务,华中区域->华中区域,规则名称：重庆电力调频辅助服务市场运营规则,局关于印发 < 电力辅助服务管理办法 > 的通知》（国能发监管规〔 2021 〕 61 号）等文件精神，华中能源监管局组织对《湖北电力调频辅助服务市场运营规则》《重庆电力调频辅助服务市场运营规则》《江西电力调频辅助服务市场运营规则》进行了修订，形成了《湖北、江西、重庆电力调频辅助服务市场运行规则（征求意见稿）》。 现向社会公开征求意见。欢迎有关单位和社会,中,否,仅由新政策明文引用旧政策时生成
EVO-00158,AUTO-20260427-D2550973DB,广东省发展和改革委员会 - 广东省能源局 国家能源局南方监管局关于印发《广东省虚拟电厂参与电力市场交易实施方案》的通知,2024-11-18,AUTO-20260427-AF700450D9,电力市场注册基本规则,2024-09-13,引用依据,电力市场,广东->南方区域,规则名称：电力市场注册基本规则,源体系建设，按照《电力需求侧管理办法（2023年版）》《电力负荷管理办法（2023年版）》《关于加快建设全国统一电力市场体系的指导意见》《电力市场运行基本规则》《电力市场注册基本规则》《加快构建新型电力系统行动方案（2024—2027年）》《关于加强新能源汽车与电网融合互动的实施意见》等有关要求，我们研究制定了《广东省虚拟电厂参与电力市场交易,中,否,仅由新政策明文引用旧政策时生成
EVO-00159,AUTO-20260427-D2550973DB,广东省发展和改革委员会 - 广东省能源局 国家能源局南方监管局关于印发《广东省虚拟电厂参与电力市场交易实施方案》的通知,2024-11-18,AUTO-20260424-2ABE953CDD,国家能源局关于印发《电力市场注册基本规则》的通知,2024-09-13,引用依据,电力市场,广东->全国,规则名称：电力市场注册基本规则,源体系建设，按照《电力需求侧管理办法（2023年版）》《电力负荷管理办法（2023年版）》《关于加快建设全国统一电力市场体系的指导意见》《电力市场运行基本规则》《电力市场注册基本规则》《加快构建新型电力系统行动方案（2024—2027年）》《关于加强新能源汽车与电网融合互动的实施意见》等有关要求，我们研究制定了《广东省虚拟电厂参与电力市场交易,中,否,仅由新政策明文引用旧政策时生成
EVO-00160,AUTO-20260427-D2550973DB,广东省发展和改革委员会 - 广东省能源局 国家能源局南方监管局关于印发《广东省虚拟电厂参与电力市场交易实施方案》的通知,2024-11-18,AUTO-20260427-780DD684D9,电力市场运行基本规则,2024-04-25,引用依据,电力市场,广东->南方区域,规则名称：电力市场运行基本规则,助力新型电力系统和新型能源体系建设，按照《电力需求侧管理办法（2023年版）》《电力负荷管理办法（2023年版）》《关于加快建设全国统一电力市场体系的指导意见》《电力市场运行基本规则》《电力市场注册基本规则》《加快构建新型电力系统行动方案（2024—2027年）》《关于加强新能源汽车与电网融合互动的实施意见》等有关要求，我们研究制定了《广东省,中,否,仅由新政策明文引用旧政策时生成
EVO-00161,AUTO-20260427-D2550973DB,广东省发展和改革委员会 - 广东省能源局 国家能源局南方监管局关于印发《广东省虚拟电厂参与电力市场交易实施方案》的通知,2024-11-18,AUTO-20260424-10A4BBBC6D,电力市场运行基本规则_国家发展和改革委员会,2024-04-18,引用依据,电力市场,广东->全国,规则名称：电力市场运行基本规则,助力新型电力系统和新型能源体系建设，按照《电力需求侧管理办法（2023年版）》《电力负荷管理办法（2023年版）》《关于加快建设全国统一电力市场体系的指导意见》《电力市场运行基本规则》《电力市场注册基本规则》《加快构建新型电力系统行动方案（2024—2027年）》《关于加强新能源汽车与电网融合互动的实施意见》等有关要求，我们研究制定了《广东省,中,否,仅由新政策明文引用旧政策时生成
EVO-00162,AUTO-20260427-D5C34F91B8,市工业和信息化局关于做好天津市2025年电力市场化交易工作的通知_委局文件_政务公开,2024-11-15,AUTO-20260427-E24F3D75D9,关于印发《电力中长期交易基本规则》的通知,2020-06-14,引用依据,电力市场,天津->南方区域,规则名称：电力中长期交易基本规则,公司、天津电力交易中心有限公司，各有关市场主体： 为深入贯彻《中共中央国务院关于进一步深化电力体制改革的若干意见》（中发〔 2015 〕 9 号）及其配套文件、《电力中长期交易基本规则》（发改能源规〔 2020 〕 889 号）、国家发改委《关于进一步深化燃煤发电上网电价市场化改革的通知》（发改价格〔 2021 〕 1439 号）、国家发改委办,中,否,仅由新政策明文引用旧政策时生成
EVO-00163,AUTO-20260427-9549320EF2,华中能源监管局关于《重庆市电力中长期交易规则（修订稿）》公开征求意见的通知,2024-11-01,AUTO-20260427-780DD684D9,电力市场运行基本规则,2024-04-25,引用依据,中长期,华中区域->南方区域,规则名称：电力市场运行基本规则,17:06 来源：国家能源局华中监管局 Aa 字体： 小 | 中 | 大 华中能源监管局关于《重庆市电力中长期交易规则（修订稿）》公开征求意见的通知 为贯彻落实《电力市场运行基本规则》（国家发展改革委第 20 号令）、《国家发展改革委 国家能源局关于印发 < 电力中长期交易基本规则 > 的通知》 ( 发改能源规〔 2020 〕 889 号）、,中,否,仅由新政策明文引用旧政策时生成
EVO-00164,AUTO-20260427-9549320EF2,华中能源监管局关于《重庆市电力中长期交易规则（修订稿）》公开征求意见的通知,2024-11-01,AUTO-20260424-10A4BBBC6D,电力市场运行基本规则_国家发展和改革委员会,2024-04-18,引用依据,中长期,华中区域->全国,规则名称：电力市场运行基本规则,17:06 来源：国家能源局华中监管局 Aa 字体： 小 | 中 | 大 华中能源监管局关于《重庆市电力中长期交易规则（修订稿）》公开征求意见的通知 为贯彻落实《电力市场运行基本规则》（国家发展改革委第 20 号令）、《国家发展改革委 国家能源局关于印发 < 电力中长期交易基本规则 > 的通知》 ( 发改能源规〔 2020 〕 889 号）、,中,否,仅由新政策明文引用旧政策时生成
EVO-00165,AUTO-20260427-9549320EF2,华中能源监管局关于《重庆市电力中长期交易规则（修订稿）》公开征求意见的通知,2024-11-01,AUTO-20260427-AD0E26D414,关于修订电力中长期交易规则的通知,2017-08-30,引用依据,中长期,华中区域->山东,标题明文：电力中长期交易规则,华中能源监管局关于《重庆市电力中长期交易规则（修订稿）》公开征求意见的通知 华中能源监管局关于《重庆市电力中长期交易规则（修订稿）》公开征求意见的通知 2024-11-01 华中能源监管局关于《重庆市电力,中,否,仅由新政策明文引用旧政策时生成
EVO-00166,AUTO-20260502-ABF8F264A5,关于印发《上海市绿色电力交易实施方案》的通知,2024-10-17,AUTO-20260502-151D70D93E,关于征求《福建电力市场中长期交易规则》补充修订意见的函,2021-01-19,引用依据,绿电,上海->福建,文号：发改能源规〔2020〕889号,，推进上海绿色电力交易工作有序开展，按照《上海市促进绿色电力消费加快能源低碳转型实施意见》（沪发改能源〔2024〕91号）要求，根据《电力中长期交易基本规则》（发改能源规〔2020〕889号）、《关于有序推进绿色电力交易有关事项的通知》（发改办体改〔2022〕821号）、《关于享受中央政府补贴的绿色项目参与绿电交易有关事项的通知》（发改体改〔202,高,否,仅由新政策明文引用旧政策时生成
EVO-00167,AUTO-20260502-ABF8F264A5,关于印发《上海市绿色电力交易实施方案》的通知,2024-10-17,AUTO-20260502-53881076C7,关于转发《国家发改委 国家能源局关于印发电力中长期交易基本规则的通知》,2020-09-09,引用依据,绿电,上海->新疆,文号：发改能源规〔2020〕889号,，推进上海绿色电力交易工作有序开展，按照《上海市促进绿色电力消费加快能源低碳转型实施意见》（沪发改能源〔2024〕91号）要求，根据《电力中长期交易基本规则》（发改能源规〔2020〕889号）、《关于有序推进绿色电力交易有关事项的通知》（发改办体改〔2022〕821号）、《关于享受中央政府补贴的绿色项目参与绿电交易有关事项的通知》（发改体改〔202,高,否,仅由新政策明文引用旧政策时生成
EVO-00168,AUTO-20260502-ABF8F264A5,关于印发《上海市绿色电力交易实施方案》的通知,2024-10-17,AUTO-20260427-E24F3D75D9,关于印发《电力中长期交易基本规则》的通知,2020-06-14,引用依据,绿电,上海->南方区域,规则名称：电力中长期交易基本规则,生产消费的市场体系和长效机制，推进上海绿色电力交易工作有序开展，按照《上海市促进绿色电力消费加快能源低碳转型实施意见》（沪发改能源〔2024〕91号）要求，根据《电力中长期交易基本规则》（发改能源规〔2020〕889号）、《关于有序推进绿色电力交易有关事项的通知》（发改办体改〔2022〕821号）、《关于享受中央政府补贴的绿色项目参与绿电交易有,中,否,仅由新政策明文引用旧政策时生成
EVO-00169,AUTO-20260427-AF700450D9,电力市场注册基本规则,2024-09-13,AUTO-20260427-780DD684D9,电力市场运行基本规则,2024-04-25,引用依据,电力市场,南方区域->南方区域,规则名称：电力市场运行基本规则,《中共中央 国务院关于进一步深化电力体制改革的若干意见》《国家发展改革委 国家能源局关于加快建设全国统一电力市场体系的指导意见》（发改体改〔2022〕118号）《电力市场运行基本规则》（中华人民共和国国家发展和改革委员会2024年第20号令）等文件，结合工作实际，制定本规则。 第二条 本规则所称电力市场包含电力中长期、现货、辅助服务市场等。,中,否,仅由新政策明文引用旧政策时生成
EVO-00170,AUTO-20260427-AF700450D9,电力市场注册基本规则,2024-09-13,AUTO-20260424-10A4BBBC6D,电力市场运行基本规则_国家发展和改革委员会,2024-04-18,引用依据,电力市场,南方区域->全国,规则名称：电力市场运行基本规则,《中共中央 国务院关于进一步深化电力体制改革的若干意见》《国家发展改革委 国家能源局关于加快建设全国统一电力市场体系的指导意见》（发改体改〔2022〕118号）《电力市场运行基本规则》（中华人民共和国国家发展和改革委员会2024年第20号令）等文件，结合工作实际，制定本规则。 第二条 本规则所称电力市场包含电力中长期、现货、辅助服务市场等。,中,否,仅由新政策明文引用旧政策时生成
EVO-00171,AUTO-20260424-2ABE953CDD,国家能源局关于印发《电力市场注册基本规则》的通知,2024-09-13,AUTO-20260427-780DD684D9,电力市场运行基本规则,2024-04-25,引用依据,电力市场;辅助服务,全国->南方区域,规则名称：电力市场运行基本规则,《中共中央 国务院关于进一步深化电力体制改革的若干意见》《国家发展改革委 国家能源局关于加快建设全国统一电力市场体系的指导意见》（发改体改〔2022〕118号）《电力市场运行基本规则》（中华人民共和国国家发展和改革委员会2024年第20号令）等文件，结合工作实际，制定本规则。 第二条 本规则所称电力市场包含电力中长期、现货、辅助服务市场等。,中,否,仅由新政策明文引用旧政策时生成
EVO-00172,AUTO-20260424-2ABE953CDD,国家能源局关于印发《电力市场注册基本规则》的通知,2024-09-13,AUTO-20260424-10A4BBBC6D,电力市场运行基本规则_国家发展和改革委员会,2024-04-18,引用依据,电力市场;辅助服务,全国->全国,规则名称：电力市场运行基本规则,《中共中央 国务院关于进一步深化电力体制改革的若干意见》《国家发展改革委 国家能源局关于加快建设全国统一电力市场体系的指导意见》（发改体改〔2022〕118号）《电力市场运行基本规则》（中华人民共和国国家发展和改革委员会2024年第20号令）等文件，结合工作实际，制定本规则。 第二条 本规则所称电力市场包含电力中长期、现货、辅助服务市场等。,中,否,仅由新政策明文引用旧政策时生成
EVO-00173,AUTO-20260502-99BECE515C,关于印发《四川省电力市场秩序突出问题专项监管实施方案》的通知 2024-06-17,2024-06-17,AUTO-20260427-780DD684D9,电力市场运行基本规则,2024-04-25,引用依据,电力市场,四川->南方区域,规则名称：电力市场运行基本规则,OCR --- （四）《全额保障性收购可再生能源电量监管办法》（国家发 展改革委令第15号）； （五）《电力市场监管办法》（国家发展改革委令第18号）; （六）《电力市场运行基本规则》（国家发展改革委令第20 号); （七）《电力企业信息披露规定》（原2005年电监会令第14 号，依据国家发展改革委令第11号修订); （八）《电力市场信息披露,中,否,仅由新政策明文引用旧政策时生成
EVO-00174,AUTO-20260502-99BECE515C,关于印发《四川省电力市场秩序突出问题专项监管实施方案》的通知 2024-06-17,2024-06-17,AUTO-20260424-10A4BBBC6D,电力市场运行基本规则_国家发展和改革委员会,2024-04-18,引用依据,电力市场,四川->全国,文号：国家发展改革委令第20号,,高,否,仅由新政策明文引用旧政策时生成
EVO-00175,AUTO-20260426-2321F82FD1,关于山东电力现货市场由试运行转正式运行的通知,2024-06-17,AUTO-20260427-A0AD12B7E0,关于进一步加快电力现货市场建设工作的通知(发改办体改〔2023〕813号),2023-11-01,引用依据,现货,山东->全国,文号：发改办体改〔2023〕813号,"电力可靠供应以及优化资源配置、助力能源绿色低碳转型方面发挥了重要作用。 按照《国家发展改革委办公厅、国家能源局综合司关于进一步加快电力现货市场建设工作的通知》(发改办体改〔2023〕813号)要求，省内各有关部门、单位积极稳妥推进电力现货市场由试运行转入正式运行，并委托电力规划设计总院开展了转正式运行第三方评估。评估意见认为,山东电力现货市场规则体",高,否,仅由新政策明文引用旧政策时生成
EVO-00176,AUTO-20260426-CAE77C6F94,关于印发《山东电力市场参数（试行）》的通知,2024-05-31,AUTO-20260426-CB9FE0315E,关于印发《山东电力市场规则(试行)》的通知,2024-04-19,引用依据,电力市场,山东->山东,文号：鲁监能市场规〔2024〕24号,国家能源局关于印发<电力现货市场基本规则（试行）>的通知》（发改能源规〔2023〕1217号）等文件要求，根据《关于印发<山东电力市场规则（试行）>的通知》（鲁监能市场规〔2024〕24号）规定，山东能源监管办会同省发展改革委、省能源局组织市场运营机构、电网企业和相关经营主体编制修订了《山东电力市场参数（试行）》，现予以印发。 一、《山东电力市场,高,否,仅由新政策明文引用旧政策时生成
EVO-00177,AUTO-20260426-CAE77C6F94,关于印发《山东电力市场参数（试行）》的通知,2024-05-31,AUTO-20260427-B292F45571,关于印发《电力现货市场基本规则（试行）》的通知(发改能源规〔2023〕1217号),2023-09-15,引用依据,电力市场,山东->全国,文号：发改能源规〔2023〕1217号,源局关于加快建设全国统一电力市场体系的指导意见》（发改体改〔2022〕118号）、《国家发展改革委 国家能源局关于印发<电力现货市场基本规则（试行）>的通知》（发改能源规〔2023〕1217号）等文件要求，根据《关于印发<山东电力市场规则（试行）>的通知》（鲁监能市场规〔2024〕24号）规定，山东能源监管办会同省发展改革委、省能源局组织市场运营机构,高,否,仅由新政策明文引用旧政策时生成
EVO-00178,AUTO-20260426-CAE77C6F94,关于印发《山东电力市场参数（试行）》的通知,2024-05-31,AUTO-20260427-EE6D85F7E0,发改能源规〔2023〕1217号 《电力现货市场基本规则（试行）》,2023-09-10,引用依据,电力市场,山东->南方区域,文号：发改能源规〔2023〕1217号,源局关于加快建设全国统一电力市场体系的指导意见》（发改体改〔2022〕118号）、《国家发展改革委 国家能源局关于印发<电力现货市场基本规则（试行）>的通知》（发改能源规〔2023〕1217号）等文件要求，根据《关于印发<山东电力市场规则（试行）>的通知》（鲁监能市场规〔2024〕24号）规定，山东能源监管办会同省发展改革委、省能源局组织市场运营机构,高,否,仅由新政策明文引用旧政策时生成
EVO-00179,AUTO-20260427-28574D8021,国家能源局华中监管局关于公开征求《川渝一体化电力调峰辅助服务市场交易规则（征求意见稿）》意见的通知,2024-04-30,AUTO-20260427-F61B124506,华中能源监管局 四川能源监管办关于印发《川渝一体化电力调峰辅助服务市场运营规则（试行）》的通知,2021-11-25,引用依据,辅助服务,华中区域->华中区域,规则名称：川渝一体化电力调峰辅助服务市场运营规则（试行,全电力辅助服务市场价格机制的通知》（发改价格〔 2024 〕 196 号）等文件要求，进一步推进川渝一体化电力市场建设，华中能源监管局会同四川能源监管办组织对《川渝一体化电力调峰辅助服务市场运营规则（试行）》进行了修订，形成《川渝一体化电力调峰辅助服务市场交易规则（征求意见稿）》，现面向社会公开征求意见。 此次征求意见的时间为 2024 年 4 月 30 日至,中,否,仅由新政策明文引用旧政策时生成
EVO-00180,AUTO-20260426-0E5C62271F,《山东电力市场规则(试行)》编制说明,2024-04-20,AUTO-20260427-B0F72F5007,关于建立健全电力辅助服务市场价格机制的通知(发改价格〔2024〕196号),2024-02-08,引用依据,电力市场,山东->全国,文号：发改价格〔2024〕196号,源发展现状，设置调频容量分时段出清机制，满足不同时段电网调节需求，保障电网安全运行。根据《国家发展改革委国家能源局关于建立健全电力辅助服务市场价格机制的通知》(发改价格〔2024〕196号)要求，进一步扩大调频辅助服务市场参与主体范围，调整费用计算公式，采用基于调频里程的单一制价格机制进行费用计算。 (八)有序衔接机组并网运行考核与电力市场运营,高,否,仅由新政策明文引用旧政策时生成
EVO-00181,AUTO-20260426-0E5C62271F,《山东电力市场规则(试行)》编制说明,2024-04-20,AUTO-20260427-E24F3D75D9,关于印发《电力中长期交易基本规则》的通知,2020-06-14,引用依据,电力市场,山东->南方区域,规则名称：电力中长期交易基本规则,革委、省能源局组织市场运营机构、电网公司、电力市场管理委员会、山东电力市场建设专班、有关经营主体等，基于近年来市场运行实践，结合《电力现货市场基本规则(试行)》《电力中长期交易基本规则》等国家基本规则要求，就市场关键机制优化完善、新型经营主体参与市场方式设计、市场运行费用等问题开展深入研究，广泛征集意见，并先后组织六轮集中工作，在充分吸收市场运,中,否,仅由新政策明文引用旧政策时生成
EVO-00182,AUTO-20260426-0A6267C300,关于征求《山东电力市场参数(试行)》(征求意见稿)意见的公告,2024-04-19,AUTO-20260426-CB9FE0315E,关于印发《山东电力市场规则(试行)》的通知,2024-04-19,引用依据,电力市场,山东->山东,文号：鲁监能市场规〔2024〕24号,》(发改能源规〔2023〕1217号)等文件要求，山东能源监管办会同省发展改革委、省能源局组织市场运营机构和相关经营主体修订形成了《山东电力市场规则(试行)》(鲁监能市场规〔2024〕24号)。为适应电力市场运行需要，山东能源监管办会同省发展改革委、省能源局同步开展市场运行有关参数修订工作，经前期研究讨论，起草了《山东电力市场参数(试行)》(征求意,高,否,仅由新政策明文引用旧政策时生成
EVO-00183,AUTO-20260426-0A6267C300,关于征求《山东电力市场参数(试行)》(征求意见稿)意见的公告,2024-04-19,AUTO-20260426-09ACA5D018,关于公开征求《山东电力市场规则(试行)》(征求意见稿)意见的通知,2024-01-08,引用依据,电力市场,山东->山东,规则名称：山东电力市场规则(试行,市场基本规则(试行)>的通知》(发改能源规〔2023〕1217号)等文件要求，山东能源监管办会同省发展改革委、省能源局组织市场运营机构和相关经营主体修订形成了《山东电力市场规则(试行)》(鲁监能市场规〔2024〕24号)。为适应电力市场运行需要，山东能源监管办会同省发展改革委、省能源局同步开展市场运行有关参数修订工作，经前期研究讨论，起草了,中,否,仅由新政策明文引用旧政策时生成
EVO-00184,AUTO-20260426-0A6267C300,关于征求《山东电力市场参数(试行)》(征求意见稿)意见的公告,2024-04-19,AUTO-20260427-B292F45571,关于印发《电力现货市场基本规则（试行）》的通知(发改能源规〔2023〕1217号),2023-09-15,引用依据,电力市场,山东->全国,文号：发改能源规〔2023〕1217号,源局关于加快建设全国统一电力市场体系的指导意见》(发改体改〔2022〕118号)、《国家发展改革委 国家能源局关于印发<电力现货市场基本规则(试行)>的通知》(发改能源规〔2023〕1217号)等文件要求，山东能源监管办会同省发展改革委、省能源局组织市场运营机构和相关经营主体修订形成了《山东电力市场规则(试行)》(鲁监能市场规〔2024〕24号)。为,高,否,仅由新政策明文引用旧政策时生成
EVO-00185,AUTO-20260426-0A6267C300,关于征求《山东电力市场参数(试行)》(征求意见稿)意见的公告,2024-04-19,AUTO-20260427-EE6D85F7E0,发改能源规〔2023〕1217号 《电力现货市场基本规则（试行）》,2023-09-10,引用依据,电力市场,山东->南方区域,文号：发改能源规〔2023〕1217号,源局关于加快建设全国统一电力市场体系的指导意见》(发改体改〔2022〕118号)、《国家发展改革委 国家能源局关于印发<电力现货市场基本规则(试行)>的通知》(发改能源规〔2023〕1217号)等文件要求，山东能源监管办会同省发展改革委、省能源局组织市场运营机构和相关经营主体修订形成了《山东电力市场规则(试行)》(鲁监能市场规〔2024〕24号)。为,高,否,仅由新政策明文引用旧政策时生成
EVO-00186,AUTO-20260427-56F605665F,关于印发《江苏省电力中长期交易规则（2023版）》的通知,2023-12-08,AUTO-20260427-9F3288D69E,关于印发《江苏省电力中长期交易规则》的通知,2021-02-03,引用依据,中长期,江苏->江苏,规则名称：江苏省电力中长期交易规则,公厅关于进一步做好电网企业代理购电工作的通知》（发改办价格〔 2022 〕 1047 号）等文件和有关法律、法规规定，江苏能源监管办会同省发改委（能源局）修订了《江苏省电力中长期交易规则》，现将修订后《江苏省电力中长期交易规则（ 2023 版）》印发给你们，请遵照执行。本规则自 2024 年 1 月 1 日起施行，实施过程中如有重大问题，请及时报,中,否,仅由新政策明文引用旧政策时生成
EVO-00187,AUTO-20260427-9BE26E7413,市工业和信息化局关于做好天津市2024年电力市场化交易工作的通知_委局文件_政务公开,2023-11-07,AUTO-20260427-E24F3D75D9,关于印发《电力中长期交易基本规则》的通知,2020-06-14,引用依据,电力市场,天津->南方区域,规则名称：电力中长期交易基本规则,津电力交易中心有限公司，各有关 市场主体 ： 为深入贯彻《中共中央国务院关于进一步深化电力体制改革的若干意见》（中发〔 2015 〕 9 号） 及其配套文件 、《电力中长期交易基本规则》（发改能源规〔 2020 〕 889 号） 、 国家发改委《关于进一步深化燃煤发电上网电价市场化改革的通知》（发改价格〔 2021 〕 1439 号） 、国家发,中,否,仅由新政策明文引用旧政策时生成
EVO-00188,AUTO-20260502-35862D6B84,关于转发《国家发展改革委关于第三监管周期省级电网输配电价及有关事项的通知》的通知,2023-05-26,AUTO-20260502-9C5CF5AFC7,关于第三监管周期省级电网输配电价及有关事项的通知(发改价格〔2023〕526号),2023-05-15,引用依据,输配电价,上海->全国,文号：发改价格〔2023〕526号,,高,否,仅由新政策明文引用旧政策时生成
EVO-00189,AUTO-20260502-9C5CF5AFC7,关于第三监管周期省级电网输配电价及有关事项的通知(发改价格〔2023〕526号),2023-05-15,AUTO-20260502-B85D7DD04E,关于印发《省级电网输配电价定价办法》的通知(发改价格规〔2020〕101号),2020-02-05,引用依据,输配电价,全国->全国,文号：发改价格规〔2020〕101号,展改革委 国家能源局关于印发<输配电定价成本监审办法>的通知》（发改价格规〔2019〕897号）、《国家发展改革委关于印发<省级电网输配电价定价办法>的通知》（发改价格规〔2020〕101号）及有关规定，核定第三监管周期各省级电网输配电价，具体见附件。 二、用户用电价格逐步归并为居民生活、农业生产及工商业用电（除执行居民生活和农业生产用电价格以外的,高,否,仅由新政策明文引用旧政策时生成
EVO-00190,AUTO-20260502-DAE6DF96FD,广东省能源局 国家能源局南方监管局关于印发广东省新型储能参与电力市场交易实施方案的通知,2023-04-04,AUTO-20260502-5CD4474B0A,广东省发展改革委 广东省能源局转发关于进一步推动新型储能参与电力市场和调度运用和“十四五”新型储能发展实施方案的通知,2022-06-24,引用依据,电力市场;储能,广东->广东,文号：发改办运行〔2022〕475号,推动新型储能发展的指导意见》（发改能源规〔2021〕1051号）、《国家发展改革委办公厅 国家能源局综合司关于进一步推动新型储能参与电力市场和调度运用的通知》（发改办运行〔2022〕475号）、《广东省人民政府办公厅关于印发广东省推动新型储能产业高质量发展指导意见的通知》（粤府办〔2023〕4号）等有关要求，我们研究制定了《广东省新型储能参与电力市,高,否,仅由新政策明文引用旧政策时生成
EVO-00191,AUTO-20260502-DAE6DF96FD,广东省能源局 国家能源局南方监管局关于印发广东省新型储能参与电力市场交易实施方案的通知,2023-04-04,AUTO-20260427-0ABCD56E46,关于进一步推动新型储能参与电力市场和调度运用的通知(发改办运行〔2022〕475号),2022-06-07,引用依据,电力市场;储能,广东->全国,文号：发改办运行〔2022〕475号,推动新型储能发展的指导意见》（发改能源规〔2021〕1051号）、《国家发展改革委办公厅 国家能源局综合司关于进一步推动新型储能参与电力市场和调度运用的通知》（发改办运行〔2022〕475号）、《广东省人民政府办公厅关于印发广东省推动新型储能产业高质量发展指导意见的通知》（粤府办〔2023〕4号）等有关要求，我们研究制定了《广东省新型储能参与电力市,高,否,仅由新政策明文引用旧政策时生成
EVO-00192,AUTO-20260502-EC360A7FC3,关于进一步做好电网企业代理购电工作的通知(发改办价格〔2022〕1047号),2023-01-10,AUTO-20260502-3F932A6BA5,关于组织开展电网企业代理购电工作有关事项的通知(发改办价格〔2021〕809号),2021-10-26,引用依据,电网,全国->全国,文号：发改办价格〔2021〕809号,团有限责任公司、国家开发投资集团有限公司、华润（集团）有限公司、中国广核集团有限公司： 《国家发展改革委办公厅关于组织开展电网企业代理购电工作有关事项的通知》（发改办价格〔2021〕809号，以下简称“809号文件”）印发实施以来，各地电网企业代理购电制度全面建立、平稳运行，为煤电上网电价市场化改革落地见效提供了有力保障，对加快构建“能涨能跌”市场,高,否,仅由新政策明文引用旧政策时生成
EVO-00193,AUTO-20260502-DEF04B1A76,市工业和信息化局关于做好天津市2023年电力市场化交易工作的通知,2022-11-16,AUTO-20260427-E24F3D75D9,关于印发《电力中长期交易基本规则》的通知,2020-06-14,引用依据,电力市场,天津->南方区域,规则名称：电力中长期交易基本规则,津电力交易中心有限公司，各有关 市场主体 ： 为深入贯彻《中共中央国务院关于进一步深化电力体制改革的若干意见》（中发〔 2015 〕 9 号） 及其配套文件 、《电力中长期交易基本规则》（发改能源规〔 2020 〕 889 号） 、 国家发改委《关于进一步深化燃煤发电上网电价市场化改革的通知》（发改价格〔 2021 〕 1439 号） 、国家发,中,否,仅由新政策明文引用旧政策时生成
EVO-00194,AUTO-20260427-E22FE01186,国家能源局华中监管局关于印发《华中省间电力调峰及备用辅助服务市场运营规则》的通知,2022-10-11,AUTO-20260424-FD9AA2BEA1,国家发展改革委 国家能源局关于加快建设全国统一电力市场体系的指导意见,2022-01-30,引用依据,辅助服务,华中区域->全国,规则名称：国家发展改革委国家能源局关于加快建设全国统一电力市场体系的指导意见,:11 来源： Aa 字体： 小 | 中 | 大 华中监能市场〔 2022 〕 229 号 国网 华中分部，河南、湖北、湖南、江西省各有关电力企业： 为贯彻落实《国家发展改革委国家能源局关于加快建设全国统一电力市场体系的指导意见》（发改体改〔2022〕118号）等文件精神，完善华中区域电力调峰、备用资源跨省共享和调用机制，我局会同国家能源局河南、湖南监管办组织对《华中电力调峰辅助服务市场,中,否,仅由新政策明文引用旧政策时生成
EVO-00195,AUTO-20260502-94D2FE448E,山西省能源局关于印发《“十四五”新型储能发展实施方案》的通知,2022-09-30,AUTO-20260427-C2621C7DE7,关于印发《“十四五”新型储能发展实施方案》的通知(发改能源〔2022〕209号),2022-03-21,引用依据,储能,山西->全国,文号：发改能源〔2022〕209号,型储能发展实施方案 根据国家发展改革委、国家能源局《关于加快推动新型储能发展的指导意见》（发改能源〔2021〕1051号）、《“十四五”新型储能发展实施方案》（发改能源〔2022〕209号）、国家能源局《关于印发<新型储能项目管理规范（暂行）>的通知》（国能发科技规〔2021〕47号）精神，为支持构建新型电力系统，助力山西实现碳达峰碳中和战略目标,高,否,仅由新政策明文引用旧政策时生成
EVO-00196,AUTO-20260427-46701D6E76,国家能源局华中监管局 湖北省能源局 关于印发《湖北省电力中长期交易实施 细则》的通知,2022-08-19,AUTO-20260502-3F932A6BA5,关于组织开展电网企业代理购电工作有关事项的通知(发改办价格〔2021〕809号),2021-10-26,引用依据,中长期,华中区域->全国,文号：发改办价格〔2021〕809号,改革委关于进一步深化燃煤发电上网电价市场化改革的通知》（发改价格〔2021〕1439号）《国家发展改革委办公厅关于组织开展电网企业代理购电工作有关事项的通知》（发改办价格〔2021〕809号）等文件要求，国家能源局华中监管局、湖北省能源局组织制订了《湖北省电力中长期交易实施细则》（以下简称“细则”），现印发你们，并提出如下要求，请遵照执行。 一、认,高,否,仅由新政策明文引用旧政策时生成
EVO-00197,AUTO-20260427-46701D6E76,国家能源局华中监管局 湖北省能源局 关于印发《湖北省电力中长期交易实施 细则》的通知,2022-08-19,AUTO-20260427-42E984C2AA,关于进一步深化燃煤发电上网电价市场化改革的通知(发改价格〔2021〕1439号),2021-10-12,引用依据,中长期,华中区域->全国,文号：发改价格〔2021〕1439号,改革委 国家能源局关于印发<电力中长期交易基本规则>的通知》(发改能源规〔2020〕889号）《国家发展改革委关于进一步深化燃煤发电上网电价市场化改革的通知》（发改价格〔2021〕1439号）《国家发展改革委办公厅关于组织开展电网企业代理购电工作有关事项的通知》（发改办价格〔2021〕809号）等文件要求，国家能源局华中监管局、湖北省能源局组织制订,高,否,仅由新政策明文引用旧政策时生成
EVO-00198,AUTO-20260427-46701D6E76,国家能源局华中监管局 湖北省能源局 关于印发《湖北省电力中长期交易实施 细则》的通知,2022-08-19,AUTO-20260502-151D70D93E,关于征求《福建电力市场中长期交易规则》补充修订意见的函,2021-01-19,引用依据,中长期,华中区域->福建,文号：发改能源规〔2020〕889号,务院关于进一步深化电力体制改革的若干意见》（中发〔2015〕9号）及其配套文件精神，按照《国家发展改革委 国家能源局关于印发<电力中长期交易基本规则>的通知》(发改能源规〔2020〕889号）《国家发展改革委关于进一步深化燃煤发电上网电价市场化改革的通知》（发改价格〔2021〕1439号）《国家发展改革委办公厅关于组织开展电网企业代理购电工作有关事,高,否,仅由新政策明文引用旧政策时生成
EVO-00199,AUTO-20260427-46701D6E76,国家能源局华中监管局 湖北省能源局 关于印发《湖北省电力中长期交易实施 细则》的通知,2022-08-19,AUTO-20260502-53881076C7,关于转发《国家发改委 国家能源局关于印发电力中长期交易基本规则的通知》,2020-09-09,引用依据,中长期,华中区域->新疆,文号：发改能源规〔2020〕889号,务院关于进一步深化电力体制改革的若干意见》（中发〔2015〕9号）及其配套文件精神，按照《国家发展改革委 国家能源局关于印发<电力中长期交易基本规则>的通知》(发改能源规〔2020〕889号）《国家发展改革委关于进一步深化燃煤发电上网电价市场化改革的通知》（发改价格〔2021〕1439号）《国家发展改革委办公厅关于组织开展电网企业代理购电工作有关事,高,否,仅由新政策明文引用旧政策时生成
EVO-00200,AUTO-20260502-5CD4474B0A,广东省发展改革委 广东省能源局转发关于进一步推动新型储能参与电力市场和调度运用和“十四五”新型储能发展实施方案的通知,2022-06-24,AUTO-20260427-C2621C7DE7,关于印发《“十四五”新型储能发展实施方案》的通知(发改能源〔2022〕209号),2022-03-21,引用依据,电力市场;储能,广东->全国,文号：发改能源〔2022〕209号,步推动新型储能参与电力市场和调度运用的通知》（发改办运行〔2022〕475号）和《国家发展改革委 国家能源局关于印发<“十四五”新型储能发展实施方案>的通知》（发改能源〔2022〕209号）转发给你们，请结合我省实际一并抓好贯彻落实。 一、请广东电网公司、广东电力交易中心抓紧建立健全适应新型储能发展的市场机制和调度运行机制，推动以市场化方式形成价,高,否,仅由新政策明文引用旧政策时生成
EVO-00201,AUTO-20260427-0ABCD56E46,关于进一步推动新型储能参与电力市场和调度运用的通知(发改办运行〔2022〕475号),2022-06-07,AUTO-20260427-257CE410F0,关于推进电力源网荷储一体化和多能互补发展的指导意见(发改能源规〔2021〕280号),2021-03-05,引用依据,电力市场;储能,全国->全国,文号：发改能源规〔2021〕280号,能项目，通过技术改造满足同等技术条件和安全标准时，可选择转为独立储能项目。按照《国家发展改革委、国家能源局关于推进电力源网荷储一体化和多能互补发展的指导意见》（发改能源规〔2021〕280号）有关要求，涉及风光水火储多能互补一体化项目的储能，原则上暂不转为独立储能。 三、鼓励配建新型储能与所属电源联合参与电力市场。 以配建形式存在的新型储能项目，在,高,否,仅由新政策明文引用旧政策时生成
EVO-00202,AUTO-20260502-0E281D1CAE,山西省能源局关于印发《源网荷储一体化项目管理办法》的通知,2022-05-30,AUTO-20260427-257CE410F0,关于推进电力源网荷储一体化和多能互补发展的指导意见(发改能源规〔2021〕280号),2021-03-05,引用依据,新型电力系统;源网荷储,山西->全国,文号：发改能源规〔2021〕280号,，山西电力交易中心有限公司，各发电集团及有关发电、售电、用电企业： 为贯彻落实《国家发展改革委 国家能源局关于推进电力源网荷储一体化和多能互补发展的指导意见》（发改能源规〔2021〕280号）等相关政策要求，提升能源清洁利用水平和电力系统运行效率，结合我省电力市场化改革和运行实际，省能源局制定了《源网荷储一体化项目管理办法》，现予以印发，请遵照执行,高,否,仅由新政策明文引用旧政策时生成
EVO-00203,AUTO-20260427-DD7C4546BF,关于征求《华东区域跨省电力中长期交易规则（修订稿）》意见的函,2022-05-27,AUTO-20260427-AD0E26D414,关于修订电力中长期交易规则的通知,2017-08-30,引用依据,中长期,浙江->山东,标题明文：电力中长期交易规则,关于征求《华东区域跨省电力中长期交易规则（修订稿）》意见的函 关于征求《华东区域跨省电力中长期交易规则（修订稿）》意见的函 2022-05-27 关于征求《华东区域跨省电力中长期交易规则（修订稿）》意,中,否,仅由新政策明文引用旧政策时生成
EVO-00204,AUTO-20260502-5990BDF80F,国家能源局福建监管办公室关于印发《福建省电力调频辅助服务市场交易规则（试行）（2022年修订版）》的通知（闽监能市场规〔2022〕45号 ）,2022-04-29,AUTO-20260502-0CE4A6EDB8,关于征求《福建省电力调频辅助服务市场交易规则（试行）（2022年修订版）》（征求意见稿）意见的函,2022-01-21,引用依据,辅助服务,福建->福建,规则名称：福建省电力调频辅助服务市场交易规则（试行）（2022年修订版,国家能源局福建监管办公室关于印发《福建省电力调频辅助服务市场交易规则（试行）（2022年修订版）》的通知（闽监能市场规〔2022〕45号 ） 国家能源局福建监管办公室关于印发《福建省电力调频辅助服务市场交易规则（试行）... 2022-04-29；OCR,中,否,仅由新政策明文引用旧政策时生成
EVO-00205,AUTO-20260502-5990BDF80F,国家能源局福建监管办公室关于印发《福建省电力调频辅助服务市场交易规则（试行）（2022年修订版）》的通知（闽监能市场规〔2022〕45号 ）,2022-04-29,AUTO-20260502-6A0C52BCCB,国家能源局福建监管办公室关于印发《福建省电力调频辅助服务市场交易规则（试行）》的通知（闽监能市场〔2018〕140号）,2018-12-22,引用依据,辅助服务,福建->福建,标题明文：福建省电力调频辅助服务市场交易规则（试行,国家能源局福建监管办公室关于印发《福建省电力调频辅助服务市场交易规则（试行）（2022年修订版）》的通知（闽监能市场规〔2022〕45号 ） 国家能源局福建监管办公室关于印发《福建省电力调频辅助服务市场交易规则（试行）... 2022,中,否,仅由新政策明文引用旧政策时生成
EVO-00206,AUTO-20260502-0CE4A6EDB8,关于征求《福建省电力调频辅助服务市场交易规则（试行）（2022年修订版）》（征求意见稿）意见的函,2022-01-21,AUTO-20260502-6A0C52BCCB,国家能源局福建监管办公室关于印发《福建省电力调频辅助服务市场交易规则（试行）》的通知（闽监能市场〔2018〕140号）,2018-12-22,引用依据,辅助服务,福建->福建,标题明文：福建省电力调频辅助服务市场交易规则（试行,关于征求《福建省电力调频辅助服务市场交易规则（试行）（2022年修订版）》（征求意见稿）意见的函 关于征求《福建省电力调频辅助服务市场交易规则（试行）（2022年修订版）》（征求... 2022-01-21；O,中,否,仅由新政策明文引用旧政策时生成
EVO-00207,AUTO-20260502-FCBBC795F1,国家能源局南方监管局广西壮族自治区工业和信息化厅关于《印发广西电力中长期交易规则》的通知,2021-12-20,AUTO-20260427-E24F3D75D9,关于印发《电力中长期交易基本规则》的通知,2020-06-14,引用依据,中长期,南方区域->南方区域,规则名称：电力中长期交易基本规则,15〕9 号）及其配套文件、《广西电 力体制改革综合试点实施方案》等文件精神，规范推进广西电力 市场化交易，维护市场秩序，根据国家发展改革委、国家能源局 印发的《电力中长期交易基本规则》等有关规定，结合广西实际， 我们对《广西电力中长期交易基本规则（暂行）》（南方监能市场〔2017〕405 号）进行了修订，现将修订后《广西电力中长期 交易规则》,中,否,仅由新政策明文引用旧政策时生成
EVO-00208,AUTO-20260502-10954479AD,市工业和信息化局关于做好天津市2022年电力市场化交易工作的通知,2021-12-20,AUTO-20260502-151D70D93E,关于征求《福建电力市场中长期交易规则》补充修订意见的函,2021-01-19,引用依据,电力市场,天津->福建,文号：发改能源规〔2020〕889号,见》（中发〔 2015〕9号）、国家发改委《关于进一步深化燃煤发电上 网电价市场化改革的通知》（发改价格〔 2021〕1439号）、《电力中长期交易基本规则》（发改能源规〔2020〕889号）文件要求， 深入推进 电力市场建设，营造良好营商环境， 推动电力中长期交易有序开展， 现就做好天津市 2022年电力市场化交易工作有 关事项通知如下： 一、交,高,否,仅由新政策明文引用旧政策时生成
EVO-00209,AUTO-20260502-10954479AD,市工业和信息化局关于做好天津市2022年电力市场化交易工作的通知,2021-12-20,AUTO-20260502-67AB5EB68F,关于核定2020～2022年省级电网输配电价的通知(发改价格规〔2020〕1508号),2020-09-30,引用依据,电力市场,天津->全国,文号：发改价格规〔2020〕1508号,于两部制电价用户，基本电价仍按现行规定标准执行。 （四）输配电价 天津电网的输配电价按照《国家发展改革委关于核定 2020-2022年省级电网输配电价的通知》（发改价格规〔2020〕1508号）； 区域 电网输电价按照《国家发展改革委关于核定 2020-2022年区域电网输电价格的通知》（发改价格规〔2020〕1441号）执行；送出省输配电价按国家有,高,否,仅由新政策明文引用旧政策时生成
EVO-00210,AUTO-20260502-10954479AD,市工业和信息化局关于做好天津市2022年电力市场化交易工作的通知,2021-12-20,AUTO-20260502-135D10C5E6,关于核定2020～2022年区域电网输电价格的通知(发改价格规〔2020〕1441号),2020-09-30,引用依据,电力市场,天津->全国,文号：发改价格规〔2020〕1441号,2年省级电网输配电价的通知》（发改价格规〔2020〕1508号）； 区域 电网输电价按照《国家发展改革委关于核定 2020-2022年区域电网输电价格的通知》（发改价格规〔2020〕1441号）执行；送出省输配电价按国家有关规定执行；执行期内遇价格政策调整，按照有关规定执行。 （五）峰谷电价 执行峰谷电价的电力用户，在参加市场化交易后应当继续执行峰谷,高,否,仅由新政策明文引用旧政策时生成
EVO-00211,AUTO-20260502-10954479AD,市工业和信息化局关于做好天津市2022年电力市场化交易工作的通知,2021-12-20,AUTO-20260502-53881076C7,关于转发《国家发改委 国家能源局关于印发电力中长期交易基本规则的通知》,2020-09-09,引用依据,电力市场,天津->新疆,文号：发改能源规〔2020〕889号,见》（中发〔 2015〕9号）、国家发改委《关于进一步深化燃煤发电上 网电价市场化改革的通知》（发改价格〔 2021〕1439号）、《电力中长期交易基本规则》（发改能源规〔2020〕889号）文件要求， 深入推进 电力市场建设，营造良好营商环境， 推动电力中长期交易有序开展， 现就做好天津市 2022年电力市场化交易工作有 关事项通知如下： 一、交,高,否,仅由新政策明文引用旧政策时生成
EVO-00212,AUTO-20260427-20E8A38E78,华北能源监管局关于明确2022年京津唐电网电力中长期交易有关事项的通知,2021-12-20,AUTO-20260427-42E984C2AA,关于进一步深化燃煤发电上网电价市场化改革的通知(发改价格〔2021〕1439号),2021-10-12,引用依据,中长期,华北区域->全国,文号：发改价格〔2021〕1439号,，首都、天津、冀北电力交易中心，京津唐电网各有关市场主体： 为落实京津冀协同发展国家战略，按照《国家发展改革委关于进一步深化燃煤发电上网电价市场化改革的通知》（发改价格〔2021〕1439号）和《国家能源局综合司关于强化市场监管有效发挥市场机制作用促进今冬明春电力供应保障的通知》（国能综通监管〔2021〕99号）等文件要求，确保京津唐电网2022年,高,否,仅由新政策明文引用旧政策时生成
EVO-00213,AUTO-20260502-3F932A6BA5,关于组织开展电网企业代理购电工作有关事项的通知(发改办价格〔2021〕809号),2021-10-26,AUTO-20260427-42E984C2AA,关于进一步深化燃煤发电上网电价市场化改革的通知(发改价格〔2021〕1439号),2021-10-12,引用依据,电网,全国->全国,文号：发改价格〔2021〕1439号,团有限责任公司、国家开发投资集团有限公司、华润（集团）有限公司、中国广核集团有限公司： 为落实《国家发展改革委关于进一步深化燃煤发电上网电价市场化改革的通知》（发改价格〔2021〕1439号）要求，指导各地切实组织开展好电网企业代理购电工作，保障代理购电机制平稳运行，维护发用电市场主体合法权益，促进电力市场规范平稳运行和加快建设发展，现将有关事项通,高,否,仅由新政策明文引用旧政策时生成
EVO-00214,AUTO-20260426-E982922381,关于修订《山东省电力中长期交易规则》的通知,2021-09-24,AUTO-20260426-6EEB6D3357,关于印发《山东省电力中长期交易规则》的通知,2021-04-30,引用依据,中长期,山东->山东,规则名称：山东省电力中长期交易规则,关于修订《山东省电力中长期交易规则》的通知 关于修订《山东省电力中长期交易规则》的通知 2021-09-24 关于修订《山东省电力中长期交易规则》的通知_国家能源局山东监管办公室 设为首页 工作邮,中,否,仅由新政策明文引用旧政策时生成
EVO-00215,AUTO-20260426-E982922381,关于修订《山东省电力中长期交易规则》的通知,2021-09-24,AUTO-20260427-0378DA9BD2,关于修订山东省电力中长期交易规则的通知,2017-12-08,引用依据,中长期,山东->山东,规则名称：山东省电力中长期交易规则,关于修订《山东省电力中长期交易规则》的通知 关于修订《山东省电力中长期交易规则》的通知 2021-09-24 关于修订《山东省电力中长期交易规则》的通知_国家能源局山东监管办公室 设为首页 工作邮,中,否,仅由新政策明文引用旧政策时生成
EVO-00216,AUTO-20260426-E982922381,关于修订《山东省电力中长期交易规则》的通知,2021-09-24,AUTO-20260427-AD0E26D414,关于修订电力中长期交易规则的通知,2017-08-30,引用依据,中长期,山东->山东,标题明文：电力中长期交易规则,关于修订《山东省电力中长期交易规则》的通知 关于修订《山东省电力中长期交易规则》的通知 2021-09-24 关于修订《山东省电力中长期交易规则》的通知_国家能源局山东监管办公室 设为首页 工作,中,否,仅由新政策明文引用旧政策时生成
EVO-00217,AUTO-20260426-2E651E50F1,关于公示新增电力中长期交易发电企业(机组)名单的通知 - 2021年3号,2021-09-22,AUTO-20260426-6EEB6D3357,关于印发《山东省电力中长期交易规则》的通知,2021-04-30,引用依据,中长期,山东->山东,规则名称：山东省电力中长期交易规则,长期交易发电企业(机组)名单的通知 - 2021年3号 2021-09-22 15:24 来源：国家能源局山东监管办公室 Aa 字体： 小 | 中 | 大 根据《山东省电力中长期交易规则》有关要求，我办对新申请参与电力中长期交易的发电企业(机组)进行了审核。现将符合市场准入基本条件的发电企业机组予以公示，公示时间为2021年9月17日至2020年,中,否,仅由新政策明文引用旧政策时生成
EVO-00218,AUTO-20260426-2E651E50F1,关于公示新增电力中长期交易发电企业(机组)名单的通知 - 2021年3号,2021-09-22,AUTO-20260427-0378DA9BD2,关于修订山东省电力中长期交易规则的通知,2017-12-08,引用依据,中长期,山东->山东,规则名称：山东省电力中长期交易规则,长期交易发电企业(机组)名单的通知 - 2021年3号 2021-09-22 15:24 来源：国家能源局山东监管办公室 Aa 字体： 小 | 中 | 大 根据《山东省电力中长期交易规则》有关要求，我办对新申请参与电力中长期交易的发电企业(机组)进行了审核。现将符合市场准入基本条件的发电企业机组予以公示，公示时间为2021年9月17日至2020年,中,否,仅由新政策明文引用旧政策时生成
EVO-00219,AUTO-20260502-C561726DF7,国家能源局华中监管局 西藏自治区能源局关于印发《西藏自治区电力中长期交易实施细则》的通知,2021-09-10,AUTO-20260502-151D70D93E,关于征求《福建电力市场中长期交易规则》补充修订意见的函,2021-01-19,引用依据,中长期,华中区域->福建,文号：发改能源规〔2020〕889号,国务院关于进一步深化电力体制改革的若干意见》（中发〔2015〕9号）及其配套文件精神，按照《国家发展改革委国家能源局关于印发<电力中长期交易基本规则>的通知》(发改能源规〔2020〕889号）的要求，国家能源局华中监管局、西藏自治区能源局制订了《西藏自治区电力中长期交易实施细则（试行）》，现印发你们，请遵照执行。就《细则》实施，提出要求如下： 一、,高,否,仅由新政策明文引用旧政策时生成
EVO-00220,AUTO-20260502-C561726DF7,国家能源局华中监管局 西藏自治区能源局关于印发《西藏自治区电力中长期交易实施细则》的通知,2021-09-10,AUTO-20260502-53881076C7,关于转发《国家发改委 国家能源局关于印发电力中长期交易基本规则的通知》,2020-09-09,引用依据,中长期,华中区域->新疆,文号：发改能源规〔2020〕889号,国务院关于进一步深化电力体制改革的若干意见》（中发〔2015〕9号）及其配套文件精神，按照《国家发展改革委国家能源局关于印发<电力中长期交易基本规则>的通知》(发改能源规〔2020〕889号）的要求，国家能源局华中监管局、西藏自治区能源局制订了《西藏自治区电力中长期交易实施细则（试行）》，现印发你们，请遵照执行。就《细则》实施，提出要求如下： 一、,高,否,仅由新政策明文引用旧政策时生成
EVO-00221,AUTO-20260426-B234995E67,关于公示新增电力中长期交易发电企业(机组)名单的通知 - 2021年2号,2021-06-03,AUTO-20260426-6EEB6D3357,关于印发《山东省电力中长期交易规则》的通知,2021-04-30,引用依据,中长期,山东->山东,规则名称：山东省电力中长期交易规则,长期交易发电企业(机组)名单的通知 - 2021年2号 2021-06-03 14:42 来源：国家能源局山东监管办公室 Aa 字体： 小 | 中 | 大 根据《山东省电力中长期交易规则》、《山东省电力直接交易试点发电企业(机组)准入管理办法》和有关精神，我办对新申请参与电力中长期交易的发电企业(机组)进行了审核。现将符合市场准入基本条件的发电企,中,否,仅由新政策明文引用旧政策时生成
EVO-00222,AUTO-20260426-B234995E67,关于公示新增电力中长期交易发电企业(机组)名单的通知 - 2021年2号,2021-06-03,AUTO-20260427-0378DA9BD2,关于修订山东省电力中长期交易规则的通知,2017-12-08,引用依据,中长期,山东->山东,规则名称：山东省电力中长期交易规则,长期交易发电企业(机组)名单的通知 - 2021年2号 2021-06-03 14:42 来源：国家能源局山东监管办公室 Aa 字体： 小 | 中 | 大 根据《山东省电力中长期交易规则》、《山东省电力直接交易试点发电企业(机组)准入管理办法》和有关精神，我办对新申请参与电力中长期交易的发电企业(机组)进行了审核。现将符合市场准入基本条件的发电企,中,否,仅由新政策明文引用旧政策时生成
EVO-00223,AUTO-20260426-46DA048C90,关于公示新增电力中长期交易发电企业(机组)名单的通知 - 2021年1号,2021-05-20,AUTO-20260426-6EEB6D3357,关于印发《山东省电力中长期交易规则》的通知,2021-04-30,引用依据,中长期,山东->山东,规则名称：山东省电力中长期交易规则,长期交易发电企业(机组)名单的通知 - 2021年1号 2021-05-20 17:00 来源：国家能源局山东监管办公室 Aa 字体： 小 | 中 | 大 根据《山东省电力中长期交易规则》、《山东省电力直接交易试点发电企业(机组)准入管理办法》和有关精神，我办对新申请参与电力中长期交易的发电企业(机组)进行了审核。现将符合市场准入基本条件的发电企,中,否,仅由新政策明文引用旧政策时生成
EVO-00224,AUTO-20260426-46DA048C90,关于公示新增电力中长期交易发电企业(机组)名单的通知 - 2021年1号,2021-05-20,AUTO-20260427-0378DA9BD2,关于修订山东省电力中长期交易规则的通知,2017-12-08,引用依据,中长期,山东->山东,规则名称：山东省电力中长期交易规则,长期交易发电企业(机组)名单的通知 - 2021年1号 2021-05-20 17:00 来源：国家能源局山东监管办公室 Aa 字体： 小 | 中 | 大 根据《山东省电力中长期交易规则》、《山东省电力直接交易试点发电企业(机组)准入管理办法》和有关精神，我办对新申请参与电力中长期交易的发电企业(机组)进行了审核。现将符合市场准入基本条件的发电企,中,否,仅由新政策明文引用旧政策时生成
EVO-00225,AUTO-20260426-6EEB6D3357,关于印发《山东省电力中长期交易规则》的通知,2021-04-30,AUTO-20260502-151D70D93E,关于征求《福建电力市场中长期交易规则》补充修订意见的函,2021-01-19,引用依据,中长期,山东->福建,文号：发改能源规〔2020〕889号,中共中央国务院关于进一步深化电力体制改革的若干意见》(中发〔2015〕9号)及其配套文件、《国家发展改革委国家能源局关于印发〈电力中长期交易基本规则〉的通知》(发改能源规〔2020〕889号)等文件和有关法律、法规规定，山东能源监管办会同省发展改革委、省能源局对《山东省电力中长期交易规则(试行)》(鲁监能市场〔2019〕131号)进行了修订。现将修,高,否,仅由新政策明文引用旧政策时生成
EVO-00226,AUTO-20260426-6EEB6D3357,关于印发《山东省电力中长期交易规则》的通知,2021-04-30,AUTO-20260502-53881076C7,关于转发《国家发改委 国家能源局关于印发电力中长期交易基本规则的通知》,2020-09-09,引用依据,中长期,山东->新疆,文号：发改能源规〔2020〕889号,中共中央国务院关于进一步深化电力体制改革的若干意见》(中发〔2015〕9号)及其配套文件、《国家发展改革委国家能源局关于印发〈电力中长期交易基本规则〉的通知》(发改能源规〔2020〕889号)等文件和有关法律、法规规定，山东能源监管办会同省发展改革委、省能源局对《山东省电力中长期交易规则(试行)》(鲁监能市场〔2019〕131号)进行了修订。现将修,高,否,仅由新政策明文引用旧政策时生成
EVO-00227,AUTO-20260502-DD952557A2,四川能源监管办发布新版电力中长期交易规则,2021-02-23,AUTO-20260502-3D0367B587,关于印发《四川电力中长期交易规则》的通知,2021-02-09,引用依据,中长期,四川->四川,规则名称：四川电力中长期交易规则,"深化四川电力市场建设，规范电力中长期交易行为，适应现阶段四川电力中长期交易组织、实施、结算等方面需要，近日,四川能源监管办会同四川省经济和 信息化厅 修订印发了《四川电力中长期交易规则》（以下简称《规则》）。 《规则》修订过程中，四川能源监管办多次组织专题研讨，公开征求意见，广泛听取省政府有关部门、调度机构、交易机构和相关市场主体的意见建议，经",中,否,仅由新政策明文引用旧政策时生成
EVO-00228,AUTO-20260502-DD952557A2,四川能源监管办发布新版电力中长期交易规则,2021-02-23,AUTO-20260502-3CD55C11B6,关于印发《四川电力中长期交易规则》的通知,2021-02-09,引用依据,中长期,四川->四川,规则名称：四川电力中长期交易规则,"深化四川电力市场建设，规范电力中长期交易行为，适应现阶段四川电力中长期交易组织、实施、结算等方面需要，近日,四川能源监管办会同四川省经济和 信息化厅 修订印发了《四川电力中长期交易规则》（以下简称《规则》）。 《规则》修订过程中，四川能源监管办多次组织专题研讨，公开征求意见，广泛听取省政府有关部门、调度机构、交易机构和相关市场主体的意见建议，经",中,否,仅由新政策明文引用旧政策时生成
EVO-00229,AUTO-20260427-66F282BB0B,山东能源监管办关于《山东省电力中长期交易规则(征求意见稿)》公开征求意见的公告,2021-02-11,AUTO-20260502-151D70D93E,关于征求《福建电力市场中长期交易规则》补充修订意见的函,2021-01-19,引用依据,中长期,山东->福建,文号：发改能源规〔2020〕889号,小 | 中 | 大 为进一步推进电力市场化改革，规范山东电力中长期交易，维护市场秩序，按照《国家发展改革委国家能源局关于印发<电力中长期交易基本规则>的通知》(发改能源规〔2020〕889号)的部署，在总结前期运行经验的基础上，山东能源监管办会同省发展改革委、省能源局组织修订了《山东省电力中长期交易规则(试行)》，形成了《山东省电力中长期交易规则(,高,否,仅由新政策明文引用旧政策时生成
EVO-00230,AUTO-20260427-66F282BB0B,山东能源监管办关于《山东省电力中长期交易规则(征求意见稿)》公开征求意见的公告,2021-02-11,AUTO-20260502-53881076C7,关于转发《国家发改委 国家能源局关于印发电力中长期交易基本规则的通知》,2020-09-09,引用依据,中长期,山东->新疆,文号：发改能源规〔2020〕889号,小 | 中 | 大 为进一步推进电力市场化改革，规范山东电力中长期交易，维护市场秩序，按照《国家发展改革委国家能源局关于印发<电力中长期交易基本规则>的通知》(发改能源规〔2020〕889号)的部署，在总结前期运行经验的基础上，山东能源监管办会同省发展改革委、省能源局组织修订了《山东省电力中长期交易规则(试行)》，形成了《山东省电力中长期交易规则(,高,否,仅由新政策明文引用旧政策时生成
EVO-00231,AUTO-20260427-9F3288D69E,关于印发《江苏省电力中长期交易规则》的通知,2021-02-03,AUTO-20260502-151D70D93E,关于征求《福建电力市场中长期交易规则》补充修订意见的函,2021-01-19,引用依据,中长期,江苏->福建,文号：发改能源规〔2020〕889号,共中央国务院关于进一步深化电力体制改革的若干意见》（中发〔2015〕9号）及其配套文件、《国家发展改革委 国家能源局关于印发<电力中长期交易基本规则>的通知》（发改能源规〔2020〕889号）等文件和有关法律、法规规定，我们对《江苏省电力中长期交易规则（暂行）》（苏监能市场〔2017〕149号）进行了修订，现将修订后《江苏省电力中长期交易规则》印发,高,否,仅由新政策明文引用旧政策时生成
EVO-00232,AUTO-20260427-9F3288D69E,关于印发《江苏省电力中长期交易规则》的通知,2021-02-03,AUTO-20260502-53881076C7,关于转发《国家发改委 国家能源局关于印发电力中长期交易基本规则的通知》,2020-09-09,引用依据,中长期,江苏->新疆,文号：发改能源规〔2020〕889号,共中央国务院关于进一步深化电力体制改革的若干意见》（中发〔2015〕9号）及其配套文件、《国家发展改革委 国家能源局关于印发<电力中长期交易基本规则>的通知》（发改能源规〔2020〕889号）等文件和有关法律、法规规定，我们对《江苏省电力中长期交易规则（暂行）》（苏监能市场〔2017〕149号）进行了修订，现将修订后《江苏省电力中长期交易规则》印发,高,否,仅由新政策明文引用旧政策时生成
EVO-00233,AUTO-20260427-9F3288D69E,关于印发《江苏省电力中长期交易规则》的通知,2021-02-03,AUTO-20260502-D4AAD508AA,关于印发《江苏省电力中长期交易规则（暂行）》的通知,2017-11-02,引用依据,中长期,江苏->江苏,规则名称：江苏省电力中长期交易规则（暂行,9号）及其配套文件、《国家发展改革委 国家能源局关于印发<电力中长期交易基本规则>的通知》（发改能源规〔2020〕889号）等文件和有关法律、法规规定，我们对《江苏省电力中长期交易规则（暂行）》（苏监能市场〔2017〕149号）进行了修订，现将修订后《江苏省电力中长期交易规则》印发给你们，请遵照执行。实施过程中如有重大问题，请及时报告。 江苏省电力,中,否,仅由新政策明文引用旧政策时生成
EVO-00234,AUTO-20260502-151D70D93E,关于征求《福建电力市场中长期交易规则》补充修订意见的函,2021-01-19,AUTO-20260427-2C2D80BAFA,关于做好2021年电力中长期合同签订工作的通知(发改运行〔2020〕1784号),2020-12-02,引用依据,电力市场,福建->全国,文号：发改运行〔2020〕1784号,国家能源局关于印发《电力中长期交易基本规则》（发改能源规〔2020〕889号）（点击打开） 国家发改委国家能源局关于做好2021年电力中长期合同签订工作的通知（发改运行〔2020〕1784号）（点击打开） 扫一扫在手机打开当前页 网站地图 联系我们 通讯地址: 福建省福州市鼓楼区五四路264号 邮编:350003 行政许可咨询电话：0591-870,高,否,仅由新政策明文引用旧政策时生成
EVO-00235,AUTO-20260502-151D70D93E,关于征求《福建电力市场中长期交易规则》补充修订意见的函,2021-01-19,AUTO-20260427-E24F3D75D9,关于印发《电力中长期交易基本规则》的通知,2020-06-14,引用依据,电力市场,福建->南方区域,规则名称：电力中长期交易基本规则,来源： 福建能源监管办 Aa 字体： 小 | 中 | 大 关于征求《福建电力市场中长期交易规则》补充修订意见的函（点击打开） 国家发展改革委国家能源局关于印发《电力中长期交易基本规则》（发改能源规〔2020〕889号）（点击打开） 国家发改委国家能源局关于做好2021年电力中长期合同签订工作的通知（发改运行〔2020〕1784号）（点击打开）,中,否,仅由新政策明文引用旧政策时生成
EVO-00236,AUTO-20260427-0B7C65169B,关于修订《山东电力辅助服务市场运营规则（试行）（2020年修订版）》的通知,2020-12-31,AUTO-20260427-3923155EE0,关于征求《山东电力辅助服务市场运营规则（试行）（2020年修订版）》（征求意见稿）意见的函,2020-10-20,引用依据,辅助服务,山东->山东,规则名称：山东电力辅助服务市场运营规则（试行）（2020年修订版,关于修订《山东电力辅助服务市场运营规则（试行）（2020年修订版）》的通知 关于修订《山东电力辅助服务市场运营规则（试行）（2020年修订版）》的通知 2020-12-31 关于修订《山东电力辅助服务市场运营规则（试行）（2,中,否,仅由新政策明文引用旧政策时生成
EVO-00237,AUTO-20260427-0B7C65169B,关于修订《山东电力辅助服务市场运营规则（试行）（2020年修订版）》的通知,2020-12-31,AUTO-20260427-0A3E4D6579,关于印发《山东电力辅助服务市场运营规则（试行）》的通知,2017-06-05,引用依据,辅助服务,山东->山东,标题明文：山东电力辅助服务市场运营规则（试行,关于修订《山东电力辅助服务市场运营规则（试行）（2020年修订版）》的通知 关于修订《山东电力辅助服务市场运营规则（试行）（2020年修订版）》的通知 2020-12-31 关于修订《山东电力辅助服务市场,中,否,仅由新政策明文引用旧政策时生成
EVO-00238,AUTO-20260502-F372A8F2B7,华北能源监管局关于修订《河北南网电力调峰辅助服务市场运营规则》部分条款的通知,2020-11-16,AUTO-20260502-6A681BBFA9,华北能源监管局关于征求《河北南网电力调峰辅助服务市场运营规则》意见的函,2019-10-22,引用依据,辅助服务,华北区域->华北区域,规则名称：河北南网电力调峰辅助服务市场运营规则,华北能源监管局关于修订《河北南网电力调峰辅助服务市场运营规则》部分条款的通知 华北能源监管局关于修订《河北南网电力调峰辅助服务市场运营规则》部分条款的通知 2020-11-16 华北能源监管局关于修订《河北南网电力调峰辅助,中,否,仅由新政策明文引用旧政策时生成
EVO-00239,AUTO-20260427-A83640585B,关于印发《江苏电力市场用户可调负荷参与辅助服务市场交易规则（试行）》的通知,2020-11-10,AUTO-20260502-342ED97968,华北能源监管局关于开展河北南网电力调峰辅助服务市场模拟运行的通知,2019-11-15,引用依据,电力市场;辅助服务,江苏->华北区域,文号：国能发监管〔2017〕67号,央 国务院关于进一步深化电力体制改革的若干意见》（中发〔2015〕9 号）及配套文件、《国家能源局关于印发<完善电力辅助服务补偿（市场）机制工作方案>的通知》（国能发监管〔2017〕67号）、《国家发展改革委 国家能源局关于提升电力系统调节能力的指导意见》（发改能源〔2018〕364号）等有关要求，按照谁受益、谁承担的原则，建立用户参与的辅助服务,高,否,仅由新政策明文引用旧政策时生成
EVO-00240,AUTO-20260427-3CAEDBBD74,国家能源局华中监管局 江西省能源局关于印发《江西省电力辅助服务市场运营规则（试行）》的通知,2020-11-05,AUTO-20260502-342ED97968,华北能源监管局关于开展河北南网电力调峰辅助服务市场模拟运行的通知,2019-11-15,引用依据,辅助服务,华中区域->华北区域,文号：国能发监管〔2017〕67号,院关于进一步深化电力体制改革的若干意见》（中发〔2015〕9号）及其配套文件精神，按照《国家能源局关于印发〈完善电力辅助服务补偿（市场）机制工作方案〉的通知》（国能发监管〔2017〕67号）要求，进一步推进江西省电力辅助服务市场化，促进清洁能源消纳，我们制定了《江西省电力辅助服务市场运营规则（试行）》，现印发你们，请遵照执行。 国家能源局华中监管,高,否,仅由新政策明文引用旧政策时生成
EVO-00241,AUTO-20260427-3923155EE0,关于征求《山东电力辅助服务市场运营规则（试行）（2020年修订版）》（征求意见稿）意见的函,2020-10-20,AUTO-20260427-0A3E4D6579,关于印发《山东电力辅助服务市场运营规则（试行）》的通知,2017-06-05,引用依据,辅助服务,山东->山东,标题明文：山东电力辅助服务市场运营规则（试行,关于征求《山东电力辅助服务市场运营规则（试行）（2020年修订版）》（征求意见稿）意见的函 关于征求《山东电力辅助服务市场运营规则（试行）（2020年修订版）》（征求意见稿）意见的函 2020-10-20,中,否,仅由新政策明文引用旧政策时生成
EVO-00242,AUTO-20260502-67AB5EB68F,关于核定2020～2022年省级电网输配电价的通知(发改价格规〔2020〕1508号),2020-09-30,AUTO-20260502-B85D7DD04E,关于印发《省级电网输配电价定价办法》的通知(发改价格规〔2020〕101号),2020-02-05,引用依据,输配电价,全国->全国,文号：发改价格规〔2020〕101号,改革委、物价局，国家电网有限公司、中国南方电网有限责任公司、内蒙古电力（集团）有限责任公司： 根据国家发展改革委《关于印发<省级电网输配电价定价办法>的通知》（发改价格规〔2020〕101号），经商国家能源局，现就2020～2022年省级电网输配电价有关事项通知如下： 一、各省级电网输配电价（含增值税、线损、交叉补贴和区域电网容量电费，下同）具体见,高,否,仅由新政策明文引用旧政策时生成
EVO-00243,AUTO-20260502-135D10C5E6,关于核定2020～2022年区域电网输电价格的通知(发改价格规〔2020〕1441号),2020-09-30,AUTO-20260502-EE25AD8C79,关于印发《区域电网输电价格定价办法》的通知(发改价格规〔2020〕100号),2020-02-05,引用依据,输配电价,全国->全国,文号：发改价格规〔2020〕100号,改革委、物价局，国家电网有限公司、中国南方电网有限责任公司、内蒙古电力（集团）有限责任公司： 根据国家发展改革委《关于印发<区域电网输电价格定价办法>的通知》（发改价格规〔2020〕100号）和《关于印发<省级电网输配电价定价办法>的通知》（发改价格规﹝2020﹞101号），经商国家能源局，现就华北等五个区域电网输电价格有关事项通知如下： 一、华北,高,否,仅由新政策明文引用旧政策时生成
EVO-00244,AUTO-20260427-E4EE7C8D82,关于公布山东电力现货市场结算试运行有关市场参数的通知(试行),2020-08-05,AUTO-20260427-BAC94CD920,关于印发《山东省电力现货市场交易规则(试行)》《山东省电力中长期市场交易规则(试行)》《山东省电力零售市场交易规则(试行)》的通知,2020-06-16,引用依据,现货,山东->山东,文号：鲁监能市场规〔2020〕51号,0〕245号)要求，根据《关于印发〈山东省电力现货市场交易规则(试行)〉〈山东省电力中长期市场交易规则(试行)〉〈山东省电力零售市场交易规则(试行)〉的通知》(鲁监能市场规〔2020〕51号)(以下简称市场规则)规定，现将山东电力现货市场结算试运行期间市场规则中涉及的有关市场参数公布如下： 一、市场参数设定标准详见附件。标准中涉及的价格参数均含税。,高,否,仅由新政策明文引用旧政策时生成
EVO-00245,AUTO-20260427-E4EE7C8D82,关于公布山东电力现货市场结算试运行有关市场参数的通知(试行),2020-08-05,AUTO-20260427-0866006539,关于做好电力现货市场试点连续试结算相关工作的通知(发改办能源规〔2020〕245号),2020-04-03,引用依据,现货,山东->全国,文号：发改办能源规〔2020〕245号,化电力现货市场建设试点工作的意见》(发改办能源规〔2019〕828号)《国家发展改革委办公厅国家能源局综合司关于做好电力现货市场试点连续试结算相关工作的通知》(发改办能源规〔2020〕245号)要求，根据《关于印发〈山东省电力现货市场交易规则(试行)〉〈山东省电力中长期市场交易规则(试行)〉〈山东省电力零售市场交易规则(试行)〉的通知》(鲁监能市场规,高,否,仅由新政策明文引用旧政策时生成
EVO-00246,AUTO-20260427-E4EE7C8D82,关于公布山东电力现货市场结算试运行有关市场参数的通知(试行),2020-08-05,AUTO-20260427-7BEF23BDDE,印发《关于深化电力现货市场建设试点工作的意见》 的通知(发改办能源规〔2019〕828号),2019-08-07,引用依据,现货,山东->全国,文号：发改办能源规〔2019〕828号,(能源局)，国网山东省电力公司，山东电力交易中心，各有关市场主体： 为适应我省电力现货市场连续试结算工作的需要，按照《关于深化电力现货市场建设试点工作的意见》(发改办能源规〔2019〕828号)《国家发展改革委办公厅国家能源局综合司关于做好电力现货市场试点连续试结算相关工作的通知》(发改办能源规〔2020〕245号)要求，根据《关于印发〈山东省电力现,高,否,仅由新政策明文引用旧政策时生成
EVO-00247,AUTO-20260427-698A8D7E10,关于修订《山东省电力现货市场交易规则(试行)》《山东省电力中长期市场交易规则(试行)》《山东省电力零售市场交易规则(试行)》的通知,2020-07-31,AUTO-20260427-BAC94CD920,关于印发《山东省电力现货市场交易规则(试行)》《山东省电力中长期市场交易规则(试行)》《山东省电力零售市场交易规则(试行)》的通知,2020-06-16,引用依据,中长期,山东->山东,规则名称：山东省电力现货市场交易规则(试行,关于修订《山东省电力现货市场交易规则(试行)》《山东省电力中长期市场交易规则(试行)》《山东省电力零售市场交易规则(试行)》的通知 关于修订《山东省电力现货市场交易规则(试行)》《山东省电力中长期市场交,中,否,仅由新政策明文引用旧政策时生成
EVO-00248,AUTO-20260427-698A8D7E10,关于修订《山东省电力现货市场交易规则(试行)》《山东省电力中长期市场交易规则(试行)》《山东省电力零售市场交易规则(试行)》的通知,2020-07-31,AUTO-20260427-E6623247A3,山东能源监管办 山东省发展改革委 山东省能源局关于征求《山东省电力现货市场交易规则》、《山东省电力中长期市场交易规则》、《山东省电力零售市场交易规则》(征求意见稿)意见的通知,2020-02-03,引用依据,中长期,山东->山东,标题明文：山东省电力现货市场交易规则,关于修订《山东省电力现货市场交易规则(试行)》《山东省电力中长期市场交易规则(试行)》《山东省电力零售市场交易规则(试行)》的通知 关于修订《山东省电力现货市场交易规则(试行)》《山东省电力中长期,中,否,仅由新政策明文引用旧政策时生成
EVO-00249,AUTO-20260427-698A8D7E10,关于修订《山东省电力现货市场交易规则(试行)》《山东省电力中长期市场交易规则(试行)》《山东省电力零售市场交易规则(试行)》的通知,2020-07-31,AUTO-20260427-9AE540E7CE,关于征求《山东省电力现货市场交易规则》《山东省电力中长期市场交易规则》(征求意见稿)意见的通知,2019-06-12,引用依据,中长期,山东->山东,标题明文：山东省电力现货市场交易规则,关于修订《山东省电力现货市场交易规则(试行)》《山东省电力中长期市场交易规则(试行)》《山东省电力零售市场交易规则(试行)》的通知 关于修订《山东省电力现货市场交易规则(试行)》《山东省电力中长期,中,否,仅由新政策明文引用旧政策时生成
EVO-00250,AUTO-20260427-2C2684AFB7,关于印发《江苏电力辅助服务（调频）市场交易规则（试行）》的通知,2020-07-03,AUTO-20260502-342ED97968,华北能源监管局关于开展河北南网电力调峰辅助服务市场模拟运行的通知,2019-11-15,引用依据,辅助服务,江苏->华北区域,文号：国能发监管〔2017〕67号,院关于进一步深化电力体制改革的若干意见》（中发〔2015〕9 号）及配套文件精神，落实《国家能源局关于印发<完善电力辅助服务补偿（市场）机制工作方案>的通知》（国能发监管〔2017〕67号）、《国家发展改革委 国家能源局关于提升电力系统调节能力的指导意见》（发改能源〔2018〕364号）要求，建立江苏电力调频辅助服务市场化分担共享机制，我们制定了,高,否,仅由新政策明文引用旧政策时生成
EVO-00251,AUTO-20260502-2D4C6E9F5F,华北能源监管局关于印发蒙西电力市场调频、备用两个辅助服务交易实施细则的通知,2020-06-18,AUTO-20260427-0866006539,关于做好电力现货市场试点连续试结算相关工作的通知(发改办能源规〔2020〕245号),2020-04-03,引用依据,电力市场;辅助服务,华北区域->全国,文号：发改办能源规〔2020〕245号,力现货市场建设试点工作的通知》（发改办能源〔2017〕1453号）、《国家发展改革委办公厅 国家能源局综合司关于做好电力现货市场试点连续试结算相关工作的通知》（发改办能源规〔2020〕245号）等文件要求，我局会同内蒙古自治区政府有关部门在蒙西电力市场系列规则的基础上，组织编制了《蒙西电力市场调频辅助服务交易实施细则（试行）》和《蒙西电力市场备用辅助,高,否,仅由新政策明文引用旧政策时生成
EVO-00252,AUTO-20260427-90D968B235,华中能源监管局关于印发《湖北电力调峰辅助服务市场运营规则（试行）》的通知,2020-06-09,AUTO-20260502-342ED97968,华北能源监管局关于开展河北南网电力调峰辅助服务市场模拟运行的通知,2019-11-15,引用依据,辅助服务,华中区域->华北区域,文号：国能发监管〔2017〕67号,"〕9号）及其配套文件精神, 进一步推进湖北省电力辅助服务市场化，促进清洁能源消纳，按照《国家能源局关于印发〈完善电力辅助服务补偿（市场）机制工作方案〉的通知》（国能发监管〔2017〕67号）要求，我局制订了《湖北电力调峰辅助服务市场运营规则（试行）》（以下简称“《规则》”），现印发给你们，请遵照执行。并就《规则》实施，提出以下要求： 一、请国网湖",高,否,仅由新政策明文引用旧政策时生成
EVO-00253,AUTO-20260502-EE25AD8C79,关于印发《区域电网输电价格定价办法》的通知(发改价格规〔2020〕100号),2020-02-05,AUTO-20260502-B85D7DD04E,关于印发《省级电网输配电价定价办法》的通知(发改价格规〔2020〕101号),2020-02-05,引用依据,输配电价,全国->全国,规则名称：省级电网输配电价定价办法,价格定价办法》。现印发你们，请按照执行。 附件： 区域电网输电价格定价办法 国家发展改革委 2020年1月19日 附件： 相关政策与解读 国家发展改革委修订出台《省级电网输配电价定价办法》和《区域电网输电价格定价办法》 排行榜,中,否,仅由新政策明文引用旧政策时生成
EVO-00254,AUTO-20260502-B85D7DD04E,关于印发《省级电网输配电价定价办法》的通知(发改价格规〔2020〕101号),2020-02-05,AUTO-20260502-EE25AD8C79,关于印发《区域电网输电价格定价办法》的通知(发改价格规〔2020〕100号),2020-02-05,引用依据,输配电价,全国->全国,规则名称：区域电网输电价格定价办法,按照执行。 附件： 省级电网输配电价定价办法 国家发展改革委 2020年1月19日 附件： 相关政策与解读 国家发展改革委修订出台《省级电网输配电价定价办法》和《区域电网输电价格定价办法》 排行榜,中,否,仅由新政策明文引用旧政策时生成
EVO-00255,AUTO-20260502-104BC7F6EB,福建能源监管办关于印发《福建省电力调频辅助服务市场交易规则（试行）（2019年修订版）》的通知（闽监能市场〔2019〕113 号）,2020-01-03,AUTO-20260502-6A0C52BCCB,国家能源局福建监管办公室关于印发《福建省电力调频辅助服务市场交易规则（试行）》的通知（闽监能市场〔2018〕140号）,2018-12-22,引用依据,辅助服务,福建->福建,标题明文：福建省电力调频辅助服务市场交易规则（试行,福建能源监管办关于印发《福建省电力调频辅助服务市场交易规则（试行）（2019年修订版）》的通知（闽监能市场〔2019〕113 号） 福建能源监管办关于印发《福建省电力调频辅助服务市场交易规则（试行）（2019年修... 20,中,否,仅由新政策明文引用旧政策时生成
EVO-00256,AUTO-20260427-2C79213C08,关于修订山东省电力中长期交易规则有关条款的通知,2019-12-20,AUTO-20260427-0378DA9BD2,关于修订山东省电力中长期交易规则的通知,2017-12-08,引用依据,中长期,山东->山东,标题明文：山东省电力中长期交易规则,关于修订山东省电力中长期交易规则有关条款的通知 关于修订山东省电力中长期交易规则有关条款的通知 2019-12-20 关于修订山东省电力中长期交易规则有关条款的通知_国家能源局山东监管办公室,中,否,仅由新政策明文引用旧政策时生成
EVO-00257,AUTO-20260427-2C79213C08,关于修订山东省电力中长期交易规则有关条款的通知,2019-12-20,AUTO-20260427-AD0E26D414,关于修订电力中长期交易规则的通知,2017-08-30,引用依据,中长期,山东->山东,标题明文：电力中长期交易规则,关于修订山东省电力中长期交易规则有关条款的通知 关于修订山东省电力中长期交易规则有关条款的通知 2019-12-20 关于修订山东省电力中长期交易规则有关条款的通知_国家能源局山东监管办公室,中,否,仅由新政策明文引用旧政策时生成
EVO-00258,AUTO-20260502-342ED97968,华北能源监管局关于开展河北南网电力调峰辅助服务市场模拟运行的通知,2019-11-15,AUTO-20260502-6A681BBFA9,华北能源监管局关于征求《河北南网电力调峰辅助服务市场运营规则》意见的函,2019-10-22,引用依据,辅助服务,华北区域->华北区域,规则名称：河北南网电力调峰辅助服务市场运营规则,"能源局关于印发〈完善电力辅助服务补偿(市场）机制工作方案〉的通知)》（国能发监管〔2017〕67号）要求,为全面推进华北区域电力辅助服务市场建设,我局组织拟定了《河北南网电力调峰辅助服务市场运营规则》（以下简称《规则》）。在征求各方意见并加以完善后，形成《规则》模拟运行版。 为确保调峰辅助服务市场稳妥起步，请国网河北省电力有限公司按照《规则》组织开展河北南网",中,否,仅由新政策明文引用旧政策时生成
EVO-00259,AUTO-20260427-0378DA9BD2,关于修订山东省电力中长期交易规则的通知,2017-12-08,AUTO-20260427-AD0E26D414,关于修订电力中长期交易规则的通知,2017-08-30,引用依据,中长期,山东->山东,标题明文：电力中长期交易规则,关于修订山东省电力中长期交易规则的通知 关于修订山东省电力中长期交易规则的通知 2017-12-08；OCR文本待人工复核 关于修订山东省电力中长期交易规则的通知_国家能源局山东监管办公室 设,中,否,仅由新政策明文引用旧政策时生成
EVO-00260,AUTO-20260502-2F839964D5,关于印发《湖北电网非统调发电企业辅助服务管理实施细则（试行）》的通知,2013-01-14,AUTO-20260502-CA3E4C4B01,关于印发《湖北电网非统调发电企业辅助服务管理实施细则（试行）》的通知,2012-12-14,同主题延续,辅助服务,华中区域->华中区域,标题规范化后高度一致,关于印发《湖北电网非统调发电企业辅助服务管理实施细则（试行）》的通知,中,否,
EVO-00261,AUTO-20260502-938C076F58,关于印发《新疆电力辅助服务市场运营规则》的通知,2020-01-16,AUTO-20260502-16C823ACD2,关于印发《新疆电力辅助服务市场运营规则（试行）》的通知,2017-09-28,试行转正式,辅助服务,新疆->新疆,标题规范化后高度一致,关于印发《新疆电力辅助服务市场运营规则（试行）》的通知,中,否,
EVO-00262,AUTO-20260427-9F3288D69E,关于印发《江苏省电力中长期交易规则》的通知,2021-02-03,AUTO-20260502-D4AAD508AA,关于印发《江苏省电力中长期交易规则（暂行）》的通知,2017-11-02,同主题延续,中长期,江苏->江苏,标题规范化后高度一致,关于印发《江苏省电力中长期交易规则（暂行）》的通知,中,否,
EVO-00263,AUTO-20260426-E982922381,关于修订《山东省电力中长期交易规则》的通知,2021-09-24,AUTO-20260427-0378DA9BD2,关于修订山东省电力中长期交易规则的通知,2017-12-08,修订替代,中长期,山东->山东,标题规范化后高度一致,关于修订山东省电力中长期交易规则的通知,中,否,
EVO-00264,AUTO-20260502-83C288CD96,关于印发《上海市省间清洁购电交易机制实施办法》的通知,2021-10-12,AUTO-20260502-E85F70E1D4,关于印发《上海市省间清洁购电交易机制实施办法（试行）》的通知,2019-05-31,试行转正式,省间交易,上海->上海,标题规范化后高度一致,关于印发《上海市省间清洁购电交易机制实施办法（试行）》的通知,中,否,
EVO-00265,AUTO-20260426-259ADC9C14,关于简化山东电力中长期交易合同电量偏差免考核工作流程的通知,2021-08-25,AUTO-20260426-132F8B7686,关于简化山东电力中长期交易合同电量偏差免考核工作流程的通知,2021-08-25,同主题延续,中长期,山东->山东,标题规范化后高度一致,关于简化山东电力中长期交易合同电量偏差免考核工作流程的通知,中,否,
EVO-00266,AUTO-20260427-1188644239,关于印发《江苏电力并网运行管理实施细则》《江苏电力辅助服务管理实施细则》的通知,2025-12-30,AUTO-20260502-C9353A3B5B,关于印发《江苏电力并网运行管理实施细则》《江苏电力辅助服务管理实施细则》的通知,2022-08-12,同主题延续,辅助服务,江苏->江苏,标题规范化后高度一致,关于印发《江苏电力并网运行管理实施细则》《江苏电力辅助服务管理实施细则》的通知,中,否,
EVO-00267,AUTO-20260426-0D440B2FA1,关于印发《重庆市电力中长期交易规则》的通知,2024-12-19,AUTO-20260427-F79895D50A,关于印发《重庆市电力中长期交易规则》的通知,2022-09-28,同主题延续,中长期,华中区域->华中区域,标题规范化后高度一致,关于印发《重庆市电力中长期交易规则》的通知,中,否,
EVO-00268,AUTO-20260427-D816ADFC99,关于印发《新疆电力中长期市场实施细则》 的通知,2026-03-30,AUTO-20260427-FB654119A3,关于印发《新疆电力中长期市场实施细则》的通知,2023-01-04,同主题延续,中长期,新疆->新疆,标题规范化后高度一致,关于印发《新疆电力中长期市场实施细则》的通知,中,否,
EVO-00269,AUTO-20260425-2B6F6F94C5,关于公开征求《山东电力市场规则(试行)》(征求意见稿)意见的通知,2025-07-29,AUTO-20260426-09ACA5D018,关于公开征求《山东电力市场规则(试行)》(征求意见稿)意见的通知,2024-01-08,同主题延续,电力市场,山东->山东,标题规范化后高度一致,关于公开征求《山东电力市场规则(试行)》(征求意见稿)意见的通知,中,否,
EVO-00270,AUTO-20260425-01719E4565,关于公开征求《山东电力市场规则(试行)》(征求意见稿)意见的通知,2026-03-17,AUTO-20260425-2B6F6F94C5,关于公开征求《山东电力市场规则(试行)》(征求意见稿)意见的通知,2025-07-29,同主题延续,电力市场,山东->山东,标题规范化后高度一致,关于公开征求《山东电力市场规则(试行)》(征求意见稿)意见的通知,中,否,
EVO-00271,AUTO-20260427-98DA675CE3,关于印发电力市场规则体系（V14.0）的通知,2024-01-24,AUTO-20260427-A5A96B278D,关于印发电力市场规则体系（V14.0）的通知,2024-01-24,同主题延续,电力市场,山西->山西,标题规范化后高度一致,关于印发电力市场规则体系（V14.0）的通知,中,否,
EVO-00272,AUTO-20260424-674A18FA03,关于印发《山东电力市场规则(试行)》的通知,2025-12-17,AUTO-20260426-CB9FE0315E,关于印发《山东电力市场规则(试行)》的通知,2024-04-19,同主题延续,电力市场,山东->山东,标题规范化后高度一致,关于印发《山东电力市场规则(试行)》的通知,中,否,
EVO-00273,AUTO-20260502-EA3CB8F3CF,国家能源局浙江监管办公室关于发布浙江电网2025年1-3月份“两个细则”运行结果的通知,2025-01-03,AUTO-20260502-755A9B598E,国家能源局浙江监管办公室关于发布浙江电网2025年1-3月份“两个细则”运行结果的通知,2025-01-03,同主题延续,电网,浙江->浙江,标题规范化后高度一致,国家能源局浙江监管办公室关于发布浙江电网2025年1-3月份“两个细则”运行结果的通知,中,否,
EVO-00274,AUTO-20260502-60B47C167C,国家能源局浙江监管办公室关于发布浙江电网2025年1-3月份“两个细则”运行结果的通知,2025-01-03,AUTO-20260502-EA3CB8F3CF,国家能源局浙江监管办公室关于发布浙江电网2025年1-3月份“两个细则”运行结果的通知,2025-01-03,同主题延续,电网,浙江->浙江,标题规范化后高度一致,国家能源局浙江监管办公室关于发布浙江电网2025年1-3月份“两个细则”运行结果的通知,中,否,
EVO-00275,AUTO-20260427-9DEF0F2D44,关于印发《分布式光伏发电开发建设管理实施细则（试行）》的通知,2025-06-24,AUTO-20260427-4E8F5E6BB6,关于印发《分布式光伏发电开发建设管理实施细则（试行）》的通知,2025-06-24,同主题延续,电力市场,山西->山西,标题规范化后高度一致,关于印发《分布式光伏发电开发建设管理实施细则（试行）》的通知,中,否,
EVO-00276,AUTO-20260425-921C75C18D,关于我市开展气电价格联动调整有关事项的通知_价格管理,2026-04-24,AUTO-20260425-3BC0A77C4C,关于我市开展气电价格联动调整有关事项的通知_价格管理,2026-02-26,同主题延续,电力市场,上海->上海,标题规范化后高度一致,关于我市开展气电价格联动调整有关事项的通知_价格管理,中,否,
EVO-00277,AUTO-20260425-4ECBDBC2ED,天津市深化新能源上网电价市场化改革实施方案,,AUTO-20260427-1E20E600C3,关于深化新能源上网电价市场化改革 促进新能源高质量发展的通知(发改价格〔2025〕136号),2025-02-09,地方承接,新能源上网电价,天津->全国,主题链条：新能源上网电价；国家/区域/地方层级承接,天津市深化新能源上网电价市场化改革实施方案 与 关于深化新能源上网电价市场化改革 促进新能源高质量发展的通知(发改价格〔2025〕136号) 属于同一研究链条,中,否,
EVO-00278,AUTO-20260427-502852DE5B,关于印发《深化蒙西电网新能源上网电价市场化改革实施方案》的通知,2025-05-29,AUTO-20260427-1E20E600C3,关于深化新能源上网电价市场化改革 促进新能源高质量发展的通知(发改价格〔2025〕136号),2025-02-09,地方承接,新能源上网电价,内蒙古自治区->全国,主题链条：新能源上网电价；国家/区域/地方层级承接,关于印发《深化蒙西电网新能源上网电价市场化改革实施方案》的通知 与 关于深化新能源上网电价市场化改革 促进新能源高质量发展的通知(发改价格〔2025〕136号) 属于同一研究链条,中,否,
EVO-00279,AUTO-20260427-A525045BF7,关于印发《深化蒙东电网新能源上网电价市场化改革实施方案》的通知,2025-05-29,AUTO-20260427-1E20E600C3,关于深化新能源上网电价市场化改革 促进新能源高质量发展的通知(发改价格〔2025〕136号),2025-02-09,地方承接,新能源上网电价,内蒙古自治区->全国,主题链条：新能源上网电价；国家/区域/地方层级承接,关于印发《深化蒙东电网新能源上网电价市场化改革实施方案》的通知 与 关于深化新能源上网电价市场化改革 促进新能源高质量发展的通知(发改价格〔2025〕136号) 属于同一研究链条,中,否,
EVO-00280,AUTO-20260425-474CF655D0,关于印发《四川省深化新能源上网电价市场化改革实施方案》的通知(川发改价格〔2025〕480号),2025-09-30,AUTO-20260427-1E20E600C3,关于深化新能源上网电价市场化改革 促进新能源高质量发展的通知(发改价格〔2025〕136号),2025-02-09,地方承接,新能源上网电价,四川->全国,主题链条：新能源上网电价；国家/区域/地方层级承接,关于印发《四川省深化新能源上网电价市场化改革实施方案》的通知(川发改价格〔2025〕480号) 与 关于深化新能源上网电价市场化改革 促进新能源高质量发展的通知(发改价格〔2025〕136号) 属于同一研究链条,中,否,
EVO-00281,AUTO-20260502-2F839964D5,关于印发《湖北电网非统调发电企业辅助服务管理实施细则（试行）》的通知,2013-01-14,AUTO-20260502-CA3E4C4B01,关于印发《湖北电网非统调发电企业辅助服务管理实施细则（试行）》的通知,2012-12-14,配套文件,辅助服务,华中区域->华中区域,主题链条：辅助服务；国家/区域/地方层级承接,关于印发《湖北电网非统调发电企业辅助服务管理实施细则（试行）》的通知 与 关于印发《湖北电网非统调发电企业辅助服务管理实施细则（试行）》的通知 属于同一研究链条,中,否,
EVO-00282,AUTO-20260502-5B0D55E3A4,关于印发《新疆区域新能源发电企业与燃煤自备电厂调峰替代交易实施细则（暂行）》补充条款的通知,2018-11-26,AUTO-20260502-9542D0479B,关于印发《新疆电力辅助服务市场运营规则（试行）》的解释说明的通知,2018-09-04,配套文件,辅助服务,新疆->新疆,主题链条：辅助服务；国家/区域/地方层级承接,关于印发《新疆区域新能源发电企业与燃煤自备电厂调峰替代交易实施细则（暂行）》补充条款的通知 与 关于印发《新疆电力辅助服务市场运营规则（试行）》的解释说明的通知 属于同一研究链条,中,否,
EVO-00283,AUTO-20260502-5B0D55E3A4,关于印发《新疆区域新能源发电企业与燃煤自备电厂调峰替代交易实施细则（暂行）》补充条款的通知,2018-11-26,AUTO-20260427-49126C771F,印发《关于加快储气设施建设和完善储气调峰辅助服务市场机制的意见》的通知(发改能源规〔2018〕637号),2018-04-27,配套文件,辅助服务,新疆->全国,主题链条：辅助服务；国家/区域/地方层级承接,关于印发《新疆区域新能源发电企业与燃煤自备电厂调峰替代交易实施细则（暂行）》补充条款的通知 与 印发《关于加快储气设施建设和完善储气调峰辅助服务市场机制的意见》的通知(发改能源规〔2018〕637号) 属于同一研究链条,中,否,
EVO-00284,AUTO-20260502-447019A4E0,华北能源监管局关于印发华北电力调峰辅助服务市场运营规则（试运行版）的通知,2018-12-29,AUTO-20260502-B12FCEA11A,华北能源监管局关于公示华北电力调峰辅助服务市场模拟运行试结算报告的公告,2018-12-29,地方承接,辅助服务,华北区域->华北区域,主题链条：辅助服务；国家/区域/地方层级承接,华北能源监管局关于印发华北电力调峰辅助服务市场运营规则（试运行版）的通知 与 华北能源监管局关于公示华北电力调峰辅助服务市场模拟运行试结算报告的公告 属于同一研究链条,中,否,
EVO-00285,AUTO-20260502-447019A4E0,华北能源监管局关于印发华北电力调峰辅助服务市场运营规则（试运行版）的通知,2018-12-29,AUTO-20260502-6A0C52BCCB,国家能源局福建监管办公室关于印发《福建省电力调频辅助服务市场交易规则（试行）》的通知（闽监能市场〔2018〕140号）,2018-12-22,地方承接,辅助服务,华北区域->福建,主题链条：辅助服务；国家/区域/地方层级承接,华北能源监管局关于印发华北电力调峰辅助服务市场运营规则（试运行版）的通知 与 国家能源局福建监管办公室关于印发《福建省电力调频辅助服务市场交易规则（试行）》的通知（闽监能市场〔2018〕140号） 属于同一研究链条,中,否,
EVO-00286,AUTO-20260502-B12FCEA11A,华北能源监管局关于公示华北电力调峰辅助服务市场模拟运行试结算报告的公告,2018-12-29,AUTO-20260502-447019A4E0,华北能源监管局关于印发华北电力调峰辅助服务市场运营规则（试运行版）的通知,2018-12-29,地方承接,辅助服务,华北区域->华北区域,主题链条：辅助服务；国家/区域/地方层级承接,华北能源监管局关于公示华北电力调峰辅助服务市场模拟运行试结算报告的公告 与 华北能源监管局关于印发华北电力调峰辅助服务市场运营规则（试运行版）的通知 属于同一研究链条,中,否,
EVO-00287,AUTO-20260502-B12FCEA11A,华北能源监管局关于公示华北电力调峰辅助服务市场模拟运行试结算报告的公告,2018-12-29,AUTO-20260502-6A0C52BCCB,国家能源局福建监管办公室关于印发《福建省电力调频辅助服务市场交易规则（试行）》的通知（闽监能市场〔2018〕140号）,2018-12-22,地方承接,辅助服务,华北区域->福建,主题链条：辅助服务；国家/区域/地方层级承接,华北能源监管局关于公示华北电力调峰辅助服务市场模拟运行试结算报告的公告 与 国家能源局福建监管办公室关于印发《福建省电力调频辅助服务市场交易规则（试行）》的通知（闽监能市场〔2018〕140号） 属于同一研究链条,中,否,
EVO-00288,AUTO-20260502-FB2BC17138,华北能源监管局关于延长华北电力调峰辅助服务市场运行时间的通知,2019-03-18,AUTO-20260502-5B403CA863,关于印发《〈新疆电力辅助服务市场运营规则（试行）〉的说明》的通知,2019-01-25,地方承接,辅助服务,华北区域->新疆,主题链条：辅助服务；国家/区域/地方层级承接,华北能源监管局关于延长华北电力调峰辅助服务市场运行时间的通知 与 关于印发《〈新疆电力辅助服务市场运营规则（试行）〉的说明》的通知 属于同一研究链条,中,否,
EVO-00289,AUTO-20260502-FB2BC17138,华北能源监管局关于延长华北电力调峰辅助服务市场运行时间的通知,2019-03-18,AUTO-20260502-447019A4E0,华北能源监管局关于印发华北电力调峰辅助服务市场运营规则（试运行版）的通知,2018-12-29,地方承接,辅助服务,华北区域->华北区域,主题链条：辅助服务；国家/区域/地方层级承接,华北能源监管局关于延长华北电力调峰辅助服务市场运行时间的通知 与 华北能源监管局关于印发华北电力调峰辅助服务市场运营规则（试运行版）的通知 属于同一研究链条,中,否,
EVO-00290,AUTO-20260502-94ED2262D3,华北能源监管局关于公示内蒙古电力调峰辅助服务市场模拟运行试结算报告的公告,2019-04-09,AUTO-20260502-B12FCEA11A,华北能源监管局关于公示华北电力调峰辅助服务市场模拟运行试结算报告的公告,2018-12-29,地方承接,辅助服务,华北区域->华北区域,主题链条：辅助服务；国家/区域/地方层级承接,华北能源监管局关于公示内蒙古电力调峰辅助服务市场模拟运行试结算报告的公告 与 华北能源监管局关于公示华北电力调峰辅助服务市场模拟运行试结算报告的公告 属于同一研究链条,中,否,
EVO-00291,AUTO-20260502-94ED2262D3,华北能源监管局关于公示内蒙古电力调峰辅助服务市场模拟运行试结算报告的公告,2019-04-09,AUTO-20260502-FB2BC17138,华北能源监管局关于延长华北电力调峰辅助服务市场运行时间的通知,2019-03-18,地方承接,辅助服务,华北区域->华北区域,主题链条：辅助服务；国家/区域/地方层级承接,华北能源监管局关于公示内蒙古电力调峰辅助服务市场模拟运行试结算报告的公告 与 华北能源监管局关于延长华北电力调峰辅助服务市场运行时间的通知 属于同一研究链条,中,否,
EVO-00292,AUTO-20260502-CFD8C2584A,华北能源监管局关于征求华北电力调峰辅助服务市场运营规则修订意见的函,2019-09-13,AUTO-20260502-94ED2262D3,华北能源监管局关于公示内蒙古电力调峰辅助服务市场模拟运行试结算报告的公告,2019-04-09,地方承接,辅助服务,华北区域->华北区域,主题链条：辅助服务；国家/区域/地方层级承接,华北能源监管局关于征求华北电力调峰辅助服务市场运营规则修订意见的函 与 华北能源监管局关于公示内蒙古电力调峰辅助服务市场模拟运行试结算报告的公告 属于同一研究链条,中,否,
EVO-00293,AUTO-20260502-CFD8C2584A,华北能源监管局关于征求华北电力调峰辅助服务市场运营规则修订意见的函,2019-09-13,AUTO-20260502-FB2BC17138,华北能源监管局关于延长华北电力调峰辅助服务市场运行时间的通知,2019-03-18,地方承接,辅助服务,华北区域->华北区域,主题链条：辅助服务；国家/区域/地方层级承接,华北能源监管局关于征求华北电力调峰辅助服务市场运营规则修订意见的函 与 华北能源监管局关于延长华北电力调峰辅助服务市场运行时间的通知 属于同一研究链条,中,否,
EVO-00294,AUTO-20260502-988283654F,华北能源监管局关于印发《华北电力调峰辅助服务市场运营规则》（2019年修订版）的通知,2019-09-29,AUTO-20260502-CFD8C2584A,华北能源监管局关于征求华北电力调峰辅助服务市场运营规则修订意见的函,2019-09-13,地方承接,辅助服务,华北区域->华北区域,主题链条：辅助服务；国家/区域/地方层级承接,华北能源监管局关于印发《华北电力调峰辅助服务市场运营规则》（2019年修订版）的通知 与 华北能源监管局关于征求华北电力调峰辅助服务市场运营规则修订意见的函 属于同一研究链条,中,否,
EVO-00295,AUTO-20260502-988283654F,华北能源监管局关于印发《华北电力调峰辅助服务市场运营规则》（2019年修订版）的通知,2019-09-29,AUTO-20260502-94ED2262D3,华北能源监管局关于公示内蒙古电力调峰辅助服务市场模拟运行试结算报告的公告,2019-04-09,地方承接,辅助服务,华北区域->华北区域,主题链条：辅助服务；国家/区域/地方层级承接,华北能源监管局关于印发《华北电力调峰辅助服务市场运营规则》（2019年修订版）的通知 与 华北能源监管局关于公示内蒙古电力调峰辅助服务市场模拟运行试结算报告的公告 属于同一研究链条,中,否,
EVO-00296,AUTO-20260502-6A681BBFA9,华北能源监管局关于征求《河北南网电力调峰辅助服务市场运营规则》意见的函,2019-10-22,AUTO-20260427-B23CD79013,关于印发《江苏电力辅助服务（调峰）市场启停交易补充规则》的通知,2019-09-30,地方承接,辅助服务,华北区域->江苏,主题链条：辅助服务；国家/区域/地方层级承接,华北能源监管局关于征求《河北南网电力调峰辅助服务市场运营规则》意见的函 与 关于印发《江苏电力辅助服务（调峰）市场启停交易补充规则》的通知 属于同一研究链条,中,否,
EVO-00297,AUTO-20260502-6A681BBFA9,华北能源监管局关于征求《河北南网电力调峰辅助服务市场运营规则》意见的函,2019-10-22,AUTO-20260502-988283654F,华北能源监管局关于印发《华北电力调峰辅助服务市场运营规则》（2019年修订版）的通知,2019-09-29,地方承接,辅助服务,华北区域->华北区域,主题链条：辅助服务；国家/区域/地方层级承接,华北能源监管局关于征求《河北南网电力调峰辅助服务市场运营规则》意见的函 与 华北能源监管局关于印发《华北电力调峰辅助服务市场运营规则》（2019年修订版）的通知 属于同一研究链条,中,否,
EVO-00298,AUTO-20260502-342ED97968,华北能源监管局关于开展河北南网电力调峰辅助服务市场模拟运行的通知,2019-11-15,AUTO-20260502-6A681BBFA9,华北能源监管局关于征求《河北南网电力调峰辅助服务市场运营规则》意见的函,2019-10-22,地方承接,辅助服务,华北区域->华北区域,主题链条：辅助服务；国家/区域/地方层级承接,华北能源监管局关于开展河北南网电力调峰辅助服务市场模拟运行的通知 与 华北能源监管局关于征求《河北南网电力调峰辅助服务市场运营规则》意见的函 属于同一研究链条,中,否,
EVO-00299,AUTO-20260502-342ED97968,华北能源监管局关于开展河北南网电力调峰辅助服务市场模拟运行的通知,2019-11-15,AUTO-20260427-B23CD79013,关于印发《江苏电力辅助服务（调峰）市场启停交易补充规则》的通知,2019-09-30,地方承接,辅助服务,华北区域->江苏,主题链条：辅助服务；国家/区域/地方层级承接,华北能源监管局关于开展河北南网电力调峰辅助服务市场模拟运行的通知 与 关于印发《江苏电力辅助服务（调峰）市场启停交易补充规则》的通知 属于同一研究链条,中,否,
EVO-00300,AUTO-20260427-90D968B235,华中能源监管局关于印发《湖北电力调峰辅助服务市场运营规则（试行）》的通知,2020-06-09,AUTO-20260502-975B75285D,福建能源监管办关于征求《福建省电力调峰辅助服务交易规则（试行）（2020年修订版）》（征求意见稿）修改意见的函,2020-05-28,地方承接,辅助服务,华中区域->福建,主题链条：辅助服务；国家/区域/地方层级承接,华中能源监管局关于印发《湖北电力调峰辅助服务市场运营规则（试行）》的通知 与 福建能源监管办关于征求《福建省电力调峰辅助服务交易规则（试行）（2020年修订版）》（征求意见稿）修改意见的函 属于同一研究链条,中,否,
EVO-00301,AUTO-20260427-90D968B235,华中能源监管局关于印发《湖北电力调峰辅助服务市场运营规则（试行）》的通知,2020-06-09,AUTO-20260502-938C076F58,关于印发《新疆电力辅助服务市场运营规则》的通知,2020-01-16,地方承接,辅助服务,华中区域->新疆,主题链条：辅助服务；国家/区域/地方层级承接,华中能源监管局关于印发《湖北电力调峰辅助服务市场运营规则（试行）》的通知 与 关于印发《新疆电力辅助服务市场运营规则》的通知 属于同一研究链条,中,否,
EVO-00302,AUTO-20260502-A765E1CC44,国家能源局华中监管局关于印发《华中区域并网发电厂辅助服务管理实施细则》和《华中区域发电厂并网运行管理实施细则》的通知,2020-09-07,AUTO-20260427-2C2684AFB7,关于印发《江苏电力辅助服务（调频）市场交易规则（试行）》的通知,2020-07-03,配套文件,辅助服务,华中区域->江苏,主题链条：辅助服务；国家/区域/地方层级承接,国家能源局华中监管局关于印发《华中区域并网发电厂辅助服务管理实施细则》和《华中区域发电厂并网运行管理实施细则》的通知 与 关于印发《江苏电力辅助服务（调频）市场交易规则（试行）》的通知 属于同一研究链条,中,否,
EVO-00303,AUTO-20260502-A765E1CC44,国家能源局华中监管局关于印发《华中区域并网发电厂辅助服务管理实施细则》和《华中区域发电厂并网运行管理实施细则》的通知,2020-09-07,AUTO-20260502-3BF8700E79,国家能源局福建监管办公室关于印发《福建省电力调峰辅助服务交易规则(试行)(2020年修订版)》的通知,2020-06-30,配套文件,辅助服务,华中区域->福建,主题链条：辅助服务；国家/区域/地方层级承接,国家能源局华中监管局关于印发《华中区域并网发电厂辅助服务管理实施细则》和《华中区域发电厂并网运行管理实施细则》的通知 与 国家能源局福建监管办公室关于印发《福建省电力调峰辅助服务交易规则(试行)(2020年修订版)》的通知 属于同一研究链条,中,否,
EVO-00304,AUTO-20260427-3CAEDBBD74,国家能源局华中监管局 江西省能源局关于印发《江西省电力辅助服务市场运营规则（试行）》的通知,2020-11-05,AUTO-20260427-3923155EE0,关于征求《山东电力辅助服务市场运营规则（试行）（2020年修订版）》（征求意见稿）意见的函,2020-10-20,地方承接,辅助服务,华中区域->山东,主题链条：辅助服务；国家/区域/地方层级承接,国家能源局华中监管局 江西省能源局关于印发《江西省电力辅助服务市场运营规则（试行）》的通知 与 关于征求《山东电力辅助服务市场运营规则（试行）（2020年修订版）》（征求意见稿）意见的函 属于同一研究链条,中,否,
EVO-00305,AUTO-20260427-3CAEDBBD74,国家能源局华中监管局 江西省能源局关于印发《江西省电力辅助服务市场运营规则（试行）》的通知,2020-11-05,AUTO-20260502-A765E1CC44,国家能源局华中监管局关于印发《华中区域并网发电厂辅助服务管理实施细则》和《华中区域发电厂并网运行管理实施细则》的通知,2020-09-07,地方承接,辅助服务,华中区域->华中区域,主题链条：辅助服务；国家/区域/地方层级承接,国家能源局华中监管局 江西省能源局关于印发《江西省电力辅助服务市场运营规则（试行）》的通知 与 国家能源局华中监管局关于印发《华中区域并网发电厂辅助服务管理实施细则》和《华中区域发电厂并网运行管理实施细则》的通知 属于同一研究链条,中,否,
EVO-00306,AUTO-20260502-F372A8F2B7,华北能源监管局关于修订《河北南网电力调峰辅助服务市场运营规则》部分条款的通知,2020-11-16,AUTO-20260427-3CAEDBBD74,国家能源局华中监管局 江西省能源局关于印发《江西省电力辅助服务市场运营规则（试行）》的通知,2020-11-05,地方承接,辅助服务,华北区域->华中区域,主题链条：辅助服务；国家/区域/地方层级承接,华北能源监管局关于修订《河北南网电力调峰辅助服务市场运营规则》部分条款的通知 与 国家能源局华中监管局 江西省能源局关于印发《江西省电力辅助服务市场运营规则（试行）》的通知 属于同一研究链条,中,否,
EVO-00307,AUTO-20260502-F372A8F2B7,华北能源监管局关于修订《河北南网电力调峰辅助服务市场运营规则》部分条款的通知,2020-11-16,AUTO-20260427-3923155EE0,关于征求《山东电力辅助服务市场运营规则（试行）（2020年修订版）》（征求意见稿）意见的函,2020-10-20,地方承接,辅助服务,华北区域->山东,主题链条：辅助服务；国家/区域/地方层级承接,华北能源监管局关于修订《河北南网电力调峰辅助服务市场运营规则》部分条款的通知 与 关于征求《山东电力辅助服务市场运营规则（试行）（2020年修订版）》（征求意见稿）意见的函 属于同一研究链条,中,否,
EVO-00308,AUTO-20260502-7E77F18093,关于印发《南方区域发电厂并网运行管理实施细则》及《南方区域并网发电厂辅助服务管理实施细则》（2020,2020-12-31,AUTO-20260427-0B7C65169B,关于修订《山东电力辅助服务市场运营规则（试行）（2020年修订版）》的通知,2020-12-31,配套文件,辅助服务,南方区域->山东,主题链条：辅助服务；国家/区域/地方层级承接,关于印发《南方区域发电厂并网运行管理实施细则》及《南方区域并网发电厂辅助服务管理实施细则》（2020 与 关于修订《山东电力辅助服务市场运营规则（试行）（2020年修订版）》的通知 属于同一研究链条,中,否,
EVO-00309,AUTO-20260502-7E77F18093,关于印发《南方区域发电厂并网运行管理实施细则》及《南方区域并网发电厂辅助服务管理实施细则》（2020,2020-12-31,AUTO-20260502-FD0E0EB601,关于征求《四川自动发电控制辅助服务市场交易细则（试行）（2020年修订版）》（征求意见稿）意见的函,2020-12-09,配套文件,辅助服务,南方区域->四川,主题链条：辅助服务；国家/区域/地方层级承接,关于印发《南方区域发电厂并网运行管理实施细则》及《南方区域并网发电厂辅助服务管理实施细则》（2020 与 关于征求《四川自动发电控制辅助服务市场交易细则（试行）（2020年修订版）》（征求意见稿）意见的函 属于同一研究链条,中,否,
EVO-00310,AUTO-20260502-91EDC8EDE9,华北能源监管局关于进一步规范电力调峰辅助服务市场结算流程的通知,2021-02-09,AUTO-20260502-94ED2262D3,华北能源监管局关于公示内蒙古电力调峰辅助服务市场模拟运行试结算报告的公告,2019-04-09,地方承接,辅助服务,华北区域->华北区域,主题链条：辅助服务；国家/区域/地方层级承接,华北能源监管局关于进一步规范电力调峰辅助服务市场结算流程的通知 与 华北能源监管局关于公示内蒙古电力调峰辅助服务市场模拟运行试结算报告的公告 属于同一研究链条,中,否,
EVO-00311,AUTO-20260502-91EDC8EDE9,华北能源监管局关于进一步规范电力调峰辅助服务市场结算流程的通知,2021-02-09,AUTO-20260502-B12FCEA11A,华北能源监管局关于公示华北电力调峰辅助服务市场模拟运行试结算报告的公告,2018-12-29,地方承接,辅助服务,华北区域->华北区域,主题链条：辅助服务；国家/区域/地方层级承接,华北能源监管局关于进一步规范电力调峰辅助服务市场结算流程的通知 与 华北能源监管局关于公示华北电力调峰辅助服务市场模拟运行试结算报告的公告 属于同一研究链条,中,否,
EVO-00312,AUTO-20260427-12E862EC73,华中电力调峰辅助服务市场省间调峰辅助服 务河南电网售出电量分摊细则,2021-09-10,AUTO-20260502-2F839964D5,关于印发《湖北电网非统调发电企业辅助服务管理实施细则（试行）》的通知,2013-01-14,地方承接,辅助服务,华中区域->华中区域,主题链条：辅助服务；国家/区域/地方层级承接,华中电力调峰辅助服务市场省间调峰辅助服 务河南电网售出电量分摊细则 与 关于印发《湖北电网非统调发电企业辅助服务管理实施细则（试行）》的通知 属于同一研究链条,中,否,
EVO-00313,AUTO-20260427-12E862EC73,华中电力调峰辅助服务市场省间调峰辅助服 务河南电网售出电量分摊细则,2021-09-10,AUTO-20260502-CA3E4C4B01,关于印发《湖北电网非统调发电企业辅助服务管理实施细则（试行）》的通知,2012-12-14,地方承接,辅助服务,华中区域->华中区域,主题链条：辅助服务；国家/区域/地方层级承接,华中电力调峰辅助服务市场省间调峰辅助服 务河南电网售出电量分摊细则 与 关于印发《湖北电网非统调发电企业辅助服务管理实施细则（试行）》的通知 属于同一研究链条,中,否,
EVO-00314,AUTO-20260427-F61B124506,华中能源监管局 四川能源监管办关于印发《川渝一体化电力调峰辅助服务市场运营规则（试行）》的通知,2021-11-25,AUTO-20260427-12E862EC73,华中电力调峰辅助服务市场省间调峰辅助服 务河南电网售出电量分摊细则,2021-09-10,地方承接,辅助服务,华中区域->华中区域,主题链条：辅助服务；国家/区域/地方层级承接,华中能源监管局 四川能源监管办关于印发《川渝一体化电力调峰辅助服务市场运营规则（试行）》的通知 与 华中电力调峰辅助服务市场省间调峰辅助服 务河南电网售出电量分摊细则 属于同一研究链条,中,否,
EVO-00315,AUTO-20260427-F61B124506,华中能源监管局 四川能源监管办关于印发《川渝一体化电力调峰辅助服务市场运营规则（试行）》的通知,2021-11-25,AUTO-20260426-65D5E02295,山东能源监管办关于《山东电力辅助服务市场运营规则(试行)(2021年修订版)(征求意见稿)》公开征求意见的公告,2021-09-03,地方承接,辅助服务,华中区域->山东,主题链条：辅助服务；国家/区域/地方层级承接,华中能源监管局 四川能源监管办关于印发《川渝一体化电力调峰辅助服务市场运营规则（试行）》的通知 与 山东能源监管办关于《山东电力辅助服务市场运营规则(试行)(2021年修订版)(征求意见稿)》公开征求意见的公告 属于同一研究链条,中,否,
EVO-00316,AUTO-20260427-A0DD00C851,关于组织开展南方区域跨省电力备用辅助服务市场模拟试运行的通知,2022-04-13,AUTO-20260502-0CE4A6EDB8,关于征求《福建省电力调频辅助服务市场交易规则（试行）（2022年修订版）》（征求意见稿）意见的函,2022-01-21,地方承接,辅助服务,南方区域->福建,主题链条：辅助服务；国家/区域/地方层级承接,关于组织开展南方区域跨省电力备用辅助服务市场模拟试运行的通知 与 关于征求《福建省电力调频辅助服务市场交易规则（试行）（2022年修订版）》（征求意见稿）意见的函 属于同一研究链条,中,否,
EVO-00317,AUTO-20260427-A0DD00C851,关于组织开展南方区域跨省电力备用辅助服务市场模拟试运行的通知,2022-04-13,AUTO-20260427-F61B124506,华中能源监管局 四川能源监管办关于印发《川渝一体化电力调峰辅助服务市场运营规则（试行）》的通知,2021-11-25,地方承接,辅助服务,南方区域->华中区域,主题链条：辅助服务；国家/区域/地方层级承接,关于组织开展南方区域跨省电力备用辅助服务市场模拟试运行的通知 与 华中能源监管局 四川能源监管办关于印发《川渝一体化电力调峰辅助服务市场运营规则（试行）》的通知 属于同一研究链条,中,否,
EVO-00318,AUTO-20260427-167238164B,国家能源局华中监管局关于《华中省间电力调峰及备用辅助服务市场运营规则（征求意见稿）》公开征求意见的通知,2022-04-24,AUTO-20260427-12E862EC73,华中电力调峰辅助服务市场省间调峰辅助服 务河南电网售出电量分摊细则,2021-09-10,地方承接,辅助服务,华中区域->华中区域,主题链条：辅助服务；国家/区域/地方层级承接,国家能源局华中监管局关于《华中省间电力调峰及备用辅助服务市场运营规则（征求意见稿）》公开征求意见的通知 与 华中电力调峰辅助服务市场省间调峰辅助服 务河南电网售出电量分摊细则 属于同一研究链条,中,否,
EVO-00319,AUTO-20260427-167238164B,国家能源局华中监管局关于《华中省间电力调峰及备用辅助服务市场运营规则（征求意见稿）》公开征求意见的通知,2022-04-24,AUTO-20260427-A0DD00C851,关于组织开展南方区域跨省电力备用辅助服务市场模拟试运行的通知,2022-04-13,地方承接,辅助服务,华中区域->南方区域,主题链条：辅助服务；国家/区域/地方层级承接,国家能源局华中监管局关于《华中省间电力调峰及备用辅助服务市场运营规则（征求意见稿）》公开征求意见的通知 与 关于组织开展南方区域跨省电力备用辅助服务市场模拟试运行的通知 属于同一研究链条,中,否,
EVO-00320,AUTO-20260502-0FBB03FA6C,关于印发《南方区域电力并网运行管理实施细则》《南方区域电力辅助服务管理实施细则》的通知,2022-06-13,AUTO-20260502-5990BDF80F,国家能源局福建监管办公室关于印发《福建省电力调频辅助服务市场交易规则（试行）（2022年修订版）》的通知（闽监能市场规〔2022〕45号 ）,2022-04-29,配套文件,辅助服务,南方区域->福建,主题链条：辅助服务；国家/区域/地方层级承接,关于印发《南方区域电力并网运行管理实施细则》《南方区域电力辅助服务管理实施细则》的通知 与 国家能源局福建监管办公室关于印发《福建省电力调频辅助服务市场交易规则（试行）（2022年修订版）》的通知（闽监能市场规〔2022〕45号 ） 属于同一研究链条,中,否,
EVO-00321,AUTO-20260502-0FBB03FA6C,关于印发《南方区域电力并网运行管理实施细则》《南方区域电力辅助服务管理实施细则》的通知,2022-06-13,AUTO-20260427-167238164B,国家能源局华中监管局关于《华中省间电力调峰及备用辅助服务市场运营规则（征求意见稿）》公开征求意见的通知,2022-04-24,配套文件,辅助服务,南方区域->华中区域,主题链条：辅助服务；国家/区域/地方层级承接,关于印发《南方区域电力并网运行管理实施细则》《南方区域电力辅助服务管理实施细则》的通知 与 国家能源局华中监管局关于《华中省间电力调峰及备用辅助服务市场运营规则（征求意见稿）》公开征求意见的通知 属于同一研究链条,中,否,
EVO-00322,AUTO-20260427-E22FE01186,国家能源局华中监管局关于印发《华中省间电力调峰及备用辅助服务市场运营规则》的通知,2022-10-11,AUTO-20260427-167238164B,国家能源局华中监管局关于《华中省间电力调峰及备用辅助服务市场运营规则（征求意见稿）》公开征求意见的通知,2022-04-24,地方承接,辅助服务,华中区域->华中区域,主题链条：辅助服务；国家/区域/地方层级承接,国家能源局华中监管局关于印发《华中省间电力调峰及备用辅助服务市场运营规则》的通知 与 国家能源局华中监管局关于《华中省间电力调峰及备用辅助服务市场运营规则（征求意见稿）》公开征求意见的通知 属于同一研究链条,中,否,
EVO-00323,AUTO-20260427-E22FE01186,国家能源局华中监管局关于印发《华中省间电力调峰及备用辅助服务市场运营规则》的通知,2022-10-11,AUTO-20260427-12E862EC73,华中电力调峰辅助服务市场省间调峰辅助服 务河南电网售出电量分摊细则,2021-09-10,地方承接,辅助服务,华中区域->华中区域,主题链条：辅助服务；国家/区域/地方层级承接,国家能源局华中监管局关于印发《华中省间电力调峰及备用辅助服务市场运营规则》的通知 与 华中电力调峰辅助服务市场省间调峰辅助服 务河南电网售出电量分摊细则 属于同一研究链条,中,否,
EVO-00324,AUTO-20260427-D122E3E18C,关于印发《重庆电力调频辅助服务市场运营规则》的通知,2022-12-09,AUTO-20260427-E22FE01186,国家能源局华中监管局关于印发《华中省间电力调峰及备用辅助服务市场运营规则》的通知,2022-10-11,地方承接,辅助服务,华中区域->华中区域,主题链条：辅助服务；国家/区域/地方层级承接,关于印发《重庆电力调频辅助服务市场运营规则》的通知 与 国家能源局华中监管局关于印发《华中省间电力调峰及备用辅助服务市场运营规则》的通知 属于同一研究链条,中,否,
EVO-00325,AUTO-20260427-D122E3E18C,关于印发《重庆电力调频辅助服务市场运营规则》的通知,2022-12-09,AUTO-20260502-C9353A3B5B,关于印发《江苏电力并网运行管理实施细则》《江苏电力辅助服务管理实施细则》的通知,2022-08-12,地方承接,辅助服务,华中区域->江苏,主题链条：辅助服务；国家/区域/地方层级承接,关于印发《重庆电力调频辅助服务市场运营规则》的通知 与 关于印发《江苏电力并网运行管理实施细则》《江苏电力辅助服务管理实施细则》的通知 属于同一研究链条,中,否,
EVO-00326,AUTO-20260427-9347AA22F9,华中能源监管局关于印发《江西电力调频辅助服务市场运营规则》的通知,2022-12-29,AUTO-20260427-D747CE2B16,关于印发《西藏电力辅助服务管理实施细则》《西藏电力并网运行管理实施细则》的通知,2022-12-29,地方承接,辅助服务,华中区域->华中区域,主题链条：辅助服务；国家/区域/地方层级承接,华中能源监管局关于印发《江西电力调频辅助服务市场运营规则》的通知 与 关于印发《西藏电力辅助服务管理实施细则》《西藏电力并网运行管理实施细则》的通知 属于同一研究链条,中,否,
EVO-00327,AUTO-20260427-9347AA22F9,华中能源监管局关于印发《江西电力调频辅助服务市场运营规则》的通知,2022-12-29,AUTO-20260427-D122E3E18C,关于印发《重庆电力调频辅助服务市场运营规则》的通知,2022-12-09,地方承接,辅助服务,华中区域->华中区域,主题链条：辅助服务；国家/区域/地方层级承接,华中能源监管局关于印发《江西电力调频辅助服务市场运营规则》的通知 与 关于印发《重庆电力调频辅助服务市场运营规则》的通知 属于同一研究链条,中,否,
EVO-00328,AUTO-20260427-D747CE2B16,关于印发《西藏电力辅助服务管理实施细则》《西藏电力并网运行管理实施细则》的通知,2022-12-29,AUTO-20260427-9347AA22F9,华中能源监管局关于印发《江西电力调频辅助服务市场运营规则》的通知,2022-12-29,配套文件,辅助服务,华中区域->华中区域,主题链条：辅助服务；国家/区域/地方层级承接,关于印发《西藏电力辅助服务管理实施细则》《西藏电力并网运行管理实施细则》的通知 与 华中能源监管局关于印发《江西电力调频辅助服务市场运营规则》的通知 属于同一研究链条,中,否,
EVO-00329,AUTO-20260427-D747CE2B16,关于印发《西藏电力辅助服务管理实施细则》《西藏电力并网运行管理实施细则》的通知,2022-12-29,AUTO-20260427-D122E3E18C,关于印发《重庆电力调频辅助服务市场运营规则》的通知,2022-12-09,配套文件,辅助服务,华中区域->华中区域,主题链条：辅助服务；国家/区域/地方层级承接,关于印发《西藏电力辅助服务管理实施细则》《西藏电力并网运行管理实施细则》的通知 与 关于印发《重庆电力调频辅助服务市场运营规则》的通知 属于同一研究链条,中,否,
EVO-00330,AUTO-20260427-5D8B9D2AA9,国家能源局西北监管局关于印发《西北区域备用辅助服务市场运营规则》的通知,2023-05-18,AUTO-20260502-0628D0B13F,关于印发《贵州电力调峰辅助服务市场交易规则》的通知,2023-03-31,地方承接,辅助服务,西北区域->贵州,主题链条：辅助服务；国家/区域/地方层级承接,国家能源局西北监管局关于印发《西北区域备用辅助服务市场运营规则》的通知 与 关于印发《贵州电力调峰辅助服务市场交易规则》的通知 属于同一研究链条,中,否,
EVO-00331,AUTO-20260427-5D8B9D2AA9,国家能源局西北监管局关于印发《西北区域备用辅助服务市场运营规则》的通知,2023-05-18,AUTO-20260427-9347AA22F9,华中能源监管局关于印发《江西电力调频辅助服务市场运营规则》的通知,2022-12-29,地方承接,辅助服务,西北区域->华中区域,主题链条：辅助服务；国家/区域/地方层级承接,国家能源局西北监管局关于印发《西北区域备用辅助服务市场运营规则》的通知 与 华中能源监管局关于印发《江西电力调频辅助服务市场运营规则》的通知 属于同一研究链条,中,否,
EVO-00332,AUTO-20260502-528AAED7BF,广西电网中调直调电厂辅助服务补偿及并网运行考核清单（2023年1月份）,2023-06-20,AUTO-20260502-4BDB59627A,广西电网中调直调电厂辅助服务补偿及并网运行考核清单（2023年2月份）,2023-06-20,地方承接,辅助服务,南方区域->南方区域,主题链条：辅助服务；国家/区域/地方层级承接,广西电网中调直调电厂辅助服务补偿及并网运行考核清单（2023年1月份） 与 广西电网中调直调电厂辅助服务补偿及并网运行考核清单（2023年2月份） 属于同一研究链条,中,否,
EVO-00333,AUTO-20260502-528AAED7BF,广西电网中调直调电厂辅助服务补偿及并网运行考核清单（2023年1月份）,2023-06-20,AUTO-20260502-2F839964D5,关于印发《湖北电网非统调发电企业辅助服务管理实施细则（试行）》的通知,2013-01-14,地方承接,辅助服务,南方区域->华中区域,主题链条：辅助服务；国家/区域/地方层级承接,广西电网中调直调电厂辅助服务补偿及并网运行考核清单（2023年1月份） 与 关于印发《湖北电网非统调发电企业辅助服务管理实施细则（试行）》的通知 属于同一研究链条,中,否,
EVO-00334,AUTO-20260502-4BDB59627A,广西电网中调直调电厂辅助服务补偿及并网运行考核清单（2023年2月份）,2023-06-20,AUTO-20260502-528AAED7BF,广西电网中调直调电厂辅助服务补偿及并网运行考核清单（2023年1月份）,2023-06-20,地方承接,辅助服务,南方区域->南方区域,主题链条：辅助服务；国家/区域/地方层级承接,广西电网中调直调电厂辅助服务补偿及并网运行考核清单（2023年2月份） 与 广西电网中调直调电厂辅助服务补偿及并网运行考核清单（2023年1月份） 属于同一研究链条,中,否,
EVO-00335,AUTO-20260502-4BDB59627A,广西电网中调直调电厂辅助服务补偿及并网运行考核清单（2023年2月份）,2023-06-20,AUTO-20260502-2F839964D5,关于印发《湖北电网非统调发电企业辅助服务管理实施细则（试行）》的通知,2013-01-14,地方承接,辅助服务,南方区域->华中区域,主题链条：辅助服务；国家/区域/地方层级承接,广西电网中调直调电厂辅助服务补偿及并网运行考核清单（2023年2月份） 与 关于印发《湖北电网非统调发电企业辅助服务管理实施细则（试行）》的通知 属于同一研究链条,中,否,
EVO-00336,AUTO-20260427-426F6E93C0,国家能源局西北监管局关于印发《西北区域省间调峰辅助服务市场运营规则》补充修订条款的通知,2023-11-21,AUTO-20260427-E22FE01186,国家能源局华中监管局关于印发《华中省间电力调峰及备用辅助服务市场运营规则》的通知,2022-10-11,地方承接,辅助服务,西北区域->华中区域,主题链条：辅助服务；国家/区域/地方层级承接,国家能源局西北监管局关于印发《西北区域省间调峰辅助服务市场运营规则》补充修订条款的通知 与 国家能源局华中监管局关于印发《华中省间电力调峰及备用辅助服务市场运营规则》的通知 属于同一研究链条,中,否,
EVO-00337,AUTO-20260427-426F6E93C0,国家能源局西北监管局关于印发《西北区域省间调峰辅助服务市场运营规则》补充修订条款的通知,2023-11-21,AUTO-20260427-167238164B,国家能源局华中监管局关于《华中省间电力调峰及备用辅助服务市场运营规则（征求意见稿）》公开征求意见的通知,2022-04-24,地方承接,辅助服务,西北区域->华中区域,主题链条：辅助服务；国家/区域/地方层级承接,国家能源局西北监管局关于印发《西北区域省间调峰辅助服务市场运营规则》补充修订条款的通知 与 国家能源局华中监管局关于《华中省间电力调峰及备用辅助服务市场运营规则（征求意见稿）》公开征求意见的通知 属于同一研究链条,中,否,
EVO-00338,AUTO-20260502-0CBB75111D,关于将《华东电网备用辅助服务市场运营规则（试行）》转入正式运行的公告,2023-12-13,AUTO-20260502-528AAED7BF,广西电网中调直调电厂辅助服务补偿及并网运行考核清单（2023年1月份）,2023-06-20,地方承接,辅助服务,华东区域->南方区域,主题链条：辅助服务；国家/区域/地方层级承接,关于将《华东电网备用辅助服务市场运营规则（试行）》转入正式运行的公告 与 广西电网中调直调电厂辅助服务补偿及并网运行考核清单（2023年1月份） 属于同一研究链条,中,否,
EVO-00339,AUTO-20260502-0CBB75111D,关于将《华东电网备用辅助服务市场运营规则（试行）》转入正式运行的公告,2023-12-13,AUTO-20260502-4BDB59627A,广西电网中调直调电厂辅助服务补偿及并网运行考核清单（2023年2月份）,2023-06-20,地方承接,辅助服务,华东区域->南方区域,主题链条：辅助服务；国家/区域/地方层级承接,关于将《华东电网备用辅助服务市场运营规则（试行）》转入正式运行的公告 与 广西电网中调直调电厂辅助服务补偿及并网运行考核清单（2023年2月份） 属于同一研究链条,中,否,
EVO-00340,AUTO-20260427-A21BC5FA77,国家能源局华中监管局关于印发《湖北源网荷储电力调峰辅助服务市场运营规则》的通知,2024-01-03,AUTO-20260502-0CBB75111D,关于将《华东电网备用辅助服务市场运营规则（试行）》转入正式运行的公告,2023-12-13,地方承接,辅助服务;源网荷储,华中区域->华东区域,主题链条：辅助服务；国家/区域/地方层级承接,国家能源局华中监管局关于印发《湖北源网荷储电力调峰辅助服务市场运营规则》的通知 与 关于将《华东电网备用辅助服务市场运营规则（试行）》转入正式运行的公告 属于同一研究链条,中,否,
EVO-00341,AUTO-20260427-A21BC5FA77,国家能源局华中监管局关于印发《湖北源网荷储电力调峰辅助服务市场运营规则》的通知,2024-01-03,AUTO-20260427-426F6E93C0,国家能源局西北监管局关于印发《西北区域省间调峰辅助服务市场运营规则》补充修订条款的通知,2023-11-21,地方承接,辅助服务;源网荷储,华中区域->西北区域,主题链条：辅助服务；国家/区域/地方层级承接,国家能源局华中监管局关于印发《湖北源网荷储电力调峰辅助服务市场运营规则》的通知 与 国家能源局西北监管局关于印发《西北区域省间调峰辅助服务市场运营规则》补充修订条款的通知 属于同一研究链条,中,否,
EVO-00342,AUTO-20260427-28574D8021,国家能源局华中监管局关于公开征求《川渝一体化电力调峰辅助服务市场交易规则（征求意见稿）》意见的通知,2024-04-30,AUTO-20260502-04A8BBEF37,关于印发《四川省电力辅助服务管理实施细则》和《四川省电力并网管理实施细则》的通知 2024-03-01,2024-03-01,地方承接,辅助服务,华中区域->四川,主题链条：辅助服务；国家/区域/地方层级承接,国家能源局华中监管局关于公开征求《川渝一体化电力调峰辅助服务市场交易规则（征求意见稿）》意见的通知 与 关于印发《四川省电力辅助服务管理实施细则》和《四川省电力并网管理实施细则》的通知 2024-03-01 属于同一研究链条,中,否,
EVO-00343,AUTO-20260427-28574D8021,国家能源局华中监管局关于公开征求《川渝一体化电力调峰辅助服务市场交易规则（征求意见稿）》意见的通知,2024-04-30,AUTO-20260426-A4B66C7278,关于印发《山东电力爬坡辅助服务市场交易规则(试行)》的通知,2024-02-08,地方承接,辅助服务,华中区域->山东,主题链条：辅助服务；国家/区域/地方层级承接,国家能源局华中监管局关于公开征求《川渝一体化电力调峰辅助服务市场交易规则（征求意见稿）》意见的通知 与 关于印发《山东电力爬坡辅助服务市场交易规则(试行)》的通知 属于同一研究链条,中,否,
EVO-00344,AUTO-20260427-CC8285BA8B,华中能源监管局关于征求《湖北、江西、重庆电力调频辅助服务市场运行规则（征求意见稿）》意见的通知,2024-11-20,AUTO-20260427-28574D8021,国家能源局华中监管局关于公开征求《川渝一体化电力调峰辅助服务市场交易规则（征求意见稿）》意见的通知,2024-04-30,地方承接,辅助服务,华中区域->华中区域,主题链条：辅助服务；国家/区域/地方层级承接,华中能源监管局关于征求《湖北、江西、重庆电力调频辅助服务市场运行规则（征求意见稿）》意见的通知 与 国家能源局华中监管局关于公开征求《川渝一体化电力调峰辅助服务市场交易规则（征求意见稿）》意见的通知 属于同一研究链条,中,否,
EVO-00345,AUTO-20260427-CC8285BA8B,华中能源监管局关于征求《湖北、江西、重庆电力调频辅助服务市场运行规则（征求意见稿）》意见的通知,2024-11-20,AUTO-20260502-04A8BBEF37,关于印发《四川省电力辅助服务管理实施细则》和《四川省电力并网管理实施细则》的通知 2024-03-01,2024-03-01,地方承接,辅助服务,华中区域->四川,主题链条：辅助服务；国家/区域/地方层级承接,华中能源监管局关于征求《湖北、江西、重庆电力调频辅助服务市场运行规则（征求意见稿）》意见的通知 与 关于印发《四川省电力辅助服务管理实施细则》和《四川省电力并网管理实施细则》的通知 2024-03-01 属于同一研究链条,中,否,
EVO-00346,AUTO-20260427-075F05064A,华东能源监管局关于扩展华东电力调峰辅助服务市场交易至日内...,2024-12-13,AUTO-20260427-CC8285BA8B,华中能源监管局关于征求《湖北、江西、重庆电力调频辅助服务市场运行规则（征求意见稿）》意见的通知,2024-11-20,地方承接,辅助服务,华东区域->华中区域,主题链条：辅助服务；国家/区域/地方层级承接,华东能源监管局关于扩展华东电力调峰辅助服务市场交易至日内... 与 华中能源监管局关于征求《湖北、江西、重庆电力调频辅助服务市场运行规则（征求意见稿）》意见的通知 属于同一研究链条,中,否,
EVO-00347,AUTO-20260427-075F05064A,华东能源监管局关于扩展华东电力调峰辅助服务市场交易至日内...,2024-12-13,AUTO-20260427-28574D8021,国家能源局华中监管局关于公开征求《川渝一体化电力调峰辅助服务市场交易规则（征求意见稿）》意见的通知,2024-04-30,地方承接,辅助服务,华东区域->华中区域,主题链条：辅助服务；国家/区域/地方层级承接,华东能源监管局关于扩展华东电力调峰辅助服务市场交易至日内... 与 国家能源局华中监管局关于公开征求《川渝一体化电力调峰辅助服务市场交易规则（征求意见稿）》意见的通知 属于同一研究链条,中,否,
EVO-00348,AUTO-20260426-E51176BC68,国家能源局华中监管局关于印发《湖北、江西、重庆电力调频辅助服务市场运行规则》的通知,2025-04-02,AUTO-20260427-075F05064A,华东能源监管局关于扩展华东电力调峰辅助服务市场交易至日内...,2024-12-13,地方承接,辅助服务,华中区域->华东区域,主题链条：辅助服务；国家/区域/地方层级承接,国家能源局华中监管局关于印发《湖北、江西、重庆电力调频辅助服务市场运行规则》的通知 与 华东能源监管局关于扩展华东电力调峰辅助服务市场交易至日内... 属于同一研究链条,中,否,
EVO-00349,AUTO-20260426-E51176BC68,国家能源局华中监管局关于印发《湖北、江西、重庆电力调频辅助服务市场运行规则》的通知,2025-04-02,AUTO-20260427-CC8285BA8B,华中能源监管局关于征求《湖北、江西、重庆电力调频辅助服务市场运行规则（征求意见稿）》意见的通知,2024-11-20,地方承接,辅助服务,华中区域->华中区域,主题链条：辅助服务；国家/区域/地方层级承接,国家能源局华中监管局关于印发《湖北、江西、重庆电力调频辅助服务市场运行规则》的通知 与 华中能源监管局关于征求《湖北、江西、重庆电力调频辅助服务市场运行规则（征求意见稿）》意见的通知 属于同一研究链条,中,否,
EVO-00350,AUTO-20260425-53BB03C30D,关于印发《电力辅助服务市场基本规则》的通知,2025-04-24,AUTO-20260426-E51176BC68,国家能源局华中监管局关于印发《湖北、江西、重庆电力调频辅助服务市场运行规则》的通知,2025-04-02,地方承接,辅助服务,南方区域->华中区域,主题链条：辅助服务；国家/区域/地方层级承接,关于印发《电力辅助服务市场基本规则》的通知 与 国家能源局华中监管局关于印发《湖北、江西、重庆电力调频辅助服务市场运行规则》的通知 属于同一研究链条,中,否,
EVO-00351,AUTO-20260425-53BB03C30D,关于印发《电力辅助服务市场基本规则》的通知,2025-04-24,AUTO-20260427-075F05064A,华东能源监管局关于扩展华东电力调峰辅助服务市场交易至日内...,2024-12-13,地方承接,辅助服务,南方区域->华东区域,主题链条：辅助服务；国家/区域/地方层级承接,关于印发《电力辅助服务市场基本规则》的通知 与 华东能源监管局关于扩展华东电力调峰辅助服务市场交易至日内... 属于同一研究链条,中,否,
EVO-00352,AUTO-20260427-2E09D15F4D,国家能源局西北监管局关于明确电力辅助服务市场价格机制等相关事项的通知,2025-07-01,AUTO-20260426-E51176BC68,国家能源局华中监管局关于印发《湖北、江西、重庆电力调频辅助服务市场运行规则》的通知,2025-04-02,地方承接,辅助服务,西北区域->华中区域,主题链条：辅助服务；国家/区域/地方层级承接,国家能源局西北监管局关于明确电力辅助服务市场价格机制等相关事项的通知 与 国家能源局华中监管局关于印发《湖北、江西、重庆电力调频辅助服务市场运行规则》的通知 属于同一研究链条,中,否,
EVO-00353,AUTO-20260427-2E09D15F4D,国家能源局西北监管局关于明确电力辅助服务市场价格机制等相关事项的通知,2025-07-01,AUTO-20260427-075F05064A,华东能源监管局关于扩展华东电力调峰辅助服务市场交易至日内...,2024-12-13,地方承接,辅助服务,西北区域->华东区域,主题链条：辅助服务；国家/区域/地方层级承接,国家能源局西北监管局关于明确电力辅助服务市场价格机制等相关事项的通知 与 华东能源监管局关于扩展华东电力调峰辅助服务市场交易至日内... 属于同一研究链条,中,否,
EVO-00354,AUTO-20260427-B95E146723,华北能源监管局关于征求京津唐电力调峰辅助服务市场运营规则 （征求意见稿）意见的通告,2025-11-17,AUTO-20260427-9AE8418A06,江苏能源监管办关于公开征求《江苏电力调频辅助服务市场交易规则（征求意见稿）》意见的公告,2025-10-31,地方承接,辅助服务,华北区域->江苏,主题链条：辅助服务；国家/区域/地方层级承接,华北能源监管局关于征求京津唐电力调峰辅助服务市场运营规则 （征求意见稿）意见的通告 与 江苏能源监管办关于公开征求《江苏电力调频辅助服务市场交易规则（征求意见稿）》意见的公告 属于同一研究链条,中,否,
EVO-00355,AUTO-20260427-B95E146723,华北能源监管局关于征求京津唐电力调峰辅助服务市场运营规则 （征求意见稿）意见的通告,2025-11-17,AUTO-20260425-3D4A64C4C0,关于公开征求《山东省电力并网运行管理实施细则(征求意见稿)》《山东省电力辅助服务管理实施细则(征求意见稿)》意见的通知,2025-09-30,地方承接,辅助服务,华北区域->山东,主题链条：辅助服务；国家/区域/地方层级承接,华北能源监管局关于征求京津唐电力调峰辅助服务市场运营规则 （征求意见稿）意见的通告 与 关于公开征求《山东省电力并网运行管理实施细则(征求意见稿)》《山东省电力辅助服务管理实施细则(征求意见稿)》意见的通知 属于同一研究链条,中,否,
EVO-00356,AUTO-20260427-20313BD46F,华北能源监管局关于征求“蒙西电力调频辅助服务交易实施细则”意见的函,2026-03-06,AUTO-20260424-08F5111897,关于印发《山东省电力并网运行管理实施细则》《山东省电力辅助服务管理实施细则》(修订稿)的通知,2026-01-06,配套文件,辅助服务,华北区域->山东,主题链条：辅助服务；国家/区域/地方层级承接,华北能源监管局关于征求“蒙西电力调频辅助服务交易实施细则”意见的函 与 关于印发《山东省电力并网运行管理实施细则》《山东省电力辅助服务管理实施细则》(修订稿)的通知 属于同一研究链条,中,否,
EVO-00357,AUTO-20260427-20313BD46F,华北能源监管局关于征求“蒙西电力调频辅助服务交易实施细则”意见的函,2026-03-06,AUTO-20260427-1188644239,关于印发《江苏电力并网运行管理实施细则》《江苏电力辅助服务管理实施细则》的通知,2025-12-30,配套文件,辅助服务,华北区域->江苏,主题链条：辅助服务；国家/区域/地方层级承接,华北能源监管局关于征求“蒙西电力调频辅助服务交易实施细则”意见的函 与 关于印发《江苏电力并网运行管理实施细则》《江苏电力辅助服务管理实施细则》的通知 属于同一研究链条,中,否,
EVO-00358,AUTO-20260427-8C78A58B24,关于印发《区域电网输电价格定价办法(试行)》《跨省跨区专项工程输电价格定价办法(试行)》和《关于制定地方电网和增量配电网配电价格的指导意见》的通知(发改价格规﹝2017﹞2269号),2018-01-03,AUTO-20260502-82EA1B2BDB,关于修订2017年电力直接交易规则的通知,2017-03-09,地方承接,电力市场,全国->山东,主题链条：电力市场；国家/区域/地方层级承接,关于印发《区域电网输电价格定价办法(试行)》《跨省跨区专项工程输电价格定价办法(试行)》和《关于制定地方电网和增量配电网配电价格的指导意见》的通知(发改价格规﹝2017﹞2269号) 与 关于修订2017年电力直接交易规则的通知 属于同一研究链条,中,否,
EVO-00359,AUTO-20260427-8C78A58B24,关于印发《区域电网输电价格定价办法(试行)》《跨省跨区专项工程输电价格定价办法(试行)》和《关于制定地方电网和增量配电网配电价格的指导意见》的通知(发改价格规﹝2017﹞2269号),2018-01-03,AUTO-20260502-9D85E1DB7A,关于印发《贵州省电力市场交易规则（试行）》的通知,2016-06-20,地方承接,电力市场,全国->贵州,主题链条：电力市场；国家/区域/地方层级承接,关于印发《区域电网输电价格定价办法(试行)》《跨省跨区专项工程输电价格定价办法(试行)》和《关于制定地方电网和增量配电网配电价格的指导意见》的通知(发改价格规﹝2017﹞2269号) 与 关于印发《贵州省电力市场交易规则（试行）》的通知 属于同一研究链条,中,否,
EVO-00360,AUTO-20260502-B2EA2CE0EA,京津冀绿色电力市场化交易规则（试行）,2018-11-29,AUTO-20260502-936B478D1F,关于做好2019年电力市场化交易注册绑定有关工作的通知,2018-10-29,地方承接,电力市场;绿电,华北区域->江苏,主题链条：电力市场；国家/区域/地方层级承接,京津冀绿色电力市场化交易规则（试行） 与 关于做好2019年电力市场化交易注册绑定有关工作的通知 属于同一研究链条,中,否,
EVO-00361,AUTO-20260502-B2EA2CE0EA,京津冀绿色电力市场化交易规则（试行）,2018-11-29,AUTO-20260502-C0039114F9,福建能源监管办关于征求《福建省电力市场交易规则(试行)》拟修订和补充条款意见的函（闽监能函〔2018〕148 号）,2018-10-19,地方承接,电力市场;绿电,华北区域->福建,主题链条：电力市场；国家/区域/地方层级承接,京津冀绿色电力市场化交易规则（试行） 与 福建能源监管办关于征求《福建省电力市场交易规则(试行)》拟修订和补充条款意见的函（闽监能函〔2018〕148 号） 属于同一研究链条,中,否,
EVO-00362,AUTO-20260502-2950343FAA,关于印发《新疆区域电力市场信息披露实施细则（试行）》的通知,2018-12-06,AUTO-20260502-B2EA2CE0EA,京津冀绿色电力市场化交易规则（试行）,2018-11-29,配套文件,电力市场,新疆->华北区域,主题链条：电力市场；国家/区域/地方层级承接,关于印发《新疆区域电力市场信息披露实施细则（试行）》的通知 与 京津冀绿色电力市场化交易规则（试行） 属于同一研究链条,中,否,
EVO-00363,AUTO-20260502-2950343FAA,关于印发《新疆区域电力市场信息披露实施细则（试行）》的通知,2018-12-06,AUTO-20260502-936B478D1F,关于做好2019年电力市场化交易注册绑定有关工作的通知,2018-10-29,配套文件,电力市场,新疆->江苏,主题链条：电力市场；国家/区域/地方层级承接,关于印发《新疆区域电力市场信息披露实施细则（试行）》的通知 与 关于做好2019年电力市场化交易注册绑定有关工作的通知 属于同一研究链条,中,否,
EVO-00364,AUTO-20260502-602A69864D,华北能源监管局关于征求蒙西电力市场交易规则意见的函,2019-04-28,AUTO-20260427-0276F5E7CC,关于修订《山东省电力市场监管办法(试行)》的通知,2019-04-02,地方承接,电力市场,华北区域->山东,主题链条：电力市场；国家/区域/地方层级承接,华北能源监管局关于征求蒙西电力市场交易规则意见的函 与 关于修订《山东省电力市场监管办法(试行)》的通知 属于同一研究链条,中,否,
EVO-00365,AUTO-20260502-602A69864D,华北能源监管局关于征求蒙西电力市场交易规则意见的函,2019-04-28,AUTO-20260502-60F4C79A3D,关于印发《新疆电力市场监管实施细则（试行）》的通知,2019-01-17,地方承接,电力市场,华北区域->新疆,主题链条：电力市场；国家/区域/地方层级承接,华北能源监管局关于征求蒙西电力市场交易规则意见的函 与 关于印发《新疆电力市场监管实施细则（试行）》的通知 属于同一研究链条,中,否,
EVO-00366,AUTO-20260502-2B57477E38,华北能源监管局关于印发蒙西电力市场系列规则的通知,2019-06-13,AUTO-20260502-602A69864D,华北能源监管局关于征求蒙西电力市场交易规则意见的函,2019-04-28,地方承接,电力市场,华北区域->华北区域,主题链条：电力市场；国家/区域/地方层级承接,华北能源监管局关于印发蒙西电力市场系列规则的通知 与 华北能源监管局关于征求蒙西电力市场交易规则意见的函 属于同一研究链条,中,否,
EVO-00367,AUTO-20260502-2B57477E38,华北能源监管局关于印发蒙西电力市场系列规则的通知,2019-06-13,AUTO-20260427-0276F5E7CC,关于修订《山东省电力市场监管办法(试行)》的通知,2019-04-02,地方承接,电力市场,华北区域->山东,主题链条：电力市场；国家/区域/地方层级承接,华北能源监管局关于印发蒙西电力市场系列规则的通知 与 关于修订《山东省电力市场监管办法(试行)》的通知 属于同一研究链条,中,否,
EVO-00368,AUTO-20260502-59B23CBDC6,华北能源监管局关于征求蒙西电力市场调频和备用辅助服务交易实施细则意见的函,2020-05-11,AUTO-20260502-91F27D9B7D,关于印发《新疆电力市场信息报送实施细则（试行）》的通知,2020-04-14,配套文件,电力市场;辅助服务,华北区域->新疆,主题链条：电力市场；国家/区域/地方层级承接,华北能源监管局关于征求蒙西电力市场调频和备用辅助服务交易实施细则意见的函 与 关于印发《新疆电力市场信息报送实施细则（试行）》的通知 属于同一研究链条,中,否,
EVO-00369,AUTO-20260502-59B23CBDC6,华北能源监管局关于征求蒙西电力市场调频和备用辅助服务交易实施细则意见的函,2020-05-11,AUTO-20260427-5D282BE538,关于对山东广能节能科技有限公司违反电力市场交易规则情况的通报,2019-12-25,配套文件,电力市场;辅助服务,华北区域->山东,主题链条：电力市场；国家/区域/地方层级承接,华北能源监管局关于征求蒙西电力市场调频和备用辅助服务交易实施细则意见的函 与 关于对山东广能节能科技有限公司违反电力市场交易规则情况的通报 属于同一研究链条,中,否,
EVO-00370,AUTO-20260502-2D4C6E9F5F,华北能源监管局关于印发蒙西电力市场调频、备用两个辅助服务交易实施细则的通知,2020-06-18,AUTO-20260502-59B23CBDC6,华北能源监管局关于征求蒙西电力市场调频和备用辅助服务交易实施细则意见的函,2020-05-11,配套文件,电力市场;辅助服务,华北区域->华北区域,主题链条：电力市场；国家/区域/地方层级承接,华北能源监管局关于印发蒙西电力市场调频、备用两个辅助服务交易实施细则的通知 与 华北能源监管局关于征求蒙西电力市场调频和备用辅助服务交易实施细则意见的函 属于同一研究链条,中,否,
EVO-00371,AUTO-20260502-2D4C6E9F5F,华北能源监管局关于印发蒙西电力市场调频、备用两个辅助服务交易实施细则的通知,2020-06-18,AUTO-20260502-91F27D9B7D,关于印发《新疆电力市场信息报送实施细则（试行）》的通知,2020-04-14,配套文件,电力市场;辅助服务,华北区域->新疆,主题链条：电力市场；国家/区域/地方层级承接,华北能源监管局关于印发蒙西电力市场调频、备用两个辅助服务交易实施细则的通知 与 关于印发《新疆电力市场信息报送实施细则（试行）》的通知 属于同一研究链条,中,否,
EVO-00372,AUTO-20260502-CCC64E163E,华北能源监管局关于公开征求京津冀绿色电力市场化交易规则和京津冀绿色电力市场化交易优先调度实施细则意见,2020-11-09,AUTO-20260502-B2EA2CE0EA,京津冀绿色电力市场化交易规则（试行）,2018-11-29,配套文件,电力市场;绿电,华北区域->华北区域,主题链条：电力市场；国家/区域/地方层级承接,华北能源监管局关于公开征求京津冀绿色电力市场化交易规则和京津冀绿色电力市场化交易优先调度实施细则意见 与 京津冀绿色电力市场化交易规则（试行） 属于同一研究链条,中,否,
EVO-00373,AUTO-20260502-CCC64E163E,华北能源监管局关于公开征求京津冀绿色电力市场化交易规则和京津冀绿色电力市场化交易优先调度实施细则意见,2020-11-09,AUTO-20260502-2EA2D2C696,关于印发《新疆电力市场交易信用评价及评定管理办法（试行）》的通知,2020-09-22,配套文件,电力市场;绿电,华北区域->新疆,主题链条：电力市场；国家/区域/地方层级承接,华北能源监管局关于公开征求京津冀绿色电力市场化交易规则和京津冀绿色电力市场化交易优先调度实施细则意见 与 关于印发《新疆电力市场交易信用评价及评定管理办法（试行）》的通知 属于同一研究链条,中,否,
EVO-00374,AUTO-20260502-AD195410B7,华北能源监管局关于印发京津冀绿色电力市场化交易规则及配套优先调度实施细则的通知,2021-01-28,AUTO-20260502-CCC64E163E,华北能源监管局关于公开征求京津冀绿色电力市场化交易规则和京津冀绿色电力市场化交易优先调度实施细则意见,2020-11-09,配套文件,电力市场;绿电,华北区域->华北区域,主题链条：电力市场；国家/区域/地方层级承接,华北能源监管局关于印发京津冀绿色电力市场化交易规则及配套优先调度实施细则的通知 与 华北能源监管局关于公开征求京津冀绿色电力市场化交易规则和京津冀绿色电力市场化交易优先调度实施细则意见 属于同一研究链条,中,否,
EVO-00375,AUTO-20260502-AD195410B7,华北能源监管局关于印发京津冀绿色电力市场化交易规则及配套优先调度实施细则的通知,2021-01-28,AUTO-20260502-B2EA2CE0EA,京津冀绿色电力市场化交易规则（试行）,2018-11-29,配套文件,电力市场;绿电,华北区域->华北区域,主题链条：电力市场；国家/区域/地方层级承接,华北能源监管局关于印发京津冀绿色电力市场化交易规则及配套优先调度实施细则的通知 与 京津冀绿色电力市场化交易规则（试行） 属于同一研究链条,中,否,
EVO-00376,AUTO-20260502-3309DC7CA7,关于开展电力市场交易规则体系建设情况调研的函,2021-05-12,AUTO-20260502-F19174E368,关于印发《福建省电力市场中长期交易规则》补充修订内容的通知,2021-03-19,地方承接,电力市场,南方区域->福建,主题链条：电力市场；国家/区域/地方层级承接,关于开展电力市场交易规则体系建设情况调研的函 与 关于印发《福建省电力市场中长期交易规则》补充修订内容的通知 属于同一研究链条,中,否,
EVO-00377,AUTO-20260502-3309DC7CA7,关于开展电力市场交易规则体系建设情况调研的函,2021-05-12,AUTO-20260427-257CE410F0,关于推进电力源网荷储一体化和多能互补发展的指导意见(发改能源规〔2021〕280号),2021-03-05,地方承接,电力市场,南方区域->全国,主题链条：电力市场；国家/区域/地方层级承接,关于开展电力市场交易规则体系建设情况调研的函 与 关于推进电力源网荷储一体化和多能互补发展的指导意见(发改能源规〔2021〕280号) 属于同一研究链条,中,否,
EVO-00378,AUTO-20260502-887CA055C6,关于统调统分燃煤发电市场化交易配比电量上网电价有关事项的通知（川发改价格〔2021〕265号）,2021-08-09,AUTO-20260502-3309DC7CA7,关于开展电力市场交易规则体系建设情况调研的函,2021-05-12,地方承接,电力市场,四川->南方区域,主题链条：电力市场；国家/区域/地方层级承接,关于统调统分燃煤发电市场化交易配比电量上网电价有关事项的通知（川发改价格〔2021〕265号） 与 关于开展电力市场交易规则体系建设情况调研的函 属于同一研究链条,中,否,
EVO-00379,AUTO-20260502-887CA055C6,关于统调统分燃煤发电市场化交易配比电量上网电价有关事项的通知（川发改价格〔2021〕265号）,2021-08-09,AUTO-20260502-F19174E368,关于印发《福建省电力市场中长期交易规则》补充修订内容的通知,2021-03-19,地方承接,电力市场,四川->福建,主题链条：电力市场；国家/区域/地方层级承接,关于统调统分燃煤发电市场化交易配比电量上网电价有关事项的通知（川发改价格〔2021〕265号） 与 关于印发《福建省电力市场中长期交易规则》补充修订内容的通知 属于同一研究链条,中,否,
EVO-00380,AUTO-20260427-FA91B2D801,华北能源监管局关于再次征求华北电力调峰容量市场运营规则意见通知,2021-09-06,AUTO-20260502-3309DC7CA7,关于开展电力市场交易规则体系建设情况调研的函,2021-05-12,地方承接,电力市场,华北区域->南方区域,主题链条：电力市场；国家/区域/地方层级承接,华北能源监管局关于再次征求华北电力调峰容量市场运营规则意见通知 与 关于开展电力市场交易规则体系建设情况调研的函 属于同一研究链条,中,否,
EVO-00381,AUTO-20260427-FA91B2D801,华北能源监管局关于再次征求华北电力调峰容量市场运营规则意见通知,2021-09-06,AUTO-20260502-F19174E368,关于印发《福建省电力市场中长期交易规则》补充修订内容的通知,2021-03-19,地方承接,电力市场,华北区域->福建,主题链条：电力市场；国家/区域/地方层级承接,华北能源监管局关于再次征求华北电力调峰容量市场运营规则意见通知 与 关于印发《福建省电力市场中长期交易规则》补充修订内容的通知 属于同一研究链条,中,否,
EVO-00382,AUTO-20260502-D90E15BDC5,关于印发《南方区域电力市场监管实施办法（试行）》的通知,2021-10-26,AUTO-20260427-51EB30208F,关于印发《跨省跨区专项工程输电价格定价办法》的通知(发改价格规〔2021〕1455号),2021-10-15,地方承接,电力市场,南方区域->全国,主题链条：电力市场；国家/区域/地方层级承接,关于印发《南方区域电力市场监管实施办法（试行）》的通知 与 关于印发《跨省跨区专项工程输电价格定价办法》的通知(发改价格规〔2021〕1455号) 属于同一研究链条,中,否,
EVO-00383,AUTO-20260502-D90E15BDC5,关于印发《南方区域电力市场监管实施办法（试行）》的通知,2021-10-26,AUTO-20260427-42E984C2AA,关于进一步深化燃煤发电上网电价市场化改革的通知(发改价格〔2021〕1439号),2021-10-12,地方承接,电力市场,南方区域->全国,主题链条：电力市场；国家/区域/地方层级承接,关于印发《南方区域电力市场监管实施办法（试行）》的通知 与 关于进一步深化燃煤发电上网电价市场化改革的通知(发改价格〔2021〕1439号) 属于同一研究链条,中,否,
EVO-00384,AUTO-20260427-D18D54C2E0,华中能源监管局关于印发《新型市场主体参与华中电力调峰辅助服务市场规则（试行）》的通知,2021-11-23,AUTO-20260427-A83640585B,关于印发《江苏电力市场用户可调负荷参与辅助服务市场交易规则（试行）》的通知,2020-11-10,地方承接,电力市场;辅助服务,华中区域->江苏,主题链条：电力市场；国家/区域/地方层级承接,华中能源监管局关于印发《新型市场主体参与华中电力调峰辅助服务市场规则（试行）》的通知 与 关于印发《江苏电力市场用户可调负荷参与辅助服务市场交易规则（试行）》的通知 属于同一研究链条,中,否,
EVO-00385,AUTO-20260427-D18D54C2E0,华中能源监管局关于印发《新型市场主体参与华中电力调峰辅助服务市场规则（试行）》的通知,2021-11-23,AUTO-20260502-2D4C6E9F5F,华北能源监管局关于印发蒙西电力市场调频、备用两个辅助服务交易实施细则的通知,2020-06-18,地方承接,电力市场;辅助服务,华中区域->华北区域,主题链条：电力市场；国家/区域/地方层级承接,华中能源监管局关于印发《新型市场主体参与华中电力调峰辅助服务市场规则（试行）》的通知 与 华北能源监管局关于印发蒙西电力市场调频、备用两个辅助服务交易实施细则的通知 属于同一研究链条,中,否,
EVO-00386,AUTO-20260502-10954479AD,市工业和信息化局关于做好天津市2022年电力市场化交易工作的通知,2021-12-20,AUTO-20260427-D18D54C2E0,华中能源监管局关于印发《新型市场主体参与华中电力调峰辅助服务市场规则（试行）》的通知,2021-11-23,地方承接,电力市场,天津->华中区域,主题链条：电力市场；国家/区域/地方层级承接,市工业和信息化局关于做好天津市2022年电力市场化交易工作的通知 与 华中能源监管局关于印发《新型市场主体参与华中电力调峰辅助服务市场规则（试行）》的通知 属于同一研究链条,中,否,
EVO-00387,AUTO-20260502-10954479AD,市工业和信息化局关于做好天津市2022年电力市场化交易工作的通知,2021-12-20,AUTO-20260502-D90E15BDC5,关于印发《南方区域电力市场监管实施办法（试行）》的通知,2021-10-26,地方承接,电力市场,天津->南方区域,主题链条：电力市场；国家/区域/地方层级承接,市工业和信息化局关于做好天津市2022年电力市场化交易工作的通知 与 关于印发《南方区域电力市场监管实施办法（试行）》的通知 属于同一研究链条,中,否,
EVO-00388,AUTO-20260502-E3C5794853,关于南方（以广东起步）电力现货市场 2022年结算试运行市场监管有关事项的通知,2022-01-07,AUTO-20260502-63CC94BB35,福建能源监管办关于征求《关于完善福建省电力市场中长期交易规则的若干意见》（征求意见稿）意见的函,2021-12-29,地方承接,电力市场,南方区域->福建,主题链条：电力市场；国家/区域/地方层级承接,关于南方（以广东起步）电力现货市场 2022年结算试运行市场监管有关事项的通知 与 福建能源监管办关于征求《关于完善福建省电力市场中长期交易规则的若干意见》（征求意见稿）意见的函 属于同一研究链条,中,否,
EVO-00389,AUTO-20260502-E3C5794853,关于南方（以广东起步）电力现货市场 2022年结算试运行市场监管有关事项的通知,2022-01-07,AUTO-20260427-D18D54C2E0,华中能源监管局关于印发《新型市场主体参与华中电力调峰辅助服务市场规则（试行）》的通知,2021-11-23,地方承接,电力市场,南方区域->华中区域,主题链条：电力市场；国家/区域/地方层级承接,关于南方（以广东起步）电力现货市场 2022年结算试运行市场监管有关事项的通知 与 华中能源监管局关于印发《新型市场主体参与华中电力调峰辅助服务市场规则（试行）》的通知 属于同一研究链条,中,否,
EVO-00390,AUTO-20260502-08415C6396,南方能源监管局审定发布2022年南方（以广东起步）现货市场试运行市场规则体系,2022-01-19,AUTO-20260502-E3C5794853,关于南方（以广东起步）电力现货市场 2022年结算试运行市场监管有关事项的通知,2022-01-07,地方承接,电力市场,南方区域->南方区域,主题链条：电力市场；国家/区域/地方层级承接,南方能源监管局审定发布2022年南方（以广东起步）现货市场试运行市场规则体系 与 关于南方（以广东起步）电力现货市场 2022年结算试运行市场监管有关事项的通知 属于同一研究链条,中,否,
EVO-00391,AUTO-20260502-08415C6396,南方能源监管局审定发布2022年南方（以广东起步）现货市场试运行市场规则体系,2022-01-19,AUTO-20260502-63CC94BB35,福建能源监管办关于征求《关于完善福建省电力市场中长期交易规则的若干意见》（征求意见稿）意见的函,2021-12-29,地方承接,电力市场,南方区域->福建,主题链条：电力市场；国家/区域/地方层级承接,南方能源监管局审定发布2022年南方（以广东起步）现货市场试运行市场规则体系 与 福建能源监管办关于征求《关于完善福建省电力市场中长期交易规则的若干意见》（征求意见稿）意见的函 属于同一研究链条,中,否,
EVO-00392,AUTO-20260427-ED23AB24F7,关于印发《南方区域绿色电力交易规则（试行）》的通知,2022-01-28,AUTO-20260502-08415C6396,南方能源监管局审定发布2022年南方（以广东起步）现货市场试运行市场规则体系,2022-01-19,地方承接,电力市场,南方区域->南方区域,主题链条：电力市场；国家/区域/地方层级承接,关于印发《南方区域绿色电力交易规则（试行）》的通知 与 南方能源监管局审定发布2022年南方（以广东起步）现货市场试运行市场规则体系 属于同一研究链条,中,否,
EVO-00393,AUTO-20260427-ED23AB24F7,关于印发《南方区域绿色电力交易规则（试行）》的通知,2022-01-28,AUTO-20260502-E3C5794853,关于南方（以广东起步）电力现货市场 2022年结算试运行市场监管有关事项的通知,2022-01-07,地方承接,电力市场,南方区域->南方区域,主题链条：电力市场；国家/区域/地方层级承接,关于印发《南方区域绿色电力交易规则（试行）》的通知 与 关于南方（以广东起步）电力现货市场 2022年结算试运行市场监管有关事项的通知 属于同一研究链条,中,否,
EVO-00394,AUTO-20260427-ACF967E65E,华中能源监管局关于印发《华中区域电力市场信息披露办法》的通知,2022-04-01,AUTO-20260424-FD9AA2BEA1,国家发展改革委 国家能源局关于加快建设全国统一电力市场体系的指导意见,2022-01-30,地方承接,电力市场,华中区域->全国,主题链条：电力市场；国家/区域/地方层级承接,华中能源监管局关于印发《华中区域电力市场信息披露办法》的通知 与 国家发展改革委 国家能源局关于加快建设全国统一电力市场体系的指导意见 属于同一研究链条,中,否,
EVO-00395,AUTO-20260427-ACF967E65E,华中能源监管局关于印发《华中区域电力市场信息披露办法》的通知,2022-04-01,AUTO-20260502-08415C6396,南方能源监管局审定发布2022年南方（以广东起步）现货市场试运行市场规则体系,2022-01-19,地方承接,电力市场,华中区域->南方区域,主题链条：电力市场；国家/区域/地方层级承接,华中能源监管局关于印发《华中区域电力市场信息披露办法》的通知 与 南方能源监管局审定发布2022年南方（以广东起步）现货市场试运行市场规则体系 属于同一研究链条,中,否,
EVO-00396,AUTO-20260427-6348CCF597,关于审定广西电力市场中长期电能量交易等实施细则的复函,2022-04-18,AUTO-20260424-FD9AA2BEA1,国家发展改革委 国家能源局关于加快建设全国统一电力市场体系的指导意见,2022-01-30,配套文件,电力市场,南方区域->全国,主题链条：电力市场；国家/区域/地方层级承接,关于审定广西电力市场中长期电能量交易等实施细则的复函 与 国家发展改革委 国家能源局关于加快建设全国统一电力市场体系的指导意见 属于同一研究链条,中,否,
EVO-00397,AUTO-20260427-6348CCF597,关于审定广西电力市场中长期电能量交易等实施细则的复函,2022-04-18,AUTO-20260502-63CC94BB35,福建能源监管办关于征求《关于完善福建省电力市场中长期交易规则的若干意见》（征求意见稿）意见的函,2021-12-29,配套文件,电力市场,南方区域->福建,主题链条：电力市场；国家/区域/地方层级承接,关于审定广西电力市场中长期电能量交易等实施细则的复函 与 福建能源监管办关于征求《关于完善福建省电力市场中长期交易规则的若干意见》（征求意见稿）意见的函 属于同一研究链条,中,否,
EVO-00398,AUTO-20260502-5CD4474B0A,广东省发展改革委 广东省能源局转发关于进一步推动新型储能参与电力市场和调度运用和“十四五”新型储能发展实施方案的通知,2022-06-24,AUTO-20260427-0ABCD56E46,关于进一步推动新型储能参与电力市场和调度运用的通知(发改办运行〔2022〕475号),2022-06-07,地方承接,电力市场;储能,广东->全国,主题链条：电力市场；国家/区域/地方层级承接,广东省发展改革委 广东省能源局转发关于进一步推动新型储能参与电力市场和调度运用和“十四五”新型储能发展实施方案的通知 与 关于进一步推动新型储能参与电力市场和调度运用的通知(发改办运行〔2022〕475号) 属于同一研究链条,中,否,
EVO-00399,AUTO-20260502-5CD4474B0A,广东省发展改革委 广东省能源局转发关于进一步推动新型储能参与电力市场和调度运用和“十四五”新型储能发展实施方案的通知,2022-06-24,AUTO-20260427-6348CCF597,关于审定广西电力市场中长期电能量交易等实施细则的复函,2022-04-18,地方承接,电力市场;储能,广东->南方区域,主题链条：电力市场；国家/区域/地方层级承接,广东省发展改革委 广东省能源局转发关于进一步推动新型储能参与电力市场和调度运用和“十四五”新型储能发展实施方案的通知 与 关于审定广西电力市场中长期电能量交易等实施细则的复函 属于同一研究链条,中,否,
EVO-00400,AUTO-20260502-DEF04B1A76,市工业和信息化局关于做好天津市2023年电力市场化交易工作的通知,2022-11-16,AUTO-20260427-0ABCD56E46,关于进一步推动新型储能参与电力市场和调度运用的通知(发改办运行〔2022〕475号),2022-06-07,地方承接,电力市场,天津->全国,主题链条：电力市场；国家/区域/地方层级承接,市工业和信息化局关于做好天津市2023年电力市场化交易工作的通知 与 关于进一步推动新型储能参与电力市场和调度运用的通知(发改办运行〔2022〕475号) 属于同一研究链条,中,否,
EVO-00401,AUTO-20260502-DEF04B1A76,市工业和信息化局关于做好天津市2023年电力市场化交易工作的通知,2022-11-16,AUTO-20260427-6348CCF597,关于审定广西电力市场中长期电能量交易等实施细则的复函,2022-04-18,地方承接,电力市场,天津->南方区域,主题链条：电力市场；国家/区域/地方层级承接,市工业和信息化局关于做好天津市2023年电力市场化交易工作的通知 与 关于审定广西电力市场中长期电能量交易等实施细则的复函 属于同一研究链条,中,否,
EVO-00402,AUTO-20260502-DAE6DF96FD,广东省能源局 国家能源局南方监管局关于印发广东省新型储能参与电力市场交易实施方案的通知,2023-04-04,AUTO-20260427-0ABCD56E46,关于进一步推动新型储能参与电力市场和调度运用的通知(发改办运行〔2022〕475号),2022-06-07,地方承接,电力市场;储能,广东->全国,主题链条：电力市场；国家/区域/地方层级承接,广东省能源局 国家能源局南方监管局关于印发广东省新型储能参与电力市场交易实施方案的通知 与 关于进一步推动新型储能参与电力市场和调度运用的通知(发改办运行〔2022〕475号) 属于同一研究链条,中,否,
EVO-00403,AUTO-20260502-DAE6DF96FD,广东省能源局 国家能源局南方监管局关于印发广东省新型储能参与电力市场交易实施方案的通知,2023-04-04,AUTO-20260427-6348CCF597,关于审定广西电力市场中长期电能量交易等实施细则的复函,2022-04-18,地方承接,电力市场;储能,广东->南方区域,主题链条：电力市场；国家/区域/地方层级承接,广东省能源局 国家能源局南方监管局关于印发广东省新型储能参与电力市场交易实施方案的通知 与 关于审定广西电力市场中长期电能量交易等实施细则的复函 属于同一研究链条,中,否,
EVO-00404,AUTO-20260427-B436377657,关于印发《南方区域跨省（区）电力应急调度暂行规则》的通知,2023-10-08,AUTO-20260427-0ABCD56E46,关于进一步推动新型储能参与电力市场和调度运用的通知(发改办运行〔2022〕475号),2022-06-07,地方承接,电力市场,南方区域->全国,主题链条：电力市场；国家/区域/地方层级承接,关于印发《南方区域跨省（区）电力应急调度暂行规则》的通知 与 关于进一步推动新型储能参与电力市场和调度运用的通知(发改办运行〔2022〕475号) 属于同一研究链条,中,否,
EVO-00405,AUTO-20260427-B436377657,关于印发《南方区域跨省（区）电力应急调度暂行规则》的通知,2023-10-08,AUTO-20260427-6348CCF597,关于审定广西电力市场中长期电能量交易等实施细则的复函,2022-04-18,地方承接,电力市场,南方区域->南方区域,主题链条：电力市场；国家/区域/地方层级承接,关于印发《南方区域跨省（区）电力应急调度暂行规则》的通知 与 关于审定广西电力市场中长期电能量交易等实施细则的复函 属于同一研究链条,中,否,
EVO-00406,AUTO-20260502-3905C0AD10,山西省发展和改革委员会山西省能源局关于印发《山西省煤炭行业碳达峰实施方案》的通知,2023-10-19,AUTO-20260427-B436377657,关于印发《南方区域跨省（区）电力应急调度暂行规则》的通知,2023-10-08,地方承接,电力市场,山西->南方区域,主题链条：电力市场；国家/区域/地方层级承接,山西省发展和改革委员会山西省能源局关于印发《山西省煤炭行业碳达峰实施方案》的通知 与 关于印发《南方区域跨省（区）电力应急调度暂行规则》的通知 属于同一研究链条,中,否,
EVO-00407,AUTO-20260502-3905C0AD10,山西省发展和改革委员会山西省能源局关于印发《山西省煤炭行业碳达峰实施方案》的通知,2023-10-19,AUTO-20260427-0ABCD56E46,关于进一步推动新型储能参与电力市场和调度运用的通知(发改办运行〔2022〕475号),2022-06-07,地方承接,电力市场,山西->全国,主题链条：电力市场；国家/区域/地方层级承接,山西省发展和改革委员会山西省能源局关于印发《山西省煤炭行业碳达峰实施方案》的通知 与 关于进一步推动新型储能参与电力市场和调度运用的通知(发改办运行〔2022〕475号) 属于同一研究链条,中,否,
EVO-00408,AUTO-20260427-C4E6EA0484,关于印发山西省电力市场化交易专项整治工作方案的通知,2023-10-20,AUTO-20260427-B436377657,关于印发《南方区域跨省（区）电力应急调度暂行规则》的通知,2023-10-08,地方承接,电力市场,山西->南方区域,主题链条：电力市场；国家/区域/地方层级承接,关于印发山西省电力市场化交易专项整治工作方案的通知 与 关于印发《南方区域跨省（区）电力应急调度暂行规则》的通知 属于同一研究链条,中,否,
EVO-00409,AUTO-20260427-C4E6EA0484,关于印发山西省电力市场化交易专项整治工作方案的通知,2023-10-20,AUTO-20260427-0ABCD56E46,关于进一步推动新型储能参与电力市场和调度运用的通知(发改办运行〔2022〕475号),2022-06-07,地方承接,电力市场,山西->全国,主题链条：电力市场；国家/区域/地方层级承接,关于印发山西省电力市场化交易专项整治工作方案的通知 与 关于进一步推动新型储能参与电力市场和调度运用的通知(发改办运行〔2022〕475号) 属于同一研究链条,中,否,
EVO-00410,AUTO-20260427-9BE26E7413,市工业和信息化局关于做好天津市2024年电力市场化交易工作的通知_委局文件_政务公开,2023-11-07,AUTO-20260427-B436377657,关于印发《南方区域跨省（区）电力应急调度暂行规则》的通知,2023-10-08,地方承接,电力市场,天津->南方区域,主题链条：电力市场；国家/区域/地方层级承接,市工业和信息化局关于做好天津市2024年电力市场化交易工作的通知_委局文件_政务公开 与 关于印发《南方区域跨省（区）电力应急调度暂行规则》的通知 属于同一研究链条,中,否,
EVO-00411,AUTO-20260427-9BE26E7413,市工业和信息化局关于做好天津市2024年电力市场化交易工作的通知_委局文件_政务公开,2023-11-07,AUTO-20260427-0ABCD56E46,关于进一步推动新型储能参与电力市场和调度运用的通知(发改办运行〔2022〕475号),2022-06-07,地方承接,电力市场,天津->全国,主题链条：电力市场；国家/区域/地方层级承接,市工业和信息化局关于做好天津市2024年电力市场化交易工作的通知_委局文件_政务公开 与 关于进一步推动新型储能参与电力市场和调度运用的通知(发改办运行〔2022〕475号) 属于同一研究链条,中,否,
EVO-00412,AUTO-20260502-26D33939CF,国家能源局西北监管局关于印发《西北区域电力并网运行管理实施细则》《西北区域电力辅助服务管理实施细则》的通知,2023-11-22,AUTO-20260424-FD9AA2BEA1,国家发展改革委 国家能源局关于加快建设全国统一电力市场体系的指导意见,2022-01-30,配套文件,电力市场;辅助服务,西北区域->全国,主题链条：电力市场；国家/区域/地方层级承接,国家能源局西北监管局关于印发《西北区域电力并网运行管理实施细则》《西北区域电力辅助服务管理实施细则》的通知 与 国家发展改革委 国家能源局关于加快建设全国统一电力市场体系的指导意见 属于同一研究链条,中,否,
EVO-00413,AUTO-20260502-26D33939CF,国家能源局西北监管局关于印发《西北区域电力并网运行管理实施细则》《西北区域电力辅助服务管理实施细则》的通知,2023-11-22,AUTO-20260427-D18D54C2E0,华中能源监管局关于印发《新型市场主体参与华中电力调峰辅助服务市场规则（试行）》的通知,2021-11-23,配套文件,电力市场;辅助服务,西北区域->华中区域,主题链条：电力市场；国家/区域/地方层级承接,国家能源局西北监管局关于印发《西北区域电力并网运行管理实施细则》《西北区域电力辅助服务管理实施细则》的通知 与 华中能源监管局关于印发《新型市场主体参与华中电力调峰辅助服务市场规则（试行）》的通知 属于同一研究链条,中,否,
EVO-00414,AUTO-20260427-EE7FE966EB,关于印发《广东、广西、海南发电机组进入及退出商业运营实施细则》的通知,2023-11-24,AUTO-20260502-26D33939CF,国家能源局西北监管局关于印发《西北区域电力并网运行管理实施细则》《西北区域电力辅助服务管理实施细则》的通知,2023-11-22,配套文件,电力市场,南方区域->西北区域,主题链条：电力市场；国家/区域/地方层级承接,关于印发《广东、广西、海南发电机组进入及退出商业运营实施细则》的通知 与 国家能源局西北监管局关于印发《西北区域电力并网运行管理实施细则》《西北区域电力辅助服务管理实施细则》的通知 属于同一研究链条,中,否,
EVO-00415,AUTO-20260427-EE7FE966EB,关于印发《广东、广西、海南发电机组进入及退出商业运营实施细则》的通知,2023-11-24,AUTO-20260427-B436377657,关于印发《南方区域跨省（区）电力应急调度暂行规则》的通知,2023-10-08,配套文件,电力市场,南方区域->南方区域,主题链条：电力市场；国家/区域/地方层级承接,关于印发《广东、广西、海南发电机组进入及退出商业运营实施细则》的通知 与 关于印发《南方区域跨省（区）电力应急调度暂行规则》的通知 属于同一研究链条,中,否,
EVO-00416,AUTO-20260427-A5A96B278D,关于印发电力市场规则体系（V14.0）的通知,2024-01-24,AUTO-20260426-09ACA5D018,关于公开征求《山东电力市场规则(试行)》(征求意见稿)意见的通知,2024-01-08,地方承接,电力市场,山西->山东,主题链条：电力市场；国家/区域/地方层级承接,关于印发电力市场规则体系（V14.0）的通知 与 关于公开征求《山东电力市场规则(试行)》(征求意见稿)意见的通知 属于同一研究链条,中,否,
EVO-00417,AUTO-20260427-A5A96B278D,关于印发电力市场规则体系（V14.0）的通知,2024-01-24,AUTO-20260427-EE7FE966EB,关于印发《广东、广西、海南发电机组进入及退出商业运营实施细则》的通知,2023-11-24,地方承接,电力市场,山西->南方区域,主题链条：电力市场；国家/区域/地方层级承接,关于印发电力市场规则体系（V14.0）的通知 与 关于印发《广东、广西、海南发电机组进入及退出商业运营实施细则》的通知 属于同一研究链条,中,否,
EVO-00418,AUTO-20260427-98DA675CE3,关于印发电力市场规则体系（V14.0）的通知,2024-01-24,AUTO-20260426-09ACA5D018,关于公开征求《山东电力市场规则(试行)》(征求意见稿)意见的通知,2024-01-08,地方承接,电力市场,山西->山东,主题链条：电力市场；国家/区域/地方层级承接,关于印发电力市场规则体系（V14.0）的通知 与 关于公开征求《山东电力市场规则(试行)》(征求意见稿)意见的通知 属于同一研究链条,中,否,
EVO-00419,AUTO-20260427-98DA675CE3,关于印发电力市场规则体系（V14.0）的通知,2024-01-24,AUTO-20260427-EE7FE966EB,关于印发《广东、广西、海南发电机组进入及退出商业运营实施细则》的通知,2023-11-24,地方承接,电力市场,山西->南方区域,主题链条：电力市场；国家/区域/地方层级承接,关于印发电力市场规则体系（V14.0）的通知 与 关于印发《广东、广西、海南发电机组进入及退出商业运营实施细则》的通知 属于同一研究链条,中,否,
EVO-00420,AUTO-20260427-780DD684D9,电力市场运行基本规则,2024-04-25,AUTO-20260426-0E5C62271F,《山东电力市场规则(试行)》编制说明,2024-04-20,地方承接,电力市场,南方区域->山东,主题链条：电力市场；国家/区域/地方层级承接,电力市场运行基本规则 与 《山东电力市场规则(试行)》编制说明 属于同一研究链条,中,否,
EVO-00421,AUTO-20260427-780DD684D9,电力市场运行基本规则,2024-04-25,AUTO-20260426-0A6267C300,关于征求《山东电力市场参数(试行)》(征求意见稿)意见的公告,2024-04-19,地方承接,电力市场,南方区域->山东,主题链条：电力市场；国家/区域/地方层级承接,电力市场运行基本规则 与 关于征求《山东电力市场参数(试行)》(征求意见稿)意见的公告 属于同一研究链条,中,否,
EVO-00422,AUTO-20260427-D81BDF16D0,第20号_中华人民共和国国家发展和改革委员会令（电力市场运行基本规则）,2024-04-28,AUTO-20260426-0E5C62271F,《山东电力市场规则(试行)》编制说明,2024-04-20,地方承接,电力市场,南方区域->山东,主题链条：电力市场；国家/区域/地方层级承接,第20号_中华人民共和国国家发展和改革委员会令（电力市场运行基本规则） 与 《山东电力市场规则(试行)》编制说明 属于同一研究链条,中,否,
EVO-00423,AUTO-20260427-D81BDF16D0,第20号_中华人民共和国国家发展和改革委员会令（电力市场运行基本规则）,2024-04-28,AUTO-20260426-0A6267C300,关于征求《山东电力市场参数(试行)》(征求意见稿)意见的公告,2024-04-19,地方承接,电力市场,南方区域->山东,主题链条：电力市场；国家/区域/地方层级承接,第20号_中华人民共和国国家发展和改革委员会令（电力市场运行基本规则） 与 关于征求《山东电力市场参数(试行)》(征求意见稿)意见的公告 属于同一研究链条,中,否,
EVO-00424,AUTO-20260427-CA2DDC4243,关于发布广东电力市场配套实施细则（2024年修订）的通知,2024-05-10,AUTO-20260424-10A4BBBC6D,电力市场运行基本规则_国家发展和改革委员会,2024-04-18,配套文件,电力市场,南方区域->全国,主题链条：电力市场；国家/区域/地方层级承接,关于发布广东电力市场配套实施细则（2024年修订）的通知 与 电力市场运行基本规则_国家发展和改革委员会 属于同一研究链条,中,否,
EVO-00425,AUTO-20260427-CA2DDC4243,关于发布广东电力市场配套实施细则（2024年修订）的通知,2024-05-10,AUTO-20260426-0E5C62271F,《山东电力市场规则(试行)》编制说明,2024-04-20,配套文件,电力市场,南方区域->山东,主题链条：电力市场；国家/区域/地方层级承接,关于发布广东电力市场配套实施细则（2024年修订）的通知 与 《山东电力市场规则(试行)》编制说明 属于同一研究链条,中,否,
EVO-00426,AUTO-20260427-8933E85058,广东省发展和改革委员会 - 广东省能源局 国家能源局南方监管局关于印发广东省抽水蓄能参与电力市场交易实施方案的通知,2024-07-17,AUTO-20260502-99BECE515C,关于印发《四川省电力市场秩序突出问题专项监管实施方案》的通知 2024-06-17,2024-06-17,地方承接,电力市场,广东->四川,主题链条：电力市场；国家/区域/地方层级承接,广东省发展和改革委员会 - 广东省能源局 国家能源局南方监管局关于印发广东省抽水蓄能参与电力市场交易实施方案的通知 与 关于印发《四川省电力市场秩序突出问题专项监管实施方案》的通知 2024-06-17 属于同一研究链条,中,否,
EVO-00427,AUTO-20260427-8933E85058,广东省发展和改革委员会 - 广东省能源局 国家能源局南方监管局关于印发广东省抽水蓄能参与电力市场交易实施方案的通知,2024-07-17,AUTO-20260426-CAE77C6F94,关于印发《山东电力市场参数（试行）》的通知,2024-05-31,地方承接,电力市场,广东->山东,主题链条：电力市场；国家/区域/地方层级承接,广东省发展和改革委员会 - 广东省能源局 国家能源局南方监管局关于印发广东省抽水蓄能参与电力市场交易实施方案的通知 与 关于印发《山东电力市场参数（试行）》的通知 属于同一研究链条,中,否,
EVO-00428,AUTO-20260427-890E791E0D,可再生能源绿色电力证书核发和交易规则,2024-08-26,AUTO-20260424-10A4BBBC6D,电力市场运行基本规则_国家发展和改革委员会,2024-04-18,地方承接,电力市场,南方区域->全国,主题链条：电力市场；国家/区域/地方层级承接,可再生能源绿色电力证书核发和交易规则 与 电力市场运行基本规则_国家发展和改革委员会 属于同一研究链条,中,否,
EVO-00429,AUTO-20260427-890E791E0D,可再生能源绿色电力证书核发和交易规则,2024-08-26,AUTO-20260502-99BECE515C,关于印发《四川省电力市场秩序突出问题专项监管实施方案》的通知 2024-06-17,2024-06-17,地方承接,电力市场,南方区域->四川,主题链条：电力市场；国家/区域/地方层级承接,可再生能源绿色电力证书核发和交易规则 与 关于印发《四川省电力市场秩序突出问题专项监管实施方案》的通知 2024-06-17 属于同一研究链条,中,否,
EVO-00430,AUTO-20260427-AF700450D9,电力市场注册基本规则,2024-09-13,AUTO-20260424-2ABE953CDD,国家能源局关于印发《电力市场注册基本规则》的通知,2024-09-13,地方承接,电力市场,南方区域->全国,主题链条：电力市场；国家/区域/地方层级承接,电力市场注册基本规则 与 国家能源局关于印发《电力市场注册基本规则》的通知 属于同一研究链条,中,否,
EVO-00431,AUTO-20260427-AF700450D9,电力市场注册基本规则,2024-09-13,AUTO-20260502-99BECE515C,关于印发《四川省电力市场秩序突出问题专项监管实施方案》的通知 2024-06-17,2024-06-17,地方承接,电力市场,南方区域->四川,主题链条：电力市场；国家/区域/地方层级承接,电力市场注册基本规则 与 关于印发《四川省电力市场秩序突出问题专项监管实施方案》的通知 2024-06-17 属于同一研究链条,中,否,
EVO-00432,AUTO-20260427-FBC65BBD1E,贵州电力市场规则,2024-11-02,AUTO-20260424-2ABE953CDD,国家能源局关于印发《电力市场注册基本规则》的通知,2024-09-13,地方承接,电力市场,南方区域->全国,主题链条：电力市场；国家/区域/地方层级承接,贵州电力市场规则 与 国家能源局关于印发《电力市场注册基本规则》的通知 属于同一研究链条,中,否,
EVO-00433,AUTO-20260427-FBC65BBD1E,贵州电力市场规则,2024-11-02,AUTO-20260502-99BECE515C,关于印发《四川省电力市场秩序突出问题专项监管实施方案》的通知 2024-06-17,2024-06-17,地方承接,电力市场,南方区域->四川,主题链条：电力市场；国家/区域/地方层级承接,贵州电力市场规则 与 关于印发《四川省电力市场秩序突出问题专项监管实施方案》的通知 2024-06-17 属于同一研究链条,中,否,
EVO-00434,AUTO-20260427-F33CEF16E8,关于南方区域电力市场全月结算试运行市场监管有关事项,2024-11-02,AUTO-20260502-E3C5794853,关于南方（以广东起步）电力现货市场 2022年结算试运行市场监管有关事项的通知,2022-01-07,地方承接,电力市场,南方区域->南方区域,主题链条：电力市场；国家/区域/地方层级承接,关于南方区域电力市场全月结算试运行市场监管有关事项 与 关于南方（以广东起步）电力现货市场 2022年结算试运行市场监管有关事项的通知 属于同一研究链条,中,否,
EVO-00435,AUTO-20260427-F33CEF16E8,关于南方区域电力市场全月结算试运行市场监管有关事项,2024-11-02,AUTO-20260424-2ABE953CDD,国家能源局关于印发《电力市场注册基本规则》的通知,2024-09-13,地方承接,电力市场,南方区域->全国,主题链条：电力市场；国家/区域/地方层级承接,关于南方区域电力市场全月结算试运行市场监管有关事项 与 国家能源局关于印发《电力市场注册基本规则》的通知 属于同一研究链条,中,否,
EVO-00436,AUTO-20260425-02AD665464,关于印发南方区域电力市场配套实施细则的通知,2024-11-14,AUTO-20260424-2ABE953CDD,国家能源局关于印发《电力市场注册基本规则》的通知,2024-09-13,配套文件,电力市场,南方区域->全国,主题链条：电力市场；国家/区域/地方层级承接,关于印发南方区域电力市场配套实施细则的通知 与 国家能源局关于印发《电力市场注册基本规则》的通知 属于同一研究链条,中,否,
EVO-00437,AUTO-20260425-02AD665464,关于印发南方区域电力市场配套实施细则的通知,2024-11-14,AUTO-20260424-10A4BBBC6D,电力市场运行基本规则_国家发展和改革委员会,2024-04-18,配套文件,电力市场,南方区域->全国,主题链条：电力市场；国家/区域/地方层级承接,关于印发南方区域电力市场配套实施细则的通知 与 电力市场运行基本规则_国家发展和改革委员会 属于同一研究链条,中,否,
EVO-00438,AUTO-20260427-D5C34F91B8,市工业和信息化局关于做好天津市2025年电力市场化交易工作的通知_委局文件_政务公开,2024-11-15,AUTO-20260424-2ABE953CDD,国家能源局关于印发《电力市场注册基本规则》的通知,2024-09-13,地方承接,电力市场,天津->全国,主题链条：电力市场；国家/区域/地方层级承接,市工业和信息化局关于做好天津市2025年电力市场化交易工作的通知_委局文件_政务公开 与 国家能源局关于印发《电力市场注册基本规则》的通知 属于同一研究链条,中,否,
EVO-00439,AUTO-20260427-D5C34F91B8,市工业和信息化局关于做好天津市2025年电力市场化交易工作的通知_委局文件_政务公开,2024-11-15,AUTO-20260502-99BECE515C,关于印发《四川省电力市场秩序突出问题专项监管实施方案》的通知 2024-06-17,2024-06-17,地方承接,电力市场,天津->四川,主题链条：电力市场；国家/区域/地方层级承接,市工业和信息化局关于做好天津市2025年电力市场化交易工作的通知_委局文件_政务公开 与 关于印发《四川省电力市场秩序突出问题专项监管实施方案》的通知 2024-06-17 属于同一研究链条,中,否,
EVO-00440,AUTO-20260427-D2550973DB,广东省发展和改革委员会 - 广东省能源局 国家能源局南方监管局关于印发《广东省虚拟电厂参与电力市场交易实施方案》的通知,2024-11-18,AUTO-20260424-2ABE953CDD,国家能源局关于印发《电力市场注册基本规则》的通知,2024-09-13,地方承接,电力市场,广东->全国,主题链条：电力市场；国家/区域/地方层级承接,广东省发展和改革委员会 - 广东省能源局 国家能源局南方监管局关于印发《广东省虚拟电厂参与电力市场交易实施方案》的通知 与 国家能源局关于印发《电力市场注册基本规则》的通知 属于同一研究链条,中,否,
EVO-00441,AUTO-20260427-D2550973DB,广东省发展和改革委员会 - 广东省能源局 国家能源局南方监管局关于印发《广东省虚拟电厂参与电力市场交易实施方案》的通知,2024-11-18,AUTO-20260502-99BECE515C,关于印发《四川省电力市场秩序突出问题专项监管实施方案》的通知 2024-06-17,2024-06-17,地方承接,电力市场,广东->四川,主题链条：电力市场；国家/区域/地方层级承接,广东省发展和改革委员会 - 广东省能源局 国家能源局南方监管局关于印发《广东省虚拟电厂参与电力市场交易实施方案》的通知 与 关于印发《四川省电力市场秩序突出问题专项监管实施方案》的通知 2024-06-17 属于同一研究链条,中,否,
EVO-00442,AUTO-20260425-19A93F32F1,云南电力市场规则,2024-12-09,AUTO-20260424-2ABE953CDD,国家能源局关于印发《电力市场注册基本规则》的通知,2024-09-13,地方承接,电力市场,南方区域->全国,主题链条：电力市场；国家/区域/地方层级承接,云南电力市场规则 与 国家能源局关于印发《电力市场注册基本规则》的通知 属于同一研究链条,中,否,
EVO-00443,AUTO-20260425-19A93F32F1,云南电力市场规则,2024-12-09,AUTO-20260502-99BECE515C,关于印发《四川省电力市场秩序突出问题专项监管实施方案》的通知 2024-06-17,2024-06-17,地方承接,电力市场,南方区域->四川,主题链条：电力市场；国家/区域/地方层级承接,云南电力市场规则 与 关于印发《四川省电力市场秩序突出问题专项监管实施方案》的通知 2024-06-17 属于同一研究链条,中,否,
EVO-00444,AUTO-20260427-11E67EF119,关于印发《内蒙古电力多边交易市场规则体系》的通知,2024-12-27,AUTO-20260424-2ABE953CDD,国家能源局关于印发《电力市场注册基本规则》的通知,2024-09-13,地方承接,电力市场,内蒙古自治区->全国,主题链条：电力市场；国家/区域/地方层级承接,关于印发《内蒙古电力多边交易市场规则体系》的通知 与 国家能源局关于印发《电力市场注册基本规则》的通知 属于同一研究链条,中,否,
EVO-00445,AUTO-20260427-11E67EF119,关于印发《内蒙古电力多边交易市场规则体系》的通知,2024-12-27,AUTO-20260502-99BECE515C,关于印发《四川省电力市场秩序突出问题专项监管实施方案》的通知 2024-06-17,2024-06-17,地方承接,电力市场,内蒙古自治区->四川,主题链条：电力市场；国家/区域/地方层级承接,关于印发《内蒙古电力多边交易市场规则体系》的通知 与 关于印发《四川省电力市场秩序突出问题专项监管实施方案》的通知 2024-06-17 属于同一研究链条,中,否,
EVO-00446,AUTO-20260427-5C3FEF8C0F,关于印发《电力市场规则体系（V15.0）》的通知,2024-12-30,AUTO-20260424-2ABE953CDD,国家能源局关于印发《电力市场注册基本规则》的通知,2024-09-13,地方承接,电力市场,山西->全国,主题链条：电力市场；国家/区域/地方层级承接,关于印发《电力市场规则体系（V15.0）》的通知 与 国家能源局关于印发《电力市场注册基本规则》的通知 属于同一研究链条,中,否,
EVO-00447,AUTO-20260427-5C3FEF8C0F,关于印发《电力市场规则体系（V15.0）》的通知,2024-12-30,AUTO-20260502-99BECE515C,关于印发《四川省电力市场秩序突出问题专项监管实施方案》的通知 2024-06-17,2024-06-17,地方承接,电力市场,山西->四川,主题链条：电力市场；国家/区域/地方层级承接,关于印发《电力市场规则体系（V15.0）》的通知 与 关于印发《四川省电力市场秩序突出问题专项监管实施方案》的通知 2024-06-17 属于同一研究链条,中,否,
EVO-00448,AUTO-20260502-2AB70BEFDC,国家能源局西北监管局关于印发《西北区域电力并网运行管理实施细则》《西北区域电力辅助服务管理实施细则》补充规则的通知,2025-01-02,AUTO-20260424-2ABE953CDD,国家能源局关于印发《电力市场注册基本规则》的通知,2024-09-13,配套文件,电力市场;辅助服务,西北区域->全国,主题链条：电力市场；国家/区域/地方层级承接,国家能源局西北监管局关于印发《西北区域电力并网运行管理实施细则》《西北区域电力辅助服务管理实施细则》补充规则的通知 与 国家能源局关于印发《电力市场注册基本规则》的通知 属于同一研究链条,中,否,
EVO-00449,AUTO-20260502-2AB70BEFDC,国家能源局西北监管局关于印发《西北区域电力并网运行管理实施细则》《西北区域电力辅助服务管理实施细则》补充规则的通知,2025-01-02,AUTO-20260424-10A4BBBC6D,电力市场运行基本规则_国家发展和改革委员会,2024-04-18,配套文件,电力市场;辅助服务,西北区域->全国,主题链条：电力市场；国家/区域/地方层级承接,国家能源局西北监管局关于印发《西北区域电力并网运行管理实施细则》《西北区域电力辅助服务管理实施细则》补充规则的通知 与 电力市场运行基本规则_国家发展和改革委员会 属于同一研究链条,中,否,
EVO-00450,AUTO-20260427-C52ED507A1,国家能源局南方监管局 广东省能源局关于印发《广东电力市场运行规则》的通知,2025-02-17,AUTO-20260502-2AB70BEFDC,国家能源局西北监管局关于印发《西北区域电力并网运行管理实施细则》《西北区域电力辅助服务管理实施细则》补充规则的通知,2025-01-02,地方承接,电力市场,南方区域->西北区域,主题链条：电力市场；国家/区域/地方层级承接,国家能源局南方监管局 广东省能源局关于印发《广东电力市场运行规则》的通知 与 国家能源局西北监管局关于印发《西北区域电力并网运行管理实施细则》《西北区域电力辅助服务管理实施细则》补充规则的通知 属于同一研究链条,中,否,
EVO-00451,AUTO-20260427-C52ED507A1,国家能源局南方监管局 广东省能源局关于印发《广东电力市场运行规则》的通知,2025-02-17,AUTO-20260424-2ABE953CDD,国家能源局关于印发《电力市场注册基本规则》的通知,2024-09-13,地方承接,电力市场,南方区域->全国,主题链条：电力市场；国家/区域/地方层级承接,国家能源局南方监管局 广东省能源局关于印发《广东电力市场运行规则》的通知 与 国家能源局关于印发《电力市场注册基本规则》的通知 属于同一研究链条,中,否,
EVO-00452,AUTO-20260425-B21BF48126,海南电力市场规则,2025-03-24,AUTO-20260427-002763E163,关于印发《新疆电力市场监管实施办法》 的通知 新监能市场〔2025〕24号,2025-03-21,地方承接,电力市场,南方区域->新疆,主题链条：电力市场；国家/区域/地方层级承接,海南电力市场规则 与 关于印发《新疆电力市场监管实施办法》 的通知 新监能市场〔2025〕24号 属于同一研究链条,中,否,
EVO-00453,AUTO-20260425-B21BF48126,海南电力市场规则,2025-03-24,AUTO-20260427-C52ED507A1,国家能源局南方监管局 广东省能源局关于印发《广东电力市场运行规则》的通知,2025-02-17,地方承接,电力市场,南方区域->南方区域,主题链条：电力市场；国家/区域/地方层级承接,海南电力市场规则 与 国家能源局南方监管局 广东省能源局关于印发《广东电力市场运行规则》的通知 属于同一研究链条,中,否,
EVO-00454,AUTO-20260425-8808868383,广东电力市场规则,2025-04-05,AUTO-20260427-002763E163,关于印发《新疆电力市场监管实施办法》 的通知 新监能市场〔2025〕24号,2025-03-21,地方承接,电力市场,南方区域->新疆,主题链条：电力市场；国家/区域/地方层级承接,广东电力市场规则 与 关于印发《新疆电力市场监管实施办法》 的通知 新监能市场〔2025〕24号 属于同一研究链条,中,否,
EVO-00455,AUTO-20260425-8808868383,广东电力市场规则,2025-04-05,AUTO-20260427-C52ED507A1,国家能源局南方监管局 广东省能源局关于印发《广东电力市场运行规则》的通知,2025-02-17,地方承接,电力市场,南方区域->南方区域,主题链条：电力市场；国家/区域/地方层级承接,广东电力市场规则 与 国家能源局南方监管局 广东省能源局关于印发《广东电力市场运行规则》的通知 属于同一研究链条,中,否,
EVO-00456,AUTO-20260425-F965FCA4C5,关于印发《广西电力市场信息披露实施细则》的通知,2025-04-28,AUTO-20260424-2ABE953CDD,国家能源局关于印发《电力市场注册基本规则》的通知,2024-09-13,配套文件,电力市场,南方区域->全国,主题链条：电力市场；国家/区域/地方层级承接,关于印发《广西电力市场信息披露实施细则》的通知 与 国家能源局关于印发《电力市场注册基本规则》的通知 属于同一研究链条,中,否,
EVO-00457,AUTO-20260425-F965FCA4C5,关于印发《广西电力市场信息披露实施细则》的通知,2025-04-28,AUTO-20260424-10A4BBBC6D,电力市场运行基本规则_国家发展和改革委员会,2024-04-18,配套文件,电力市场,南方区域->全国,主题链条：电力市场；国家/区域/地方层级承接,关于印发《广西电力市场信息披露实施细则》的通知 与 电力市场运行基本规则_国家发展和改革委员会 属于同一研究链条,中,否,
EVO-00458,AUTO-20260427-3ADCAA1520,国家能源局西北监管局关于印发《西北区域抽水蓄能电站参与跨省电力交易实施细则（试行）》的通知,2025-05-15,AUTO-20260425-54244C417B,关于印发《电力辅助服务市场基本规则》的通知(发改能源规〔2025〕411号),2025-04-29,配套文件,电力市场,西北区域->全国,主题链条：电力市场；国家/区域/地方层级承接,国家能源局西北监管局关于印发《西北区域抽水蓄能电站参与跨省电力交易实施细则（试行）》的通知 与 关于印发《电力辅助服务市场基本规则》的通知(发改能源规〔2025〕411号) 属于同一研究链条,中,否,
EVO-00459,AUTO-20260427-3ADCAA1520,国家能源局西北监管局关于印发《西北区域抽水蓄能电站参与跨省电力交易实施细则（试行）》的通知,2025-05-15,AUTO-20260424-2ABE953CDD,国家能源局关于印发《电力市场注册基本规则》的通知,2024-09-13,配套文件,电力市场,西北区域->全国,主题链条：电力市场；国家/区域/地方层级承接,国家能源局西北监管局关于印发《西北区域抽水蓄能电站参与跨省电力交易实施细则（试行）》的通知 与 国家能源局关于印发《电力市场注册基本规则》的通知 属于同一研究链条,中,否,
EVO-00460,AUTO-20260425-E98D78E2BB,电力市场信息披露基本规则（国能发监管〔2024〕9号）,2025-05-16,AUTO-20260427-3ADCAA1520,国家能源局西北监管局关于印发《西北区域抽水蓄能电站参与跨省电力交易实施细则（试行）》的通知,2025-05-15,地方承接,电力市场,南方区域->西北区域,主题链条：电力市场；国家/区域/地方层级承接,电力市场信息披露基本规则（国能发监管〔2024〕9号） 与 国家能源局西北监管局关于印发《西北区域抽水蓄能电站参与跨省电力交易实施细则（试行）》的通知 属于同一研究链条,中,否,
EVO-00461,AUTO-20260425-E98D78E2BB,电力市场信息披露基本规则（国能发监管〔2024〕9号）,2025-05-16,AUTO-20260427-B7B2A6455E,关于开展四川省2025年电力市场秩序突出问题专项监管的通知,2025-05-08,地方承接,电力市场,南方区域->四川,主题链条：电力市场；国家/区域/地方层级承接,电力市场信息披露基本规则（国能发监管〔2024〕9号） 与 关于开展四川省2025年电力市场秩序突出问题专项监管的通知 属于同一研究链条,中,否,
EVO-00462,AUTO-20260426-A4374A2C3D,关于印发《南方区域电力市场运行规则（试行，2025年V1.0版）》的通知,2025-06-17,AUTO-20260427-08350D960F,关于进一步做好电力市场信息披露工作的通知,2025-05-23,地方承接,电力市场,南方区域->江苏,主题链条：电力市场；国家/区域/地方层级承接,关于印发《南方区域电力市场运行规则（试行，2025年V1.0版）》的通知 与 关于进一步做好电力市场信息披露工作的通知 属于同一研究链条,中,否,
EVO-00463,AUTO-20260426-A4374A2C3D,关于印发《南方区域电力市场运行规则（试行，2025年V1.0版）》的通知,2025-06-17,AUTO-20260427-3ADCAA1520,国家能源局西北监管局关于印发《西北区域抽水蓄能电站参与跨省电力交易实施细则（试行）》的通知,2025-05-15,地方承接,电力市场,南方区域->西北区域,主题链条：电力市场；国家/区域/地方层级承接,关于印发《南方区域电力市场运行规则（试行，2025年V1.0版）》的通知 与 国家能源局西北监管局关于印发《西北区域抽水蓄能电站参与跨省电力交易实施细则（试行）》的通知 属于同一研究链条,中,否,
EVO-00464,AUTO-20260424-E89DAD0775,南方区域电力市场中长期电能量交易实施细则等5项实施细则,2025-06-22,AUTO-20260424-2ABE953CDD,国家能源局关于印发《电力市场注册基本规则》的通知,2024-09-13,配套文件,电力市场,南方区域->全国,主题链条：电力市场；国家/区域/地方层级承接,南方区域电力市场中长期电能量交易实施细则等5项实施细则 与 国家能源局关于印发《电力市场注册基本规则》的通知 属于同一研究链条,中,否,
EVO-00465,AUTO-20260424-E89DAD0775,南方区域电力市场中长期电能量交易实施细则等5项实施细则,2025-06-22,AUTO-20260425-54244C417B,关于印发《电力辅助服务市场基本规则》的通知(发改能源规〔2025〕411号),2025-04-29,配套文件,电力市场,南方区域->全国,主题链条：电力市场；国家/区域/地方层级承接,南方区域电力市场中长期电能量交易实施细则等5项实施细则 与 关于印发《电力辅助服务市场基本规则》的通知(发改能源规〔2025〕411号) 属于同一研究链条,中,否,
EVO-00466,AUTO-20260427-4E8F5E6BB6,关于印发《分布式光伏发电开发建设管理实施细则（试行）》的通知,2025-06-24,AUTO-20260425-54244C417B,关于印发《电力辅助服务市场基本规则》的通知(发改能源规〔2025〕411号),2025-04-29,配套文件,电力市场,山西->全国,主题链条：电力市场；国家/区域/地方层级承接,关于印发《分布式光伏发电开发建设管理实施细则（试行）》的通知 与 关于印发《电力辅助服务市场基本规则》的通知(发改能源规〔2025〕411号) 属于同一研究链条,中,否,
EVO-00467,AUTO-20260427-4E8F5E6BB6,关于印发《分布式光伏发电开发建设管理实施细则（试行）》的通知,2025-06-24,AUTO-20260424-2ABE953CDD,国家能源局关于印发《电力市场注册基本规则》的通知,2024-09-13,配套文件,电力市场,山西->全国,主题链条：电力市场；国家/区域/地方层级承接,关于印发《分布式光伏发电开发建设管理实施细则（试行）》的通知 与 国家能源局关于印发《电力市场注册基本规则》的通知 属于同一研究链条,中,否,
EVO-00468,AUTO-20260427-9DEF0F2D44,关于印发《分布式光伏发电开发建设管理实施细则（试行）》的通知,2025-06-24,AUTO-20260425-54244C417B,关于印发《电力辅助服务市场基本规则》的通知(发改能源规〔2025〕411号),2025-04-29,配套文件,电力市场,山西->全国,主题链条：电力市场；国家/区域/地方层级承接,关于印发《分布式光伏发电开发建设管理实施细则（试行）》的通知 与 关于印发《电力辅助服务市场基本规则》的通知(发改能源规〔2025〕411号) 属于同一研究链条,中,否,
EVO-00469,AUTO-20260427-9DEF0F2D44,关于印发《分布式光伏发电开发建设管理实施细则（试行）》的通知,2025-06-24,AUTO-20260424-2ABE953CDD,国家能源局关于印发《电力市场注册基本规则》的通知,2024-09-13,配套文件,电力市场,山西->全国,主题链条：电力市场；国家/区域/地方层级承接,关于印发《分布式光伏发电开发建设管理实施细则（试行）》的通知 与 国家能源局关于印发《电力市场注册基本规则》的通知 属于同一研究链条,中,否,
EVO-00470,AUTO-20260427-6344CB4B08,关于公开征求《四川电力市场结算细则（征求意见稿）》意见的通知,2025-09-04,AUTO-20260425-8469367611,关于印发《电力市场计量结算基本规则》的通知(发改能源规〔2025〕976号),2025-08-06,地方承接,电力市场,四川->全国,主题链条：电力市场；国家/区域/地方层级承接,关于公开征求《四川电力市场结算细则（征求意见稿）》意见的通知 与 关于印发《电力市场计量结算基本规则》的通知(发改能源规〔2025〕976号) 属于同一研究链条,中,否,
EVO-00471,AUTO-20260427-6344CB4B08,关于公开征求《四川电力市场结算细则（征求意见稿）》意见的通知,2025-09-04,AUTO-20260502-E3C5794853,关于南方（以广东起步）电力现货市场 2022年结算试运行市场监管有关事项的通知,2022-01-07,地方承接,电力市场,四川->南方区域,主题链条：电力市场；国家/区域/地方层级承接,关于公开征求《四川电力市场结算细则（征求意见稿）》意见的通知 与 关于南方（以广东起步）电力现货市场 2022年结算试运行市场监管有关事项的通知 属于同一研究链条,中,否,
EVO-00472,AUTO-20260425-F75ABE5310,关于印发《江西省电力市场规则（试行4.0版）》的通知,2025-09-23,AUTO-20260425-8469367611,关于印发《电力市场计量结算基本规则》的通知(发改能源规〔2025〕976号),2025-08-06,地方承接,电力市场,华中区域->全国,主题链条：电力市场；国家/区域/地方层级承接,关于印发《江西省电力市场规则（试行4.0版）》的通知 与 关于印发《电力市场计量结算基本规则》的通知(发改能源规〔2025〕976号) 属于同一研究链条,中,否,
EVO-00473,AUTO-20260425-F75ABE5310,关于印发《江西省电力市场规则（试行4.0版）》的通知,2025-09-23,AUTO-20260425-2B6F6F94C5,关于公开征求《山东电力市场规则(试行)》(征求意见稿)意见的通知,2025-07-29,地方承接,电力市场,华中区域->山东,主题链条：电力市场；国家/区域/地方层级承接,关于印发《江西省电力市场规则（试行4.0版）》的通知 与 关于公开征求《山东电力市场规则(试行)》(征求意见稿)意见的通知 属于同一研究链条,中,否,
EVO-00474,AUTO-20260427-EF110663B6,广东省发展和改革委员会 - 广东省能源局 国家能源局南方监管局关于印发《广东电力市场常态化开展年度交易实施方案》的通知,2025-10-28,AUTO-20260427-DCD3AEB88C,关于印发《跨省跨区电力应急调度管理办法》的通知(发改运行规〔2025〕1193号),2025-10-13,地方承接,电力市场,广东->全国,主题链条：电力市场；国家/区域/地方层级承接,广东省发展和改革委员会 - 广东省能源局 国家能源局南方监管局关于印发《广东电力市场常态化开展年度交易实施方案》的通知 与 关于印发《跨省跨区电力应急调度管理办法》的通知(发改运行规〔2025〕1193号) 属于同一研究链条,中,否,
EVO-00475,AUTO-20260427-EF110663B6,广东省发展和改革委员会 - 广东省能源局 国家能源局南方监管局关于印发《广东电力市场常态化开展年度交易实施方案》的通知,2025-10-28,AUTO-20260425-F75ABE5310,关于印发《江西省电力市场规则（试行4.0版）》的通知,2025-09-23,地方承接,电力市场,广东->华中区域,主题链条：电力市场；国家/区域/地方层级承接,广东省发展和改革委员会 - 广东省能源局 国家能源局南方监管局关于印发《广东电力市场常态化开展年度交易实施方案》的通知 与 关于印发《江西省电力市场规则（试行4.0版）》的通知 属于同一研究链条,中,否,
EVO-00476,AUTO-20260427-FDD3BF6D20,关于再次公开征求《四川电力市场结算细则（征求意见稿）》的通知,2025-11-11,AUTO-20260425-8469367611,关于印发《电力市场计量结算基本规则》的通知(发改能源规〔2025〕976号),2025-08-06,地方承接,电力市场,四川->全国,主题链条：电力市场；国家/区域/地方层级承接,关于再次公开征求《四川电力市场结算细则（征求意见稿）》的通知 与 关于印发《电力市场计量结算基本规则》的通知(发改能源规〔2025〕976号) 属于同一研究链条,中,否,
EVO-00477,AUTO-20260427-FDD3BF6D20,关于再次公开征求《四川电力市场结算细则（征求意见稿）》的通知,2025-11-11,AUTO-20260502-E3C5794853,关于南方（以广东起步）电力现货市场 2022年结算试运行市场监管有关事项的通知,2022-01-07,地方承接,电力市场,四川->南方区域,主题链条：电力市场；国家/区域/地方层级承接,关于再次公开征求《四川电力市场结算细则（征求意见稿）》的通知 与 关于南方（以广东起步）电力现货市场 2022年结算试运行市场监管有关事项的通知 属于同一研究链条,中,否,
EVO-00478,AUTO-20260427-5E3CE632ED,市工业和信息化局等部门关于印发《天津市电力需求侧管理实施细则》的通知_委局文件_政务公开,2025-11-25,AUTO-20260425-8469367611,关于印发《电力市场计量结算基本规则》的通知(发改能源规〔2025〕976号),2025-08-06,配套文件,电力市场,天津->全国,主题链条：电力市场；国家/区域/地方层级承接,市工业和信息化局等部门关于印发《天津市电力需求侧管理实施细则》的通知_委局文件_政务公开 与 关于印发《电力市场计量结算基本规则》的通知(发改能源规〔2025〕976号) 属于同一研究链条,中,否,
EVO-00479,AUTO-20260427-5E3CE632ED,市工业和信息化局等部门关于印发《天津市电力需求侧管理实施细则》的通知_委局文件_政务公开,2025-11-25,AUTO-20260425-54244C417B,关于印发《电力辅助服务市场基本规则》的通知(发改能源规〔2025〕411号),2025-04-29,配套文件,电力市场,天津->全国,主题链条：电力市场；国家/区域/地方层级承接,市工业和信息化局等部门关于印发《天津市电力需求侧管理实施细则》的通知_委局文件_政务公开 与 关于印发《电力辅助服务市场基本规则》的通知(发改能源规〔2025〕411号) 属于同一研究链条,中,否,
EVO-00480,AUTO-20260425-7D4B7A7D59,关于印发输配电定价成本监审办法、省级电网输配电价定价办法、区域电网输电价格定价办法和跨省跨区专项工程输电价格定价办法的通知(发改价格规〔2025〕1490号),2025-11-27,AUTO-20260502-AC00442207,关于印发《江苏分布式发电市场化交易及电网企业输配电服务三方合同（示范文本）》的通知,2020-12-10,地方承接,电力市场;输配电价,全国->江苏,主题链条：电力市场；国家/区域/地方层级承接,关于印发输配电定价成本监审办法、省级电网输配电价定价办法、区域电网输电价格定价办法和跨省跨区专项工程输电价格定价办法的通知(发改价格规〔2025〕1490号) 与 关于印发《江苏分布式发电市场化交易及电网企业输配电服务三方合同（示范文本）》的通知 属于同一研究链条,中,否,
EVO-00481,AUTO-20260425-7D4B7A7D59,关于印发输配电定价成本监审办法、省级电网输配电价定价办法、区域电网输电价格定价办法和跨省跨区专项工程输电价格定价办法的通知(发改价格规〔2025〕1490号),2025-11-27,AUTO-20260427-AD1ACA65D0,关于公开征求《四川电力市场中长期交易规则（2024年修订版）补充修订条款》意见的通知,2025-11-25,地方承接,电力市场;输配电价,全国->四川,主题链条：电力市场；国家/区域/地方层级承接,关于印发输配电定价成本监审办法、省级电网输配电价定价办法、区域电网输电价格定价办法和跨省跨区专项工程输电价格定价办法的通知(发改价格规〔2025〕1490号) 与 关于公开征求《四川电力市场中长期交易规则（2024年修订版）补充修订条款》意见的通知 属于同一研究链条,中,否,
EVO-00482,AUTO-20260425-89CB5D262F,国家能源局华中监管局关于征求《江西省电力市场规则4.0版》部分条款修订意见的通知,2025-12-03,AUTO-20260425-7D4B7A7D59,关于印发输配电定价成本监审办法、省级电网输配电价定价办法、区域电网输电价格定价办法和跨省跨区专项工程输电价格定价办法的通知(发改价格规〔2025〕1490号),2025-11-27,地方承接,电力市场,华中区域->全国,主题链条：电力市场；国家/区域/地方层级承接,国家能源局华中监管局关于征求《江西省电力市场规则4.0版》部分条款修订意见的通知 与 关于印发输配电定价成本监审办法、省级电网输配电价定价办法、区域电网输电价格定价办法和跨省跨区专项工程输电价格定价办法的通知(发改价格规〔2025〕1490号) 属于同一研究链条,中,否,
EVO-00483,AUTO-20260425-89CB5D262F,国家能源局华中监管局关于征求《江西省电力市场规则4.0版》部分条款修订意见的通知,2025-12-03,AUTO-20260427-AD1ACA65D0,关于公开征求《四川电力市场中长期交易规则（2024年修订版）补充修订条款》意见的通知,2025-11-25,地方承接,电力市场,华中区域->四川,主题链条：电力市场；国家/区域/地方层级承接,国家能源局华中监管局关于征求《江西省电力市场规则4.0版》部分条款修订意见的通知 与 关于公开征求《四川电力市场中长期交易规则（2024年修订版）补充修订条款》意见的通知 属于同一研究链条,中,否,
EVO-00484,AUTO-20260427-344B99BC3D,广东省发展和改革委员会 - 广东省能源局关于做好2026年电力市场年度交易工作的通知,2025-12-03,AUTO-20260425-89CB5D262F,国家能源局华中监管局关于征求《江西省电力市场规则4.0版》部分条款修订意见的通知,2025-12-03,地方承接,电力市场,广东->华中区域,主题链条：电力市场；国家/区域/地方层级承接,广东省发展和改革委员会 - 广东省能源局关于做好2026年电力市场年度交易工作的通知 与 国家能源局华中监管局关于征求《江西省电力市场规则4.0版》部分条款修订意见的通知 属于同一研究链条,中,否,
EVO-00485,AUTO-20260427-344B99BC3D,广东省发展和改革委员会 - 广东省能源局关于做好2026年电力市场年度交易工作的通知,2025-12-03,AUTO-20260425-7D4B7A7D59,关于印发输配电定价成本监审办法、省级电网输配电价定价办法、区域电网输电价格定价办法和跨省跨区专项工程输电价格定价办法的通知(发改价格规〔2025〕1490号),2025-11-27,地方承接,电力市场,广东->全国,主题链条：电力市场；国家/区域/地方层级承接,广东省发展和改革委员会 - 广东省能源局关于做好2026年电力市场年度交易工作的通知 与 关于印发输配电定价成本监审办法、省级电网输配电价定价办法、区域电网输电价格定价办法和跨省跨区专项工程输电价格定价办法的通知(发改价格规〔2025〕1490号) 属于同一研究链条,中,否,
EVO-00486,AUTO-20260427-AB6A507796,关于印发《四川2026年电力市场交易总体方案》及《四川电力市场规则体系V4.0》的通知,2025-12-08,AUTO-20260427-87C8FAFF1E,国家能源局福建监管办公室 福建省发展和改革委员会关于印发《福建电力市场规则体系管理办法（试行）》的通知,2025-12-05,地方承接,电力市场,四川->福建,主题链条：电力市场；国家/区域/地方层级承接,关于印发《四川2026年电力市场交易总体方案》及《四川电力市场规则体系V4.0》的通知 与 国家能源局福建监管办公室 福建省发展和改革委员会关于印发《福建电力市场规则体系管理办法（试行）》的通知 属于同一研究链条,中,否,
EVO-00487,AUTO-20260427-AB6A507796,关于印发《四川2026年电力市场交易总体方案》及《四川电力市场规则体系V4.0》的通知,2025-12-08,AUTO-20260425-89CB5D262F,国家能源局华中监管局关于征求《江西省电力市场规则4.0版》部分条款修订意见的通知,2025-12-03,地方承接,电力市场,四川->华中区域,主题链条：电力市场；国家/区域/地方层级承接,关于印发《四川2026年电力市场交易总体方案》及《四川电力市场规则体系V4.0》的通知 与 国家能源局华中监管局关于征求《江西省电力市场规则4.0版》部分条款修订意见的通知 属于同一研究链条,中,否,
EVO-00488,AUTO-20260425-991CDC4524,关于印发《广东、广西、海南发电机组参与电力市场交易业务衔接暂行规定》的通知,2025-12-24,AUTO-20260427-E623436BEE,浙江能源监管办关于贯彻落实《电力市场信息披露基本规则》有关事项的通知,2025-12-20,地方承接,电力市场,南方区域->浙江,主题链条：电力市场；国家/区域/地方层级承接,关于印发《广东、广西、海南发电机组参与电力市场交易业务衔接暂行规定》的通知 与 浙江能源监管办关于贯彻落实《电力市场信息披露基本规则》有关事项的通知 属于同一研究链条,中,否,
EVO-00489,AUTO-20260425-991CDC4524,关于印发《广东、广西、海南发电机组参与电力市场交易业务衔接暂行规定》的通知,2025-12-24,AUTO-20260424-674A18FA03,关于印发《山东电力市场规则(试行)》的通知,2025-12-17,地方承接,电力市场,南方区域->山东,主题链条：电力市场；国家/区域/地方层级承接,关于印发《广东、广西、海南发电机组参与电力市场交易业务衔接暂行规定》的通知 与 关于印发《山东电力市场规则(试行)》的通知 属于同一研究链条,中,否,
EVO-00490,AUTO-20260427-3CBC11905B,关于印发《电力市场规则体系（V16.0）》的通知,2025-12-29,AUTO-20260425-991CDC4524,关于印发《广东、广西、海南发电机组参与电力市场交易业务衔接暂行规定》的通知,2025-12-24,地方承接,电力市场,山西->南方区域,主题链条：电力市场；国家/区域/地方层级承接,关于印发《电力市场规则体系（V16.0）》的通知 与 关于印发《广东、广西、海南发电机组参与电力市场交易业务衔接暂行规定》的通知 属于同一研究链条,中,否,
EVO-00491,AUTO-20260427-3CBC11905B,关于印发《电力市场规则体系（V16.0）》的通知,2025-12-29,AUTO-20260427-E623436BEE,浙江能源监管办关于贯彻落实《电力市场信息披露基本规则》有关事项的通知,2025-12-20,地方承接,电力市场,山西->浙江,主题链条：电力市场；国家/区域/地方层级承接,关于印发《电力市场规则体系（V16.0）》的通知 与 浙江能源监管办关于贯彻落实《电力市场信息披露基本规则》有关事项的通知 属于同一研究链条,中,否,
EVO-00492,AUTO-20260425-BD09FE2823,关于印发《南方区域新能源参与电力市场交易实施方案（试行）》的通知,2026-01-04,AUTO-20260427-D691BB80BC,关于简化新能源发电企业参与山东电力市场准入流程的通知,2020-12-02,地方承接,电力市场,南方区域->山东,主题链条：电力市场；国家/区域/地方层级承接,关于印发《南方区域新能源参与电力市场交易实施方案（试行）》的通知 与 关于简化新能源发电企业参与山东电力市场准入流程的通知 属于同一研究链条,中,否,
EVO-00493,AUTO-20260425-BD09FE2823,关于印发《南方区域新能源参与电力市场交易实施方案（试行）》的通知,2026-01-04,AUTO-20260425-991CDC4524,关于印发《广东、广西、海南发电机组参与电力市场交易业务衔接暂行规定》的通知,2025-12-24,地方承接,电力市场,南方区域->南方区域,主题链条：电力市场；国家/区域/地方层级承接,关于印发《南方区域新能源参与电力市场交易实施方案（试行）》的通知 与 关于印发《广东、广西、海南发电机组参与电力市场交易业务衔接暂行规定》的通知 属于同一研究链条,中,否,
EVO-00494,AUTO-20260427-B587DC0124,关于印发《四川电力市场结算细则V1.0）》的通知,2026-01-06,AUTO-20260425-8469367611,关于印发《电力市场计量结算基本规则》的通知(发改能源规〔2025〕976号),2025-08-06,地方承接,电力市场,四川->全国,主题链条：电力市场；国家/区域/地方层级承接,关于印发《四川电力市场结算细则V1.0）》的通知 与 关于印发《电力市场计量结算基本规则》的通知(发改能源规〔2025〕976号) 属于同一研究链条,中,否,
EVO-00495,AUTO-20260427-B587DC0124,关于印发《四川电力市场结算细则V1.0）》的通知,2026-01-06,AUTO-20260502-E3C5794853,关于南方（以广东起步）电力现货市场 2022年结算试运行市场监管有关事项的通知,2022-01-07,地方承接,电力市场,四川->南方区域,主题链条：电力市场；国家/区域/地方层级承接,关于印发《四川电力市场结算细则V1.0）》的通知 与 关于南方（以广东起步）电力现货市场 2022年结算试运行市场监管有关事项的通知 属于同一研究链条,中,否,
EVO-00496,AUTO-20260427-054169DB65,华中能源监管局关于印发《华中区域（东四省）电力互济交易实施细则》的通知,2026-01-30,AUTO-20260427-E623436BEE,浙江能源监管办关于贯彻落实《电力市场信息披露基本规则》有关事项的通知,2025-12-20,配套文件,电力市场,华中区域->浙江,主题链条：电力市场；国家/区域/地方层级承接,华中能源监管局关于印发《华中区域（东四省）电力互济交易实施细则》的通知 与 浙江能源监管办关于贯彻落实《电力市场信息披露基本规则》有关事项的通知 属于同一研究链条,中,否,
EVO-00497,AUTO-20260427-054169DB65,华中能源监管局关于印发《华中区域（东四省）电力互济交易实施细则》的通知,2026-01-30,AUTO-20260425-8469367611,关于印发《电力市场计量结算基本规则》的通知(发改能源规〔2025〕976号),2025-08-06,配套文件,电力市场,华中区域->全国,主题链条：电力市场；国家/区域/地方层级承接,华中能源监管局关于印发《华中区域（东四省）电力互济交易实施细则》的通知 与 关于印发《电力市场计量结算基本规则》的通知(发改能源规〔2025〕976号) 属于同一研究链条,中,否,
EVO-00498,AUTO-20260427-2492100A42,关于公开征求《内蒙古电力多边交易市场规则体系2026年修订版(征求意见稿)》《蒙东电力市场规则体系2026年修订版(征求意见稿)》意见建议的公告,2026-02-14,AUTO-20260427-054169DB65,华中能源监管局关于印发《华中区域（东四省）电力互济交易实施细则》的通知,2026-01-30,地方承接,电力市场,内蒙古自治区->华中区域,主题链条：电力市场；国家/区域/地方层级承接,关于公开征求《内蒙古电力多边交易市场规则体系2026年修订版(征求意见稿)》《蒙东电力市场规则体系2026年修订版(征求意见稿)》意见建议的公告 与 华中能源监管局关于印发《华中区域（东四省）电力互济交易实施细则》的通知 属于同一研究链条,中,否,
EVO-00499,AUTO-20260427-2492100A42,关于公开征求《内蒙古电力多边交易市场规则体系2026年修订版(征求意见稿)》《蒙东电力市场规则体系2026年修订版(征求意见稿)》意见建议的公告,2026-02-14,AUTO-20260425-BD09FE2823,关于印发《南方区域新能源参与电力市场交易实施方案（试行）》的通知,2026-01-04,地方承接,电力市场,内蒙古自治区->南方区域,主题链条：电力市场；国家/区域/地方层级承接,关于公开征求《内蒙古电力多边交易市场规则体系2026年修订版(征求意见稿)》《蒙东电力市场规则体系2026年修订版(征求意见稿)》意见建议的公告 与 关于印发《南方区域新能源参与电力市场交易实施方案（试行）》的通知 属于同一研究链条,中,否,
EVO-00500,AUTO-20260425-3BC0A77C4C,关于我市开展气电价格联动调整有关事项的通知_价格管理,2026-02-26,AUTO-20260427-054169DB65,华中能源监管局关于印发《华中区域（东四省）电力互济交易实施细则》的通知,2026-01-30,地方承接,电力市场,上海->华中区域,主题链条：电力市场；国家/区域/地方层级承接,关于我市开展气电价格联动调整有关事项的通知_价格管理 与 华中能源监管局关于印发《华中区域（东四省）电力互济交易实施细则》的通知 属于同一研究链条,中,否,
EVO-00501,AUTO-20260425-3BC0A77C4C,关于我市开展气电价格联动调整有关事项的通知_价格管理,2026-02-26,AUTO-20260425-BD09FE2823,关于印发《南方区域新能源参与电力市场交易实施方案（试行）》的通知,2026-01-04,地方承接,电力市场,上海->南方区域,主题链条：电力市场；国家/区域/地方层级承接,关于我市开展气电价格联动调整有关事项的通知_价格管理 与 关于印发《南方区域新能源参与电力市场交易实施方案（试行）》的通知 属于同一研究链条,中,否,
EVO-00502,AUTO-20260425-921C75C18D,关于我市开展气电价格联动调整有关事项的通知_价格管理,2026-04-24,AUTO-20260424-55178B2DFC,关于修订省间电力现货交易规则的复函(发改办体改〔2026〕275号),2026-04-24,地方承接,电力市场,上海->全国,主题链条：电力市场；国家/区域/地方层级承接,关于我市开展气电价格联动调整有关事项的通知_价格管理 与 关于修订省间电力现货交易规则的复函(发改办体改〔2026〕275号) 属于同一研究链条,中,否,
EVO-00503,AUTO-20260425-921C75C18D,关于我市开展气电价格联动调整有关事项的通知_价格管理,2026-04-24,AUTO-20260425-9A3E9D6FC0,关于公开征求《山东电力市场监管办法(征求意见稿)》等意见的通知,2026-03-27,地方承接,电力市场,上海->山东,主题链条：电力市场；国家/区域/地方层级承接,关于我市开展气电价格联动调整有关事项的通知_价格管理 与 关于公开征求《山东电力市场监管办法(征求意见稿)》等意见的通知 属于同一研究链条,中,否,
EVO-00504,AUTO-20260502-5359AA8284,华北能源监管局关于印发《冀北电网集中式光伏扶贫电站优先调度实施细则（试行）》的通知,2018-11-05,AUTO-20260502-AC14F2D45A,关于印发《山东省新建电源接入电网监管暂行办法实施细则(试行)》的通知,2014-07-14,配套文件,电网,华北区域->山东,主题链条：电网；国家/区域/地方层级承接,华北能源监管局关于印发《冀北电网集中式光伏扶贫电站优先调度实施细则（试行）》的通知 与 关于印发《山东省新建电源接入电网监管暂行办法实施细则(试行)》的通知 属于同一研究链条,中,否,
EVO-00505,AUTO-20260502-618DBAA604,华北能源监管局关于印发京津唐电网参与跨区域省间可再生能源电力现货交易差额收益分配方案的通知,2019-08-06,AUTO-20260502-F9FA14325D,江苏能源监管办关于印发《江苏增量配电网企业供电服务规范（试行）》的通知,2019-01-07,地方承接,电网,华北区域->江苏,主题链条：电网；国家/区域/地方层级承接,华北能源监管局关于印发京津唐电网参与跨区域省间可再生能源电力现货交易差额收益分配方案的通知 与 江苏能源监管办关于印发《江苏增量配电网企业供电服务规范（试行）》的通知 属于同一研究链条,中,否,
EVO-00506,AUTO-20260502-618DBAA604,华北能源监管局关于印发京津唐电网参与跨区域省间可再生能源电力现货交易差额收益分配方案的通知,2019-08-06,AUTO-20260502-5359AA8284,华北能源监管局关于印发《冀北电网集中式光伏扶贫电站优先调度实施细则（试行）》的通知,2018-11-05,地方承接,电网,华北区域->华北区域,主题链条：电网；国家/区域/地方层级承接,华北能源监管局关于印发京津唐电网参与跨区域省间可再生能源电力现货交易差额收益分配方案的通知 与 华北能源监管局关于印发《冀北电网集中式光伏扶贫电站优先调度实施细则（试行）》的通知 属于同一研究链条,中,否,
EVO-00507,AUTO-20260502-635E7480F1,华北能源监管局关于修订蒙西电网“两个细则”部分条款的通知,2019-09-30,AUTO-20260502-618DBAA604,华北能源监管局关于印发京津唐电网参与跨区域省间可再生能源电力现货交易差额收益分配方案的通知,2019-08-06,地方承接,电网,华北区域->华北区域,主题链条：电网；国家/区域/地方层级承接,华北能源监管局关于修订蒙西电网“两个细则”部分条款的通知 与 华北能源监管局关于印发京津唐电网参与跨区域省间可再生能源电力现货交易差额收益分配方案的通知 属于同一研究链条,中,否,
EVO-00508,AUTO-20260502-635E7480F1,华北能源监管局关于修订蒙西电网“两个细则”部分条款的通知,2019-09-30,AUTO-20260502-F9FA14325D,江苏能源监管办关于印发《江苏增量配电网企业供电服务规范（试行）》的通知,2019-01-07,地方承接,电网,华北区域->江苏,主题链条：电网；国家/区域/地方层级承接,华北能源监管局关于修订蒙西电网“两个细则”部分条款的通知 与 江苏能源监管办关于印发《江苏增量配电网企业供电服务规范（试行）》的通知 属于同一研究链条,中,否,
EVO-00509,AUTO-20260502-DA8C7B1FD4,华北能源监管局关于公开征求京津唐电网电力中长期交易结算规则意见的公告,2020-11-20,AUTO-20260502-635E7480F1,华北能源监管局关于修订蒙西电网“两个细则”部分条款的通知,2019-09-30,地方承接,电网,华北区域->华北区域,主题链条：电网；国家/区域/地方层级承接,华北能源监管局关于公开征求京津唐电网电力中长期交易结算规则意见的公告 与 华北能源监管局关于修订蒙西电网“两个细则”部分条款的通知 属于同一研究链条,中,否,
EVO-00510,AUTO-20260502-DA8C7B1FD4,华北能源监管局关于公开征求京津唐电网电力中长期交易结算规则意见的公告,2020-11-20,AUTO-20260502-618DBAA604,华北能源监管局关于印发京津唐电网参与跨区域省间可再生能源电力现货交易差额收益分配方案的通知,2019-08-06,地方承接,电网,华北区域->华北区域,主题链条：电网；国家/区域/地方层级承接,华北能源监管局关于公开征求京津唐电网电力中长期交易结算规则意见的公告 与 华北能源监管局关于印发京津唐电网参与跨区域省间可再生能源电力现货交易差额收益分配方案的通知 属于同一研究链条,中,否,
EVO-00511,AUTO-20260502-CE737F8C61,关于转发国家能源局《发电企业与电网企业电费结算办法》的通知,2021-01-27,AUTO-20260502-4DA9E89D90,关于转发《发电企业与电网企业电费结算办法》的通知,2021-01-18,地方承接,电网,南方区域->浙江,主题链条：电网；国家/区域/地方层级承接,关于转发国家能源局《发电企业与电网企业电费结算办法》的通知 与 关于转发《发电企业与电网企业电费结算办法》的通知 属于同一研究链条,中,否,
EVO-00512,AUTO-20260502-CE737F8C61,关于转发国家能源局《发电企业与电网企业电费结算办法》的通知,2021-01-27,AUTO-20260502-DA8C7B1FD4,华北能源监管局关于公开征求京津唐电网电力中长期交易结算规则意见的公告,2020-11-20,地方承接,电网,南方区域->华北区域,主题链条：电网；国家/区域/地方层级承接,关于转发国家能源局《发电企业与电网企业电费结算办法》的通知 与 华北能源监管局关于公开征求京津唐电网电力中长期交易结算规则意见的公告 属于同一研究链条,中,否,
EVO-00513,AUTO-20260502-A53E2100B8,关于印发《四川省电网企业代理购电工作实施方案》的通知（川发改价格〔2021〕544号）,2021-12-29,AUTO-20260502-3F932A6BA5,关于组织开展电网企业代理购电工作有关事项的通知(发改办价格〔2021〕809号),2021-10-26,地方承接,电网,四川->全国,主题链条：电网；国家/区域/地方层级承接,关于印发《四川省电网企业代理购电工作实施方案》的通知（川发改价格〔2021〕544号） 与 关于组织开展电网企业代理购电工作有关事项的通知(发改办价格〔2021〕809号) 属于同一研究链条,中,否,
EVO-00514,AUTO-20260502-A53E2100B8,关于印发《四川省电网企业代理购电工作实施方案》的通知（川发改价格〔2021〕544号）,2021-12-29,AUTO-20260502-BD716B69BA,关于印发福建省配电网建设及供电能力重点监管工作方案的通知（闽监能稽查〔2021〕40号 ）,2021-06-04,地方承接,电网,四川->福建,主题链条：电网；国家/区域/地方层级承接,关于印发《四川省电网企业代理购电工作实施方案》的通知（川发改价格〔2021〕544号） 与 关于印发福建省配电网建设及供电能力重点监管工作方案的通知（闽监能稽查〔2021〕40号 ） 属于同一研究链条,中,否,
EVO-00515,AUTO-20260502-249D43FE0F,关于印发《京津唐电网燃煤发电机组灵活性改造能力验收监管暂行办法》的通知,2021-12-31,AUTO-20260502-3F932A6BA5,关于组织开展电网企业代理购电工作有关事项的通知(发改办价格〔2021〕809号),2021-10-26,地方承接,电网,华北区域->全国,主题链条：电网；国家/区域/地方层级承接,关于印发《京津唐电网燃煤发电机组灵活性改造能力验收监管暂行办法》的通知 与 关于组织开展电网企业代理购电工作有关事项的通知(发改办价格〔2021〕809号) 属于同一研究链条,中,否,
EVO-00516,AUTO-20260502-249D43FE0F,关于印发《京津唐电网燃煤发电机组灵活性改造能力验收监管暂行办法》的通知,2021-12-31,AUTO-20260502-BD716B69BA,关于印发福建省配电网建设及供电能力重点监管工作方案的通知（闽监能稽查〔2021〕40号 ）,2021-06-04,地方承接,电网,华北区域->福建,主题链条：电网；国家/区域/地方层级承接,关于印发《京津唐电网燃煤发电机组灵活性改造能力验收监管暂行办法》的通知 与 关于印发福建省配电网建设及供电能力重点监管工作方案的通知（闽监能稽查〔2021〕40号 ） 属于同一研究链条,中,否,
EVO-00517,AUTO-20260502-7ECF6F91DA,内蒙古自治区能源局 自治区工业和信息化厅关于印发《内蒙古自治区蒙西电网需求侧响应实施细则（1.0版）》的通知,2022-09-05,AUTO-20260502-3381A48EFB,关于征求《山东电网地方公用电厂并网运行管理实施细则》意见的通知,2022-05-05,配套文件,电网,内蒙古自治区->山东,主题链条：电网；国家/区域/地方层级承接,内蒙古自治区能源局 自治区工业和信息化厅关于印发《内蒙古自治区蒙西电网需求侧响应实施细则（1.0版）》的通知 与 关于征求《山东电网地方公用电厂并网运行管理实施细则》意见的通知 属于同一研究链条,中,否,
EVO-00518,AUTO-20260502-7ECF6F91DA,内蒙古自治区能源局 自治区工业和信息化厅关于印发《内蒙古自治区蒙西电网需求侧响应实施细则（1.0版）》的通知,2022-09-05,AUTO-20260502-249D43FE0F,关于印发《京津唐电网燃煤发电机组灵活性改造能力验收监管暂行办法》的通知,2021-12-31,配套文件,电网,内蒙古自治区->华北区域,主题链条：电网；国家/区域/地方层级承接,内蒙古自治区能源局 自治区工业和信息化厅关于印发《内蒙古自治区蒙西电网需求侧响应实施细则（1.0版）》的通知 与 关于印发《京津唐电网燃煤发电机组灵活性改造能力验收监管暂行办法》的通知 属于同一研究链条,中,否,
EVO-00519,AUTO-20260502-70D4C9F4D7,关于印发《上海市配电网升级改造三年行动计划 （2023－2025年）实施方案》的通知,2023-02-01,AUTO-20260502-EC360A7FC3,关于进一步做好电网企业代理购电工作的通知(发改办价格〔2022〕1047号),2023-01-10,地方承接,电网,上海->全国,主题链条：电网；国家/区域/地方层级承接,关于印发《上海市配电网升级改造三年行动计划 （2023－2025年）实施方案》的通知 与 关于进一步做好电网企业代理购电工作的通知(发改办价格〔2022〕1047号) 属于同一研究链条,中,否,
EVO-00520,AUTO-20260502-70D4C9F4D7,关于印发《上海市配电网升级改造三年行动计划 （2023－2025年）实施方案》的通知,2023-02-01,AUTO-20260502-3381A48EFB,关于征求《山东电网地方公用电厂并网运行管理实施细则》意见的通知,2022-05-05,地方承接,电网,上海->山东,主题链条：电网；国家/区域/地方层级承接,关于印发《上海市配电网升级改造三年行动计划 （2023－2025年）实施方案》的通知 与 关于征求《山东电网地方公用电厂并网运行管理实施细则》意见的通知 属于同一研究链条,中,否,
EVO-00521,AUTO-20260502-7F6A0EC8C5,关于印发《四川省两项改革涉改乡镇农村电网巩固提升项目省级预算内基本建设投资补助管理办法》的通知（川发改能源规〔2024〕61号）,2024-02-18,AUTO-20260502-84CFE51CF3,关于公布2023年3、4月新疆电网、 天中、吉泉直流配套电源“两个细则” 考核补偿结果的通知,2024-01-17,地方承接,电网,四川->新疆,主题链条：电网；国家/区域/地方层级承接,关于印发《四川省两项改革涉改乡镇农村电网巩固提升项目省级预算内基本建设投资补助管理办法》的通知（川发改能源规〔2024〕61号） 与 关于公布2023年3、4月新疆电网、 天中、吉泉直流配套电源“两个细则” 考核补偿结果的通知 属于同一研究链条,中,否,
EVO-00522,AUTO-20260502-7F6A0EC8C5,关于印发《四川省两项改革涉改乡镇农村电网巩固提升项目省级预算内基本建设投资补助管理办法》的通知（川发改能源规〔2024〕61号）,2024-02-18,AUTO-20260502-D745981CF2,国家能源局浙江监管办公室关于发布浙江电网2024年1-3月份“两个细则”运行结果的通知 2024-06-05,2024-01-03,地方承接,电网,四川->浙江,主题链条：电网；国家/区域/地方层级承接,关于印发《四川省两项改革涉改乡镇农村电网巩固提升项目省级预算内基本建设投资补助管理办法》的通知（川发改能源规〔2024〕61号） 与 国家能源局浙江监管办公室关于发布浙江电网2024年1-3月份“两个细则”运行结果的通知 2024-06-05 属于同一研究链条,中,否,
EVO-00523,AUTO-20260502-78C667A747,国家能源局西北监管局关于报送2023年度电网企业和发电企业价格与成本信息的通知,2024-05-16,AUTO-20260502-12D273D838,关于公布2023年11月、12月新疆电网、天中、吉泉直流配套电源“两个细则”考核补偿结果的通知,2024-04-09,地方承接,电网,西北区域->新疆,主题链条：电网；国家/区域/地方层级承接,国家能源局西北监管局关于报送2023年度电网企业和发电企业价格与成本信息的通知 与 关于公布2023年11月、12月新疆电网、天中、吉泉直流配套电源“两个细则”考核补偿结果的通知 属于同一研究链条,中,否,
EVO-00524,AUTO-20260502-78C667A747,国家能源局西北监管局关于报送2023年度电网企业和发电企业价格与成本信息的通知,2024-05-16,AUTO-20260502-95AA629F47,关于公布2023年9月、10月新疆电网、 天中、吉泉直流配套电源“两个细则” 考核补偿结果的通知,2024-04-09,地方承接,电网,西北区域->新疆,主题链条：电网；国家/区域/地方层级承接,国家能源局西北监管局关于报送2023年度电网企业和发电企业价格与成本信息的通知 与 关于公布2023年9月、10月新疆电网、 天中、吉泉直流配套电源“两个细则” 考核补偿结果的通知 属于同一研究链条,中,否,
EVO-00525,AUTO-20260502-E67230368E,四川省能源局关于征集智能电网国家科技重大专项2026年度重大研发攻关需求建议的通知,2025-05-22,AUTO-20260502-3623F08B0E,国家能源局浙江监管办公室关于发布浙江电网2025年4-6月份“两个细则”运行结果的通知,2025-04-06,地方承接,电网,四川->浙江,主题链条：电网；国家/区域/地方层级承接,四川省能源局关于征集智能电网国家科技重大专项2026年度重大研发攻关需求建议的通知 与 国家能源局浙江监管办公室关于发布浙江电网2025年4-6月份“两个细则”运行结果的通知 属于同一研究链条,中,否,
EVO-00526,AUTO-20260502-E67230368E,四川省能源局关于征集智能电网国家科技重大专项2026年度重大研发攻关需求建议的通知,2025-05-22,AUTO-20260502-E6C404A9A8,浙江能源监管办关于认真贯彻落实《电网安全风险管控办法》的通知 2025-01-07,2025-01-07,地方承接,电网,四川->浙江,主题链条：电网；国家/区域/地方层级承接,四川省能源局关于征集智能电网国家科技重大专项2026年度重大研发攻关需求建议的通知 与 浙江能源监管办关于认真贯彻落实《电网安全风险管控办法》的通知 2025-01-07 属于同一研究链条,中,否,
EVO-00527,AUTO-20260502-717F870021,四川省能源局 国家能源局四川监管办公室关于进一步加强我省电网建设项目质量监督和启动验收管理的通知,2025-07-22,AUTO-20260502-A3DEF63765,关于跨电网经营区常态化电力交易机制方案的复函(发改体改〔2025〕915号),2025-07-11,地方承接,电网,四川->全国,主题链条：电网；国家/区域/地方层级承接,四川省能源局 国家能源局四川监管办公室关于进一步加强我省电网建设项目质量监督和启动验收管理的通知 与 关于跨电网经营区常态化电力交易机制方案的复函(发改体改〔2025〕915号) 属于同一研究链条,中,否,
EVO-00528,AUTO-20260502-717F870021,四川省能源局 国家能源局四川监管办公室关于进一步加强我省电网建设项目质量监督和启动验收管理的通知,2025-07-22,AUTO-20260502-3623F08B0E,国家能源局浙江监管办公室关于发布浙江电网2025年4-6月份“两个细则”运行结果的通知,2025-04-06,地方承接,电网,四川->浙江,主题链条：电网；国家/区域/地方层级承接,四川省能源局 国家能源局四川监管办公室关于进一步加强我省电网建设项目质量监督和启动验收管理的通知 与 国家能源局浙江监管办公室关于发布浙江电网2025年4-6月份“两个细则”运行结果的通知 属于同一研究链条,中,否,
EVO-00529,AUTO-20260502-F3F5060517,四川省发展和改革委员会关于地方电网居民生活用电执行低谷电价政策有关事项的通知,2025-08-27,AUTO-20260502-A3DEF63765,关于跨电网经营区常态化电力交易机制方案的复函(发改体改〔2025〕915号),2025-07-11,地方承接,电网,四川->全国,主题链条：电网；国家/区域/地方层级承接,四川省发展和改革委员会关于地方电网居民生活用电执行低谷电价政策有关事项的通知 与 关于跨电网经营区常态化电力交易机制方案的复函(发改体改〔2025〕915号) 属于同一研究链条,中,否,
EVO-00530,AUTO-20260502-F3F5060517,四川省发展和改革委员会关于地方电网居民生活用电执行低谷电价政策有关事项的通知,2025-08-27,AUTO-20260502-3623F08B0E,国家能源局浙江监管办公室关于发布浙江电网2025年4-6月份“两个细则”运行结果的通知,2025-04-06,地方承接,电网,四川->浙江,主题链条：电网；国家/区域/地方层级承接,四川省发展和改革委员会关于地方电网居民生活用电执行低谷电价政策有关事项的通知 与 国家能源局浙江监管办公室关于发布浙江电网2025年4-6月份“两个细则”运行结果的通知 属于同一研究链条,中,否,
EVO-00531,AUTO-20260427-E24F3D75D9,关于印发《电力中长期交易基本规则》的通知,2020-06-14,AUTO-20260502-B0BD036641,关于转发《国家能源局印发关于加强电力中长期交易监管的意见的通知》的通知,2019-12-26,地方承接,中长期,南方区域->新疆,主题链条：中长期；国家/区域/地方层级承接,关于印发《电力中长期交易基本规则》的通知 与 关于转发《国家能源局印发关于加强电力中长期交易监管的意见的通知》的通知 属于同一研究链条,中,否,
EVO-00532,AUTO-20260427-E24F3D75D9,关于印发《电力中长期交易基本规则》的通知,2020-06-14,AUTO-20260427-2C79213C08,关于修订山东省电力中长期交易规则有关条款的通知,2019-12-20,地方承接,中长期,南方区域->山东,主题链条：中长期；国家/区域/地方层级承接,关于印发《电力中长期交易基本规则》的通知 与 关于修订山东省电力中长期交易规则有关条款的通知 属于同一研究链条,中,否,
EVO-00533,AUTO-20260502-C561726DF7,国家能源局华中监管局 西藏自治区能源局关于印发《西藏自治区电力中长期交易实施细则》的通知,2021-09-10,AUTO-20260502-53881076C7,关于转发《国家发改委 国家能源局关于印发电力中长期交易基本规则的通知》,2020-09-09,配套文件,中长期,华中区域->新疆,主题链条：中长期；国家/区域/地方层级承接,国家能源局华中监管局 西藏自治区能源局关于印发《西藏自治区电力中长期交易实施细则》的通知 与 关于转发《国家发改委 国家能源局关于印发电力中长期交易基本规则的通知》 属于同一研究链条,中,否,
EVO-00534,AUTO-20260502-C561726DF7,国家能源局华中监管局 西藏自治区能源局关于印发《西藏自治区电力中长期交易实施细则》的通知,2021-09-10,AUTO-20260427-EC4C5789C9,国家发改委国家能源局关于印发《电力中长期交易基本规则（暂行）》的通知,2017-01-18,配套文件,中长期,华中区域->山东,主题链条：中长期；国家/区域/地方层级承接,国家能源局华中监管局 西藏自治区能源局关于印发《西藏自治区电力中长期交易实施细则》的通知 与 国家发改委国家能源局关于印发《电力中长期交易基本规则（暂行）》的通知 属于同一研究链条,中,否,
EVO-00535,AUTO-20260427-20E8A38E78,华北能源监管局关于明确2022年京津唐电网电力中长期交易有关事项的通知,2021-12-20,AUTO-20260502-FCBBC795F1,国家能源局南方监管局广西壮族自治区工业和信息化厅关于《印发广西电力中长期交易规则》的通知,2021-12-20,地方承接,中长期,华北区域->南方区域,主题链条：中长期；国家/区域/地方层级承接,华北能源监管局关于明确2022年京津唐电网电力中长期交易有关事项的通知 与 国家能源局南方监管局广西壮族自治区工业和信息化厅关于《印发广西电力中长期交易规则》的通知 属于同一研究链条,中,否,
EVO-00536,AUTO-20260427-20E8A38E78,华北能源监管局关于明确2022年京津唐电网电力中长期交易有关事项的通知,2021-12-20,AUTO-20260502-E0C1290415,浙江能源监管办关于印发2022年浙江省电力中长期交易相关合同示范文本的通知,2021-12-17,地方承接,中长期,华北区域->浙江,主题链条：中长期；国家/区域/地方层级承接,华北能源监管局关于明确2022年京津唐电网电力中长期交易有关事项的通知 与 浙江能源监管办关于印发2022年浙江省电力中长期交易相关合同示范文本的通知 属于同一研究链条,中,否,
EVO-00537,AUTO-20260502-FCBBC795F1,国家能源局南方监管局广西壮族自治区工业和信息化厅关于《印发广西电力中长期交易规则》的通知,2021-12-20,AUTO-20260502-53881076C7,关于转发《国家发改委 国家能源局关于印发电力中长期交易基本规则的通知》,2020-09-09,地方承接,中长期,南方区域->新疆,主题链条：中长期；国家/区域/地方层级承接,国家能源局南方监管局广西壮族自治区工业和信息化厅关于《印发广西电力中长期交易规则》的通知 与 关于转发《国家发改委 国家能源局关于印发电力中长期交易基本规则的通知》 属于同一研究链条,中,否,
EVO-00538,AUTO-20260502-FCBBC795F1,国家能源局南方监管局广西壮族自治区工业和信息化厅关于《印发广西电力中长期交易规则》的通知,2021-12-20,AUTO-20260427-EC4C5789C9,国家发改委国家能源局关于印发《电力中长期交易基本规则（暂行）》的通知,2017-01-18,地方承接,中长期,南方区域->山东,主题链条：中长期；国家/区域/地方层级承接,国家能源局南方监管局广西壮族自治区工业和信息化厅关于《印发广西电力中长期交易规则》的通知 与 国家发改委国家能源局关于印发《电力中长期交易基本规则（暂行）》的通知 属于同一研究链条,中,否,
EVO-00539,AUTO-20260427-DD7C4546BF,关于征求《华东区域跨省电力中长期交易规则（修订稿）》意见的函,2022-05-27,AUTO-20260502-53881076C7,关于转发《国家发改委 国家能源局关于印发电力中长期交易基本规则的通知》,2020-09-09,地方承接,中长期,浙江->新疆,主题链条：中长期；国家/区域/地方层级承接,关于征求《华东区域跨省电力中长期交易规则（修订稿）》意见的函 与 关于转发《国家发改委 国家能源局关于印发电力中长期交易基本规则的通知》 属于同一研究链条,中,否,
EVO-00540,AUTO-20260427-DD7C4546BF,关于征求《华东区域跨省电力中长期交易规则（修订稿）》意见的函,2022-05-27,AUTO-20260427-EC4C5789C9,国家发改委国家能源局关于印发《电力中长期交易基本规则（暂行）》的通知,2017-01-18,地方承接,中长期,浙江->山东,主题链条：中长期；国家/区域/地方层级承接,关于征求《华东区域跨省电力中长期交易规则（修订稿）》意见的函 与 国家发改委国家能源局关于印发《电力中长期交易基本规则（暂行）》的通知 属于同一研究链条,中,否,
EVO-00541,AUTO-20260427-A21D2B578A,关于印发《江西省电力中长期交易实施细则》的通知,2022-08-18,AUTO-20260502-53881076C7,关于转发《国家发改委 国家能源局关于印发电力中长期交易基本规则的通知》,2020-09-09,配套文件,中长期,华中区域->新疆,主题链条：中长期；国家/区域/地方层级承接,关于印发《江西省电力中长期交易实施细则》的通知 与 关于转发《国家发改委 国家能源局关于印发电力中长期交易基本规则的通知》 属于同一研究链条,中,否,
EVO-00542,AUTO-20260427-A21D2B578A,关于印发《江西省电力中长期交易实施细则》的通知,2022-08-18,AUTO-20260427-EC4C5789C9,国家发改委国家能源局关于印发《电力中长期交易基本规则（暂行）》的通知,2017-01-18,配套文件,中长期,华中区域->山东,主题链条：中长期；国家/区域/地方层级承接,关于印发《江西省电力中长期交易实施细则》的通知 与 国家发改委国家能源局关于印发《电力中长期交易基本规则（暂行）》的通知 属于同一研究链条,中,否,
EVO-00543,AUTO-20260427-46701D6E76,国家能源局华中监管局 湖北省能源局 关于印发《湖北省电力中长期交易实施 细则》的通知,2022-08-19,AUTO-20260427-A21D2B578A,关于印发《江西省电力中长期交易实施细则》的通知,2022-08-18,地方承接,中长期,华中区域->华中区域,主题链条：中长期；国家/区域/地方层级承接,国家能源局华中监管局 湖北省能源局 关于印发《湖北省电力中长期交易实施 细则》的通知 与 关于印发《江西省电力中长期交易实施细则》的通知 属于同一研究链条,中,否,
EVO-00544,AUTO-20260427-46701D6E76,国家能源局华中监管局 湖北省能源局 关于印发《湖北省电力中长期交易实施 细则》的通知,2022-08-19,AUTO-20260427-DD7C4546BF,关于征求《华东区域跨省电力中长期交易规则（修订稿）》意见的函,2022-05-27,地方承接,中长期,华中区域->浙江,主题链条：中长期；国家/区域/地方层级承接,国家能源局华中监管局 湖北省能源局 关于印发《湖北省电力中长期交易实施 细则》的通知 与 关于征求《华东区域跨省电力中长期交易规则（修订稿）》意见的函 属于同一研究链条,中,否,
EVO-00545,AUTO-20260427-F79895D50A,关于印发《重庆市电力中长期交易规则》的通知,2022-09-28,AUTO-20260502-53881076C7,关于转发《国家发改委 国家能源局关于印发电力中长期交易基本规则的通知》,2020-09-09,地方承接,中长期,华中区域->新疆,主题链条：中长期；国家/区域/地方层级承接,关于印发《重庆市电力中长期交易规则》的通知 与 关于转发《国家发改委 国家能源局关于印发电力中长期交易基本规则的通知》 属于同一研究链条,中,否,
EVO-00546,AUTO-20260427-F79895D50A,关于印发《重庆市电力中长期交易规则》的通知,2022-09-28,AUTO-20260427-EC4C5789C9,国家发改委国家能源局关于印发《电力中长期交易基本规则（暂行）》的通知,2017-01-18,地方承接,中长期,华中区域->山东,主题链条：中长期；国家/区域/地方层级承接,关于印发《重庆市电力中长期交易规则》的通知 与 国家发改委国家能源局关于印发《电力中长期交易基本规则（暂行）》的通知 属于同一研究链条,中,否,
EVO-00547,AUTO-20260427-897D121E2E,国家能源局西北监管局 陕西省发展和改革委员会关于印发《陕西省电力中长期交易规则》的通知,2023-05-15,AUTO-20260502-53881076C7,关于转发《国家发改委 国家能源局关于印发电力中长期交易基本规则的通知》,2020-09-09,地方承接,中长期,西北区域->新疆,主题链条：中长期；国家/区域/地方层级承接,国家能源局西北监管局 陕西省发展和改革委员会关于印发《陕西省电力中长期交易规则》的通知 与 关于转发《国家发改委 国家能源局关于印发电力中长期交易基本规则的通知》 属于同一研究链条,中,否,
EVO-00548,AUTO-20260427-897D121E2E,国家能源局西北监管局 陕西省发展和改革委员会关于印发《陕西省电力中长期交易规则》的通知,2023-05-15,AUTO-20260427-EC4C5789C9,国家发改委国家能源局关于印发《电力中长期交易基本规则（暂行）》的通知,2017-01-18,地方承接,中长期,西北区域->山东,主题链条：中长期；国家/区域/地方层级承接,国家能源局西北监管局 陕西省发展和改革委员会关于印发《陕西省电力中长期交易规则》的通知 与 国家发改委国家能源局关于印发《电力中长期交易基本规则（暂行）》的通知 属于同一研究链条,中,否,
EVO-00549,AUTO-20260427-6122A07CB6,国家能源局西北监管局关于公开征求《西北区域跨省电力中长期交易实施细则（征求意见稿）》意见建议的通知,2024-03-28,AUTO-20260502-53881076C7,关于转发《国家发改委 国家能源局关于印发电力中长期交易基本规则的通知》,2020-09-09,配套文件,中长期,西北区域->新疆,主题链条：中长期；国家/区域/地方层级承接,国家能源局西北监管局关于公开征求《西北区域跨省电力中长期交易实施细则（征求意见稿）》意见建议的通知 与 关于转发《国家发改委 国家能源局关于印发电力中长期交易基本规则的通知》 属于同一研究链条,中,否,
EVO-00550,AUTO-20260427-6122A07CB6,国家能源局西北监管局关于公开征求《西北区域跨省电力中长期交易实施细则（征求意见稿）》意见建议的通知,2024-03-28,AUTO-20260427-EC4C5789C9,国家发改委国家能源局关于印发《电力中长期交易基本规则（暂行）》的通知,2017-01-18,配套文件,中长期,西北区域->山东,主题链条：中长期；国家/区域/地方层级承接,国家能源局西北监管局关于公开征求《西北区域跨省电力中长期交易实施细则（征求意见稿）》意见建议的通知 与 国家发改委国家能源局关于印发《电力中长期交易基本规则（暂行）》的通知 属于同一研究链条,中,否,
EVO-00551,AUTO-20260427-F3E6DA37CB,关于印发《南方区域跨区跨省电力中长期交易规则》的通知,2024-04-08,AUTO-20260502-53881076C7,关于转发《国家发改委 国家能源局关于印发电力中长期交易基本规则的通知》,2020-09-09,地方承接,中长期,南方区域->新疆,主题链条：中长期；国家/区域/地方层级承接,关于印发《南方区域跨区跨省电力中长期交易规则》的通知 与 关于转发《国家发改委 国家能源局关于印发电力中长期交易基本规则的通知》 属于同一研究链条,中,否,
EVO-00552,AUTO-20260427-F3E6DA37CB,关于印发《南方区域跨区跨省电力中长期交易规则》的通知,2024-04-08,AUTO-20260427-EC4C5789C9,国家发改委国家能源局关于印发《电力中长期交易基本规则（暂行）》的通知,2017-01-18,地方承接,中长期,南方区域->山东,主题链条：中长期；国家/区域/地方层级承接,关于印发《南方区域跨区跨省电力中长期交易规则》的通知 与 国家发改委国家能源局关于印发《电力中长期交易基本规则（暂行）》的通知 属于同一研究链条,中,否,
EVO-00553,AUTO-20260427-F77C27F149,国家能源局华中监管局关于公开征求《华中区域省间电力中长期交易规则（征求意见稿）》意见的通知,2024-04-30,AUTO-20260502-53881076C7,关于转发《国家发改委 国家能源局关于印发电力中长期交易基本规则的通知》,2020-09-09,地方承接,中长期,华中区域->新疆,主题链条：中长期；国家/区域/地方层级承接,国家能源局华中监管局关于公开征求《华中区域省间电力中长期交易规则（征求意见稿）》意见的通知 与 关于转发《国家发改委 国家能源局关于印发电力中长期交易基本规则的通知》 属于同一研究链条,中,否,
EVO-00554,AUTO-20260427-F77C27F149,国家能源局华中监管局关于公开征求《华中区域省间电力中长期交易规则（征求意见稿）》意见的通知,2024-04-30,AUTO-20260427-EC4C5789C9,国家发改委国家能源局关于印发《电力中长期交易基本规则（暂行）》的通知,2017-01-18,地方承接,中长期,华中区域->山东,主题链条：中长期；国家/区域/地方层级承接,国家能源局华中监管局关于公开征求《华中区域省间电力中长期交易规则（征求意见稿）》意见的通知 与 国家发改委国家能源局关于印发《电力中长期交易基本规则（暂行）》的通知 属于同一研究链条,中,否,
EVO-00555,AUTO-20260427-5DD9FFE71E,电力中长期交易基本规则—绿色电力交易专章,2024-07-24,AUTO-20260427-F77C27F149,国家能源局华中监管局关于公开征求《华中区域省间电力中长期交易规则（征求意见稿）》意见的通知,2024-04-30,地方承接,中长期,南方区域->华中区域,主题链条：中长期；国家/区域/地方层级承接,电力中长期交易基本规则—绿色电力交易专章 与 国家能源局华中监管局关于公开征求《华中区域省间电力中长期交易规则（征求意见稿）》意见的通知 属于同一研究链条,中,否,
EVO-00556,AUTO-20260427-5DD9FFE71E,电力中长期交易基本规则—绿色电力交易专章,2024-07-24,AUTO-20260427-6122A07CB6,国家能源局西北监管局关于公开征求《西北区域跨省电力中长期交易实施细则（征求意见稿）》意见建议的通知,2024-03-28,地方承接,中长期,南方区域->西北区域,主题链条：中长期；国家/区域/地方层级承接,电力中长期交易基本规则—绿色电力交易专章 与 国家能源局西北监管局关于公开征求《西北区域跨省电力中长期交易实施细则（征求意见稿）》意见建议的通知 属于同一研究链条,中,否,
EVO-00557,AUTO-20260427-C45458E7FC,国家能源局西北监管局关于印发《西北区域跨省电力中长期交易实施细则》的通知（全文）,2024-10-18,AUTO-20260502-53881076C7,关于转发《国家发改委 国家能源局关于印发电力中长期交易基本规则的通知》,2020-09-09,配套文件,中长期,西北区域->新疆,主题链条：中长期；国家/区域/地方层级承接,国家能源局西北监管局关于印发《西北区域跨省电力中长期交易实施细则》的通知（全文） 与 关于转发《国家发改委 国家能源局关于印发电力中长期交易基本规则的通知》 属于同一研究链条,中,否,
EVO-00558,AUTO-20260427-C45458E7FC,国家能源局西北监管局关于印发《西北区域跨省电力中长期交易实施细则》的通知（全文）,2024-10-18,AUTO-20260427-EC4C5789C9,国家发改委国家能源局关于印发《电力中长期交易基本规则（暂行）》的通知,2017-01-18,配套文件,中长期,西北区域->山东,主题链条：中长期；国家/区域/地方层级承接,国家能源局西北监管局关于印发《西北区域跨省电力中长期交易实施细则》的通知（全文） 与 国家发改委国家能源局关于印发《电力中长期交易基本规则（暂行）》的通知 属于同一研究链条,中,否,
EVO-00559,AUTO-20260427-4EB78C6B0F,上海电力中长期交易规则—绿色电力交易专章,2024-10-28,AUTO-20260502-53881076C7,关于转发《国家发改委 国家能源局关于印发电力中长期交易基本规则的通知》,2020-09-09,地方承接,中长期,华东区域->新疆,主题链条：中长期；国家/区域/地方层级承接,上海电力中长期交易规则—绿色电力交易专章 与 关于转发《国家发改委 国家能源局关于印发电力中长期交易基本规则的通知》 属于同一研究链条,中,否,
EVO-00560,AUTO-20260427-4EB78C6B0F,上海电力中长期交易规则—绿色电力交易专章,2024-10-28,AUTO-20260427-EC4C5789C9,国家发改委国家能源局关于印发《电力中长期交易基本规则（暂行）》的通知,2017-01-18,地方承接,中长期,华东区域->山东,主题链条：中长期；国家/区域/地方层级承接,上海电力中长期交易规则—绿色电力交易专章 与 国家发改委国家能源局关于印发《电力中长期交易基本规则（暂行）》的通知 属于同一研究链条,中,否,
EVO-00561,AUTO-20260427-9549320EF2,华中能源监管局关于《重庆市电力中长期交易规则（修订稿）》公开征求意见的通知,2024-11-01,AUTO-20260502-53881076C7,关于转发《国家发改委 国家能源局关于印发电力中长期交易基本规则的通知》,2020-09-09,地方承接,中长期,华中区域->新疆,主题链条：中长期；国家/区域/地方层级承接,华中能源监管局关于《重庆市电力中长期交易规则（修订稿）》公开征求意见的通知 与 关于转发《国家发改委 国家能源局关于印发电力中长期交易基本规则的通知》 属于同一研究链条,中,否,
EVO-00562,AUTO-20260427-9549320EF2,华中能源监管局关于《重庆市电力中长期交易规则（修订稿）》公开征求意见的通知,2024-11-01,AUTO-20260427-EC4C5789C9,国家发改委国家能源局关于印发《电力中长期交易基本规则（暂行）》的通知,2017-01-18,地方承接,中长期,华中区域->山东,主题链条：中长期；国家/区域/地方层级承接,华中能源监管局关于《重庆市电力中长期交易规则（修订稿）》公开征求意见的通知 与 国家发改委国家能源局关于印发《电力中长期交易基本规则（暂行）》的通知 属于同一研究链条,中,否,
EVO-00563,AUTO-20260426-0D440B2FA1,关于印发《重庆市电力中长期交易规则》的通知,2024-12-19,AUTO-20260502-53881076C7,关于转发《国家发改委 国家能源局关于印发电力中长期交易基本规则的通知》,2020-09-09,地方承接,中长期,华中区域->新疆,主题链条：中长期；国家/区域/地方层级承接,关于印发《重庆市电力中长期交易规则》的通知 与 关于转发《国家发改委 国家能源局关于印发电力中长期交易基本规则的通知》 属于同一研究链条,中,否,
EVO-00564,AUTO-20260426-0D440B2FA1,关于印发《重庆市电力中长期交易规则》的通知,2024-12-19,AUTO-20260427-EC4C5789C9,国家发改委国家能源局关于印发《电力中长期交易基本规则（暂行）》的通知,2017-01-18,地方承接,中长期,华中区域->山东,主题链条：中长期；国家/区域/地方层级承接,关于印发《重庆市电力中长期交易规则》的通知 与 国家发改委国家能源局关于印发《电力中长期交易基本规则（暂行）》的通知 属于同一研究链条,中,否,
EVO-00565,AUTO-20260427-33FCB0ED92,关于做好2025年内蒙古东部电力交易市场中长期交易有关事宜的通知,2024-12-19,AUTO-20260426-0D440B2FA1,关于印发《重庆市电力中长期交易规则》的通知,2024-12-19,地方承接,中长期,内蒙古自治区->华中区域,主题链条：中长期；国家/区域/地方层级承接,关于做好2025年内蒙古东部电力交易市场中长期交易有关事宜的通知 与 关于印发《重庆市电力中长期交易规则》的通知 属于同一研究链条,中,否,
EVO-00566,AUTO-20260427-33FCB0ED92,关于做好2025年内蒙古东部电力交易市场中长期交易有关事宜的通知,2024-12-19,AUTO-20260427-2A3ABE6092,浙江能源监管办关于印发2025年浙江省电力中长期交易合同示范文本的通知,2024-12-19,地方承接,中长期,内蒙古自治区->浙江,主题链条：中长期；国家/区域/地方层级承接,关于做好2025年内蒙古东部电力交易市场中长期交易有关事宜的通知 与 浙江能源监管办关于印发2025年浙江省电力中长期交易合同示范文本的通知 属于同一研究链条,中,否,
EVO-00567,AUTO-20260427-6861D688D2,关于做好2025年内蒙古电力多边交易市场中长期交易有关事宜的通知,2024-12-19,AUTO-20260426-0D440B2FA1,关于印发《重庆市电力中长期交易规则》的通知,2024-12-19,地方承接,中长期,内蒙古自治区->华中区域,主题链条：中长期；国家/区域/地方层级承接,关于做好2025年内蒙古电力多边交易市场中长期交易有关事宜的通知 与 关于印发《重庆市电力中长期交易规则》的通知 属于同一研究链条,中,否,
EVO-00568,AUTO-20260427-6861D688D2,关于做好2025年内蒙古电力多边交易市场中长期交易有关事宜的通知,2024-12-19,AUTO-20260427-2A3ABE6092,浙江能源监管办关于印发2025年浙江省电力中长期交易合同示范文本的通知,2024-12-19,地方承接,中长期,内蒙古自治区->浙江,主题链条：中长期；国家/区域/地方层级承接,关于做好2025年内蒙古电力多边交易市场中长期交易有关事宜的通知 与 浙江能源监管办关于印发2025年浙江省电力中长期交易合同示范文本的通知 属于同一研究链条,中,否,
EVO-00569,AUTO-20260427-EDE85AAF9A,关于印发修订后的《上海电力中长期交易规则》的通知（华东监...,2025-02-21,AUTO-20260502-53881076C7,关于转发《国家发改委 国家能源局关于印发电力中长期交易基本规则的通知》,2020-09-09,地方承接,中长期,华东区域->新疆,主题链条：中长期；国家/区域/地方层级承接,关于印发修订后的《上海电力中长期交易规则》的通知（华东监... 与 关于转发《国家发改委 国家能源局关于印发电力中长期交易基本规则的通知》 属于同一研究链条,中,否,
EVO-00570,AUTO-20260427-EDE85AAF9A,关于印发修订后的《上海电力中长期交易规则》的通知（华东监...,2025-02-21,AUTO-20260427-EC4C5789C9,国家发改委国家能源局关于印发《电力中长期交易基本规则（暂行）》的通知,2017-01-18,地方承接,中长期,华东区域->山东,主题链条：中长期；国家/区域/地方层级承接,关于印发修订后的《上海电力中长期交易规则》的通知（华东监... 与 国家发改委国家能源局关于印发《电力中长期交易基本规则（暂行）》的通知 属于同一研究链条,中,否,
EVO-00571,AUTO-20260427-EC24CC36EA,关于印发修订后的《安徽电力中长期交易规则》的通知（华东监...,2025-02-21,AUTO-20260502-53881076C7,关于转发《国家发改委 国家能源局关于印发电力中长期交易基本规则的通知》,2020-09-09,地方承接,中长期,华东区域->新疆,主题链条：中长期；国家/区域/地方层级承接,关于印发修订后的《安徽电力中长期交易规则》的通知（华东监... 与 关于转发《国家发改委 国家能源局关于印发电力中长期交易基本规则的通知》 属于同一研究链条,中,否,
EVO-00572,AUTO-20260427-EC24CC36EA,关于印发修订后的《安徽电力中长期交易规则》的通知（华东监...,2025-02-21,AUTO-20260427-EC4C5789C9,国家发改委国家能源局关于印发《电力中长期交易基本规则（暂行）》的通知,2017-01-18,地方承接,中长期,华东区域->山东,主题链条：中长期；国家/区域/地方层级承接,关于印发修订后的《安徽电力中长期交易规则》的通知（华东监... 与 国家发改委国家能源局关于印发《电力中长期交易基本规则（暂行）》的通知 属于同一研究链条,中,否,
EVO-00573,AUTO-20260427-6B0EF18171,国家能源局西北监管局关于征求《青海省电力中长期交易规则补充规定（征求意见稿）》意见建议的通知,2025-08-13,AUTO-20260502-53881076C7,关于转发《国家发改委 国家能源局关于印发电力中长期交易基本规则的通知》,2020-09-09,地方承接,中长期,西北区域->新疆,主题链条：中长期；国家/区域/地方层级承接,国家能源局西北监管局关于征求《青海省电力中长期交易规则补充规定（征求意见稿）》意见建议的通知 与 关于转发《国家发改委 国家能源局关于印发电力中长期交易基本规则的通知》 属于同一研究链条,中,否,
EVO-00574,AUTO-20260427-6B0EF18171,国家能源局西北监管局关于征求《青海省电力中长期交易规则补充规定（征求意见稿）》意见建议的通知,2025-08-13,AUTO-20260427-EC4C5789C9,国家发改委国家能源局关于印发《电力中长期交易基本规则（暂行）》的通知,2017-01-18,地方承接,中长期,西北区域->山东,主题链条：中长期；国家/区域/地方层级承接,国家能源局西北监管局关于征求《青海省电力中长期交易规则补充规定（征求意见稿）》意见建议的通知 与 国家发改委国家能源局关于印发《电力中长期交易基本规则（暂行）》的通知 属于同一研究链条,中,否,
EVO-00575,AUTO-20260426-A3868601F8,国家能源局华中监管局关于公开征求《重庆电力中长期交易实施细则（征求意见稿）》意见的通知,2025-09-17,AUTO-20260502-53881076C7,关于转发《国家发改委 国家能源局关于印发电力中长期交易基本规则的通知》,2020-09-09,配套文件,中长期,华中区域->新疆,主题链条：中长期；国家/区域/地方层级承接,国家能源局华中监管局关于公开征求《重庆电力中长期交易实施细则（征求意见稿）》意见的通知 与 关于转发《国家发改委 国家能源局关于印发电力中长期交易基本规则的通知》 属于同一研究链条,中,否,
EVO-00576,AUTO-20260426-A3868601F8,国家能源局华中监管局关于公开征求《重庆电力中长期交易实施细则（征求意见稿）》意见的通知,2025-09-17,AUTO-20260427-EC4C5789C9,国家发改委国家能源局关于印发《电力中长期交易基本规则（暂行）》的通知,2017-01-18,配套文件,中长期,华中区域->山东,主题链条：中长期；国家/区域/地方层级承接,国家能源局华中监管局关于公开征求《重庆电力中长期交易实施细则（征求意见稿）》意见的通知 与 国家发改委国家能源局关于印发《电力中长期交易基本规则（暂行）》的通知 属于同一研究链条,中,否,
EVO-00577,AUTO-20260427-4BE00C1720,国家能源局西北监管局 青海省能源局关于印发《青海省电力中长期交易规则补充规定》的通知,2025-09-25,AUTO-20260502-53881076C7,关于转发《国家发改委 国家能源局关于印发电力中长期交易基本规则的通知》,2020-09-09,地方承接,中长期,西北区域->新疆,主题链条：中长期；国家/区域/地方层级承接,国家能源局西北监管局 青海省能源局关于印发《青海省电力中长期交易规则补充规定》的通知 与 关于转发《国家发改委 国家能源局关于印发电力中长期交易基本规则的通知》 属于同一研究链条,中,否,
EVO-00578,AUTO-20260427-4BE00C1720,国家能源局西北监管局 青海省能源局关于印发《青海省电力中长期交易规则补充规定》的通知,2025-09-25,AUTO-20260427-EC4C5789C9,国家发改委国家能源局关于印发《电力中长期交易基本规则（暂行）》的通知,2017-01-18,地方承接,中长期,西北区域->山东,主题链条：中长期；国家/区域/地方层级承接,国家能源局西北监管局 青海省能源局关于印发《青海省电力中长期交易规则补充规定》的通知 与 国家发改委国家能源局关于印发《电力中长期交易基本规则（暂行）》的通知 属于同一研究链条,中,否,
EVO-00579,AUTO-20260425-82D40D1344,关于公开征求《西藏自治区电力中长期交易实施细则（征求意见稿）》意见的通知,2025-11-22,AUTO-20260502-53881076C7,关于转发《国家发改委 国家能源局关于印发电力中长期交易基本规则的通知》,2020-09-09,配套文件,中长期,华中区域->新疆,主题链条：中长期；国家/区域/地方层级承接,关于公开征求《西藏自治区电力中长期交易实施细则（征求意见稿）》意见的通知 与 关于转发《国家发改委 国家能源局关于印发电力中长期交易基本规则的通知》 属于同一研究链条,中,否,
EVO-00580,AUTO-20260425-82D40D1344,关于公开征求《西藏自治区电力中长期交易实施细则（征求意见稿）》意见的通知,2025-11-22,AUTO-20260427-EC4C5789C9,国家发改委国家能源局关于印发《电力中长期交易基本规则（暂行）》的通知,2017-01-18,配套文件,中长期,华中区域->山东,主题链条：中长期；国家/区域/地方层级承接,关于公开征求《西藏自治区电力中长期交易实施细则（征求意见稿）》意见的通知 与 国家发改委国家能源局关于印发《电力中长期交易基本规则（暂行）》的通知 属于同一研究链条,中,否,
EVO-00581,AUTO-20260425-D5A6AA701E,关于加强辖区中长期批发交易合同签约履约监管的通知,2025-12-16,AUTO-20260427-04351EFDD0,关于印发2026年浙江省电力中长期交易合同示范文本的通知,2025-12-12,地方承接,中长期,南方区域->浙江,主题链条：中长期；国家/区域/地方层级承接,关于加强辖区中长期批发交易合同签约履约监管的通知 与 关于印发2026年浙江省电力中长期交易合同示范文本的通知 属于同一研究链条,中,否,
EVO-00582,AUTO-20260425-D5A6AA701E,关于加强辖区中长期批发交易合同签约履约监管的通知,2025-12-16,AUTO-20260427-F694D4BAAB,关于征求2026年浙江省电力中长期交易合同示范文本意见的函,2025-12-01,地方承接,中长期,南方区域->浙江,主题链条：中长期；国家/区域/地方层级承接,关于加强辖区中长期批发交易合同签约履约监管的通知 与 关于征求2026年浙江省电力中长期交易合同示范文本意见的函 属于同一研究链条,中,否,
EVO-00583,AUTO-20260427-166CF8A8B5,华东能源监管局关于加强电力中长期批发交易监管的通知,2025-12-23,AUTO-20260425-D5A6AA701E,关于加强辖区中长期批发交易合同签约履约监管的通知,2025-12-16,地方承接,中长期,华东区域->南方区域,主题链条：中长期；国家/区域/地方层级承接,华东能源监管局关于加强电力中长期批发交易监管的通知 与 关于加强辖区中长期批发交易合同签约履约监管的通知 属于同一研究链条,中,否,
EVO-00584,AUTO-20260427-166CF8A8B5,华东能源监管局关于加强电力中长期批发交易监管的通知,2025-12-23,AUTO-20260427-04351EFDD0,关于印发2026年浙江省电力中长期交易合同示范文本的通知,2025-12-12,地方承接,中长期,华东区域->浙江,主题链条：中长期；国家/区域/地方层级承接,华东能源监管局关于加强电力中长期批发交易监管的通知 与 关于印发2026年浙江省电力中长期交易合同示范文本的通知 属于同一研究链条,中,否,
EVO-00585,AUTO-20260427-7F4BF875A3,关于做好2026年内蒙古电力多边交易市场中长期交易有关事宜的通知,2025-12-30,AUTO-20260425-F67BBBF923,关于印发《电力中长期市场基本规则》的通知(发改能源规〔2025〕1656号),2025-12-26,地方承接,中长期,内蒙古自治区->全国,主题链条：中长期；国家/区域/地方层级承接,关于做好2026年内蒙古电力多边交易市场中长期交易有关事宜的通知 与 关于印发《电力中长期市场基本规则》的通知(发改能源规〔2025〕1656号) 属于同一研究链条,中,否,
EVO-00586,AUTO-20260427-7F4BF875A3,关于做好2026年内蒙古电力多边交易市场中长期交易有关事宜的通知,2025-12-30,AUTO-20260427-166CF8A8B5,华东能源监管局关于加强电力中长期批发交易监管的通知,2025-12-23,地方承接,中长期,内蒙古自治区->华东区域,主题链条：中长期；国家/区域/地方层级承接,关于做好2026年内蒙古电力多边交易市场中长期交易有关事宜的通知 与 华东能源监管局关于加强电力中长期批发交易监管的通知 属于同一研究链条,中,否,
EVO-00587,AUTO-20260427-543BC9B2A3,关于做好2026年内蒙古东部电力交易市场中长期交易有关事宜的通知,2025-12-30,AUTO-20260425-F67BBBF923,关于印发《电力中长期市场基本规则》的通知(发改能源规〔2025〕1656号),2025-12-26,地方承接,中长期,内蒙古自治区->全国,主题链条：中长期；国家/区域/地方层级承接,关于做好2026年内蒙古东部电力交易市场中长期交易有关事宜的通知 与 关于印发《电力中长期市场基本规则》的通知(发改能源规〔2025〕1656号) 属于同一研究链条,中,否,
EVO-00588,AUTO-20260427-543BC9B2A3,关于做好2026年内蒙古东部电力交易市场中长期交易有关事宜的通知,2025-12-30,AUTO-20260427-166CF8A8B5,华东能源监管局关于加强电力中长期批发交易监管的通知,2025-12-23,地方承接,中长期,内蒙古自治区->华东区域,主题链条：中长期；国家/区域/地方层级承接,关于做好2026年内蒙古东部电力交易市场中长期交易有关事宜的通知 与 华东能源监管局关于加强电力中长期批发交易监管的通知 属于同一研究链条,中,否,
EVO-00589,AUTO-20260425-3D787AF073,关于公开征求《重庆电力中长期市场实施细则（征求意见稿）》意见的通知,2026-01-26,AUTO-20260425-F67BBBF923,关于印发《电力中长期市场基本规则》的通知(发改能源规〔2025〕1656号),2025-12-26,配套文件,中长期,华中区域->全国,主题链条：中长期；国家/区域/地方层级承接,关于公开征求《重庆电力中长期市场实施细则（征求意见稿）》意见的通知 与 关于印发《电力中长期市场基本规则》的通知(发改能源规〔2025〕1656号) 属于同一研究链条,中,否,
EVO-00590,AUTO-20260425-3D787AF073,关于公开征求《重庆电力中长期市场实施细则（征求意见稿）》意见的通知,2026-01-26,AUTO-20260502-53881076C7,关于转发《国家发改委 国家能源局关于印发电力中长期交易基本规则的通知》,2020-09-09,配套文件,中长期,华中区域->新疆,主题链条：中长期；国家/区域/地方层级承接,关于公开征求《重庆电力中长期市场实施细则（征求意见稿）》意见的通知 与 关于转发《国家发改委 国家能源局关于印发电力中长期交易基本规则的通知》 属于同一研究链条,中,否,
EVO-00591,AUTO-20260425-63755B61E4,关于公开征求《西藏自治区电力中长期市场实施细则（征求意见稿）》意见的通知,2026-01-26,AUTO-20260425-F67BBBF923,关于印发《电力中长期市场基本规则》的通知(发改能源规〔2025〕1656号),2025-12-26,配套文件,中长期,华中区域->全国,主题链条：中长期；国家/区域/地方层级承接,关于公开征求《西藏自治区电力中长期市场实施细则（征求意见稿）》意见的通知 与 关于印发《电力中长期市场基本规则》的通知(发改能源规〔2025〕1656号) 属于同一研究链条,中,否,
EVO-00592,AUTO-20260425-63755B61E4,关于公开征求《西藏自治区电力中长期市场实施细则（征求意见稿）》意见的通知,2026-01-26,AUTO-20260502-53881076C7,关于转发《国家发改委 国家能源局关于印发电力中长期交易基本规则的通知》,2020-09-09,配套文件,中长期,华中区域->新疆,主题链条：中长期；国家/区域/地方层级承接,关于公开征求《西藏自治区电力中长期市场实施细则（征求意见稿）》意见的通知 与 关于转发《国家发改委 国家能源局关于印发电力中长期交易基本规则的通知》 属于同一研究链条,中,否,
EVO-00593,AUTO-20260425-35BEAAF482,关于公开征求《湖北省电力中长期市场实施细则（征求意见稿）》意见的通知,2026-01-26,AUTO-20260425-F67BBBF923,关于印发《电力中长期市场基本规则》的通知(发改能源规〔2025〕1656号),2025-12-26,配套文件,中长期,华中区域->全国,主题链条：中长期；国家/区域/地方层级承接,关于公开征求《湖北省电力中长期市场实施细则（征求意见稿）》意见的通知 与 关于印发《电力中长期市场基本规则》的通知(发改能源规〔2025〕1656号) 属于同一研究链条,中,否,
EVO-00594,AUTO-20260425-35BEAAF482,关于公开征求《湖北省电力中长期市场实施细则（征求意见稿）》意见的通知,2026-01-26,AUTO-20260502-53881076C7,关于转发《国家发改委 国家能源局关于印发电力中长期交易基本规则的通知》,2020-09-09,配套文件,中长期,华中区域->新疆,主题链条：中长期；国家/区域/地方层级承接,关于公开征求《湖北省电力中长期市场实施细则（征求意见稿）》意见的通知 与 关于转发《国家发改委 国家能源局关于印发电力中长期交易基本规则的通知》 属于同一研究链条,中,否,
EVO-00595,AUTO-20260425-1A6D55E163,关于公开征求《江西电力中长期市场实施细则（征求意见稿）》意见的通知,2026-01-26,AUTO-20260425-F67BBBF923,关于印发《电力中长期市场基本规则》的通知(发改能源规〔2025〕1656号),2025-12-26,配套文件,中长期,华中区域->全国,主题链条：中长期；国家/区域/地方层级承接,关于公开征求《江西电力中长期市场实施细则（征求意见稿）》意见的通知 与 关于印发《电力中长期市场基本规则》的通知(发改能源规〔2025〕1656号) 属于同一研究链条,中,否,
EVO-00596,AUTO-20260425-1A6D55E163,关于公开征求《江西电力中长期市场实施细则（征求意见稿）》意见的通知,2026-01-26,AUTO-20260502-53881076C7,关于转发《国家发改委 国家能源局关于印发电力中长期交易基本规则的通知》,2020-09-09,配套文件,中长期,华中区域->新疆,主题链条：中长期；国家/区域/地方层级承接,关于公开征求《江西电力中长期市场实施细则（征求意见稿）》意见的通知 与 关于转发《国家发改委 国家能源局关于印发电力中长期交易基本规则的通知》 属于同一研究链条,中,否,
EVO-00597,AUTO-20260425-D8A4A0C9BE,关于公开征求《华中区域省间电力中长期交易实施细则（征求意见稿）》意见的通知,2026-01-26,AUTO-20260425-F67BBBF923,关于印发《电力中长期市场基本规则》的通知(发改能源规〔2025〕1656号),2025-12-26,配套文件,中长期,华中区域->全国,主题链条：中长期；国家/区域/地方层级承接,关于公开征求《华中区域省间电力中长期交易实施细则（征求意见稿）》意见的通知 与 关于印发《电力中长期市场基本规则》的通知(发改能源规〔2025〕1656号) 属于同一研究链条,中,否,
EVO-00598,AUTO-20260425-D8A4A0C9BE,关于公开征求《华中区域省间电力中长期交易实施细则（征求意见稿）》意见的通知,2026-01-26,AUTO-20260502-53881076C7,关于转发《国家发改委 国家能源局关于印发电力中长期交易基本规则的通知》,2020-09-09,配套文件,中长期,华中区域->新疆,主题链条：中长期；国家/区域/地方层级承接,关于公开征求《华中区域省间电力中长期交易实施细则（征求意见稿）》意见的通知 与 关于转发《国家发改委 国家能源局关于印发电力中长期交易基本规则的通知》 属于同一研究链条,中,否,
EVO-00599,AUTO-20260427-1C4703E1E9,国家能源局西北监管局关于征求陕西、宁夏、青海电力中长期市场实施细则（征求意见稿）意见建议的通知,2026-01-26,AUTO-20260425-F67BBBF923,关于印发《电力中长期市场基本规则》的通知(发改能源规〔2025〕1656号),2025-12-26,配套文件,中长期,西北区域->全国,主题链条：中长期；国家/区域/地方层级承接,国家能源局西北监管局关于征求陕西、宁夏、青海电力中长期市场实施细则（征求意见稿）意见建议的通知 与 关于印发《电力中长期市场基本规则》的通知(发改能源规〔2025〕1656号) 属于同一研究链条,中,否,
EVO-00600,AUTO-20260427-1C4703E1E9,国家能源局西北监管局关于征求陕西、宁夏、青海电力中长期市场实施细则（征求意见稿）意见建议的通知,2026-01-26,AUTO-20260502-53881076C7,关于转发《国家发改委 国家能源局关于印发电力中长期交易基本规则的通知》,2020-09-09,配套文件,中长期,西北区域->新疆,主题链条：中长期；国家/区域/地方层级承接,国家能源局西北监管局关于征求陕西、宁夏、青海电力中长期市场实施细则（征求意见稿）意见建议的通知 与 关于转发《国家发改委 国家能源局关于印发电力中长期交易基本规则的通知》 属于同一研究链条,中,否,
EVO-00601,AUTO-20260427-8BA55D72F9,国家能源局西北监管局关于征求《西北区域省间电力中长期市场实施细则（2026年修订版）（征求意见稿）》意见建议的通知,2026-02-14,AUTO-20260425-F67BBBF923,关于印发《电力中长期市场基本规则》的通知(发改能源规〔2025〕1656号),2025-12-26,配套文件,中长期,西北区域->全国,主题链条：中长期；国家/区域/地方层级承接,国家能源局西北监管局关于征求《西北区域省间电力中长期市场实施细则（2026年修订版）（征求意见稿）》意见建议的通知 与 关于印发《电力中长期市场基本规则》的通知(发改能源规〔2025〕1656号) 属于同一研究链条,中,否,
EVO-00602,AUTO-20260427-8BA55D72F9,国家能源局西北监管局关于征求《西北区域省间电力中长期市场实施细则（2026年修订版）（征求意见稿）》意见建议的通知,2026-02-14,AUTO-20260502-53881076C7,关于转发《国家发改委 国家能源局关于印发电力中长期交易基本规则的通知》,2020-09-09,配套文件,中长期,西北区域->新疆,主题链条：中长期；国家/区域/地方层级承接,国家能源局西北监管局关于征求《西北区域省间电力中长期市场实施细则（2026年修订版）（征求意见稿）》意见建议的通知 与 关于转发《国家发改委 国家能源局关于印发电力中长期交易基本规则的通知》 属于同一研究链条,中,否,
EVO-00603,AUTO-20260427-9F7307C867,国家能源局西北监管局 陕西省发展和改革委员会关于印发《陕西省电力中长期市场实施细则》的通知,2026-02-28,AUTO-20260425-F67BBBF923,关于印发《电力中长期市场基本规则》的通知(发改能源规〔2025〕1656号),2025-12-26,配套文件,中长期,西北区域->全国,主题链条：中长期；国家/区域/地方层级承接,国家能源局西北监管局 陕西省发展和改革委员会关于印发《陕西省电力中长期市场实施细则》的通知 与 关于印发《电力中长期市场基本规则》的通知(发改能源规〔2025〕1656号) 属于同一研究链条,中,否,
EVO-00604,AUTO-20260427-9F7307C867,国家能源局西北监管局 陕西省发展和改革委员会关于印发《陕西省电力中长期市场实施细则》的通知,2026-02-28,AUTO-20260502-53881076C7,关于转发《国家发改委 国家能源局关于印发电力中长期交易基本规则的通知》,2020-09-09,配套文件,中长期,西北区域->新疆,主题链条：中长期；国家/区域/地方层级承接,国家能源局西北监管局 陕西省发展和改革委员会关于印发《陕西省电力中长期市场实施细则》的通知 与 关于转发《国家发改委 国家能源局关于印发电力中长期交易基本规则的通知》 属于同一研究链条,中,否,
EVO-00605,AUTO-20260427-0A34FA35E6,关于印发《安徽电力中长期市场实施细则》的通知,2026-03-31,AUTO-20260425-F67BBBF923,关于印发《电力中长期市场基本规则》的通知(发改能源规〔2025〕1656号),2025-12-26,配套文件,中长期,华东区域->全国,主题链条：中长期；国家/区域/地方层级承接,关于印发《安徽电力中长期市场实施细则》的通知 与 关于印发《电力中长期市场基本规则》的通知(发改能源规〔2025〕1656号) 属于同一研究链条,中,否,
EVO-00606,AUTO-20260427-0A34FA35E6,关于印发《安徽电力中长期市场实施细则》的通知,2026-03-31,AUTO-20260502-53881076C7,关于转发《国家发改委 国家能源局关于印发电力中长期交易基本规则的通知》,2020-09-09,配套文件,中长期,华东区域->新疆,主题链条：中长期；国家/区域/地方层级承接,关于印发《安徽电力中长期市场实施细则》的通知 与 关于转发《国家发改委 国家能源局关于印发电力中长期交易基本规则的通知》 属于同一研究链条,中,否,
EVO-00607,AUTO-20260427-6A8B006887,关于印发《上海电力中长期市场实施细则》的通知,2026-03-31,AUTO-20260425-F67BBBF923,关于印发《电力中长期市场基本规则》的通知(发改能源规〔2025〕1656号),2025-12-26,配套文件,中长期,华东区域->全国,主题链条：中长期；国家/区域/地方层级承接,关于印发《上海电力中长期市场实施细则》的通知 与 关于印发《电力中长期市场基本规则》的通知(发改能源规〔2025〕1656号) 属于同一研究链条,中,否,
EVO-00608,AUTO-20260427-6A8B006887,关于印发《上海电力中长期市场实施细则》的通知,2026-03-31,AUTO-20260502-53881076C7,关于转发《国家发改委 国家能源局关于印发电力中长期交易基本规则的通知》,2020-09-09,配套文件,中长期,华东区域->新疆,主题链条：中长期；国家/区域/地方层级承接,关于印发《上海电力中长期市场实施细则》的通知 与 关于转发《国家发改委 国家能源局关于印发电力中长期交易基本规则的通知》 属于同一研究链条,中,否,
EVO-00609,AUTO-20260424-97CB3F74FC,国家能源局华中监管局关于印发《华中区域省间电力中长期市场实施细则》的通知,2026-04-09,AUTO-20260425-F67BBBF923,关于印发《电力中长期市场基本规则》的通知(发改能源规〔2025〕1656号),2025-12-26,配套文件,中长期,华中区域->全国,主题链条：中长期；国家/区域/地方层级承接,国家能源局华中监管局关于印发《华中区域省间电力中长期市场实施细则》的通知 与 关于印发《电力中长期市场基本规则》的通知(发改能源规〔2025〕1656号) 属于同一研究链条,中,否,
EVO-00610,AUTO-20260424-97CB3F74FC,国家能源局华中监管局关于印发《华中区域省间电力中长期市场实施细则》的通知,2026-04-09,AUTO-20260502-53881076C7,关于转发《国家发改委 国家能源局关于印发电力中长期交易基本规则的通知》,2020-09-09,配套文件,中长期,华中区域->新疆,主题链条：中长期；国家/区域/地方层级承接,国家能源局华中监管局关于印发《华中区域省间电力中长期市场实施细则》的通知 与 关于转发《国家发改委 国家能源局关于印发电力中长期交易基本规则的通知》 属于同一研究链条,中,否,
EVO-00611,AUTO-20260424-663B4D5B07,关于印发《湖北省电力中长期市场实施细则》的通知,2026-04-14,AUTO-20260425-F67BBBF923,关于印发《电力中长期市场基本规则》的通知(发改能源规〔2025〕1656号),2025-12-26,配套文件,中长期,湖北->全国,主题链条：中长期；国家/区域/地方层级承接,关于印发《湖北省电力中长期市场实施细则》的通知 与 关于印发《电力中长期市场基本规则》的通知(发改能源规〔2025〕1656号) 属于同一研究链条,中,否,
EVO-00612,AUTO-20260424-663B4D5B07,关于印发《湖北省电力中长期市场实施细则》的通知,2026-04-14,AUTO-20260502-53881076C7,关于转发《国家发改委 国家能源局关于印发电力中长期交易基本规则的通知》,2020-09-09,配套文件,中长期,湖北->新疆,主题链条：中长期；国家/区域/地方层级承接,关于印发《湖北省电力中长期市场实施细则》的通知 与 关于转发《国家发改委 国家能源局关于印发电力中长期交易基本规则的通知》 属于同一研究链条,中,否,
EVO-00613,AUTO-20260425-D49D5FABE6,关于印发《重庆市电力中长期市场实施细则》的通知,2026-04-14,AUTO-20260425-F67BBBF923,关于印发《电力中长期市场基本规则》的通知(发改能源规〔2025〕1656号),2025-12-26,配套文件,中长期,华中区域->全国,主题链条：中长期；国家/区域/地方层级承接,关于印发《重庆市电力中长期市场实施细则》的通知 与 关于印发《电力中长期市场基本规则》的通知(发改能源规〔2025〕1656号) 属于同一研究链条,中,否,
EVO-00614,AUTO-20260425-D49D5FABE6,关于印发《重庆市电力中长期市场实施细则》的通知,2026-04-14,AUTO-20260502-53881076C7,关于转发《国家发改委 国家能源局关于印发电力中长期交易基本规则的通知》,2020-09-09,配套文件,中长期,华中区域->新疆,主题链条：中长期；国家/区域/地方层级承接,关于印发《重庆市电力中长期市场实施细则》的通知 与 关于转发《国家发改委 国家能源局关于印发电力中长期交易基本规则的通知》 属于同一研究链条,中,否,
EVO-00615,AUTO-20260425-712572408D,关于印发《西藏自治区电力中长期市场实施细则》的通知,2026-04-14,AUTO-20260425-F67BBBF923,关于印发《电力中长期市场基本规则》的通知(发改能源规〔2025〕1656号),2025-12-26,配套文件,中长期,华中区域->全国,主题链条：中长期；国家/区域/地方层级承接,关于印发《西藏自治区电力中长期市场实施细则》的通知 与 关于印发《电力中长期市场基本规则》的通知(发改能源规〔2025〕1656号) 属于同一研究链条,中,否,
EVO-00616,AUTO-20260425-712572408D,关于印发《西藏自治区电力中长期市场实施细则》的通知,2026-04-14,AUTO-20260502-53881076C7,关于转发《国家发改委 国家能源局关于印发电力中长期交易基本规则的通知》,2020-09-09,配套文件,中长期,华中区域->新疆,主题链条：中长期；国家/区域/地方层级承接,关于印发《西藏自治区电力中长期市场实施细则》的通知 与 关于转发《国家发改委 国家能源局关于印发电力中长期交易基本规则的通知》 属于同一研究链条,中,否,
EVO-00617,AUTO-20260425-A74926FCBF,关于印发《江西省电力中长期市场实施细则》的通知,2026-04-14,AUTO-20260425-F67BBBF923,关于印发《电力中长期市场基本规则》的通知(发改能源规〔2025〕1656号),2025-12-26,配套文件,中长期,华中区域->全国,主题链条：中长期；国家/区域/地方层级承接,关于印发《江西省电力中长期市场实施细则》的通知 与 关于印发《电力中长期市场基本规则》的通知(发改能源规〔2025〕1656号) 属于同一研究链条,中,否,
EVO-00618,AUTO-20260425-A74926FCBF,关于印发《江西省电力中长期市场实施细则》的通知,2026-04-14,AUTO-20260502-53881076C7,关于转发《国家发改委 国家能源局关于印发电力中长期交易基本规则的通知》,2020-09-09,配套文件,中长期,华中区域->新疆,主题链条：中长期；国家/区域/地方层级承接,关于印发《江西省电力中长期市场实施细则》的通知 与 关于转发《国家发改委 国家能源局关于印发电力中长期交易基本规则的通知》 属于同一研究链条,中,否,
EVO-00619,AUTO-20260427-9D436454D6,国家能源局华东监管局关于印发《长三角跨省电力中长期市场实施细则》的通知,2026-04-17,AUTO-20260425-F67BBBF923,关于印发《电力中长期市场基本规则》的通知(发改能源规〔2025〕1656号),2025-12-26,配套文件,中长期,华东区域->全国,主题链条：中长期；国家/区域/地方层级承接,国家能源局华东监管局关于印发《长三角跨省电力中长期市场实施细则》的通知 与 关于印发《电力中长期市场基本规则》的通知(发改能源规〔2025〕1656号) 属于同一研究链条,中,否,
EVO-00620,AUTO-20260427-9D436454D6,国家能源局华东监管局关于印发《长三角跨省电力中长期市场实施细则》的通知,2026-04-17,AUTO-20260502-53881076C7,关于转发《国家发改委 国家能源局关于印发电力中长期交易基本规则的通知》,2020-09-09,配套文件,中长期,华东区域->新疆,主题链条：中长期；国家/区域/地方层级承接,国家能源局华东监管局关于印发《长三角跨省电力中长期市场实施细则》的通知 与 关于转发《国家发改委 国家能源局关于印发电力中长期交易基本规则的通知》 属于同一研究链条,中,否,
EVO-00621,AUTO-20260427-3AAD7C60CC,长三角省市间富余新能源消纳互济交易规则（试行）,2024-12-13,AUTO-20260502-F67E0AF46B,山东能源监管办关于征求风电场并网管理运行管理实施细则修订意见的通知,2019-04-10,地方承接,新能源,华东区域->山东,主题链条：新能源；国家/区域/地方层级承接,长三角省市间富余新能源消纳互济交易规则（试行） 与 山东能源监管办关于征求风电场并网管理运行管理实施细则修订意见的通知 属于同一研究链条,中,否,
EVO-00622,AUTO-20260426-482E9580D6,关于提升海南省新能源和新型并网主体涉网安全能力的通知,2025-08-01,AUTO-20260426-DBC1C0D7C5,关于提升广西壮族自治区新能源和新型并网主体涉网安全能力的通知,2025-08-01,地方承接,新能源,南方区域->南方区域,主题链条：新能源；国家/区域/地方层级承接,关于提升海南省新能源和新型并网主体涉网安全能力的通知 与 关于提升广西壮族自治区新能源和新型并网主体涉网安全能力的通知 属于同一研究链条,中,否,
EVO-00623,AUTO-20260426-482E9580D6,关于提升海南省新能源和新型并网主体涉网安全能力的通知,2025-08-01,AUTO-20260426-5AA1473F8F,关于提升广东省新能源和新型并网主体涉网安全能力的通知,2025-08-01,地方承接,新能源,南方区域->南方区域,主题链条：新能源；国家/区域/地方层级承接,关于提升海南省新能源和新型并网主体涉网安全能力的通知 与 关于提升广东省新能源和新型并网主体涉网安全能力的通知 属于同一研究链条,中,否,
EVO-00624,AUTO-20260426-DBC1C0D7C5,关于提升广西壮族自治区新能源和新型并网主体涉网安全能力的通知,2025-08-01,AUTO-20260426-482E9580D6,关于提升海南省新能源和新型并网主体涉网安全能力的通知,2025-08-01,地方承接,新能源,南方区域->南方区域,主题链条：新能源；国家/区域/地方层级承接,关于提升广西壮族自治区新能源和新型并网主体涉网安全能力的通知 与 关于提升海南省新能源和新型并网主体涉网安全能力的通知 属于同一研究链条,中,否,
EVO-00625,AUTO-20260426-DBC1C0D7C5,关于提升广西壮族自治区新能源和新型并网主体涉网安全能力的通知,2025-08-01,AUTO-20260426-5AA1473F8F,关于提升广东省新能源和新型并网主体涉网安全能力的通知,2025-08-01,地方承接,新能源,南方区域->南方区域,主题链条：新能源；国家/区域/地方层级承接,关于提升广西壮族自治区新能源和新型并网主体涉网安全能力的通知 与 关于提升广东省新能源和新型并网主体涉网安全能力的通知 属于同一研究链条,中,否,
EVO-00626,AUTO-20260426-5AA1473F8F,关于提升广东省新能源和新型并网主体涉网安全能力的通知,2025-08-01,AUTO-20260426-482E9580D6,关于提升海南省新能源和新型并网主体涉网安全能力的通知,2025-08-01,地方承接,新能源,南方区域->南方区域,主题链条：新能源；国家/区域/地方层级承接,关于提升广东省新能源和新型并网主体涉网安全能力的通知 与 关于提升海南省新能源和新型并网主体涉网安全能力的通知 属于同一研究链条,中,否,
EVO-00627,AUTO-20260426-5AA1473F8F,关于提升广东省新能源和新型并网主体涉网安全能力的通知,2025-08-01,AUTO-20260426-DBC1C0D7C5,关于提升广西壮族自治区新能源和新型并网主体涉网安全能力的通知,2025-08-01,地方承接,新能源,南方区域->南方区域,主题链条：新能源；国家/区域/地方层级承接,关于提升广东省新能源和新型并网主体涉网安全能力的通知 与 关于提升广西壮族自治区新能源和新型并网主体涉网安全能力的通知 属于同一研究链条,中,否,
EVO-00628,AUTO-20260427-ED15D5C741,广东省发展和改革委员会 - 广东省发展改革委关于申报新能源可持续发展价格结算机制存量项目的通知,2025-09-30,AUTO-20260427-257D529B27,关于完善价格机制促进新能源发电就近消纳的通知(发改价格〔2025〕1192号),2025-09-12,地方承接,新能源,广东->全国,主题链条：新能源；国家/区域/地方层级承接,广东省发展和改革委员会 - 广东省发展改革委关于申报新能源可持续发展价格结算机制存量项目的通知 与 关于完善价格机制促进新能源发电就近消纳的通知(发改价格〔2025〕1192号) 属于同一研究链条,中,否,
EVO-00629,AUTO-20260427-ED15D5C741,广东省发展和改革委员会 - 广东省发展改革委关于申报新能源可持续发展价格结算机制存量项目的通知,2025-09-30,AUTO-20260426-482E9580D6,关于提升海南省新能源和新型并网主体涉网安全能力的通知,2025-08-01,地方承接,新能源,广东->南方区域,主题链条：新能源；国家/区域/地方层级承接,广东省发展和改革委员会 - 广东省发展改革委关于申报新能源可持续发展价格结算机制存量项目的通知 与 关于提升海南省新能源和新型并网主体涉网安全能力的通知 属于同一研究链条,中,否,
EVO-00630,AUTO-20260427-A739C746F8,关于上海市2025年度新能源增量项目机制电价竞价结果的通知_价格管理,2025-12-03,AUTO-20260427-6FF22802C9,关于促进新能源消纳和调控的指导意见(发改能源〔2025〕1360号),2025-11-10,地方承接,新能源,上海->全国,主题链条：新能源；国家/区域/地方层级承接,关于上海市2025年度新能源增量项目机制电价竞价结果的通知_价格管理 与 关于促进新能源消纳和调控的指导意见(发改能源〔2025〕1360号) 属于同一研究链条,中,否,
EVO-00631,AUTO-20260427-A739C746F8,关于上海市2025年度新能源增量项目机制电价竞价结果的通知_价格管理,2025-12-03,AUTO-20260427-257D529B27,关于完善价格机制促进新能源发电就近消纳的通知(发改价格〔2025〕1192号),2025-09-12,地方承接,新能源,上海->全国,主题链条：新能源；国家/区域/地方层级承接,关于上海市2025年度新能源增量项目机制电价竞价结果的通知_价格管理 与 关于完善价格机制促进新能源发电就近消纳的通知(发改价格〔2025〕1192号) 属于同一研究链条,中,否,
EVO-00632,AUTO-20260425-D5F253F0B2,关于印发重庆市支持智能网联新能源商用产业发展政策措施（2025—2027年）的通知,2025-12-30,AUTO-20260425-6D1818F6CF,关于优化集中式新能源发电企业市场报价的通知(试行)(发改能源〔2025〕1476号),2025-12-11,地方承接,新能源,重庆->全国,主题链条：新能源；国家/区域/地方层级承接,关于印发重庆市支持智能网联新能源商用产业发展政策措施（2025—2027年）的通知 与 关于优化集中式新能源发电企业市场报价的通知(试行)(发改能源〔2025〕1476号) 属于同一研究链条,中,否,
EVO-00633,AUTO-20260425-D5F253F0B2,关于印发重庆市支持智能网联新能源商用产业发展政策措施（2025—2027年）的通知,2025-12-30,AUTO-20260427-6FF22802C9,关于促进新能源消纳和调控的指导意见(发改能源〔2025〕1360号),2025-11-10,地方承接,新能源,重庆->全国,主题链条：新能源；国家/区域/地方层级承接,关于印发重庆市支持智能网联新能源商用产业发展政策措施（2025—2027年）的通知 与 关于促进新能源消纳和调控的指导意见(发改能源〔2025〕1360号) 属于同一研究链条,中,否,
EVO-00634,AUTO-20260425-3CC677DBE5,北京市发展和改革委员会关于公开征集市政府固定资产投资支持新能源供热项目的通知-本委其他文件-北京市发展和改革委员会,2026-03-09,AUTO-20260425-6D1818F6CF,关于优化集中式新能源发电企业市场报价的通知(试行)(发改能源〔2025〕1476号),2025-12-11,地方承接,新能源,北京->全国,主题链条：新能源；国家/区域/地方层级承接,北京市发展和改革委员会关于公开征集市政府固定资产投资支持新能源供热项目的通知-本委其他文件-北京市发展和改革委员会 与 关于优化集中式新能源发电企业市场报价的通知(试行)(发改能源〔2025〕1476号) 属于同一研究链条,中,否,
EVO-00635,AUTO-20260425-3CC677DBE5,北京市发展和改革委员会关于公开征集市政府固定资产投资支持新能源供热项目的通知-本委其他文件-北京市发展和改革委员会,2026-03-09,AUTO-20260427-6FF22802C9,关于促进新能源消纳和调控的指导意见(发改能源〔2025〕1360号),2025-11-10,地方承接,新能源,北京->全国,主题链条：新能源；国家/区域/地方层级承接,北京市发展和改革委员会关于公开征集市政府固定资产投资支持新能源供热项目的通知-本委其他文件-北京市发展和改革委员会 与 关于促进新能源消纳和调控的指导意见(发改能源〔2025〕1360号) 属于同一研究链条,中,否,
EVO-00636,AUTO-20260502-83C288CD96,关于印发《上海市省间清洁购电交易机制实施办法》的通知,2021-10-12,AUTO-20260502-63DBCD549E,关于印发《广东、广西、海南及南方区域跨省区清洁能源消纳情况综合监管实施方案》的通知,2021-04-25,地方承接,省间交易,上海->南方区域,主题链条：省间交易；国家/区域/地方层级承接,关于印发《上海市省间清洁购电交易机制实施办法》的通知 与 关于印发《广东、广西、海南及南方区域跨省区清洁能源消纳情况综合监管实施方案》的通知 属于同一研究链条,中,否,
EVO-00637,AUTO-20260426-DEDA1D301C,华中能源监管局关于公开征求《华中区域(东四省)省间电力互济市场交易规则》意见的通知,2025-08-01,AUTO-20260502-63DBCD549E,关于印发《广东、广西、海南及南方区域跨省区清洁能源消纳情况综合监管实施方案》的通知,2021-04-25,地方承接,省间交易,华中区域->南方区域,主题链条：省间交易；国家/区域/地方层级承接,华中能源监管局关于公开征求《华中区域(东四省)省间电力互济市场交易规则》意见的通知 与 关于印发《广东、广西、海南及南方区域跨省区清洁能源消纳情况综合监管实施方案》的通知 属于同一研究链条,中,否,
EVO-00638,AUTO-20260427-51AC1D580A,国家能源局西北监管局关于公开征求《西北区域省间电力互济交易运营规则（试行）（征求意见稿）》意见建议的通知,2026-01-23,AUTO-20260426-DEDA1D301C,华中能源监管局关于公开征求《华中区域(东四省)省间电力互济市场交易规则》意见的通知,2025-08-01,地方承接,省间交易,西北区域->华中区域,主题链条：省间交易；国家/区域/地方层级承接,国家能源局西北监管局关于公开征求《西北区域省间电力互济交易运营规则（试行）（征求意见稿）》意见建议的通知 与 华中能源监管局关于公开征求《华中区域(东四省)省间电力互济市场交易规则》意见的通知 属于同一研究链条,中,否,
EVO-00639,AUTO-20260427-51AC1D580A,国家能源局西北监管局关于公开征求《西北区域省间电力互济交易运营规则（试行）（征求意见稿）》意见建议的通知,2026-01-23,AUTO-20260502-63DBCD549E,关于印发《广东、广西、海南及南方区域跨省区清洁能源消纳情况综合监管实施方案》的通知,2021-04-25,地方承接,省间交易,西北区域->南方区域,主题链条：省间交易；国家/区域/地方层级承接,国家能源局西北监管局关于公开征求《西北区域省间电力互济交易运营规则（试行）（征求意见稿）》意见建议的通知 与 关于印发《广东、广西、海南及南方区域跨省区清洁能源消纳情况综合监管实施方案》的通知 属于同一研究链条,中,否,
EVO-00640,AUTO-20260427-EC19F02593,国家能源局西北监管局关于印发《西北区域省间电力互济交易实施细则(试行)》的通知,2026-04-27,AUTO-20260427-51AC1D580A,国家能源局西北监管局关于公开征求《西北区域省间电力互济交易运营规则（试行）（征求意见稿）》意见建议的通知,2026-01-23,配套文件,省间交易,西北区域->西北区域,主题链条：省间交易；国家/区域/地方层级承接,国家能源局西北监管局关于印发《西北区域省间电力互济交易实施细则(试行)》的通知 与 国家能源局西北监管局关于公开征求《西北区域省间电力互济交易运营规则（试行）（征求意见稿）》意见建议的通知 属于同一研究链条,中,否,
EVO-00641,AUTO-20260427-EC19F02593,国家能源局西北监管局关于印发《西北区域省间电力互济交易实施细则(试行)》的通知,2026-04-27,AUTO-20260426-DEDA1D301C,华中能源监管局关于公开征求《华中区域(东四省)省间电力互济市场交易规则》意见的通知,2025-08-01,配套文件,省间交易,西北区域->华中区域,主题链条：省间交易；国家/区域/地方层级承接,国家能源局西北监管局关于印发《西北区域省间电力互济交易实施细则(试行)》的通知 与 华中能源监管局关于公开征求《华中区域(东四省)省间电力互济市场交易规则》意见的通知 属于同一研究链条,中,否,
EVO-00642,AUTO-20260502-B841DF8667,华中能源监管局关于公开征求《川渝藏省间电力互济交易实施细则（征求意见稿）》意见的通知,2026-04-30,AUTO-20260427-EC19F02593,国家能源局西北监管局关于印发《西北区域省间电力互济交易实施细则(试行)》的通知,2026-04-27,配套文件,省间交易,华中区域->西北区域,主题链条：省间交易；国家/区域/地方层级承接,华中能源监管局关于公开征求《川渝藏省间电力互济交易实施细则（征求意见稿）》意见的通知 与 国家能源局西北监管局关于印发《西北区域省间电力互济交易实施细则(试行)》的通知 属于同一研究链条,中,否,
EVO-00643,AUTO-20260502-B841DF8667,华中能源监管局关于公开征求《川渝藏省间电力互济交易实施细则（征求意见稿）》意见的通知,2026-04-30,AUTO-20260427-51AC1D580A,国家能源局西北监管局关于公开征求《西北区域省间电力互济交易运营规则（试行）（征求意见稿）》意见建议的通知,2026-01-23,配套文件,省间交易,华中区域->西北区域,主题链条：省间交易；国家/区域/地方层级承接,华中能源监管局关于公开征求《川渝藏省间电力互济交易实施细则（征求意见稿）》意见的通知 与 国家能源局西北监管局关于公开征求《西北区域省间电力互济交易运营规则（试行）（征求意见稿）》意见建议的通知 属于同一研究链条,中,否,
EVO-00644,AUTO-20260502-1C89E2775E,关于转发《国家发展改革委办公厅 国家能源局综合司关于加快推进电力现货市场建设工作的通知》的通知,2022-04-29,AUTO-20260427-6E98A81878,关于国家电网有限公司省间电力现货交易规则的复函(发改办体改〔2021〕837号),2021-11-16,地方承接,现货,上海->全国,主题链条：现货；国家/区域/地方层级承接,关于转发《国家发展改革委办公厅 国家能源局综合司关于加快推进电力现货市场建设工作的通知》的通知 与 关于国家电网有限公司省间电力现货交易规则的复函(发改办体改〔2021〕837号) 属于同一研究链条,中,否,
EVO-00645,AUTO-20260502-1C89E2775E,关于转发《国家发展改革委办公厅 国家能源局综合司关于加快推进电力现货市场建设工作的通知》的通知,2022-04-29,AUTO-20260502-F9194BABA6,福建能源监管办关于转发国家能源局《电力现货市场信息披露办法（暂行）》的通知,2020-12-14,地方承接,现货,上海->福建,主题链条：现货；国家/区域/地方层级承接,关于转发《国家发展改革委办公厅 国家能源局综合司关于加快推进电力现货市场建设工作的通知》的通知 与 福建能源监管办关于转发国家能源局《电力现货市场信息披露办法（暂行）》的通知 属于同一研究链条,中,否,
EVO-00646,AUTO-20260427-3CFB9AC233,跨省跨区送电参与南方（以广东起步）现货市场偏差处理办法解读,2022-08-01,AUTO-20260427-6E98A81878,关于国家电网有限公司省间电力现货交易规则的复函(发改办体改〔2021〕837号),2021-11-16,地方承接,现货,南方区域->全国,主题链条：现货；国家/区域/地方层级承接,跨省跨区送电参与南方（以广东起步）现货市场偏差处理办法解读 与 关于国家电网有限公司省间电力现货交易规则的复函(发改办体改〔2021〕837号) 属于同一研究链条,中,否,
EVO-00647,AUTO-20260427-3CFB9AC233,跨省跨区送电参与南方（以广东起步）现货市场偏差处理办法解读,2022-08-01,AUTO-20260502-F9194BABA6,福建能源监管办关于转发国家能源局《电力现货市场信息披露办法（暂行）》的通知,2020-12-14,地方承接,现货,南方区域->福建,主题链条：现货；国家/区域/地方层级承接,跨省跨区送电参与南方（以广东起步）现货市场偏差处理办法解读 与 福建能源监管办关于转发国家能源局《电力现货市场信息披露办法（暂行）》的通知 属于同一研究链条,中,否,
EVO-00648,AUTO-20260427-EE6D85F7E0,发改能源规〔2023〕1217号 《电力现货市场基本规则（试行）》,2023-09-10,AUTO-20260427-3CFB9AC233,跨省跨区送电参与南方（以广东起步）现货市场偏差处理办法解读,2022-08-01,地方承接,现货,南方区域->南方区域,主题链条：现货；国家/区域/地方层级承接,发改能源规〔2023〕1217号 《电力现货市场基本规则（试行）》 与 跨省跨区送电参与南方（以广东起步）现货市场偏差处理办法解读 属于同一研究链条,中,否,
EVO-00649,AUTO-20260427-EE6D85F7E0,发改能源规〔2023〕1217号 《电力现货市场基本规则（试行）》,2023-09-10,AUTO-20260427-6E98A81878,关于国家电网有限公司省间电力现货交易规则的复函(发改办体改〔2021〕837号),2021-11-16,地方承接,现货,南方区域->全国,主题链条：现货；国家/区域/地方层级承接,发改能源规〔2023〕1217号 《电力现货市场基本规则（试行）》 与 关于国家电网有限公司省间电力现货交易规则的复函(发改办体改〔2021〕837号) 属于同一研究链条,中,否,
EVO-00650,AUTO-20260427-C3DDFE1C05,关于山西电力现货市场由试运行转正式运行的通知,2023-12-22,AUTO-20260427-A0AD12B7E0,关于进一步加快电力现货市场建设工作的通知(发改办体改〔2023〕813号),2023-11-01,地方承接,现货,山西->全国,主题链条：现货；国家/区域/地方层级承接,关于山西电力现货市场由试运行转正式运行的通知 与 关于进一步加快电力现货市场建设工作的通知(发改办体改〔2023〕813号) 属于同一研究链条,中,否,
EVO-00651,AUTO-20260427-C3DDFE1C05,关于山西电力现货市场由试运行转正式运行的通知,2023-12-22,AUTO-20260427-B292F45571,关于印发《电力现货市场基本规则（试行）》的通知(发改能源规〔2023〕1217号),2023-09-15,地方承接,现货,山西->全国,主题链条：现货；国家/区域/地方层级承接,关于山西电力现货市场由试运行转正式运行的通知 与 关于印发《电力现货市场基本规则（试行）》的通知(发改能源规〔2023〕1217号) 属于同一研究链条,中,否,
EVO-00652,AUTO-20260502-570F289F2B,内蒙古自治区能源局 国家能源局华北监管局 内蒙古自治区发展改革委关于蒙西电力现货市场由试运行转入正式运行的通知,2025-02-21,AUTO-20260426-2321F82FD1,关于山东电力现货市场由试运行转正式运行的通知,2024-06-17,地方承接,现货,内蒙古自治区->山东,主题链条：现货；国家/区域/地方层级承接,内蒙古自治区能源局 国家能源局华北监管局 内蒙古自治区发展改革委关于蒙西电力现货市场由试运行转入正式运行的通知 与 关于山东电力现货市场由试运行转正式运行的通知 属于同一研究链条,中,否,
EVO-00653,AUTO-20260502-570F289F2B,内蒙古自治区能源局 国家能源局华北监管局 内蒙古自治区发展改革委关于蒙西电力现货市场由试运行转入正式运行的通知,2025-02-21,AUTO-20260427-A0AD12B7E0,关于进一步加快电力现货市场建设工作的通知(发改办体改〔2023〕813号),2023-11-01,地方承接,现货,内蒙古自治区->全国,主题链条：现货；国家/区域/地方层级承接,内蒙古自治区能源局 国家能源局华北监管局 内蒙古自治区发展改革委关于蒙西电力现货市场由试运行转入正式运行的通知 与 关于进一步加快电力现货市场建设工作的通知(发改办体改〔2023〕813号) 属于同一研究链条,中,否,
EVO-00654,AUTO-20260427-1906B16212,关于进一步做好我市电力现货市场限价相关事项的通知_价格管理,2026-02-11,AUTO-20260427-2DD331A266,关于印发《电力现货连续运行地区市场建设指引》的通知(发改能源〔2025〕1171号),2025-09-12,地方承接,现货,上海->全国,主题链条：现货；国家/区域/地方层级承接,关于进一步做好我市电力现货市场限价相关事项的通知_价格管理 与 关于印发《电力现货连续运行地区市场建设指引》的通知(发改能源〔2025〕1171号) 属于同一研究链条,中,否,
EVO-00655,AUTO-20260427-1906B16212,关于进一步做好我市电力现货市场限价相关事项的通知_价格管理,2026-02-11,AUTO-20260427-7369F01D27,浙江省发展和改革委员会 浙江省能源局 国家能源局浙江监管办公室关于浙江电力现货市场转正式...,2025-08-26,地方承接,现货,上海->浙江,主题链条：现货；国家/区域/地方层级承接,关于进一步做好我市电力现货市场限价相关事项的通知_价格管理 与 浙江省发展和改革委员会 浙江省能源局 国家能源局浙江监管办公室关于浙江电力现货市场转正式... 属于同一研究链条,中,否,
EVO-00656,AUTO-20260502-EE25AD8C79,关于印发《区域电网输电价格定价办法》的通知(发改价格规〔2020〕100号),2020-02-05,AUTO-20260502-B85D7DD04E,关于印发《省级电网输配电价定价办法》的通知(发改价格规〔2020〕101号),2020-02-05,地方承接,输配电价,全国->全国,主题链条：输配电价；国家/区域/地方层级承接,关于印发《区域电网输电价格定价办法》的通知(发改价格规〔2020〕100号) 与 关于印发《省级电网输配电价定价办法》的通知(发改价格规〔2020〕101号) 属于同一研究链条,中,否,
EVO-00657,AUTO-20260502-135D10C5E6,关于核定2020～2022年区域电网输电价格的通知(发改价格规〔2020〕1441号),2020-09-30,AUTO-20260502-67AB5EB68F,关于核定2020～2022年省级电网输配电价的通知(发改价格规〔2020〕1508号),2020-09-30,地方承接,输配电价,全国->全国,主题链条：输配电价；国家/区域/地方层级承接,关于核定2020～2022年区域电网输电价格的通知(发改价格规〔2020〕1441号) 与 关于核定2020～2022年省级电网输配电价的通知(发改价格规〔2020〕1508号) 属于同一研究链条,中,否,
EVO-00658,AUTO-20260502-135D10C5E6,关于核定2020～2022年区域电网输电价格的通知(发改价格规〔2020〕1441号),2020-09-30,AUTO-20260502-B85D7DD04E,关于印发《省级电网输配电价定价办法》的通知(发改价格规〔2020〕101号),2020-02-05,地方承接,输配电价,全国->全国,主题链条：输配电价；国家/区域/地方层级承接,关于核定2020～2022年区域电网输电价格的通知(发改价格规〔2020〕1441号) 与 关于印发《省级电网输配电价定价办法》的通知(发改价格规〔2020〕101号) 属于同一研究链条,中,否,
EVO-00659,AUTO-20260502-F1C4251461,关于第三监管周期区域电网输电价格及有关事项的通知(发改价格〔2023〕532号),2023-05-15,AUTO-20260502-9C5CF5AFC7,关于第三监管周期省级电网输配电价及有关事项的通知(发改价格〔2023〕526号),2023-05-15,地方承接,输配电价,全国->全国,主题链条：输配电价；国家/区域/地方层级承接,关于第三监管周期区域电网输电价格及有关事项的通知(发改价格〔2023〕532号) 与 关于第三监管周期省级电网输配电价及有关事项的通知(发改价格〔2023〕526号) 属于同一研究链条,中,否,
EVO-00660,AUTO-20260502-F1C4251461,关于第三监管周期区域电网输电价格及有关事项的通知(发改价格〔2023〕532号),2023-05-15,AUTO-20260502-67AB5EB68F,关于核定2020～2022年省级电网输配电价的通知(发改价格规〔2020〕1508号),2020-09-30,地方承接,输配电价,全国->全国,主题链条：输配电价；国家/区域/地方层级承接,关于第三监管周期区域电网输电价格及有关事项的通知(发改价格〔2023〕532号) 与 关于核定2020～2022年省级电网输配电价的通知(发改价格规〔2020〕1508号) 属于同一研究链条,中,否,
EVO-00661,AUTO-20260502-35862D6B84,关于转发《国家发展改革委关于第三监管周期省级电网输配电价及有关事项的通知》的通知,2023-05-26,AUTO-20260502-9C5CF5AFC7,关于第三监管周期省级电网输配电价及有关事项的通知(发改价格〔2023〕526号),2023-05-15,地方承接,输配电价,上海->全国,主题链条：输配电价；国家/区域/地方层级承接,关于转发《国家发展改革委关于第三监管周期省级电网输配电价及有关事项的通知》的通知 与 关于第三监管周期省级电网输配电价及有关事项的通知(发改价格〔2023〕526号) 属于同一研究链条,中,否,
EVO-00662,AUTO-20260502-35862D6B84,关于转发《国家发展改革委关于第三监管周期省级电网输配电价及有关事项的通知》的通知,2023-05-26,AUTO-20260502-F1C4251461,关于第三监管周期区域电网输电价格及有关事项的通知(发改价格〔2023〕532号),2023-05-15,地方承接,输配电价,上海->全国,主题链条：输配电价；国家/区域/地方层级承接,关于转发《国家发展改革委关于第三监管周期省级电网输配电价及有关事项的通知》的通知 与 关于第三监管周期区域电网输电价格及有关事项的通知(发改价格〔2023〕532号) 属于同一研究链条,中,否,
EVO-00663,AUTO-20260502-78DE621070,关于四川电网第三监管周期输配电价及有关事项的通知（川发改价格〔2023〕233号）,2023-05-29,AUTO-20260502-9C5CF5AFC7,关于第三监管周期省级电网输配电价及有关事项的通知(发改价格〔2023〕526号),2023-05-15,地方承接,输配电价,四川->全国,主题链条：输配电价；国家/区域/地方层级承接,关于四川电网第三监管周期输配电价及有关事项的通知（川发改价格〔2023〕233号） 与 关于第三监管周期省级电网输配电价及有关事项的通知(发改价格〔2023〕526号) 属于同一研究链条,中,否,
EVO-00664,AUTO-20260502-78DE621070,关于四川电网第三监管周期输配电价及有关事项的通知（川发改价格〔2023〕233号）,2023-05-29,AUTO-20260502-F1C4251461,关于第三监管周期区域电网输电价格及有关事项的通知(发改价格〔2023〕532号),2023-05-15,地方承接,输配电价,四川->全国,主题链条：输配电价；国家/区域/地方层级承接,关于四川电网第三监管周期输配电价及有关事项的通知（川发改价格〔2023〕233号） 与 关于第三监管周期区域电网输电价格及有关事项的通知(发改价格〔2023〕532号) 属于同一研究链条,中,否,
EVO-00665,AUTO-20260502-25191CE6EB,关于转发《国家能源局关于印发的通知》的通知,2021-01-07,AUTO-20260502-11A59453A9,关于加强和规范电网规划投资管理工作的通知(发改能源规〔2020〕816号),2020-06-08,地方承接,电网规划,上海->全国,主题链条：电网规划；国家/区域/地方层级承接,关于转发《国家能源局关于印发的通知》的通知 与 关于加强和规范电网规划投资管理工作的通知(发改能源规〔2020〕816号) 属于同一研究链条,低,否,
EVO-00666,AUTO-20260502-94D2FE448E,山西省能源局关于印发《“十四五”新型储能发展实施方案》的通知,2022-09-30,AUTO-20260427-C2621C7DE7,关于印发《“十四五”新型储能发展实施方案》的通知(发改能源〔2022〕209号),2022-03-21,地方承接,储能,山西->全国,主题链条：储能；国家/区域/地方层级承接,山西省能源局关于印发《“十四五”新型储能发展实施方案》的通知 与 关于印发《“十四五”新型储能发展实施方案》的通知(发改能源〔2022〕209号) 属于同一研究链条,中,否,
EVO-00667,AUTO-20260502-80D4ECD388,北京市经济和信息化局关于印发《北京市新型储能产业发展实施方案（2024—2027年）》的通知,2024-12-05,AUTO-20260427-C2621C7DE7,关于印发《“十四五”新型储能发展实施方案》的通知(发改能源〔2022〕209号),2022-03-21,地方承接,储能,北京->全国,主题链条：储能；国家/区域/地方层级承接,北京市经济和信息化局关于印发《北京市新型储能产业发展实施方案（2024—2027年）》的通知 与 关于印发《“十四五”新型储能发展实施方案》的通知(发改能源〔2022〕209号) 属于同一研究链条,中,否,
EVO-00668,AUTO-20260502-116B918776,关于开展2025年电网侧新型储能项目申报工作的通知（川发改能源〔2025〕65号）,2025-02-18,AUTO-20260427-C2621C7DE7,关于印发《“十四五”新型储能发展实施方案》的通知(发改能源〔2022〕209号),2022-03-21,地方承接,储能,四川->全国,主题链条：储能；国家/区域/地方层级承接,关于开展2025年电网侧新型储能项目申报工作的通知（川发改能源〔2025〕65号） 与 关于印发《“十四五”新型储能发展实施方案》的通知(发改能源〔2022〕209号) 属于同一研究链条,中,否,
EVO-00669,AUTO-20260502-07800C683B,山西省能源局关于加强2025年新型储能管理工作的通知,2025-05-06,AUTO-20260427-C2621C7DE7,关于印发《“十四五”新型储能发展实施方案》的通知(发改能源〔2022〕209号),2022-03-21,地方承接,储能,山西->全国,主题链条：储能；国家/区域/地方层级承接,山西省能源局关于加强2025年新型储能管理工作的通知 与 关于印发《“十四五”新型储能发展实施方案》的通知(发改能源〔2022〕209号) 属于同一研究链条,中,否,
EVO-00670,AUTO-20260502-CC59936556,关于印发《四川省电网侧新型储能项目清单（2025年度）》的通知(川发改能源〔2025〕309号),2025-07-11,AUTO-20260427-C2621C7DE7,关于印发《“十四五”新型储能发展实施方案》的通知(发改能源〔2022〕209号),2022-03-21,地方承接,储能,四川->全国,主题链条：储能；国家/区域/地方层级承接,关于印发《四川省电网侧新型储能项目清单（2025年度）》的通知(川发改能源〔2025〕309号) 与 关于印发《“十四五”新型储能发展实施方案》的通知(发改能源〔2022〕209号) 属于同一研究链条,中,否,
EVO-00671,AUTO-20260427-5EF9021CE0,国家能源局西北监管局关于征求《西北区域跨省电力中长期交易实施细则——新型储能交易专章（征求意见稿）》意见建议的通知,2025-08-25,AUTO-20260427-C2621C7DE7,关于印发《“十四五”新型储能发展实施方案》的通知(发改能源〔2022〕209号),2022-03-21,配套文件,储能,西北区域->全国,主题链条：储能；国家/区域/地方层级承接,国家能源局西北监管局关于征求《西北区域跨省电力中长期交易实施细则——新型储能交易专章（征求意见稿）》意见建议的通知 与 关于印发《“十四五”新型储能发展实施方案》的通知(发改能源〔2022〕209号) 属于同一研究链条,中,否,
EVO-00672,AUTO-20260502-DC02450597,山西省能源局关于印发2025年第三季度新型储能项目库调整清单的通知,2025-09-23,AUTO-20260502-4CAB7D0BE0,关于印发《新型储能规模化建设专项行动方案(2025—2027年)》的通知(发改能源〔2025〕1144号),2025-09-12,地方承接,储能,山西->全国,主题链条：储能；国家/区域/地方层级承接,山西省能源局关于印发2025年第三季度新型储能项目库调整清单的通知 与 关于印发《新型储能规模化建设专项行动方案(2025—2027年)》的通知(发改能源〔2025〕1144号) 属于同一研究链条,中,否,
EVO-00673,AUTO-20260502-DC02450597,山西省能源局关于印发2025年第三季度新型储能项目库调整清单的通知,2025-09-23,AUTO-20260427-5EF9021CE0,国家能源局西北监管局关于征求《西北区域跨省电力中长期交易实施细则——新型储能交易专章（征求意见稿）》意见建议的通知,2025-08-25,地方承接,储能,山西->西北区域,主题链条：储能；国家/区域/地方层级承接,山西省能源局关于印发2025年第三季度新型储能项目库调整清单的通知 与 国家能源局西北监管局关于征求《西北区域跨省电力中长期交易实施细则——新型储能交易专章（征求意见稿）》意见建议的通知 属于同一研究链条,中,否,
EVO-00674,AUTO-20260502-A3BBD32046,关于印发《四川省电网侧新型储能项目清单（2025年第二批）》的通知(川发改能源〔2025〕518号),2025-10-24,AUTO-20260502-4CAB7D0BE0,关于印发《新型储能规模化建设专项行动方案(2025—2027年)》的通知(发改能源〔2025〕1144号),2025-09-12,地方承接,储能,四川->全国,主题链条：储能；国家/区域/地方层级承接,关于印发《四川省电网侧新型储能项目清单（2025年第二批）》的通知(川发改能源〔2025〕518号) 与 关于印发《新型储能规模化建设专项行动方案(2025—2027年)》的通知(发改能源〔2025〕1144号) 属于同一研究链条,中,否,
EVO-00675,AUTO-20260502-A3BBD32046,关于印发《四川省电网侧新型储能项目清单（2025年第二批）》的通知(川发改能源〔2025〕518号),2025-10-24,AUTO-20260427-5EF9021CE0,国家能源局西北监管局关于征求《西北区域跨省电力中长期交易实施细则——新型储能交易专章（征求意见稿）》意见建议的通知,2025-08-25,地方承接,储能,四川->西北区域,主题链条：储能；国家/区域/地方层级承接,关于印发《四川省电网侧新型储能项目清单（2025年第二批）》的通知(川发改能源〔2025〕518号) 与 国家能源局西北监管局关于征求《西北区域跨省电力中长期交易实施细则——新型储能交易专章（征求意见稿）》意见建议的通知 属于同一研究链条,中,否,
EVO-00676,AUTO-20260427-1806176B6C,国家能源局西北监管局关于印发《西北区域跨省电力中长期交易实施细则——新型储能交易专章》的通知,2025-10-30,AUTO-20260427-5EF9021CE0,国家能源局西北监管局关于征求《西北区域跨省电力中长期交易实施细则——新型储能交易专章（征求意见稿）》意见建议的通知,2025-08-25,配套文件,储能,西北区域->西北区域,主题链条：储能；国家/区域/地方层级承接,国家能源局西北监管局关于印发《西北区域跨省电力中长期交易实施细则——新型储能交易专章》的通知 与 国家能源局西北监管局关于征求《西北区域跨省电力中长期交易实施细则——新型储能交易专章（征求意见稿）》意见建议的通知 属于同一研究链条,中,否,
EVO-00677,AUTO-20260427-1806176B6C,国家能源局西北监管局关于印发《西北区域跨省电力中长期交易实施细则——新型储能交易专章》的通知,2025-10-30,AUTO-20260502-4CAB7D0BE0,关于印发《新型储能规模化建设专项行动方案(2025—2027年)》的通知(发改能源〔2025〕1144号),2025-09-12,配套文件,储能,西北区域->全国,主题链条：储能；国家/区域/地方层级承接,国家能源局西北监管局关于印发《西北区域跨省电力中长期交易实施细则——新型储能交易专章》的通知 与 关于印发《新型储能规模化建设专项行动方案(2025—2027年)》的通知(发改能源〔2025〕1144号) 属于同一研究链条,中,否,
EVO-00678,AUTO-20260502-8F611517B8,关于印发《上海市新型电力系统调节能力奖励资金管理办法》的通知,2025-05-16,AUTO-20260502-A406C4F625,关于印发《加快构建新型电力系统行动方案(2024—2027年)》的通知(发改能源〔2024〕1128号),2024-08-06,地方承接,新型电力系统,上海->全国,主题链条：新型电力系统；国家/区域/地方层级承接,关于印发《上海市新型电力系统调节能力奖励资金管理办法》的通知 与 关于印发《加快构建新型电力系统行动方案(2024—2027年)》的通知(发改能源〔2024〕1128号) 属于同一研究链条,中,否,
EVO-00679,AUTO-20260427-851724B835,关于明确我市应急备用煤电机组容量电价有关事项的通知_价格管理,2025-11-17,AUTO-20260427-69BAE4E34E,关于建立煤电容量电价机制的通知(发改价格〔2023〕1501号),2023-11-10,地方承接,容量电价,上海->全国,主题链条：容量电价；国家/区域/地方层级承接,关于明确我市应急备用煤电机组容量电价有关事项的通知_价格管理 与 关于建立煤电容量电价机制的通知(发改价格〔2023〕1501号) 属于同一研究链条,中,否,
EVO-00680,AUTO-20260427-851724B835,关于明确我市应急备用煤电机组容量电价有关事项的通知_价格管理,2025-11-17,AUTO-20260427-BCED5F5381,关于抽水蓄能电站容量电价及有关事项的通知(发改价格〔2023〕533号),2023-05-15,地方承接,容量电价,上海->全国,主题链条：容量电价；国家/区域/地方层级承接,关于明确我市应急备用煤电机组容量电价有关事项的通知_价格管理 与 关于抽水蓄能电站容量电价及有关事项的通知(发改价格〔2023〕533号) 属于同一研究链条,中,否,
EVO-00681,AUTO-20260427-5ED24A4111,关于调整我市煤电容量电价有关事项的通知_价格管理,2025-12-24,AUTO-20260427-69BAE4E34E,关于建立煤电容量电价机制的通知(发改价格〔2023〕1501号),2023-11-10,地方承接,容量电价,上海->全国,主题链条：容量电价；国家/区域/地方层级承接,关于调整我市煤电容量电价有关事项的通知_价格管理 与 关于建立煤电容量电价机制的通知(发改价格〔2023〕1501号) 属于同一研究链条,中,否,
EVO-00682,AUTO-20260427-5ED24A4111,关于调整我市煤电容量电价有关事项的通知_价格管理,2025-12-24,AUTO-20260427-BCED5F5381,关于抽水蓄能电站容量电价及有关事项的通知(发改价格〔2023〕533号),2023-05-15,地方承接,容量电价,上海->全国,主题链条：容量电价；国家/区域/地方层级承接,关于调整我市煤电容量电价有关事项的通知_价格管理 与 关于抽水蓄能电站容量电价及有关事项的通知(发改价格〔2023〕533号) 属于同一研究链条,中,否,
EVO-00683,AUTO-20260502-8B017B6B7F,山西省能源局 国家能源局山西监管办公室 国网山西省电力有限公司关于进一步加强新能源配套送出工程管理推动新能源高质量发展的通知,2025-08-18,AUTO-20260502-8FBE71AB3F,关于新形势下配电网高质量发展的指导意见(发改能源〔2024〕187号),2024-03-01,地方承接,高质量发展,山西->全国,主题链条：高质量发展；国家/区域/地方层级承接,山西省能源局 国家能源局山西监管办公室 国网山西省电力有限公司关于进一步加强新能源配套送出工程管理推动新能源高质量发展的通知 与 关于新形势下配电网高质量发展的指导意见(发改能源〔2024〕187号) 属于同一研究链条,中,否,
EVO-00684,AUTO-20260427-790BD08DF9,关于印发《绿电园区规划、建设和运营工作指引（2025年）》的通知,2025-11-10,AUTO-20260427-51C6A877DC,关于有序推动绿电直连发展有关事项的通知(发改能源〔2025〕650号),2025-05-30,地方承接,绿电,山西->全国,主题链条：绿电；国家/区域/地方层级承接,关于印发《绿电园区规划、建设和运营工作指引（2025年）》的通知 与 关于有序推动绿电直连发展有关事项的通知(发改能源〔2025〕650号) 属于同一研究链条,中,否,
EVO-00685,AUTO-20260427-790BD08DF9,关于印发《绿电园区规划、建设和运营工作指引（2025年）》的通知,2025-11-10,AUTO-20260502-94192CD7A5,关于促进可再生能源绿色电力证书市场高质量发展的意见(发改能源〔2025〕262号),2025-03-18,地方承接,绿电,山西->全国,主题链条：绿电；国家/区域/地方层级承接,关于印发《绿电园区规划、建设和运营工作指引（2025年）》的通知 与 关于促进可再生能源绿色电力证书市场高质量发展的意见(发改能源〔2025〕262号) 属于同一研究链条,中,否,
EVO-00686,AUTO-20260427-CDA7AFEC1D,关于公开征求《内蒙古自治区绿电直连项目开发建设实施方案（试行）》意见的公告,2025-11-19,AUTO-20260427-51C6A877DC,关于有序推动绿电直连发展有关事项的通知(发改能源〔2025〕650号),2025-05-30,地方承接,绿电,内蒙古自治区->全国,主题链条：绿电；国家/区域/地方层级承接,关于公开征求《内蒙古自治区绿电直连项目开发建设实施方案（试行）》意见的公告 与 关于有序推动绿电直连发展有关事项的通知(发改能源〔2025〕650号) 属于同一研究链条,中,否,
EVO-00687,AUTO-20260427-CDA7AFEC1D,关于公开征求《内蒙古自治区绿电直连项目开发建设实施方案（试行）》意见的公告,2025-11-19,AUTO-20260502-94192CD7A5,关于促进可再生能源绿色电力证书市场高质量发展的意见(发改能源〔2025〕262号),2025-03-18,地方承接,绿电,内蒙古自治区->全国,主题链条：绿电；国家/区域/地方层级承接,关于公开征求《内蒙古自治区绿电直连项目开发建设实施方案（试行）》意见的公告 与 关于促进可再生能源绿色电力证书市场高质量发展的意见(发改能源〔2025〕262号) 属于同一研究链条,中,否,
EVO-00688,AUTO-20260427-8B8776AC2F,关于印发《推动绿电直连项目有序建设实施方案》的通知,2025-12-29,AUTO-20260427-51C6A877DC,关于有序推动绿电直连发展有关事项的通知(发改能源〔2025〕650号),2025-05-30,地方承接,绿电,山西->全国,主题链条：绿电；国家/区域/地方层级承接,关于印发《推动绿电直连项目有序建设实施方案》的通知 与 关于有序推动绿电直连发展有关事项的通知(发改能源〔2025〕650号) 属于同一研究链条,中,否,
EVO-00689,AUTO-20260427-8B8776AC2F,关于印发《推动绿电直连项目有序建设实施方案》的通知,2025-12-29,AUTO-20260502-94192CD7A5,关于促进可再生能源绿色电力证书市场高质量发展的意见(发改能源〔2025〕262号),2025-03-18,地方承接,绿电,山西->全国,主题链条：绿电；国家/区域/地方层级承接,关于印发《推动绿电直连项目有序建设实施方案》的通知 与 关于促进可再生能源绿色电力证书市场高质量发展的意见(发改能源〔2025〕262号) 属于同一研究链条,中,否,
EVO-00690,AUTO-20260427-6620523786,关于印发《内蒙古自治区单一电力用户绿电直连项目开发建设实施方案（试行）》的通知,2026-01-14,AUTO-20260427-51C6A877DC,关于有序推动绿电直连发展有关事项的通知(发改能源〔2025〕650号),2025-05-30,地方承接,绿电,内蒙古自治区->全国,主题链条：绿电；国家/区域/地方层级承接,关于印发《内蒙古自治区单一电力用户绿电直连项目开发建设实施方案（试行）》的通知 与 关于有序推动绿电直连发展有关事项的通知(发改能源〔2025〕650号) 属于同一研究链条,中,否,
EVO-00691,AUTO-20260427-6620523786,关于印发《内蒙古自治区单一电力用户绿电直连项目开发建设实施方案（试行）》的通知,2026-01-14,AUTO-20260502-94192CD7A5,关于促进可再生能源绿色电力证书市场高质量发展的意见(发改能源〔2025〕262号),2025-03-18,地方承接,绿电,内蒙古自治区->全国,主题链条：绿电；国家/区域/地方层级承接,关于印发《内蒙古自治区单一电力用户绿电直连项目开发建设实施方案（试行）》的通知 与 关于促进可再生能源绿色电力证书市场高质量发展的意见(发改能源〔2025〕262号) 属于同一研究链条,中,否,
EVO-00692,AUTO-20260427-175A83DAA9,关于将山西尚太（四期）、阳曲县绿电园区2个项目纳入省级绿电直连项目清单的通知,2026-02-13,AUTO-20260427-51C6A877DC,关于有序推动绿电直连发展有关事项的通知(发改能源〔2025〕650号),2025-05-30,地方承接,绿电,山西->全国,主题链条：绿电；国家/区域/地方层级承接,关于将山西尚太（四期）、阳曲县绿电园区2个项目纳入省级绿电直连项目清单的通知 与 关于有序推动绿电直连发展有关事项的通知(发改能源〔2025〕650号) 属于同一研究链条,中,否,
EVO-00693,AUTO-20260427-175A83DAA9,关于将山西尚太（四期）、阳曲县绿电园区2个项目纳入省级绿电直连项目清单的通知,2026-02-13,AUTO-20260502-94192CD7A5,关于促进可再生能源绿色电力证书市场高质量发展的意见(发改能源〔2025〕262号),2025-03-18,地方承接,绿电,山西->全国,主题链条：绿电；国家/区域/地方层级承接,关于将山西尚太（四期）、阳曲县绿电园区2个项目纳入省级绿电直连项目清单的通知 与 关于促进可再生能源绿色电力证书市场高质量发展的意见(发改能源〔2025〕262号) 属于同一研究链条,中,否,
EVO-00694,AUTO-20260502-C1292B6683,国家能源局西北监管局关于做好2025年迎峰度冬能源保供工作的通知（西北监能市场〔2025〕82号）,2025-11-20,AUTO-20260502-32DD0BDC61,国家能源局西北监管局关于做好2025年迎峰度夏能源保供工作的通知（西北监能市场[2025]43号）,2025-07-01,地方承接,电力保供,西北区域->西北区域,主题链条：电力保供；国家/区域/地方层级承接,国家能源局西北监管局关于做好2025年迎峰度冬能源保供工作的通知（西北监能市场〔2025〕82号） 与 国家能源局西北监管局关于做好2025年迎峰度夏能源保供工作的通知（西北监能市场[2025]43号） 属于同一研究链条,中,否,
EVO-00695,AUTO-20260427-A525045BF7,关于印发《深化蒙东电网新能源上网电价市场化改革实施方案》的通知,2025-05-29,AUTO-20260427-502852DE5B,关于印发《深化蒙西电网新能源上网电价市场化改革实施方案》的通知,2025-05-29,同主题延续,新能源上网电价,内蒙古自治区->内蒙古自治区,同地区同主题时间延续：新能源上网电价,关于印发《深化蒙东电网新能源上网电价市场化改革实施方案》的通知,低,否,
EVO-00696,AUTO-20260502-5B0D55E3A4,关于印发《新疆区域新能源发电企业与燃煤自备电厂调峰替代交易实施细则（暂行）》补充条款的通知,2018-11-26,AUTO-20260502-9542D0479B,关于印发《新疆电力辅助服务市场运营规则（试行）》的解释说明的通知,2018-09-04,同主题延续,辅助服务,新疆->新疆,同地区同主题时间延续：辅助服务,关于印发《新疆区域新能源发电企业与燃煤自备电厂调峰替代交易实施细则（暂行）》补充条款的通知,低,否,
EVO-00697,AUTO-20260502-B2EB4E219D,国家能源局福建监管办公室关于印发《福建省电力辅助服务（调峰）交易规则（试行）》补充修订内容的通知（闽监能市场〔2018〕138号）,2018-12-22,AUTO-20260502-6A0C52BCCB,国家能源局福建监管办公室关于印发《福建省电力调频辅助服务市场交易规则（试行）》的通知（闽监能市场〔2018〕140号）,2018-12-22,同主题延续,辅助服务,福建->福建,同地区同主题时间延续：辅助服务,国家能源局福建监管办公室关于印发《福建省电力辅助服务（调峰）交易规则（试行）》补充修订内容的通知（闽监能市场〔2018〕138号）,低,否,
EVO-00698,AUTO-20260502-B12FCEA11A,华北能源监管局关于公示华北电力调峰辅助服务市场模拟运行试结算报告的公告,2018-12-29,AUTO-20260502-447019A4E0,华北能源监管局关于印发华北电力调峰辅助服务市场运营规则（试运行版）的通知,2018-12-29,同主题延续,辅助服务,华北区域->华北区域,同地区同主题时间延续：辅助服务,华北能源监管局关于公示华北电力调峰辅助服务市场模拟运行试结算报告的公告,低,否,
EVO-00699,AUTO-20260502-94ED2262D3,华北能源监管局关于公示内蒙古电力调峰辅助服务市场模拟运行试结算报告的公告,2019-04-09,AUTO-20260502-FB2BC17138,华北能源监管局关于延长华北电力调峰辅助服务市场运行时间的通知,2019-03-18,同主题延续,辅助服务,华北区域->华北区域,同地区同主题时间延续：辅助服务,华北能源监管局关于公示内蒙古电力调峰辅助服务市场模拟运行试结算报告的公告,低,否,
EVO-00700,AUTO-20260502-CFD8C2584A,华北能源监管局关于征求华北电力调峰辅助服务市场运营规则修订意见的函,2019-09-13,AUTO-20260502-94ED2262D3,华北能源监管局关于公示内蒙古电力调峰辅助服务市场模拟运行试结算报告的公告,2019-04-09,同主题延续,辅助服务,华北区域->华北区域,同地区同主题时间延续：辅助服务,华北能源监管局关于征求华北电力调峰辅助服务市场运营规则修订意见的函,低,否,
EVO-00701,AUTO-20260502-988283654F,华北能源监管局关于印发《华北电力调峰辅助服务市场运营规则》（2019年修订版）的通知,2019-09-29,AUTO-20260502-CFD8C2584A,华北能源监管局关于征求华北电力调峰辅助服务市场运营规则修订意见的函,2019-09-13,同主题延续,辅助服务,华北区域->华北区域,同地区同主题时间延续：辅助服务,华北能源监管局关于印发《华北电力调峰辅助服务市场运营规则》（2019年修订版）的通知,低,否,
EVO-00702,AUTO-20260502-342ED97968,华北能源监管局关于开展河北南网电力调峰辅助服务市场模拟运行的通知,2019-11-15,AUTO-20260502-6A681BBFA9,华北能源监管局关于征求《河北南网电力调峰辅助服务市场运营规则》意见的函,2019-10-22,同主题延续,辅助服务,华北区域->华北区域,同地区同主题时间延续：辅助服务,华北能源监管局关于开展河北南网电力调峰辅助服务市场模拟运行的通知,低,否,
EVO-00703,AUTO-20260427-F61B124506,华中能源监管局 四川能源监管办关于印发《川渝一体化电力调峰辅助服务市场运营规则（试行）》的通知,2021-11-25,AUTO-20260427-12E862EC73,华中电力调峰辅助服务市场省间调峰辅助服 务河南电网售出电量分摊细则,2021-09-10,同主题延续,辅助服务,华中区域->华中区域,同地区同主题时间延续：辅助服务,华中能源监管局 四川能源监管办关于印发《川渝一体化电力调峰辅助服务市场运营规则（试行）》的通知,低,否,
EVO-00704,AUTO-20260427-D122E3E18C,关于印发《重庆电力调频辅助服务市场运营规则》的通知,2022-12-09,AUTO-20260427-E22FE01186,国家能源局华中监管局关于印发《华中省间电力调峰及备用辅助服务市场运营规则》的通知,2022-10-11,同主题延续,辅助服务,华中区域->华中区域,同地区同主题时间延续：辅助服务,关于印发《重庆电力调频辅助服务市场运营规则》的通知,低,否,
EVO-00705,AUTO-20260427-9347AA22F9,华中能源监管局关于印发《江西电力调频辅助服务市场运营规则》的通知,2022-12-29,AUTO-20260427-D122E3E18C,关于印发《重庆电力调频辅助服务市场运营规则》的通知,2022-12-09,同主题延续,辅助服务,华中区域->华中区域,同地区同主题时间延续：辅助服务,华中能源监管局关于印发《江西电力调频辅助服务市场运营规则》的通知,低,否,
EVO-00706,AUTO-20260427-D747CE2B16,关于印发《西藏电力辅助服务管理实施细则》《西藏电力并网运行管理实施细则》的通知,2022-12-29,AUTO-20260427-9347AA22F9,华中能源监管局关于印发《江西电力调频辅助服务市场运营规则》的通知,2022-12-29,同主题延续,辅助服务,华中区域->华中区域,同地区同主题时间延续：辅助服务,关于印发《西藏电力辅助服务管理实施细则》《西藏电力并网运行管理实施细则》的通知,低,否,
EVO-00707,AUTO-20260502-4BDB59627A,广西电网中调直调电厂辅助服务补偿及并网运行考核清单（2023年2月份）,2023-06-20,AUTO-20260502-528AAED7BF,广西电网中调直调电厂辅助服务补偿及并网运行考核清单（2023年1月份）,2023-06-20,同主题延续,辅助服务,南方区域->南方区域,同地区同主题时间延续：辅助服务,广西电网中调直调电厂辅助服务补偿及并网运行考核清单（2023年2月份）,低,否,
EVO-00708,AUTO-20260426-400F4CEBB4,关于征求《山东电力爬坡辅助服务市场交易规则(征求意见稿)》意见的通知,2023-08-08,AUTO-20260426-7DF0C00260,关于印发《山东省电力并网运行管理实施细则》、《山东省电力辅助服务管理实施细则》的通知,2023-07-24,同主题延续,辅助服务,山东->山东,同地区同主题时间延续：辅助服务,关于征求《山东电力爬坡辅助服务市场交易规则(征求意见稿)》意见的通知,低,否,
EVO-00709,AUTO-20260427-CC8285BA8B,华中能源监管局关于征求《湖北、江西、重庆电力调频辅助服务市场运行规则（征求意见稿）》意见的通知,2024-11-20,AUTO-20260427-28574D8021,国家能源局华中监管局关于公开征求《川渝一体化电力调峰辅助服务市场交易规则（征求意见稿）》意见的通知,2024-04-30,同主题延续,辅助服务,华中区域->华中区域,同地区同主题时间延续：辅助服务,华中能源监管局关于征求《湖北、江西、重庆电力调频辅助服务市场运行规则（征求意见稿）》意见的通知,低,否,
EVO-00710,AUTO-20260502-8836090C52,关于修订《山东省电力用户与发电企业直接交易规则》的通知,2015-12-29,AUTO-20260502-B8AE541F27,关于印发《山东省电力用户与发电企业直接交易规则(试行)》的通知,2014-03-14,同主题延续,电力市场,山东->山东,同地区同主题时间延续：电力市场,关于修订《山东省电力用户与发电企业直接交易规则》的通知,低,否,
EVO-00711,AUTO-20260502-60F4C79A3D,关于印发《新疆电力市场监管实施细则（试行）》的通知,2019-01-17,AUTO-20260502-2950343FAA,关于印发《新疆区域电力市场信息披露实施细则（试行）》的通知,2018-12-06,同主题延续,电力市场,新疆->新疆,同地区同主题时间延续：电力市场,关于印发《新疆电力市场监管实施细则（试行）》的通知,低,否,
EVO-00712,AUTO-20260502-2B57477E38,华北能源监管局关于印发蒙西电力市场系列规则的通知,2019-06-13,AUTO-20260502-602A69864D,华北能源监管局关于征求蒙西电力市场交易规则意见的函,2019-04-28,同主题延续,电力市场,华北区域->华北区域,同地区同主题时间延续：电力市场,华北能源监管局关于印发蒙西电力市场系列规则的通知,低,否,
EVO-00713,AUTO-20260502-2D4C6E9F5F,华北能源监管局关于印发蒙西电力市场调频、备用两个辅助服务交易实施细则的通知,2020-06-18,AUTO-20260502-59B23CBDC6,华北能源监管局关于征求蒙西电力市场调频和备用辅助服务交易实施细则意见的函,2020-05-11,同主题延续,电力市场;辅助服务,华北区域->华北区域,同地区同主题时间延续：电力市场,华北能源监管局关于印发蒙西电力市场调频、备用两个辅助服务交易实施细则的通知,低,否,
EVO-00714,AUTO-20260427-51EB30208F,关于印发《跨省跨区专项工程输电价格定价办法》的通知(发改价格规〔2021〕1455号),2021-10-15,AUTO-20260427-42E984C2AA,关于进一步深化燃煤发电上网电价市场化改革的通知(发改价格〔2021〕1439号),2021-10-12,同主题延续,电力市场,全国->全国,同地区同主题时间延续：电力市场,关于印发《跨省跨区专项工程输电价格定价办法》的通知(发改价格规〔2021〕1455号),低,否,
EVO-00715,AUTO-20260502-08415C6396,南方能源监管局审定发布2022年南方（以广东起步）现货市场试运行市场规则体系,2022-01-19,AUTO-20260502-E3C5794853,关于南方（以广东起步）电力现货市场 2022年结算试运行市场监管有关事项的通知,2022-01-07,同主题延续,电力市场,南方区域->南方区域,同地区同主题时间延续：电力市场,南方能源监管局审定发布2022年南方（以广东起步）现货市场试运行市场规则体系,低,否,
EVO-00716,AUTO-20260427-ED23AB24F7,关于印发《南方区域绿色电力交易规则（试行）》的通知,2022-01-28,AUTO-20260502-08415C6396,南方能源监管局审定发布2022年南方（以广东起步）现货市场试运行市场规则体系,2022-01-19,同主题延续,电力市场,南方区域->南方区域,同地区同主题时间延续：电力市场,关于印发《南方区域绿色电力交易规则（试行）》的通知,低,否,
EVO-00717,AUTO-20260427-C4E6EA0484,关于印发山西省电力市场化交易专项整治工作方案的通知,2023-10-20,AUTO-20260502-3905C0AD10,山西省发展和改革委员会山西省能源局关于印发《山西省煤炭行业碳达峰实施方案》的通知,2023-10-19,同主题延续,电力市场,山西->山西,同地区同主题时间延续：电力市场,关于印发山西省电力市场化交易专项整治工作方案的通知,低,否,
EVO-00718,AUTO-20260426-CB9FE0315E,关于印发《山东电力市场规则(试行)》的通知,2024-04-19,AUTO-20260426-0A6267C300,关于征求《山东电力市场参数(试行)》(征求意见稿)意见的公告,2024-04-19,同主题延续,电力市场,山东->山东,同地区同主题时间延续：电力市场,关于印发《山东电力市场规则(试行)》的通知,低,否,
EVO-00719,AUTO-20260426-0E5C62271F,《山东电力市场规则(试行)》编制说明,2024-04-20,AUTO-20260426-CB9FE0315E,关于印发《山东电力市场规则(试行)》的通知,2024-04-19,同主题延续,电力市场,山东->山东,同地区同主题时间延续：电力市场,《山东电力市场规则(试行)》编制说明,低,否,
EVO-00720,AUTO-20260427-D81BDF16D0,第20号_中华人民共和国国家发展和改革委员会令（电力市场运行基本规则）,2024-04-28,AUTO-20260427-780DD684D9,电力市场运行基本规则,2024-04-25,同主题延续,电力市场,南方区域->南方区域,同地区同主题时间延续：电力市场,第20号_中华人民共和国国家发展和改革委员会令（电力市场运行基本规则）,低,否,
EVO-00721,AUTO-20260427-CA2DDC4243,关于发布广东电力市场配套实施细则（2024年修订）的通知,2024-05-10,AUTO-20260427-D81BDF16D0,第20号_中华人民共和国国家发展和改革委员会令（电力市场运行基本规则）,2024-04-28,同主题延续,电力市场,南方区域->南方区域,同地区同主题时间延续：电力市场,关于发布广东电力市场配套实施细则（2024年修订）的通知,低,否,
EVO-00722,AUTO-20260427-FBC65BBD1E,贵州电力市场规则,2024-11-02,AUTO-20260427-AF700450D9,电力市场注册基本规则,2024-09-13,同主题延续,电力市场,南方区域->南方区域,同地区同主题时间延续：电力市场,贵州电力市场规则,低,否,
EVO-00723,AUTO-20260427-F33CEF16E8,关于南方区域电力市场全月结算试运行市场监管有关事项,2024-11-02,AUTO-20260427-FBC65BBD1E,贵州电力市场规则,2024-11-02,同主题延续,电力市场,南方区域->南方区域,同地区同主题时间延续：电力市场,关于南方区域电力市场全月结算试运行市场监管有关事项,低,否,
EVO-00724,AUTO-20260425-02AD665464,关于印发南方区域电力市场配套实施细则的通知,2024-11-14,AUTO-20260427-F33CEF16E8,关于南方区域电力市场全月结算试运行市场监管有关事项,2024-11-02,同主题延续,电力市场,南方区域->南方区域,同地区同主题时间延续：电力市场,关于印发南方区域电力市场配套实施细则的通知,低,否,
EVO-00725,AUTO-20260425-8808868383,广东电力市场规则,2025-04-05,AUTO-20260425-B21BF48126,海南电力市场规则,2025-03-24,同主题延续,电力市场,南方区域->南方区域,同地区同主题时间延续：电力市场,广东电力市场规则,低,否,
EVO-00726,AUTO-20260425-F965FCA4C5,关于印发《广西电力市场信息披露实施细则》的通知,2025-04-28,AUTO-20260425-8808868383,广东电力市场规则,2025-04-05,同主题延续,电力市场,南方区域->南方区域,同地区同主题时间延续：电力市场,关于印发《广西电力市场信息披露实施细则》的通知,低,否,
EVO-00727,AUTO-20260424-E89DAD0775,南方区域电力市场中长期电能量交易实施细则等5项实施细则,2025-06-22,AUTO-20260426-A4374A2C3D,关于印发《南方区域电力市场运行规则（试行，2025年V1.0版）》的通知,2025-06-17,同主题延续,电力市场,南方区域->南方区域,同地区同主题时间延续：电力市场,南方区域电力市场中长期电能量交易实施细则等5项实施细则,低,否,
EVO-00728,AUTO-20260425-9A3E9D6FC0,关于公开征求《山东电力市场监管办法(征求意见稿)》等意见的通知,2026-03-27,AUTO-20260425-01719E4565,关于公开征求《山东电力市场规则(试行)》(征求意见稿)意见的通知,2026-03-17,同主题延续,电力市场,山东->山东,同地区同主题时间延续：电力市场,关于公开征求《山东电力市场监管办法(征求意见稿)》等意见的通知,低,否,
EVO-00729,AUTO-20260502-635E7480F1,华北能源监管局关于修订蒙西电网“两个细则”部分条款的通知,2019-09-30,AUTO-20260502-618DBAA604,华北能源监管局关于印发京津唐电网参与跨区域省间可再生能源电力现货交易差额收益分配方案的通知,2019-08-06,同主题延续,电网,华北区域->华北区域,同地区同主题时间延续：电网,华北能源监管局关于修订蒙西电网“两个细则”部分条款的通知,低,否,
EVO-00730,AUTO-20260502-DA8C7B1FD4,华北能源监管局关于公开征求京津唐电网电力中长期交易结算规则意见的公告,2020-11-20,AUTO-20260502-635E7480F1,华北能源监管局关于修订蒙西电网“两个细则”部分条款的通知,2019-09-30,同主题延续,电网,华北区域->华北区域,同地区同主题时间延续：电网,华北能源监管局关于公开征求京津唐电网电力中长期交易结算规则意见的公告,低,否,
EVO-00731,AUTO-20260502-BD716B69BA,关于印发福建省配电网建设及供电能力重点监管工作方案的通知（闽监能稽查〔2021〕40号 ）,2021-06-04,AUTO-20260502-51C3E7A2FC,福建能源监管办关于转发国家能源局《发电企业与电网企业电费结算办法》的通知（闽监能市场〔2021〕12号）,2021-02-19,同主题延续,电网,福建->福建,同地区同主题时间延续：电网,关于印发福建省配电网建设及供电能力重点监管工作方案的通知（闽监能稽查〔2021〕40号 ）,低,否,
EVO-00732,AUTO-20260502-5D0F7AD380,关于公布2022年7、8月新疆电网、 天中、吉泉直流配套电源“两个细则” 考核补偿结果的通知,2023-07-12,AUTO-20260502-B58BD846B2,关于公布2022年6月新疆电网、 天中、吉泉直流配套电源“两个细则” 考核补偿结果的通知,2023-06-05,同主题延续,电网,新疆->新疆,同地区同主题时间延续：电网,关于公布2022年7、8月新疆电网、 天中、吉泉直流配套电源“两个细则” 考核补偿结果的通知,低,否,
EVO-00733,AUTO-20260502-1C4010163C,关于公布2022年9、10月新疆电网、天中、吉泉直流配套电源“两个细则”考核补偿结果的通知,2023-08-18,AUTO-20260502-5D0F7AD380,关于公布2022年7、8月新疆电网、 天中、吉泉直流配套电源“两个细则” 考核补偿结果的通知,2023-07-12,同主题延续,电网,新疆->新疆,同地区同主题时间延续：电网,关于公布2022年9、10月新疆电网、天中、吉泉直流配套电源“两个细则”考核补偿结果的通知,低,否,
EVO-00734,AUTO-20260502-AC38FC825D,关于公布2023年7月、8月新疆电网、 天中、吉泉直流配套电源“两个细则” 考核补偿结果的通知,2024-03-15,AUTO-20260502-82D7DD7E71,关于公布2023年5月、6月新疆电网、 天中、吉泉直流配套电源“两个细则” 考核补偿结果的通知,2024-03-15,同主题延续,电网,新疆->新疆,同地区同主题时间延续：电网,关于公布2023年7月、8月新疆电网、 天中、吉泉直流配套电源“两个细则” 考核补偿结果的通知,低,否,
EVO-00735,AUTO-20260502-12D273D838,关于公布2023年11月、12月新疆电网、天中、吉泉直流配套电源“两个细则”考核补偿结果的通知,2024-04-09,AUTO-20260502-AC38FC825D,关于公布2023年7月、8月新疆电网、 天中、吉泉直流配套电源“两个细则” 考核补偿结果的通知,2024-03-15,同主题延续,电网,新疆->新疆,同地区同主题时间延续：电网,关于公布2023年11月、12月新疆电网、天中、吉泉直流配套电源“两个细则”考核补偿结果的通知,低,否,
EVO-00736,AUTO-20260502-95AA629F47,关于公布2023年9月、10月新疆电网、 天中、吉泉直流配套电源“两个细则” 考核补偿结果的通知,2024-04-09,AUTO-20260502-12D273D838,关于公布2023年11月、12月新疆电网、天中、吉泉直流配套电源“两个细则”考核补偿结果的通知,2024-04-09,同主题延续,电网,新疆->新疆,同地区同主题时间延续：电网,关于公布2023年9月、10月新疆电网、 天中、吉泉直流配套电源“两个细则” 考核补偿结果的通知,低,否,
EVO-00737,AUTO-20260502-6AF7FE5926,国家能源局浙江监管办公室关于发布浙江电网2024年10-12月份“两个细则”运行结果的通知,2024-10-12,AUTO-20260502-6712165152,国家能源局浙江监管办公室关于发布浙江电网2024年7-9月份“两个细则”运行结果的通知 2024-12-18,2024-07-09,同主题延续,电网,浙江->浙江,同地区同主题时间延续：电网,国家能源局浙江监管办公室关于发布浙江电网2024年10-12月份“两个细则”运行结果的通知,低,否,
EVO-00738,AUTO-20260502-755A9B598E,国家能源局浙江监管办公室关于发布浙江电网2025年1-3月份“两个细则”运行结果的通知,2025-01-03,AUTO-20260502-6AF7FE5926,国家能源局浙江监管办公室关于发布浙江电网2024年10-12月份“两个细则”运行结果的通知,2024-10-12,同主题延续,电网,浙江->浙江,同地区同主题时间延续：电网,国家能源局浙江监管办公室关于发布浙江电网2025年1-3月份“两个细则”运行结果的通知,低,否,
EVO-00739,AUTO-20260502-E6C404A9A8,浙江能源监管办关于认真贯彻落实《电网安全风险管控办法》的通知 2025-01-07,2025-01-07,AUTO-20260502-60B47C167C,国家能源局浙江监管办公室关于发布浙江电网2025年1-3月份“两个细则”运行结果的通知,2025-01-03,同主题延续,电网,浙江->浙江,同地区同主题时间延续：电网,浙江能源监管办关于认真贯彻落实《电网安全风险管控办法》的通知 2025-01-07,低,否,
EVO-00740,AUTO-20260502-3623F08B0E,国家能源局浙江监管办公室关于发布浙江电网2025年4-6月份“两个细则”运行结果的通知,2025-04-06,AUTO-20260502-E6C404A9A8,浙江能源监管办关于认真贯彻落实《电网安全风险管控办法》的通知 2025-01-07,2025-01-07,同主题延续,电网,浙江->浙江,同地区同主题时间延续：电网,国家能源局浙江监管办公室关于发布浙江电网2025年4-6月份“两个细则”运行结果的通知,低,否,
EVO-00741,AUTO-20260502-F3F5060517,四川省发展和改革委员会关于地方电网居民生活用电执行低谷电价政策有关事项的通知,2025-08-27,AUTO-20260502-717F870021,四川省能源局 国家能源局四川监管办公室关于进一步加强我省电网建设项目质量监督和启动验收管理的通知,2025-07-22,同主题延续,电网,四川->四川,同地区同主题时间延续：电网,四川省发展和改革委员会关于地方电网居民生活用电执行低谷电价政策有关事项的通知,低,否,
EVO-00742,AUTO-20260427-5F7D6C5FF5,关于征求《北京电力交易中心省间电力中长期交易实施细则（暂行）》意见的函,2018-03-28,AUTO-20260427-0378DA9BD2,关于修订山东省电力中长期交易规则的通知,2017-12-08,同主题延续,中长期,山东->山东,同地区同主题时间延续：中长期,关于征求《北京电力交易中心省间电力中长期交易实施细则（暂行）》意见的函,低,否,
EVO-00743,AUTO-20260427-698A8D7E10,关于修订《山东省电力现货市场交易规则(试行)》《山东省电力中长期市场交易规则(试行)》《山东省电力零售市场交易规则(试行)》的通知,2020-07-31,AUTO-20260427-BAC94CD920,关于印发《山东省电力现货市场交易规则(试行)》《山东省电力中长期市场交易规则(试行)》《山东省电力零售市场交易规则(试行)》的通知,2020-06-16,同主题延续,中长期,山东->山东,同地区同主题时间延续：中长期,关于修订《山东省电力现货市场交易规则(试行)》《山东省电力中长期市场交易规则(试行)》《山东省电力零售市场交易规则(试行)》的通知,低,否,
EVO-00744,AUTO-20260502-3CD55C11B6,关于印发《四川电力中长期交易规则》的通知,2021-02-09,AUTO-20260502-3D0367B587,关于印发《四川电力中长期交易规则》的通知,2021-02-09,同主题延续,中长期,四川->四川,同地区同主题时间延续：中长期,关于印发《四川电力中长期交易规则》的通知,低,否,
EVO-00745,AUTO-20260426-46DA048C90,关于公示新增电力中长期交易发电企业(机组)名单的通知 - 2021年1号,2021-05-20,AUTO-20260426-6EEB6D3357,关于印发《山东省电力中长期交易规则》的通知,2021-04-30,同主题延续,中长期,山东->山东,同地区同主题时间延续：中长期,关于公示新增电力中长期交易发电企业(机组)名单的通知 - 2021年1号,低,否,
EVO-00746,AUTO-20260426-B234995E67,关于公示新增电力中长期交易发电企业(机组)名单的通知 - 2021年2号,2021-06-03,AUTO-20260426-46DA048C90,关于公示新增电力中长期交易发电企业(机组)名单的通知 - 2021年1号,2021-05-20,同主题延续,中长期,山东->山东,同地区同主题时间延续：中长期,关于公示新增电力中长期交易发电企业(机组)名单的通知 - 2021年2号,低,否,
EVO-00747,AUTO-20260426-132F8B7686,关于简化山东电力中长期交易合同电量偏差免考核工作流程的通知,2021-08-25,AUTO-20260426-B234995E67,关于公示新增电力中长期交易发电企业(机组)名单的通知 - 2021年2号,2021-06-03,同主题延续,中长期,山东->山东,同地区同主题时间延续：中长期,关于简化山东电力中长期交易合同电量偏差免考核工作流程的通知,低,否,
EVO-00748,AUTO-20260426-E982922381,关于修订《山东省电力中长期交易规则》的通知,2021-09-24,AUTO-20260426-2E651E50F1,关于公示新增电力中长期交易发电企业(机组)名单的通知 - 2021年3号,2021-09-22,同主题延续,中长期,山东->山东,同地区同主题时间延续：中长期,关于修订《山东省电力中长期交易规则》的通知,低,否,
EVO-00749,AUTO-20260427-46701D6E76,国家能源局华中监管局 湖北省能源局 关于印发《湖北省电力中长期交易实施 细则》的通知,2022-08-19,AUTO-20260427-A21D2B578A,关于印发《江西省电力中长期交易实施细则》的通知,2022-08-18,同主题延续,中长期,华中区域->华中区域,同地区同主题时间延续：中长期,国家能源局华中监管局 湖北省能源局 关于印发《湖北省电力中长期交易实施 细则》的通知,低,否,
EVO-00750,AUTO-20260427-F79895D50A,关于印发《重庆市电力中长期交易规则》的通知,2022-09-28,AUTO-20260427-46701D6E76,国家能源局华中监管局 湖北省能源局 关于印发《湖北省电力中长期交易实施 细则》的通知,2022-08-19,同主题延续,中长期,华中区域->华中区域,同地区同主题时间延续：中长期,关于印发《重庆市电力中长期交易规则》的通知,低,否,
EVO-00751,AUTO-20260426-0D440B2FA1,关于印发《重庆市电力中长期交易规则》的通知,2024-12-19,AUTO-20260427-9549320EF2,华中能源监管局关于《重庆市电力中长期交易规则（修订稿）》公开征求意见的通知,2024-11-01,同主题延续,中长期,华中区域->华中区域,同地区同主题时间延续：中长期,关于印发《重庆市电力中长期交易规则》的通知,低,否,
EVO-00752,AUTO-20260427-6861D688D2,关于做好2025年内蒙古电力多边交易市场中长期交易有关事宜的通知,2024-12-19,AUTO-20260427-33FCB0ED92,关于做好2025年内蒙古东部电力交易市场中长期交易有关事宜的通知,2024-12-19,同主题延续,中长期,内蒙古自治区->内蒙古自治区,同地区同主题时间延续：中长期,关于做好2025年内蒙古电力多边交易市场中长期交易有关事宜的通知,低,否,
EVO-00753,AUTO-20260427-EC24CC36EA,关于印发修订后的《安徽电力中长期交易规则》的通知（华东监...,2025-02-21,AUTO-20260427-EDE85AAF9A,关于印发修订后的《上海电力中长期交易规则》的通知（华东监...,2025-02-21,同主题延续,中长期,华东区域->华东区域,同地区同主题时间延续：中长期,关于印发修订后的《安徽电力中长期交易规则》的通知（华东监...,低,否,
EVO-00754,AUTO-20260427-04351EFDD0,关于印发2026年浙江省电力中长期交易合同示范文本的通知,2025-12-12,AUTO-20260427-F694D4BAAB,关于征求2026年浙江省电力中长期交易合同示范文本意见的函,2025-12-01,同主题延续,中长期,浙江->浙江,同地区同主题时间延续：中长期,关于印发2026年浙江省电力中长期交易合同示范文本的通知,低,否,
EVO-00755,AUTO-20260427-543BC9B2A3,关于做好2026年内蒙古东部电力交易市场中长期交易有关事宜的通知,2025-12-30,AUTO-20260427-7F4BF875A3,关于做好2026年内蒙古电力多边交易市场中长期交易有关事宜的通知,2025-12-30,同主题延续,中长期,内蒙古自治区->内蒙古自治区,同地区同主题时间延续：中长期,关于做好2026年内蒙古东部电力交易市场中长期交易有关事宜的通知,低,否,
EVO-00756,AUTO-20260425-63755B61E4,关于公开征求《西藏自治区电力中长期市场实施细则（征求意见稿）》意见的通知,2026-01-26,AUTO-20260425-3D787AF073,关于公开征求《重庆电力中长期市场实施细则（征求意见稿）》意见的通知,2026-01-26,同主题延续,中长期,华中区域->华中区域,同地区同主题时间延续：中长期,关于公开征求《西藏自治区电力中长期市场实施细则（征求意见稿）》意见的通知,低,否,
EVO-00757,AUTO-20260425-35BEAAF482,关于公开征求《湖北省电力中长期市场实施细则（征求意见稿）》意见的通知,2026-01-26,AUTO-20260425-63755B61E4,关于公开征求《西藏自治区电力中长期市场实施细则（征求意见稿）》意见的通知,2026-01-26,同主题延续,中长期,华中区域->华中区域,同地区同主题时间延续：中长期,关于公开征求《湖北省电力中长期市场实施细则（征求意见稿）》意见的通知,低,否,
EVO-00758,AUTO-20260425-1A6D55E163,关于公开征求《江西电力中长期市场实施细则（征求意见稿）》意见的通知,2026-01-26,AUTO-20260425-35BEAAF482,关于公开征求《湖北省电力中长期市场实施细则（征求意见稿）》意见的通知,2026-01-26,同主题延续,中长期,华中区域->华中区域,同地区同主题时间延续：中长期,关于公开征求《江西电力中长期市场实施细则（征求意见稿）》意见的通知,低,否,
EVO-00759,AUTO-20260425-D8A4A0C9BE,关于公开征求《华中区域省间电力中长期交易实施细则（征求意见稿）》意见的通知,2026-01-26,AUTO-20260425-1A6D55E163,关于公开征求《江西电力中长期市场实施细则（征求意见稿）》意见的通知,2026-01-26,同主题延续,中长期,华中区域->华中区域,同地区同主题时间延续：中长期,关于公开征求《华中区域省间电力中长期交易实施细则（征求意见稿）》意见的通知,低,否,
EVO-00760,AUTO-20260427-9F7307C867,国家能源局西北监管局 陕西省发展和改革委员会关于印发《陕西省电力中长期市场实施细则》的通知,2026-02-28,AUTO-20260427-8BA55D72F9,国家能源局西北监管局关于征求《西北区域省间电力中长期市场实施细则（2026年修订版）（征求意见稿）》意见建议的通知,2026-02-14,同主题延续,中长期,西北区域->西北区域,同地区同主题时间延续：中长期,国家能源局西北监管局 陕西省发展和改革委员会关于印发《陕西省电力中长期市场实施细则》的通知,低,否,
EVO-00761,AUTO-20260427-6A8B006887,关于印发《上海电力中长期市场实施细则》的通知,2026-03-31,AUTO-20260427-0A34FA35E6,关于印发《安徽电力中长期市场实施细则》的通知,2026-03-31,同主题延续,中长期,华东区域->华东区域,同地区同主题时间延续：中长期,关于印发《上海电力中长期市场实施细则》的通知,低,否,
EVO-00762,AUTO-20260425-712572408D,关于印发《西藏自治区电力中长期市场实施细则》的通知,2026-04-14,AUTO-20260425-D49D5FABE6,关于印发《重庆市电力中长期市场实施细则》的通知,2026-04-14,同主题延续,中长期,华中区域->华中区域,同地区同主题时间延续：中长期,关于印发《西藏自治区电力中长期市场实施细则》的通知,低,否,
EVO-00763,AUTO-20260425-A74926FCBF,关于印发《江西省电力中长期市场实施细则》的通知,2026-04-14,AUTO-20260425-712572408D,关于印发《西藏自治区电力中长期市场实施细则》的通知,2026-04-14,同主题延续,中长期,华中区域->华中区域,同地区同主题时间延续：中长期,关于印发《江西省电力中长期市场实施细则》的通知,低,否,
EVO-00764,AUTO-20260426-DBC1C0D7C5,关于提升广西壮族自治区新能源和新型并网主体涉网安全能力的通知,2025-08-01,AUTO-20260426-482E9580D6,关于提升海南省新能源和新型并网主体涉网安全能力的通知,2025-08-01,同主题延续,新能源,南方区域->南方区域,同地区同主题时间延续：新能源,关于提升广西壮族自治区新能源和新型并网主体涉网安全能力的通知,低,否,
EVO-00765,AUTO-20260426-5AA1473F8F,关于提升广东省新能源和新型并网主体涉网安全能力的通知,2025-08-01,AUTO-20260426-DBC1C0D7C5,关于提升广西壮族自治区新能源和新型并网主体涉网安全能力的通知,2025-08-01,同主题延续,新能源,南方区域->南方区域,同地区同主题时间延续：新能源,关于提升广东省新能源和新型并网主体涉网安全能力的通知,低,否,
EVO-00766,AUTO-20260427-EC19F02593,国家能源局西北监管局关于印发《西北区域省间电力互济交易实施细则(试行)》的通知,2026-04-27,AUTO-20260427-51AC1D580A,国家能源局西北监管局关于公开征求《西北区域省间电力互济交易运营规则（试行）（征求意见稿）》意见建议的通知,2026-01-23,同主题延续,省间交易,西北区域->西北区域,同地区同主题时间延续：省间交易,国家能源局西北监管局关于印发《西北区域省间电力互济交易实施细则(试行)》的通知,低,否,
EVO-00767,AUTO-20260427-E4EE7C8D82,关于公布山东电力现货市场结算试运行有关市场参数的通知(试行),2020-08-05,AUTO-20260427-D51C84C078,关于征求山东电力现货市场结算试运行有关市场参数意见的公告,2020-07-17,同主题延续,现货,山东->山东,同地区同主题时间延续：现货,关于公布山东电力现货市场结算试运行有关市场参数的通知(试行),低,否,
EVO-00768,AUTO-20260427-EE6D85F7E0,发改能源规〔2023〕1217号 《电力现货市场基本规则（试行）》,2023-09-10,AUTO-20260427-3CFB9AC233,跨省跨区送电参与南方（以广东起步）现货市场偏差处理办法解读,2022-08-01,同主题延续,现货,南方区域->南方区域,同地区同主题时间延续：现货,发改能源规〔2023〕1217号 《电力现货市场基本规则（试行）》,低,否,
EVO-00769,AUTO-20260427-A0AD12B7E0,关于进一步加快电力现货市场建设工作的通知(发改办体改〔2023〕813号),2023-11-01,AUTO-20260427-B292F45571,关于印发《电力现货市场基本规则（试行）》的通知(发改能源规〔2023〕1217号),2023-09-15,同主题延续,现货,全国->全国,同地区同主题时间延续：现货,关于进一步加快电力现货市场建设工作的通知(发改办体改〔2023〕813号),低,否,
EVO-00770,AUTO-20260502-EE25AD8C79,关于印发《区域电网输电价格定价办法》的通知(发改价格规〔2020〕100号),2020-02-05,AUTO-20260502-B85D7DD04E,关于印发《省级电网输配电价定价办法》的通知(发改价格规〔2020〕101号),2020-02-05,同主题延续,输配电价,全国->全国,同地区同主题时间延续：输配电价,关于印发《区域电网输电价格定价办法》的通知(发改价格规〔2020〕100号),低,否,
EVO-00771,AUTO-20260502-67AB5EB68F,关于核定2020～2022年省级电网输配电价的通知(发改价格规〔2020〕1508号),2020-09-30,AUTO-20260502-EE25AD8C79,关于印发《区域电网输电价格定价办法》的通知(发改价格规〔2020〕100号),2020-02-05,同主题延续,输配电价,全国->全国,同地区同主题时间延续：输配电价,关于核定2020～2022年省级电网输配电价的通知(发改价格规〔2020〕1508号),低,否,
EVO-00772,AUTO-20260502-135D10C5E6,关于核定2020～2022年区域电网输电价格的通知(发改价格规〔2020〕1441号),2020-09-30,AUTO-20260502-67AB5EB68F,关于核定2020～2022年省级电网输配电价的通知(发改价格规〔2020〕1508号),2020-09-30,同主题延续,输配电价,全国->全国,同地区同主题时间延续：输配电价,关于核定2020～2022年区域电网输电价格的通知(发改价格规〔2020〕1441号),低,否,
EVO-00773,AUTO-20260502-9C5CF5AFC7,关于第三监管周期省级电网输配电价及有关事项的通知(发改价格〔2023〕526号),2023-05-15,AUTO-20260502-135D10C5E6,关于核定2020～2022年区域电网输电价格的通知(发改价格规〔2020〕1441号),2020-09-30,同主题延续,输配电价,全国->全国,同地区同主题时间延续：输配电价,关于第三监管周期省级电网输配电价及有关事项的通知(发改价格〔2023〕526号),低,否,
EVO-00774,AUTO-20260502-F1C4251461,关于第三监管周期区域电网输电价格及有关事项的通知(发改价格〔2023〕532号),2023-05-15,AUTO-20260502-9C5CF5AFC7,关于第三监管周期省级电网输配电价及有关事项的通知(发改价格〔2023〕526号),2023-05-15,同主题延续,输配电价,全国->全国,同地区同主题时间延续：输配电价,关于第三监管周期区域电网输电价格及有关事项的通知(发改价格〔2023〕532号),低,否,
EVO-00775,AUTO-20260502-9819FB14BF,市工业和信息化局关于印发2021年夏季电力需求响应实施细则的通知,2021-07-05,AUTO-20260502-816135392C,市工业和信息化局关于印发2021年春节期间电力需求响应实施细则的通知,2021-02-05,同主题延续,需求响应,天津->天津,同地区同主题时间延续：需求响应,市工业和信息化局关于印发2021年夏季电力需求响应实施细则的通知,低,否,
EVO-00776,AUTO-20260502-7EEF2D35E6,市工业和信息化局关于印发2022年电力需求响应实施细则的通知,2022-01-24,AUTO-20260502-9819FB14BF,市工业和信息化局关于印发2021年夏季电力需求响应实施细则的通知,2021-07-05,同主题延续,需求响应,天津->天津,同地区同主题时间延续：需求响应,市工业和信息化局关于印发2022年电力需求响应实施细则的通知,低,否,
EVO-00777,AUTO-20260502-4804A59980,市工业和信息化局关于印发2023年春节期间电力需求响应实施细则的通知,2023-01-16,AUTO-20260502-7EEF2D35E6,市工业和信息化局关于印发2022年电力需求响应实施细则的通知,2022-01-24,同主题延续,需求响应,天津->天津,同地区同主题时间延续：需求响应,市工业和信息化局关于印发2023年春节期间电力需求响应实施细则的通知,低,否,
EVO-00778,AUTO-20260425-509BB407AE,关于下达天津市2023-2024年度电力需求响应资金计划的通知_委局文件_政务公开,2025-12-11,AUTO-20260502-4804A59980,市工业和信息化局关于印发2023年春节期间电力需求响应实施细则的通知,2023-01-16,同主题延续,需求响应,天津->天津,同地区同主题时间延续：需求响应,关于下达天津市2023-2024年度电力需求响应资金计划的通知_委局文件_政务公开,低,否,
EVO-00779,AUTO-20260427-69BAE4E34E,关于建立煤电容量电价机制的通知(发改价格〔2023〕1501号),2023-11-10,AUTO-20260427-BCED5F5381,关于抽水蓄能电站容量电价及有关事项的通知(发改价格〔2023〕533号),2023-05-15,同主题延续,容量电价,全国->全国,同地区同主题时间延续：容量电价,关于建立煤电容量电价机制的通知(发改价格〔2023〕1501号),低,否,
EVO-00780,AUTO-20260427-5ED24A4111,关于调整我市煤电容量电价有关事项的通知_价格管理,2025-12-24,AUTO-20260427-851724B835,关于明确我市应急备用煤电机组容量电价有关事项的通知_价格管理,2025-11-17,同主题延续,容量电价,上海->上海,同地区同主题时间延续：容量电价,关于调整我市煤电容量电价有关事项的通知_价格管理,低,否,
EVO-00781,AUTO-20260427-51C6A877DC,关于有序推动绿电直连发展有关事项的通知(发改能源〔2025〕650号),2025-05-30,AUTO-20260502-94192CD7A5,关于促进可再生能源绿色电力证书市场高质量发展的意见(发改能源〔2025〕262号),2025-03-18,同主题延续,绿电,全国->全国,同地区同主题时间延续：绿电,关于有序推动绿电直连发展有关事项的通知(发改能源〔2025〕650号),低,否,
EVO-00782,AUTO-20260502-C1292B6683,国家能源局西北监管局关于做好2025年迎峰度冬能源保供工作的通知（西北监能市场〔2025〕82号）,2025-11-20,AUTO-20260502-32DD0BDC61,国家能源局西北监管局关于做好2025年迎峰度夏能源保供工作的通知（西北监能市场[2025]43号）,2025-07-01,同主题延续,电力保供,西北区域->西北区域,同地区同主题时间延续：电力保供,国家能源局西北监管局关于做好2025年迎峰度冬能源保供工作的通知（西北监能市场〔2025〕82号）,低,否,
