广西2023年1月“两个细则”及辅助服务市场数据清单                  根据南方区域“两个细则”技术支持系统统计，1月份广西并网运行考核总费用 （不含纳入调频、调峰等市场）为2062.1442万元，辅助服务补偿总费用（不含调频、调峰等市场）3712.9954万元。        按照南方能源监管局的要求，辅助服务补偿及并网运行考核费用、各辅助服务市场等的考核及补偿费用全部分别结算，净收入分别按照各电厂上网电量占全网比例进行折算（深调补偿净收入按照调峰积分电量进行折算）。        各电厂分机组的净收入按照机组上网电量占全厂比例进行分摊。            详见下表：     表一、  结算汇总表     表二、“两个细则”并网运行考核汇总表     表三A、“两个细则”非停考核汇总表（单倍考核）                         表三B、“两个细则”非停考核汇总表（加倍考核）      表四、“两个细则”辅助服务补偿汇总表

结算序号 电厂类型 电厂名称“两个细则”考核费用“两个细则”考核返还费用发电计划考核净收入一次调频考核净收入非停考核(单倍)净收入非停考核(加倍)净收入“两个细则”补偿费用“两个细则”补偿分摊费用“两个细则”结算净收入
1风电 安华风电场0.0006 0.0852 0.2555 0.3107 0.0000 4.9900 -4.3392 2小水电 拔贡电厂0.0000 0.0014 0.0000 0.0804 -0.0790 3小水电 坝达电厂0.0000 0.0168 0.0000 0.9822 -0.9654 4风电百花山风电场0.0000 0.1214 0.3640 0.4427 0.0000 7.1103 -6.1823 5水电 百龙滩电厂0.0000 0.3252 0.9755 1.1862 10.4922 0.0167 19.0534 -6.0575 6风电 百丈风电场0.0000 0.0787 0.2360 0.2870 0.0000 4.6102 -4.0085 7小水电 板蚌电厂0.0000 0.0174 0.0000 1.0183 -1.0009 8风电 宝山风电场0.0531 0.0719 0.2155 0.2621 0.0000 4.2099 -3.7135 9小水电 宝坛电厂0.0000 0.0000 0.0000 0.0000 0.0000 10煤电2(≥30,<60)北海电厂0.0000 1.1112 -1.1913 4.0526 7.2406 205.0426 65.0947 151.1610 11小生物质北海市垃圾焚烧发电厂0.0000 0.1016 0.0000 2.9765 -2.8749 12小生物质北流凯迪电厂0.0000 0.0000 0.0000 0.0000 0.0000 13小生物质北流粤丰电厂0.0000 0.0488 0.0000 1.4296 -1.3808 14风电笔架山风电场0.0000 0.0830 0.2489 0.3026 0.0000 4.8611 -4.2266 15风电 布央风电场1.2808 0.0632 0.1895 0.2305 0.0000 3.7022 -4.4998 16水电曹渡河梯级电厂0.0000 0.0099 0.0297 0.0362 0.3198 0.0000 0.5807 -0.1851 17小水电 草头坪电厂0.0000 0.0073 0.0000 0.4271 -0.4198

结算序号 电厂类型 电厂名称“两个细则”考核费用“两个细则”考核返还费用发电计划考核净收入一次调频考核净收入非停考核(单倍)净收入非停考核(加倍)净收入“两个细则”补偿费用“两个细则”补偿分摊费用“两个细则”结算净收入
18光伏 岑西光伏站0.0000 0.0285 0.0855 0.1040 0.0000 1.6703 -1.4523 19风电茶叶岭风电场0.0724 0.0439 0.1317 0.1601 0.0000 2.5718 -2.3085 20风电 昌鸿风电场0.5784 0.1231 0.3691 0.4488 0.0000 7.2091 -6.8466 21小生物质昌菱生物质电厂0.0000 0.0005 0.0000 0.0135 -0.0131 22小水电 长瓦电厂0.0000 0.0038 0.0000 0.2239 -0.2201 23水电 长洲电厂0.0000 0.7922 2.3760 2.8893 25.5561 6.0261 46.4087 -8.7690 24光伏 长洲光伏站0.0000 0.0078 0.0234 0.0285 0.0000 0.4576 -0.3979 25光伏 常吉光伏站0.0000 0.0254 0.0761 0.0925 0.0000 1.4861 -1.2921 26光伏 场安光伏站0.0000 0.0269 0.0807 0.0981 0.0000 1.5765 -1.3707 27风电 朝新风电场0.0000 0.0760 0.2281 0.2773 0.0000 4.4545 -3.8731 28风电 承源风电场0.0059 0.0450 0.1349 0.1640 0.0000 2.6346 -2.2966 29风电 冲山风电场0.0000 0.0540 0.1621 0.1971 0.0000 3.1656 -2.7524 30小生物质崇左得力生物质电厂0.0000 0.0664 0.0000 1.9451 -1.8787 31小生物质 楚桥电厂0.0000 0.1213 0.0000 3.5541 -3.4328 32水电 大化电厂0.0000 0.8386 2.5150 3.0583 27.0512 20.8899 49.1238 5.2293 33水电 大埔电厂0.0000 0.0265 0.0794 -3.1433 0.8537 1.1930 1.5504 -2.5411 34小水电 大七孔电厂0.0000 0.0063 0.0000 0.3666 -0.3604

结算序号 电厂类型 电厂名称“两个细则”考核费用“两个细则”考核返还费用发电计划考核净收入一次调频考核净收入非停考核(单倍)净收入非停考核(加倍)净收入“两个细则”补偿费用“两个细则”补偿分摊费用“两个细则”结算净收入
35光伏 大荣光伏站0.0000 0.0079 0.0236 0.0287 0.0000 0.4607 -0.4006 36风电大容山风电场0.0000 0.0310 0.0930 0.1131 0.0000 1.8159 -1.5789 37小水电大容山水电厂0.0000 0.0066 0.0000 0.3879 -0.3813 38风电 岱安风电场0.0000 0.0000 0.0000 0.0000 0.0000 0.0000 0.0000 39小生物质得力生物质电厂0.0000 0.0188 0.0000 0.5498 -0.5311 40风电登云山风电场0.0000 0.1910 0.5728 0.6965 0.0000 11.1872 -9.7270 41光伏钓鱼台光伏站0.0000 0.0346 0.1038 0.1263 0.0000 2.0280 -1.7633 42光伏 顶山光伏站0.0000 0.0202 0.0606 0.0737 0.0000 1.1845 -1.0299 43光伏 鼎旭光伏站0.0000 0.0180 0.0541 0.0658 0.0000 1.0562 -0.9183 44风电 东岭风电场0.0172 0.0823 0.2468 0.3002 0.0000 4.8214 -4.2093 45风电 东起风电场0.3212 0.1290 0.3869 0.4705 0.0000 7.5577 -6.8924 46小水电 懂托电厂0.0000 0.0010 0.0000 0.0606 -0.0596 47小水电 对门河电厂0.0000 0.0138 0.0000 0.8091 -0.7953 48煤电1(≥60)防城港电厂(二期)0.0000 2.8347 5.2219 10.3383 51.1908 354.8162 166.0584 258.3435 49煤电1(≥60)防城港电厂(一期)0.0000 1.2023 3.6061 4.3851 -425.0853 103.8652 70.4351 -382.4616 50光伏 丰收光伏站0.0000 0.0286 0.0859 0.1044 0.0000 1.6770 -1.4581 51风电 凤屏风电场0.0000 0.1467 0.4399 0.5349 0.0000 8.5916 -7.4702

结算序号 电厂类型 电厂名称“两个细则”考核费用“两个细则”考核返还费用发电计划考核净收入一次调频考核净收入非停考核(单倍)净收入非停考核(加倍)净收入“两个细则”补偿费用“两个细则”补偿分摊费用“两个细则”结算净收入
52小生物质 扶能电厂0.0000 0.0995 0.0000 2.9136 -2.8141 53小生物质扶绥理昂生物质电厂0.0000 0.0539 0.0000 1.5794 -1.5255 54小生物质扶绥琦泉生物质电厂0.0000 0.0000 0.0000 0.0000 0.0000 55小水电 芙蓉河电厂0.0000 0.0078 0.0000 0.4571 -0.4493 56水电 浮石电厂0.0000 0.0137 0.0410 0.0499 0.4414 1.8478 0.8016 1.5922 57风电福家田风电场0.0000 0.1802 0.5405 0.6572 0.0000 10.5564 -9.1785 58小水电 斧子口电厂0.0000 0.0000 0.0000 0.0000 0.0000 59煤电1(≥60)富川电厂0.0000 4.2422 4.8058 15.4717 136.8499 335.8253 248.5131 248.6818 60小水电 富源电厂0.0000 0.0008 0.0000 0.0442 -0.0435 61小水电 干捞电厂0.0000 0.0047 0.0000 0.2764 -0.2717 62光伏 甘莲光伏站0.0000 0.0066 0.0199 0.0242 0.0000 0.3885 -0.3378 63风电高帮山风电场0.0000 0.0652 0.1957 0.2379 0.0000 3.8216 -3.3228 64风电高栏塘风电场0.0471 0.0284 0.0853 0.1038 0.0000 1.6665 -1.4961 65水电 古顶电厂0.0000 0.0178 0.0535 0.0651 0.5757 1.1514 1.0455 0.8181 66光伏 古顶光伏站0.0000 0.0073 0.0218 0.0265 0.0000 0.4262 -0.3705 67光伏 古平光伏站0.0000 0.0179 0.0536 0.0652 0.0000 1.0477 -0.9110 68风电 古田风电场0.0000 0.1097 0.3289 0.4000 0.0000 6.4249 -5.5863

结算序号 电厂类型 电厂名称“两个细则”考核费用“两个细则”考核返还费用发电计划考核净收入一次调频考核净收入非停考核(单倍)净收入非停考核(加倍)净收入“两个细则”补偿费用“两个细则”补偿分摊费用“两个细则”结算净收入
69光伏光伏扶贫电站0.0000 0.0057 0.0171 0.0208 0.0000 0.3336 -0.2901 70核电 光坡核电厂0.0000 6.9391 20.8120 0.0000 223.8497 11.7456 406.5008 -143.1544 71风电 广茂风电场0.0149 0.0638 0.1914 0.2327 0.0000 3.7384 -3.2653 72风电 龟石风电场0.0000 0.3721 1.1160 1.3570 0.0000 21.7969 -18.9519 73煤电1(≥60)贵港电厂0.0000 1.6862 -1.7787 6.1496 30.4807 174.5853 98.7783 112.3448 74小生物质贵港理昂生物质电厂0.0000 0.0551 0.0000 1.6143 -1.5592 75小生物质贵港市生活垃圾焚烧发0.0000 0.1390 0.0000 4.0700 -3.9310 76风电 贵良风电场2.2191 0.0906 0.2718 0.3306 0.0000 5.3095 -6.8355 77水电 桂航电厂0.0000 0.0968 0.2902 0.3529 3.1213 0.0045 5.6682 -1.8025 78光伏 浩德光伏站0.0000 0.0246 0.0737 0.0896 0.0000 1.4397 -1.2518 79风电 合福风电场2.4044 0.1042 0.3126 0.3801 0.0000 6.1050 -7.7126 80小生物质合浦理昂生物质电厂0.0000 0.0938 0.0000 2.7485 -2.6547 81煤电1(≥60)合山60厂0.0000 0.1951 0.4267 0.7116 6.2947 24.3395 11.4309 20.5369 82煤电2(≥30,<60)合山新厂0.0000 0.6061 117.4100 2.2105 -11.1662 132.8734 35.5055 206.4283 83小生物质贺州理昂电厂0.0000 0.0034 0.0000 0.0982 -0.0948 84风电黑石岭风电场0.0000 0.1139 0.3415 0.4153 0.0000 6.6700 -5.7994 85光伏 横山光伏站0.0000 0.0371 0.1111 0.1351 0.0000 2.1708 -1.8875

结算序号 电厂类型 电厂名称“两个细则”考核费用“两个细则”考核返还费用发电计划考核净收入一次调频考核净收入非停考核(单倍)净收入非停考核(加倍)净收入“两个细则”补偿费用“两个细则”补偿分摊费用“两个细则”结算净收入
86水电 红花电厂0.0000 0.0539 0.1616 0.1965 1.7380 0.1884 3.1561 -0.8178 87风电 宏景风电场0.0051 0.0848 0.2542 0.3091 0.0000 4.9652 -4.3222 88光伏 洪昇光伏站0.0000 0.0072 0.0217 0.0264 0.0000 0.4234 -0.3682 89风电 鸿润风电场0.0000 0.1031 0.3091 0.3759 0.0000 6.0383 -5.2501 90小水电 猴爬岩电厂0.0000 0.0368 0.0000 2.1572 -2.1204 91风电葫芦顶风电场3.2803 0.0466 0.1396 0.1698 0.0000 2.7270 -5.6514 92风电 华光风电场0.0465 0.1635 0.4904 0.5963 0.0000 9.5777 -8.3741 93光伏 华阳光伏站0.0000 0.0467 0.1401 0.1704 0.0000 2.7365 -2.3793 94风电 怀山风电场0.1626 0.2705 0.8112 0.9865 0.0000 15.8451 -13.9395 95小生物质环江理昂农林废弃物热0.0000 0.0000 0.0000 0.0000 0.0000 96小水电 黄果树电厂0.0000 0.0086 0.0000 0.5025 -0.4939 97风电黄花岭风电场0.0175 0.0532 0.1597 0.1942 0.0000 3.1191 -2.7294 98光伏黄丽窝光伏站0.0000 0.0078 0.0235 0.0286 0.0000 0.4588 -0.3989 99小水电 黄冕电厂0.0000 0.0010 0.0000 0.0558 -0.0548 100风电 黄兴风电场0.0000 0.1544 0.4630 0.5630 0.0000 9.0437 -7.8633 101光伏 惠金光伏站0.0000 0.0295 0.0885 0.1076 0.0000 1.7291 -1.5034 102光伏 吉江光伏站0.0000 0.0514 0.1542 0.1875 0.0000 3.0112 -2.6182

结算序号 电厂类型 电厂名称“两个细则”考核费用“两个细则”考核返还费用发电计划考核净收入一次调频考核净收入非停考核(单倍)净收入非停考核(加倍)净收入“两个细则”补偿费用“两个细则”补偿分摊费用“两个细则”结算净收入
103风电 吉坤风电场0.0000 0.0087 0.0261 0.0317 0.0000 0.5090 -0.4425 104光伏 吉龙光伏站0.0000 0.0627 0.1881 0.2287 0.0000 3.6740 -3.1944 105光伏 江滨光伏站0.0000 0.0480 0.1440 0.1751 0.0000 2.8125 -2.4454 106小水电 江口电厂0.0000 0.0045 0.0000 0.2650 -0.2605 107气电 江南能源站0.0000 0.0174 -0.0498 0.0634 0.5605 77.3617 1.0178 76.9352 108风电交连岭风电场0.0025 0.0758 0.2274 0.2766 0.0000 4.4422 -3.8649 109光伏 骄阳光伏站0.0000 0.0572 0.1715 0.2086 0.0000 3.3504 -2.9130 110风电 洁源风电场0.0000 0.1108 0.3323 0.4041 0.0000 6.4906 -5.6434 111风电 金谷风电场0.0000 0.0559 0.1677 0.2040 0.0000 3.2762 -2.8486 112水电 金鸡滩电厂0.0000 0.0703 0.2110 0.2565 2.2692 0.0231 4.1208 -1.2906 113水电 金牛坪电厂0.0000 0.0265 0.0796 0.0968 0.8564 1.2660 1.5552 0.7702 114光伏 金沙光伏站0.0000 0.0088 0.0263 0.0320 0.0000 0.5136 -0.4465 115光伏 金肇光伏站0.0000 0.0087 0.0260 0.0316 0.0000 0.5079 -0.4416 116风电金紫山风电场0.0027 0.0615 0.1845 0.2243 0.0000 3.6031 -3.1354 117风电 劲风风电场0.0159 0.1284 0.3850 0.4682 0.0000 7.5200 -6.5543 118水电 京南电厂0.0000 0.0296 0.0888 0.1080 0.9549 4.9529 1.7341 4.4001 119风电九头岭风电场0.4344 0.0485 0.1454 0.1768 0.0000 2.8399 -2.9036

结算序号 电厂类型 电厂名称“两个细则”考核费用“两个细则”考核返还费用发电计划考核净收入一次调频考核净收入非停考核(单倍)净收入非停考核(加倍)净收入“两个细则”补偿费用“两个细则”补偿分摊费用“两个细则”结算净收入
120风电九元山风电场0.0051 0.1190 0.3569 0.4340 0.0000 6.9710 -6.0662 121风电 俊风风电场0.0000 0.1077 0.3230 0.3928 0.0000 6.3091 -5.4856 122风电 肯兰风电场0.0000 0.1181 0.3542 0.4307 0.0000 6.9183 -6.0153 123风电 葵阳风电场0.0000 0.2595 0.7782 0.9464 0.0000 15.2007 -13.2166 124水电 拉浪电厂0.0000 0.0066 0.0198 0.0240 0.2125 0.0000 0.3859 -0.1230 125小水电 拉纳电厂0.0000 0.0010 0.0000 0.0606 -0.0596 126小水电 拉秀电厂0.0000 0.0019 0.0000 0.1113 -0.1094 127煤电2(≥30,<60)来宾B厂0.0000 0.9004 -11.8992 -31.7057 -28.5073 168.3961 52.7475 44.4369 128小生物质来宾富乔生物质发电厂0.0000 0.0475 0.0000 1.3914 -1.3438 129煤电2(≥30,<60)来宾扩建0.0000 0.9223 -21.6548 -9.5954 -16.0011 137.3678 54.0288 37.0099 130小生物质来宾市垃圾焚烧发电厂0.0000 0.0651 0.0000 1.9080 -1.8429 131风电 来福风电场0.0000 0.0000 0.0000 0.0000 0.0000 0.0000 0.0000 132风电 兰田风电场0.0312 0.1024 0.3070 0.3734 0.0000 5.9970 -5.2454 133光伏 栏沙光伏站0.0000 0.0285 0.0855 0.1039 0.0000 1.6693 -1.4514 134风电蓝光坪风电场0.0045 0.0370 0.1111 0.1350 0.0000 2.1691 -1.8905 135小水电 郎恒电厂0.0000 0.0024 0.0000 0.1415 -0.1391 136水电 乐滩电厂0.0000 0.8595 2.5777 3.1345 27.7256 29.3186 50.3485 13.2675

结算序号 电厂类型 电厂名称“两个细则”考核费用“两个细则”考核返还费用发电计划考核净收入一次调频考核净收入非停考核(单倍)净收入非停考核(加倍)净收入“两个细则”补偿费用“两个细则”补偿分摊费用“两个细则”结算净收入
137风电 乐樟风电场0.0000 0.1251 0.3753 0.4564 0.0000 7.3308 -6.3739 138小水电 厘金滩电厂0.0000 0.0048 0.0000 0.2814 -0.2766 139小水电 里定电厂0.0000 0.0025 0.0000 0.1489 -0.1464 140光伏 里拉光伏站0.0000 0.0115 0.0345 0.0420 0.0000 0.6748 -0.5867 141小水电 鲤鱼滩电厂0.0000 0.0019 0.0000 0.1131 -0.1112 142小水电 良湾电厂0.0000 0.0003 0.0000 0.0156 -0.0153 143光伏 烈阳光伏站0.0000 0.0180 0.0540 0.0656 0.0000 1.0541 -0.9165 144气电 临桂电厂0.0000 0.1149 -132.7897 0.4192 3.7080 47.0932 6.7336 -88.1879 145小生物质灵山金利亚发电厂0.0000 0.0214 0.0000 0.6259 -0.6045 146风电 岭脚风电场0.0663 0.0595 0.1783 0.2169 0.0000 3.4833 -3.0950 147光伏柳花岭光伏站0.0000 0.0471 0.1414 0.1719 0.0000 2.7619 -2.4014 148小生物质柳州静脉电厂0.0000 0.1241 0.0000 3.6363 -3.5122 149小生物质柳州鑫能生物质电厂0.0000 0.0050 0.0000 0.1473 -0.1422 150小水电 六甲电厂0.0000 0.0034 0.0000 0.1974 -0.1940 151煤电1(≥60)六景电厂11.4040 1.9750 0.1540 7.2029 30.3488 242.2666 115.6967 154.8466 152风电六林冲风电场0.0000 0.1213 0.3637 0.4423 0.0000 7.1048 -6.1774 153风电六字界风电场0.0576 0.0357 0.1070 0.1301 0.0000 2.0891 -1.8741

结算序号 电厂类型 电厂名称“两个细则”考核费用“两个细则”考核返还费用发电计划考核净收入一次调频考核净收入非停考核(单倍)净收入非停考核(加倍)净收入“两个细则”补偿费用“两个细则”补偿分摊费用“两个细则”结算净收入
154小生物质 龙回电厂0.0000 0.0025 0.0000 0.0744 -0.0718 155风电 龙门风电场0.0000 0.2512 0.7534 0.9161 0.0000 14.7152 -12.7945 156水电 龙滩电厂0.0000 2.3689 7.1049 8.6396 76.4190 54.3351 138.7735 10.0940 157风电 龙头风电场0.0000 0.1040 0.3118 0.3792 0.0000 6.0906 -5.2956 158小水电 龙溪电厂0.0000 0.0014 0.0000 0.0822 -0.0808 159小水电 龙兴电厂0.0000 0.0013 0.0000 0.0778 -0.0764 160风电 隆润风电场0.0189 0.1155 0.3465 0.4213 0.0000 6.7679 -5.9034 161光伏 陆坡光伏站0.0000 0.0080 0.0241 0.0293 0.0000 0.4701 -0.4087 162小生物质 绿发电厂0.0000 0.0365 0.0000 1.0695 -1.0330 163水电 洛东电厂0.0000 0.0004 0.0012 0.0015 0.0133 0.0151 0.0241 0.0075 164风电 洛山风电场0.0000 0.0395 0.1186 0.1442 0.0000 2.3166 -2.0142 165水电 麻石电厂0.0000 0.0312 0.0937 0.1139 1.0075 0.6707 1.8297 0.0873 166风电 马家风电场0.0000 0.0511 0.1532 0.1863 0.0000 2.9932 -2.6025 167气电 马园电厂0.0000 0.0000 0.0000 0.0000 0.0000 87.8994 0.0000 87.8994 168风电马子岭风电场0.0000 0.1368 0.4103 0.4989 0.0000 8.0139 -6.9679 169风电 米康风电场0.0256 0.0417 0.1251 0.1522 0.0000 2.4442 -2.1508 170小生物质 蜜朋电厂0.0000 0.0714 0.0000 2.0916 -2.0202

结算序号 电厂类型 电厂名称“两个细则”考核费用“两个细则”考核返还费用发电计划考核净收入一次调频考核净收入非停考核(单倍)净收入非停考核(加倍)净收入“两个细则”补偿费用“两个细则”补偿分摊费用“两个细则”结算净收入
171风电 蜜源风电场0.0152 0.0687 0.2061 0.2507 0.0000 4.0264 -3.5161 172水电 苗都电厂0.0000 0.0000 0.0000 0.0000 0.0000 0.0000 0.0000 0.0000 173风电妙郎山风电场0.0655 0.0539 0.1617 0.1967 0.0000 3.1589 -2.8121 174光伏 民钦光伏站0.0000 0.1434 0.4302 0.5231 0.0000 8.4021 -7.3054 175风电 木格风电场0.0000 0.1322 0.3964 0.4820 0.0000 7.7423 -6.7317 176水电 那吉电厂0.0000 0.0745 0.2236 0.2719 2.4048 0.1883 4.3670 -1.2039 177小水电 那新电厂0.0000 0.0000 0.0000 0.0004 -0.0004 178小水电 纳八电厂0.0000 0.0010 0.0000 0.0570 -0.0560 179小水电 南桂电厂0.0000 0.0001 0.0000 0.0071 -0.0070 180光伏 南甲光伏站0.0000 0.0301 0.0903 0.1098 0.0000 1.7630 -1.5329 181风电 南山风电场0.0000 0.0539 0.1617 0.1966 0.0000 3.1581 -2.7459 182小生物质宁明东亚电厂0.0000 0.0801 0.0000 2.3461 -2.2660 183风电牛景岭风电场4.5725 0.2629 0.7886 0.9589 0.0000 15.4024 -17.9645 184水电 牛湾电厂0.0000 0.0419 0.1258 0.1529 1.3526 0.0077 2.4562 -0.7753 185光伏 弄滩光伏站0.0000 0.0000 0.0000 0.0000 0.0000 0.0000 0.0000 186光伏 暖阳光伏站0.0000 0.0354 0.1061 0.1290 0.0000 2.0714 -1.8010 187小水电 糯米滩电厂0.0000 0.0048 0.0000 0.2788 -0.2740

结算序号 电厂类型 电厂名称“两个细则”考核费用“两个细则”考核返还费用发电计划考核净收入一次调频考核净收入非停考核(单倍)净收入非停考核(加倍)净收入“两个细则”补偿费用“两个细则”补偿分摊费用“两个细则”结算净收入
188光伏 排塘光伏站0.0000 0.0370 0.1111 0.1350 0.0000 2.1691 -1.8860 189风电 佩光风电场0.0284 0.0510 0.1529 0.1859 0.0000 2.9858 -2.6245 190水电 平班电厂0.0000 0.2833 0.8496 1.0331 9.1376 51.1559 16.5935 45.8659 191风电平鼓山风电场0.2526 0.0680 0.2039 0.2480 0.0000 3.9827 -3.7155 192小生物质平里垃圾发电厂0.0000 0.1247 0.0000 3.6511 -3.5265 193小水电 平林电厂0.0000 0.0048 0.0000 0.2835 -0.2787 194小生物质平南环保发电厂0.0000 0.0329 0.0000 0.9650 -0.9321 195风电平天山风电场0.5816 0.0823 0.2469 0.3003 0.0000 4.8232 -4.7753 196光伏 浦峙光伏站0.0000 0.0000 0.0000 0.0000 0.0000 0.0000 0.0000 197风电 麒麟风电场0.0167 0.0705 0.2115 0.2572 0.0000 4.1306 -3.6082 198水电 桥巩电厂0.0000 0.7210 2.1626 2.6297 23.2603 0.0941 42.2396 -13.3719 199风电 钦南风电场0.0000 0.0631 0.1893 0.2302 0.0000 3.6970 -3.2144 200煤电1(≥60)钦州电厂(二期)0.0000 4.7332 14.1960 17.2624 55.2804 416.6701 277.2774 230.8648 201煤电1(≥60)钦州电厂(一期)0.0000 1.7398 5.2182 6.3453 -18.7512 250.1983 101.9218 142.8287 202小生物质钦州海诺尔垃圾发电厂0.0000 0.0452 0.0000 1.3240 -1.2788 203小生物质钦州琦泉生物质电厂0.0000 0.0416 0.0000 1.2182 -1.1766 204风电 秦淮风电场0.4374 0.0874 0.2620 0.3186 0.0000 5.1183 -4.8876

结算序号 电厂类型 电厂名称“两个细则”考核费用“两个细则”考核返还费用发电计划考核净收入一次调频考核净收入非停考核(单倍)净收入非停考核(加倍)净收入“两个细则”补偿费用“两个细则”补偿分摊费用“两个细则”结算净收入
205小水电 青狮潭电厂0.0000 0.0176 0.0000 1.0282 -1.0107 206风电 晴岚风电场0.0506 0.0574 0.1721 0.2093 0.0000 3.3623 -2.9741 207光伏 琼恩光伏站0.0000 0.0000 0.0000 0.0000 0.0000 0.0000 0.0000 208风电 坵坪风电场10.1392 0.6587 1.9757 2.4025 0.0000 38.5896 -43.6919 209风电 全达风电场0.6237 0.0969 0.2907 0.3535 0.0000 5.6773 -5.5600 210光伏 全达光伏站0.0000 0.0100 0.0298 0.0363 0.0000 0.5829 -0.5068 211煤电2(≥30,<60)仁义电厂0.0000 0.6927 -4.8490 2.5264 -18.5744 97.3398 40.5803 36.5552 212光伏 荣屯光伏站0.0000 0.0066 0.0199 0.0242 0.0000 0.3886 -0.3378 213风电 锐航风电场0.2488 0.0351 0.1052 0.1280 0.0000 2.0554 -2.0360 214风电 润堡风电场0.0049 0.0558 0.1675 0.2037 0.0000 3.2712 -2.8492 215风电 润佳风电场0.0000 0.0838 0.2514 0.3057 0.0000 4.9097 -4.2689 216风电 润南风电场0.0385 0.0925 0.2776 0.3375 0.0000 5.4215 -4.7524 217煤电3(<30)三祥联产发电厂0.0000 0.0183 0.0548 0.0666 0.5895 0.0000 1.0704 -0.3412 218水电 山秀电厂0.0000 0.0336 0.1009 0.1227 1.0852 1.2381 1.9707 0.6099 219小生物质 上罗电厂0.0000 0.0801 0.0000 2.3454 -2.2653 220光伏 申丰光伏站0.0000 0.0075 0.0225 0.0274 0.0000 0.4399 -0.3825 221小生物质 深能电厂0.0000 0.0969 0.0000 2.8374 -2.7405

结算序号 电厂类型 电厂名称“两个细则”考核费用“两个细则”考核返还费用发电计划考核净收入一次调频考核净收入非停考核(单倍)净收入非停考核(加倍)净收入“两个细则”补偿费用“两个细则”补偿分摊费用“两个细则”结算净收入
222煤电2(≥30,<60)神鹿热电厂0.0000 1.3479 -0.0668 1.1360 36.9525 171.6267 78.9593 132.0371 223风电狮子岭风电场0.0000 0.1549 0.4647 0.5650 0.0000 9.0760 -7.8914 224小水电 石别水电厂0.0000 0.0084 0.0000 0.4915 -0.4831 225光伏 石村光伏站0.0000 0.0126 0.0377 0.0458 0.0000 0.7357 -0.6396 226风电 首龙风电场0.0121 0.0742 0.2226 0.2707 0.0000 4.3476 -3.7923 227风电 水锦风电场0.0000 0.1313 0.3937 0.4788 0.0000 7.6901 -6.6863 228小水电 思安江电厂0.0000 0.0000 0.0000 0.0000 0.0000 229小水电 思陇电厂0.0000 0.0062 0.0000 0.3603 -0.3542 230风电四方岭风电场0.0000 0.1384 0.4151 0.5047 0.0000 8.1069 -7.0487 231水电 宋村电厂0.0000 0.0782 0.2346 0.2852 2.5228 4.2250 4.5813 2.7645 232风电 宿邓风电场0.0000 0.0457 0.1371 0.1667 0.0000 2.6774 -2.3279 233光伏 滩面光伏站0.0000 0.0086 0.0259 0.0315 0.0000 0.5065 -0.4404 234小生物质藤县生物质电厂0.0000 0.0383 0.0000 1.1223 -1.0840 235水电 天二电厂4.7015 0.7079 2.1231 2.5817 22.8358 4.8538 41.4688 -13.0679 236风电天堂顶风电场0.0000 0.1953 0.5858 0.7124 0.0000 11.4426 -9.9491 237风电 天武风电场0.0245 0.0608 0.1823 0.2216 0.0000 3.5600 -3.1198 238水电 天一电厂0.0000 0.3036 0.9105 1.1072 9.7936 3.0187 17.7848 -2.6511

结算序号 电厂类型 电厂名称“两个细则”考核费用“两个细则”考核返还费用发电计划考核净收入一次调频考核净收入非停考核(单倍)净收入非停考核(加倍)净收入“两个细则”补偿费用“两个细则”补偿分摊费用“两个细则”结算净收入
239光伏 通威光伏站0.0000 0.0475 0.1424 0.1732 0.0000 2.7816 -2.4185 240水电 驮娘江电厂10.1945 0.0112 2.1982 0.0409 0.3615 10.2418 0.6564 2.0027 241风电 碗窑风电场0.2689 0.3269 0.9806 1.1924 0.0000 19.1524 -16.9214 242水电 旺村电厂0.0000 0.0392 0.1176 -2.0169 1.2645 0.8644 2.2963 -2.0274 243小生物质 旺能电厂0.0000 0.0274 0.0000 0.8011 -0.7738 244风电 沃岭风电场0.0000 0.0796 0.2386 0.2902 0.0000 4.6607 -4.0524 245水电乌东德右岸电厂0.0000 1.4380 4.3129 2.8140 46.3886 6.0786 84.2396 -23.2075 246水电乌东德左岸电厂0.0000 1.4380 4.1803 -6.9080 28.7918 1.9673 84.2396 -54.7701 247光伏 乌家光伏站0.0000 0.0224 0.0671 0.0816 0.0000 1.3112 -1.1401 248小生物质梧州市静脉产业园垃圾0.0000 0.0793 0.0000 2.3230 -2.2437 249小水电 西岸电厂0.0000 0.0011 0.0000 0.0636 -0.0625 250光伏西江机场光伏站0.0000 0.0175 0.0525 0.0639 0.0000 1.0263 -0.8923 251水电 西津电厂0.0000 0.1725 0.5172 0.6290 5.5634 3.1261 10.1029 -0.0947 252风电霞义山风电场0.0000 0.1529 0.4585 0.5575 0.0000 8.9552 -7.7863 253小水电 下六甲电厂0.0000 0.0009 0.0000 0.0526 -0.0517 254水电 下桥电厂0.0000 0.0048 0.0143 0.0174 0.1540 0.0000 0.2797 -0.0892 255小水电 下石龙电厂0.0000 0.0270 0.0000 1.5826 -1.5556

结算序号 电厂类型 电厂名称“两个细则”考核费用“两个细则”考核返还费用发电计划考核净收入一次调频考核净收入非停考核(单倍)净收入非停考核(加倍)净收入“两个细则”补偿费用“两个细则”补偿分摊费用“两个细则”结算净收入
256小水电 下湘水电厂0.0000 0.0002 0.0000 0.0104 -0.0102 257水电 仙衣滩电厂0.0000 0.1248 0.1104 0.4552 4.0266 0.0015 7.3122 -2.5936 258小水电 先锋电厂0.0000 0.0135 0.0000 0.7890 -0.7755 259风电 祥甜风电场0.0000 0.1163 0.3487 0.4241 0.0000 6.8116 -5.9225 260小水电 响水洞电厂0.0000 0.0010 0.0000 0.0588 -0.0578 261小生物质象州理昂生物质发电厂0.0000 0.0636 0.0000 1.8639 -1.8003 262小水电 小龙潭电厂0.0000 0.0049 0.0000 0.2877 -0.2828 263小水电 小溶江电厂0.0000 0.0068 0.0000 0.3956 -0.3889 264光伏 小湾光伏站0.0000 0.0287 0.0862 0.1048 0.0000 1.6837 -1.4639 265小水电 小寨电厂0.0000 0.0134 0.0000 0.7837 -0.7703 266风电 协合风电场0.0000 0.1863 0.5587 0.6794 0.0000 10.9130 -9.4886 267光伏 鑫奥光伏站0.0000 0.0209 0.0626 0.0761 0.0000 1.2226 -1.0630 268小水电 兴隆电厂0.0000 0.0018 0.0000 0.1067 -0.1049 269光伏 兴旺光伏站0.0000 0.0000 0.0000 0.0000 0.0000 0.0000 0.0000 270煤电1(≥60)兴义电厂0.0000 0.0000 0.0000 0.0000 0.0000 0.0355 0.0000 0.0355 271风电 旭晖风电场0.2289 0.0979 0.2938 0.3572 0.0000 5.7377 -5.2177 272光伏 旭晖光伏站0.0000 0.0293 0.0878 0.1068 0.0000 1.7154 -1.4915

结算序号 电厂类型 电厂名称“两个细则”考核费用“两个细则”考核返还费用发电计划考核净收入一次调频考核净收入非停考核(单倍)净收入非停考核(加倍)净收入“两个细则”补偿费用“两个细则”补偿分摊费用“两个细则”结算净收入
273光伏旭日升光伏站0.0000 0.0002 0.0006 0.0008 0.0000 0.0126 -0.0109 274水电 浔州电厂0.0000 1.2394 3.7173 4.5202 39.9822 0.3041 72.6058 -22.8426 275风电 迅风风电场0.0000 0.1324 0.3972 0.4830 0.0000 7.7578 -6.7452 276水电 岩滩电厂0.0000 2.0735 6.2191 7.5624 66.8909 171.6853 121.4708 132.9604 277风电羊加山风电场0.0000 0.0410 0.1231 0.1497 0.0000 2.4046 -2.0907 278风电 杨村风电场0.3406 0.0913 0.2737 0.3329 0.0000 5.3464 -4.9891 279小水电 杨家桥电厂0.0000 0.0009 0.0000 0.0537 -0.0528 280水电 叶茂电厂0.0000 0.0175 0.0480 0.0637 0.5633 0.0009 1.0229 -0.3294 281小生物质宜州琦泉生物质发电厂0.0000 0.0000 0.0000 0.0000 0.0000 282小水电 银河电厂0.0000 0.0058 0.0000 0.3405 -0.3347 283光伏 英利光伏站0.0000 0.0132 0.0395 0.0480 0.0000 0.7715 -0.6708 284光伏 英学光伏站0.0000 0.0349 0.1047 0.1273 0.0000 2.0448 -1.7779 285风电鹰斗岭风电场0.0000 0.1417 0.4251 0.5169 0.0000 8.3032 -7.2194 286光伏 永福光伏站0.0000 0.0164 0.0493 0.0599 0.0000 0.9626 -0.8370 287煤电2(≥30,<60)永福扩建0.0000 1.0840 2.6517 3.9536 34.6647 96.2854 63.5042 75.1352 288水电 右江电厂0.0000 0.4466 1.3395 1.6288 14.4074 17.6934 26.1632 9.3526 289水电 鱼梁电厂0.0000 0.0583 0.1749 0.2126 1.8809 0.0274 3.4157 -1.0616

结算序号 电厂类型 电厂名称“两个细则”考核费用“两个细则”考核返还费用发电计划考核净收入一次调频考核净收入非停考核(单倍)净收入非停考核(加倍)净收入“两个细则”补偿费用“两个细则”补偿分摊费用“两个细则”结算净收入
290风电 宇阳风电场0.0000 0.2019 0.6054 0.7362 0.0000 11.8252 -10.2817 291光伏 玉柴光伏站0.0000 0.0712 0.2135 0.2597 0.0000 4.1709 -3.6265 292光伏 玉峰光伏站0.0000 0.0451 0.1351 0.1643 0.0000 2.6391 -2.2946 293风电月亮山风电场0.0076 0.1051 0.3153 0.3834 0.0000 6.1577 -5.3615 294风电 云飞风电场0.0000 0.1176 0.3527 0.4289 0.0000 6.8891 -5.9899 295风电 泽丰风电场0.0149 0.0667 0.2001 0.2433 0.0000 3.9082 -3.4130 296光伏 寨安光伏站0.0000 0.0000 0.0000 0.0000 0.0000 0.0000 0.0000 297光伏 者显光伏站0.0000 0.0227 0.0681 0.0828 0.0000 1.3302 -1.1566 298光伏 振国光伏站0.0000 0.0239 0.0717 0.0872 0.0000 1.4012 -1.2183 299风电镇龙山风电场0.0374 0.0886 0.2657 0.3231 0.0000 5.1905 -4.5504 300小生物质 中科发电厂0.0000 0.0504 0.0000 1.4765 -1.4261 301光伏 中民光伏站0.0000 0.0080 0.0240 0.0292 0.0000 0.4694 -0.4081 302煤电1(≥60)珠城电厂8.2938 2.6291 -83.4484 -120.0025 -563.6542 178.5699 154.0142 -748.2142 303风电 珠光风电场0.0000 0.1566 0.4696 0.5710 0.0000 9.1720 -7.9749 304光伏 珠光光伏站0.0000 0.0069 0.0207 0.0252 0.0000 0.4043 -0.3515 305光伏 卓昇光伏站0.0000 0.0000 0.0000 0.0000 0.0000 0.0000 0.0000 306风电 梓坪风电场0.5540 0.0619 0.1855 0.2256 0.0000 3.6233 -3.7043

结算序号 电厂类型 电厂名称“两个细则”考核费用“两个细则”考核返还费用发电计划考核净收入一次调频考核净收入非停考核(单倍)净收入非停考核(加倍)净收入“两个细则”补偿费用“两个细则”补偿分摊费用“两个细则”结算净收入
307水电 左江电厂0.0000 0.0451 0.1351 0.1643 1.4533 0.1199 2.6392 -0.7216 合计64.3501 64.3501 0.0000 0.0000 0.0000 0.0000 3712.9954 3712.9954 0.0000

结算序号 电厂类型 电厂名称考核费用合计(万元)常规电厂调度运行管理常规电厂技术指导与管理考核费用(万元)风电场调度运行管理风电场技术指导与管理考核费用(万元)光伏电厂调度运行管理光伏电厂技术指导与管理考核费用(万元)考核返还费用(万元)考核费用净收入(万元)上网电量(MWh)安全管理考核费用(万元)调度纪律管理考核费用(万元)母线电压考核费用(万元)旋转备用考核(万元)AVC考核费用(万元)功率震荡管理考核费用(万元)燃料管理考核费用(万元)水电振动区管理考核费用(万元)黑启动考核费用(万元)检修管理考核费用(万调度管理考核费用(万元)风电有功功率变化考核费用(万元)风电脱网考核费用(万风电风功率预测考核费用(万调度管理考核费用(万元)光伏有功功率变化考核费用(万元)光伏功率预测考核费用(万元)1 风电 安华风电场 0.000579 0 0 0 0 0 0 0 0 0 0 0 0 0.000579 0 0 0 0 0 0 0 0.08518 0.084601 17330.4332 小水电 拔贡电厂 0 0 0 0 0 0 0 0 0 0 0 0 0 0 0 0 0 0 0 0 0 0.001373 0.001373 279.33 小水电 坝达电厂 0 0 0 0 0 0 0 0 0 0 0 0 0 0 0 0 0 0 0 0 0 0.016766 0.016766 3411.1474 风电 百花山风电场 0 0 0 0 0 0 0 0 0 0 0 0 0 0 0 0 0 0 0 0 0 0.121375 0.121375 24694.565 水电 百龙滩电厂 0 0 0 0 0 0 0 0 0 0 0 0 0 0 0 0 0 0 0 0 0 0.325247 0.325247 66173.366 风电 百丈风电场 0 0 0 0 0 0 0 0 0 0 0 0 0 0 0 0 0 0 0 0 0 0.078698 0.078698 16011.67 小水电 板蚌电厂 0 0 0 0 0 0 0 0 0 0 0 0 0 0 0 0 0 0 0 0 0 0.017383 0.017383 3536.6958 风电 宝山风电场 0.053119 0 0 0 0 0 0 0 0 0 0 0 0 0.053119 0 0 0 0 0 0 0 0.071864 0.018745 14621.29 小水电 宝坛电厂 0 0 0 0 0 0 0 0 0 0 0 0 0 0 0 0 0 0 0 0 0 0 0 010 煤电2(≥30,<60) 北海电厂 0 0 0 0 0 0 0 0 0 0 0 0 0 0 0 0 0 0 0 0 0 1.111187 1.111187 226077.511 小生物质 北海市垃圾焚烧发电厂 0 0 0 0 0 0 0 0 0 0 0 0 0 0 0 0 0 0 0 0 0 0.10162 0.10162 20675.212 小生物质 北流凯迪电厂 0 0 0 0 0 0 0 0 0 0 0 0 0 0 0 0 0 0 0 0 0 0 0 013 小生物质 北流粤丰电厂 0 0 0 0 0 0 0 0 0 0 0 0 0 0 0 0 0 0 0 0 0 0.048809 0.048809 9930.4814 风电 笔架山风电场 0 0 0 0 0 0 0 0 0 0 0 0 0 0 0 0 0 0 0 0 0 0.08298 0.08298 16882.815 风电 布央风电场 1.280821 0 0 0 0 0 0 0 0 0 0 0 0 1.280821 0 0 0 0 0 0 0 0.063198 -1.217624 12857.95816 水电 曹渡河梯级电厂 0 0 0 0 0 0 0 0 0 0 0 0 0 0 0 0 0 0 0 0 0 0.009914 0.009914 2016.9617 小水电 草头坪电厂 0 0 0 0 0 0 0 0 0 0 0 0 0 0 0 0 0 0 0 0 0 0.007291 0.007291 1483.4418 光伏 岑西光伏站 0 0 0 0 0 0 0 0 0 0 0 0 0 0 0 0 0 0 0 0 0 0.028512 0.028512 5800.9619 风电 茶叶岭风电场 0.072381 0 0 0 0 0 0 0 0 0 0 0 0 0.072381 0 0 0 0 0 0 0 0.043901 -0.028479 893220 风电 昌鸿风电场 0.578412 0 0 0 0 0 0 0 0 0 0 0 0 0.578412 0 0 0 0 0 0 0 0.123062 -0.45535 25037.7621 小生物质 昌菱生物质电厂 0 0 0 0 0 0 0 0 0 0 0 0 0 0 0 0 0 0 0 0 0 0.000462 0.000462 9422 小水电 长瓦电厂 0 0 0 0 0 0 0 0 0 0 0 0 0 0 0 0 0 0 0 0 0 0.003822 0.003822 777.6323 水电 长洲电厂 0 0 0 0 0 0 0 0 0 0 0 0 0 0 0 0 0 0 0 0 0 0.792211 0.792211 16118024 光伏 长洲光伏站 0 0 0 0 0 0 0 0 0 0 0 0 0 0 0 0 0 0 0 0 0 0.007811 0.007811 1589.225 光伏 常吉光伏站 0 0 0 0 0 0 0 0 0 0 0 0 0 0 0 0 0 0 0 0 0 0.025368 0.025368 5161.226 光伏 场安光伏站 0 0 0 0 0 0 0 0 0 0 0 0 0 0 0 0 0 0 0 0 0 0.026912 0.026912 5475.3627 风电 朝新风电场 0 0 0 0 0 0 0 0 0 0 0 0 0 0 0 0 0 0 0 0 0 0.07604 0.07604 15470.68728 风电 承源风电场 0.005866 0 0 0 0 0 0 0 0 0 0 0 0 0.005866 0 0 0 0 0 0 0 0.044974 0.039108 9150.2429 风电 冲山风电场 0 0 0 0 0 0 0 0 0 0 0 0 0 0 0 0 0 0 0 0 0 0.054038 0.054038 10994.31330 小生物质 崇左得力生物质电厂 0 0 0 0 0 0 0 0 0 0 0 0 0 0 0 0 0 0 0 0 0 0.066407 0.066407 13510.9831 小生物质 楚桥电厂 0 0 0 0 0 0 0 0 0 0 0 0 0 0 0 0 0 0 0 0 0 0.12134 0.12134 24687.29632 水电 大化电厂 0 0 0 0 0 0 0 0 0 0 0 0 0 0 0 0 0 0 0 0 0 0.838558 0.838558 170609.5833 水电 大埔电厂 0 0 0 0 0 0 0 0 0 0 0 0 0 0 0 0 0 0 0 0 0 0.026465 0.026465 5384.534 小水电 大七孔电厂 0 0 0 0 0 0 0 0 0 0 0 0 0 0 0 0 0 0 0 0 0 0.006259 0.006259 1273.3635 光伏 大荣光伏站 0 0 0 0 0 0 0 0 0 0 0 0 0 0 0 0 0 0 0 0 0 0.007865 0.007865 1600.236 风电 大容山风电场 0 0 0 0 0 0 0 0 0 0 0 0 0 0 0 0 0 0 0 0 0 0.030998 0.030998 6306.7237 小水电 大容山水电厂 0 0 0 0 0 0 0 0 0 0 0 0 0 0 0 0 0 0 0 0 0 0.006621 0.006621 1347.1538 风电 岱安风电场 0 0 0 0 0 0 0 0 0 0 0 0 0 0 0 0 0 0 0 0 0 0 0 039 小生物质 得力生物质电厂 0 0 0 0 0 0 0 0 0 0 0 0 0 0 0 0 0 0 0 0 0 0.018772 0.018772 3819.240 风电 登云山风电场 0 0 0 0 0 0 0 0 0 0 0 0 0 0 0 0 0 0 0 0 0 0.190969 0.190969 38853.7641 光伏 钓鱼台光伏站 0 0 0 0 0 0 0 0 0 0 0 0 0 0 0 0 0 0 0 0 0 0.034619 0.034619 7043.5242 光伏 顶山光伏站 0 0 0 0 0 0 0 0 0 0 0 0 0 0 0 0 0 0 0 0 0 0.020221 0.020221 4113.9843 光伏 鼎旭光伏站 0 0 0 0 0 0 0 0 0 0 0 0 0 0 0 0 0 0 0 0 0 0.01803 0.01803 3668.2844 风电 东岭风电场 0.01721 0 0 0 0 0 0 0 0 0 0 0 0 0.01721 0 0 0 0 0 0 0 0.082303 0.065094 16745.06845 风电 东起风电场 0.321239 0 0 0 0 0 0 0 0 0 0 0 0 0.321239 0 0 0 0 0 0 0 0.129012 -0.192227 26248.246 小水电 懂托电厂 0 0 0 0 0 0 0 0 0 0 0 0 0 0 0 0 0 0 0 0 0 0.001035 0.001035 210.5447 小水电 对门河电厂 0 0 0 0 0 0 0 0 0 0 0 0 0 0 0 0 0 0 0 0 0 0.013811 0.013811 2809.9348 煤电1(≥60) 防城港电厂(二期) 0 0 0 0 0 0 0 0 0 0 0 0 0 0 0 0 0 0 0 0 0 2.834669 2.834669 57673049 煤电1(≥60) 防城港电厂(一期) 0 0 0 0 0 0 0 0 0 0 0 0 0 0 0 0 0 0 0 0 0 1.202349 1.202349 24462550 光伏 丰收光伏站 0 0 0 0 0 0 0 0 0 0 0 0 0 0 0 0 0 0 0 0 0 0.028628 0.028628 5824.44551 风电 凤屏风电场 0 0 0 0 0 0 0 0 0 0 0 0 0 0 0 0 0 0 0 0 0 0.146661 0.146661 29839.0452 小生物质 扶能电厂 0 0 0 0 0 0 0 0 0 0 0 0 0 0 0 0 0 0 0 0 0 0.099471 0.099471 20237.8853 小生物质 扶绥理昂生物质电厂 0 0 0 0 0 0 0 0 0 0 0 0 0 0 0 0 0 0 0 0 0 0.053922 0.053922 10970.7554 小生物质 扶绥琦泉生物质电厂 0 0 0 0 0 0 0 0 0 0 0 0 0 0 0 0 0 0 0 0 0 0 0 055 小水电 芙蓉河电厂 0 0 0 0 0 0 0 0 0 0 0 0 0 0 0 0 0 0 0 0 0 0.007803 0.007803 1587.50556 水电 浮石电厂 0 0 0 0 0 0 0 0 0 0 0 0 0 0 0 0 0 0 0 0 0 0.013684 0.013684 2784.16457 风电 福家田风电场 0 0 0 0 0 0 0 0 0 0 0 0 0 0 0 0 0 0 0 0 0 0.180201 0.180201 3666358 小水电 斧子口电厂 0 0 0 0 0 0 0 0 0 0 0 0 0 0 0 0 0 0 0 0 0 0.000001 0.000001 0.13659 煤电1(≥60) 富川电厂 0 0 0 0 0 0 0 0 0 0 0 0 0 0 0 0 0 0 0 0 0 4.242197 4.242197 86310060 小水电 富源电厂 0 0 0 0 0 0 0 0 0 0 0 0 0 0 0 0 0 0 0 0 0 0.000755 0.000755 153.59561 小水电 干捞电厂 0 0 0 0 0 0 0 0 0 0 0 0 0 0 0 0 0 0 0 0 0 0.004719 0.004719 960.0462 光伏 甘莲光伏站 0 0 0 0 0 0 0 0 0 0 0 0 0 0 0 0 0 0 0 0 0 0.006632 0.006632 1349.2563 风电 高帮山风电场 0 0 0 0 0 0 0 0 0 0 0 0 0 0 0 0 0 0 0 0 0 0.065236 0.065236 13272.664 风电 高栏塘风电场 0.047115 0 0 0 0 0 0 0 0 0 0 0 0 0.047115 0 0 0 0 0 0 0 0.028448 -0.018667 5787.8865 水电 古顶电厂 0 0 0 0 0 0 0 0 0 0 0 0 0 0 0 0 0 0 0 0 0 0.017846 0.017846 3630.9266 光伏 古顶光伏站 0 0 0 0 0 0 0 0 0 0 0 0 0 0 0 0 0 0 0 0 0 0.007275 0.007275 1480.1267 光伏 古平光伏站 0 0 0 0 0 0 0 0 0 0 0 0 0 0 0 0 0 0 0 0 0 0.017885 0.017885 3638.8868 风电 古田风电场 0 0 0 0 0 0 0 0 0 0 0 0 0 0 0 0 0 0 0 0 0 0.109675 0.109675 22313.93369 光伏 光伏扶贫电站 0 0 0 0 0 0 0 0 0 0 0 0 0 0 0 0 0 0 0 0 0 0.005695 0.005695 1158.7870 核电 光坡核电厂 0 0 0 0 0 0 0 0 0 0 0 0 0 0 0 0 0 0 0 0 0 6.939096 6.939096 141180071 风电 广茂风电场 0.014851 0 0 0 0 0 0 0 0 0 0 0 0 0.014851 0 0 0 0 0 0 0 0.063815 0.048964 12983.5272 风电 龟石风电场 0 0 0 0 0 0 0 0 0 0 0 0 0 0 0 0 0 0 0 0 0 0.372081 0.372081 7570273 煤电1(≥60) 贵港电厂 0 0 0 0 0 0 0 0 0 0 0 0 0 0 0 0 0 0 0 0 0 1.686176 1.686176 343062.574 小生物质 贵港理昂生物质电厂 0 0 0 0 0 0 0 0 0 0 0 0 0 0 0 0 0 0 0 0 0 0.055113 0.055113 11213.1675 小生物质贵港市生活垃圾焚烧发电厂0 0 0 0 0 0 0 0 0 0 0 0 0 0 0 0 0 0 0 0 0 0.138952 0.138952 28270.64176 风电 贵良风电场 2.219103 0 0 0 0 0 0 0 0 0 0 0 0 2.219103 0 0 0 0 0 0 0 0.090634 -2.128469 18440.05777 水电 桂航电厂 0 0 0 0 0 0 0 0 0 0 0 0 0 0 0 0 0 0 0 0 0 0.096757 0.096757 19685.8278 光伏 浩德光伏站 0 0 0 0 0 0 0 0 0 0 0 0 0 0 0 0 0 0 0 0 0 0.024576 0.024576 5000.1679 风电 合福风电场 2.404418 0 0 0 0 0 0 0 0 0 0 0 0 2.404418 0 0 0 0 0 0 0 0.104215 -2.300203 21203.1680 小生物质 合浦理昂生物质电厂 0 0 0 0 0 0 0 0 0 0 0 0 0 0 0 0 0 0 0 0 0 0.093836 0.093836 19091.5281 煤电1(≥60) 合山60厂 0 0 0 0 0 0 0 0 0 0 0 0 0 0 0 0 0 0 0 0 0 0.195128 0.195128 3970082 煤电2(≥30,<60) 合山新厂 0 0 0 0 0 0 0 0 0 0 0 0 0 0 0 0 0 0 0 0 0 0.60609 0.60609 123312.583 小生物质 贺州理昂电厂 0 0 0 0 0 0 0 0 0 0 0 0 0 0 0 0 0 0 0 0 0 0.003352 0.003352 682.0884 风电 黑石岭风电场 0 0 0 0 0 0 0 0 0 0 0 0 0 0 0 0 0 0 0 0 0 0.113859 0.113859 23165.28685 光伏 横山光伏站 0 0 0 0 0 0 0 0 0 0 0 0 0 0 0 0 0 0 0 0 0 0.037057 0.037057 7539.486 水电 红花电厂 0 0 0 0 0 0 0 0 0 0 0 0 0 0 0 0 0 0 0 0 0 0.053875 0.053875 10961.2887 风电 宏景风电场 0.005084 0 0 0 0 0 0 0 0 0 0 0 0 0.005084 0 0 0 0 0 0 0 0.084758 0.079674 17244.4888 光伏 洪昇光伏站 0 0 0 0 0 0 0 0 0 0 0 0 0 0 0 0 0 0 0 0 0 0.007228 0.007228 1470.5689 风电 鸿润风电场 0 0 0 0 0 0 0 0 0 0 0 0 0 0 0 0 0 0 0 0 0 0.103075 0.103075 20971.2890 小水电 猴爬岩电厂 0 0 0 0 0 0 0 0 0 0 0 0 0 0 0 0 0 0 0 0 0 0.036824 0.036824 7492.05391 风电 葫芦顶风电场 3.280307 0 0 0 0 0 0 0 0 0 0 0 0 3.280307 0 0 0 0 0 0 0 0.046551 -3.233756 947192 风电 华光风电场 0.046532 0 0 0 0 0 0 0 0 0 0 0 0 0.046532 0 0 0 0 0 0 0 0.163495 0.116963 3326493 光伏 华阳光伏站 0 0 0 0 0 0 0 0 0 0 0 0 0 0 0 0 0 0 0 0 0 0.046713 0.046713 950494 风电 怀山风电场 0.162615 0 0 0 0 0 0 0 0 0 0 0 0 0.162615 0 0 0 0 0 0 0 0.27048 0.107865 55030.895 小生物质环江理昂农林废弃物热电厂0 0 0 0 0 0 0 0 0 0 0 0 0 0 0 0 0 0 0 0 0 0 0 096 小水电 黄果树电厂 0 0 0 0 0 0 0 0 0 0 0 0 0 0 0 0 0 0 0 0 0 0.008577 0.008577 1745.07897 风电 黄花岭风电场 0.017469 0 0 0 0 0 0 0 0 0 0 0 0 0.017469 0 0 0 0 0 0 0 0.053244 0.035775 10832.898 光伏 黄丽窝光伏站 0 0 0 0 0 0 0 0 0 0 0 0 0 0 0 0 0 0 0 0 0 0.007831 0.007831 1593.2799 小水电 黄冕电厂 0 0 0 0 0 0 0 0 0 0 0 0 0 0 0 0 0 0 0 0 0 0.000952 0.000952 193.76100 风电 黄兴风电场 0 0 0 0 0 0 0 0 0 0 0 0 0 0 0 0 0 0 0 0 0 0.154379 0.154379 31409.4101 光伏 惠金光伏站 0 0 0 0 0 0 0 0 0 0 0 0 0 0 0 0 0 0 0 0 0 0.029516 0.029516 6005.12102 光伏 吉江光伏站 0 0 0 0 0 0 0 0 0 0 0 0 0 0 0 0 0 0 0 0 0 0.051403 0.051403 10458.17103 风电 吉坤风电场 0 0 0 0 0 0 0 0 0 0 0 0 0 0 0 0 0 0 0 0 0 0.008688 0.008688 1767.642104 光伏 吉龙光伏站 0 0 0 0 0 0 0 0 0 0 0 0 0 0 0 0 0 0 0 0 0 0.062716 0.062716 12760105 光伏 江滨光伏站 0 0 0 0 0 0 0 0 0 0 0 0 0 0 0 0 0 0 0 0 0 0.04801 0.04801 9768106 小水电 江口电厂 0 0 0 0 0 0 0 0 0 0 0 0 0 0 0 0 0 0 0 0 0 0.004524 0.004524 920.5

结算序号 电厂类型 电厂名称考核费用合计(万元)常规电厂调度运行管理常规电厂技术指导与管理考核费用(万元)风电场调度运行管理风电场技术指导与管理考核费用(万元)光伏电厂调度运行管理光伏电厂技术指导与管理考核费用(万元)考核返还费用(万元)考核费用净收入(万元)上网电量(MWh)安全管理考核费用(万元)调度纪律管理考核费用(万元)母线电压考核费用(万元)旋转备用考核(万元)AVC考核费用(万元)功率震荡管理考核费用(万元)燃料管理考核费用(万元)水电振动区管理考核费用(万元)黑启动考核费用(万元)检修管理考核费用(万调度管理考核费用(万元)风电有功功率变化考核费用(万元)风电脱网考核费用(万风电风功率预测考核费用(万调度管理考核费用(万元)光伏有功功率变化考核费用(万元)光伏功率预测考核费用(万元)107 气电 江南能源站 0 0 0 0 0 0 0 0 0 0 0 0 0 0 0 0 0 0 0 0 0 0.017375 0.017375 3534.96108 风电 交连岭风电场 0.002523 0 0 0 0 0 0 0 0 0 0 0 0 0.002523 0 0 0 0 0 0 0 0.07583 0.073308 15428.16109 光伏 骄阳光伏站 0 0 0 0 0 0 0 0 0 0 0 0 0 0 0 0 0 0 0 0 0 0.057192 0.057192 11635.971110 风电 洁源风电场 0 0 0 0 0 0 0 0 0 0 0 0 0 0 0 0 0 0 0 0 0 0.110796 0.110796 22542.168111 风电 金谷风电场 0 0 0 0 0 0 0 0 0 0 0 0 0 0 0 0 0 0 0 0 0 0.055926 0.055926 11378.4112 水电 金鸡滩电厂 0 0 0 0 0 0 0 0 0 0 0 0 0 0 0 0 0 0 0 0 0 0.070343 0.070343 14311.634113 水电 金牛坪电厂 0 0 0 0 0 0 0 0 0 0 0 0 0 0 0 0 0 0 0 0 0 0.026547 0.026547 5401.2114 光伏 金沙光伏站 0 0 0 0 0 0 0 0 0 0 0 0 0 0 0 0 0 0 0 0 0 0.008767 0.008767 1783.6115 光伏 金肇光伏站 0 0 0 0 0 0 0 0 0 0 0 0 0 0 0 0 0 0 0 0 0 0.00867 0.00867 1764116 风电 金紫山风电场 0.002674 0 0 0 0 0 0 0 0 0 0 0 0 0.002674 0 0 0 0 0 0 0 0.061505 0.058831 12513.6117 风电 劲风风电场 0.015888 0 0 0 0 0 0 0 0 0 0 0 0 0.015888 0 0 0 0 0 0 0 0.128368 0.11248 26117.226118 水电 京南电厂 0 0 0 0 0 0 0 0 0 0 0 0 0 0 0 0 0 0 0 0 0 0.029601 0.029601 6022.5119 风电 九头岭风电场 0.434385 0 0 0 0 0 0 0 0 0 0 0 0 0.434385 0 0 0 0 0 0 0 0.048478 -0.385907 9863.04120 风电 九元山风电场 0.00511 0 0 0 0 0 0 0 0 0 0 0 0 0.00511 0 0 0 0 0 0 0 0.118997 0.113886 24210.56121 风电 俊风风电场 0 0 0 0 0 0 0 0 0 0 0 0 0 0 0 0 0 0 0 0 0 0.107699 0.107699 21912122 风电 肯兰风电场 0 0 0 0 0 0 0 0 0 0 0 0 0 0 0 0 0 0 0 0 0 0.118097 0.118097 24027.52123 风电 葵阳风电场 0 0 0 0 0 0 0 0 0 0 0 0 0 0 0 0 0 0 0 0 0 0.259481 0.259481 52792.96124 水电 拉浪电厂 0 0 0 0 0 0 0 0 0 0 0 0 0 0 0 0 0 0 0 0 0 0.006587 0.006587 1340.08125 小水电 拉纳电厂 0 0 0 0 0 0 0 0 0 0 0 0 0 0 0 0 0 0 0 0 0 0.001035 0.001035 210.54126 小水电 拉秀电厂 0 0 0 0 0 0 0 0 0 0 0 0 0 0 0 0 0 0 0 0 0 0.001899 0.001899 386.4127 煤电2(≥30,<60) 来宾B厂 0 0 0 0 0 0 0 0 0 0 0 0 0 0 0 0 0 0 0 0 0 0.900416 0.900416 183194.9933128 小生物质 来宾富乔生物质发电厂 0 0 0 0 0 0 0 0 0 0 0 0 0 0 0 0 0 0 0 0 0 0.047502 0.047502 9664.48129 煤电2(≥30,<60) 来宾扩建 0 0 0 0 0 0 0 0 0 0 0 0 0 0 0 0 0 0 0 0 0 0.922288 0.922288 187644.9227130 小生物质 来宾市垃圾焚烧发电厂 0 0 0 0 0 0 0 0 0 0 0 0 0 0 0 0 0 0 0 0 0 0.065142 0.065142 13253.52131 风电 来福风电场 0 0 0 0 0 0 0 0 0 0 0 0 0 0 0 0 0 0 0 0 0 0 0 0132 风电 兰田风电场 0.031218 0 0 0 0 0 0 0 0 0 0 0 0 0.031218 0 0 0 0 0 0 0 0.10237 0.071152 20827.84133 光伏 栏沙光伏站 0 0 0 0 0 0 0 0 0 0 0 0 0 0 0 0 0 0 0 0 0 0.028495 0.028495 5797.44134 风电 蓝光坪风电场 0.00448 0 0 0 0 0 0 0 0 0 0 0 0 0.00448 0 0 0 0 0 0 0 0.037028 0.032548 7533.56135 小水电 郎恒电厂 0 0 0 0 0 0 0 0 0 0 0 0 0 0 0 0 0 0 0 0 0 0.002416 0.002416 491.493136 水电 乐滩电厂 0 0 0 0 0 0 0 0 0 0 0 0 0 0 0 0 0 0 0 0 0 0.859464 0.859464 174863.04137 风电 乐樟风电场 0 0 0 0 0 0 0 0 0 0 0 0 0 0 0 0 0 0 0 0 0 0.125138 0.125138 25460.16138 小水电 厘金滩电厂 0 0 0 0 0 0 0 0 0 0 0 0 0 0 0 0 0 0 0 0 0 0.004804 0.004804 977.34139 小水电 里定电厂 0 0 0 0 0 0 0 0 0 0 0 0 0 0 0 0 0 0 0 0 0 0.002542 0.002542 517.23140 光伏 里拉光伏站 0 0 0 0 0 0 0 0 0 0 0 0 0 0 0 0 0 0 0 0 0 0.011519 0.011519 2343.6141 小水电 鲤鱼滩电厂 0 0 0 0 0 0 0 0 0 0 0 0 0 0 0 0 0 0 0 0 0 0.001931 0.001931 392.91142 小水电 良湾电厂 0 0 0 0 0 0 0 0 0 0 0 0 0 0 0 0 0 0 0 0 0 0.000266 0.000266 54.12143 光伏 烈阳光伏站 0 0 0 0 0 0 0 0 0 0 0 0 0 0 0 0 0 0 0 0 0 0.017993 0.017993 3660.8144 气电 临桂电厂 0 0 0 0 0 0 0 0 0 0 0 0 0 0 0 0 0 0 0 0 0 0.114944 0.114944 23386145 小生物质 灵山金利亚发电厂 0 0 0 0 0 0 0 0 0 0 0 0 0 0 0 0 0 0 0 0 0 0.021369 0.021369 4347.7146 风电 岭脚风电场 0.066294 0 0 0 0 0 0 0 0 0 0 0 0 0.066294 0 0 0 0 0 0 0 0.059462 -0.006833 12097.8147 光伏 柳花岭光伏站 0 0 0 0 0 0 0 0 0 0 0 0 0 0 0 0 0 0 0 0 0 0.047147 0.047147 9592.334148 小生物质 柳州静脉电厂 0 0 0 0 0 0 0 0 0 0 0 0 0 0 0 0 0 0 0 0 0 0.124145 0.124145 25258.127149 小生物质 柳州鑫能生物质电厂 0 0 0 0 0 0 0 0 0 0 0 0 0 0 0 0 0 0 0 0 0 0.005028 0.005028 1023150 小水电 六甲电厂 0 0 0 0 0 0 0 0 0 0 0 0 0 0 0 0 0 0 0 0 0 0.00337 0.00337 685.634151 煤电1(≥60) 六景电厂 11.404008 11.404008 0 0 0 0 0 0 0 0 0 0 0 0 0 0 0 0 0 0 0 1.974979 -9.429029 401821.2152 风电 六林冲风电场 0 0 0 0 0 0 0 0 0 0 0 0 0 0 0 0 0 0 0 0 0 0.12128 0.12128 24675.2153 风电 六字界风电场 0.057642 0 0 0 0 0 0 0 0 0 0 0 0 0.057642 0 0 0 0 0 0 0 0.035662 -0.02198 7255.6154 小生物质 龙回电厂 0 0 0 0 0 0 0 0 0 0 0 0 0 0 0 0 0 0 0 0 0 0.002539 0.002539 516.56155 风电 龙门风电场 0 0 0 0 0 0 0 0 0 0 0 0 0 0 0 0 0 0 0 0 0 0.251194 0.251194 51106.88156 水电 龙滩电厂 0 0 0 0 0 0 0 0 0 0 0 0 0 0 0 0 0 0 0 0 0 2.368907 2.368907 481968.142157 风电 龙头风电场 0 0 0 0 0 0 0 0 0 0 0 0 0 0 0 0 0 0 0 0 0 0.103968 0.103968 21153158 小水电 龙溪电厂 0 0 0 0 0 0 0 0 0 0 0 0 0 0 0 0 0 0 0 0 0 0.001404 0.001404 285.6159 小水电 龙兴电厂 0 0 0 0 0 0 0 0 0 0 0 0 0 0 0 0 0 0 0 0 0 0.001327 0.001327 270.06160 风电 隆润风电场 0.018899 0 0 0 0 0 0 0 0 0 0 0 0 0.018899 0 0 0 0 0 0 0 0.11553 0.096631 23505.24161 光伏 陆坡光伏站 0 0 0 0 0 0 0 0 0 0 0 0 0 0 0 0 0 0 0 0 0 0.008025 0.008025 1632.68162 小生物质 绿发电厂 0 0 0 0 0 0 0 0 0 0 0 0 0 0 0 0 0 0 0 0 0 0.036514 0.036514 7428.96163 水电 洛东电厂 0 0 0 0 0 0 0 0 0 0 0 0 0 0 0 0 0 0 0 0 0 0.000411 0.000411 83.64164 风电 洛山风电场 0 0 0 0 0 0 0 0 0 0 0 0 0 0 0 0 0 0 0 0 0 0.039544 0.039544 8045.52165 水电 麻石电厂 0 0 0 0 0 0 0 0 0 0 0 0 0 0 0 0 0 0 0 0 0 0.031233 0.031233 6354.52166 风电 马家风电场 0 0 0 0 0 0 0 0 0 0 0 0 0 0 0 0 0 0 0 0 0 0.051095 0.051095 10395.667167 气电 马园电厂 0 0 0 0 0 0 0 0 0 0 0 0 0 0 0 0 0 0 0 0 0 0 0 0168 风电 马子岭风电场 0 0 0 0 0 0 0 0 0 0 0 0 0 0 0 0 0 0 0 0 0 0.136799 0.136799 27832.64169 风电 米康风电场 0.025603 0 0 0 0 0 0 0 0 0 0 0 0 0.025603 0 0 0 0 0 0 0 0.041724 0.016121 8488.92170 小生物质 蜜朋电厂 0 0 0 0 0 0 0 0 0 0 0 0 0 0 0 0 0 0 0 0 0 0.071409 0.071409 14528.5171 风电 蜜源风电场 0.015192 0 0 0 0 0 0 0 0 0 0 0 0 0.015192 0 0 0 0 0 0 0 0.068733 0.05354 13984.08172 水电 苗都电厂 0 0 0 0 0 0 0 0 0 0 0 0 0 0 0 0 0 0 0 0 0 0 0 0173 风电 妙郎山风电场 0.065534 0 0 0 0 0 0 0 0 0 0 0 0 0.065534 0 0 0 0 0 0 0 0.053924 -0.01161 10971.125174 光伏 民钦光伏站 0 0 0 0 0 0 0 0 0 0 0 0 0 0 0 0 0 0 0 0 0 0.143426 0.143426 29180.8175 风电 木格风电场 0 0 0 0 0 0 0 0 0 0 0 0 0 0 0 0 0 0 0 0 0 0.132163 0.132163 26889.28176 水电 那吉电厂 0 0 0 0 0 0 0 0 0 0 0 0 0 0 0 0 0 0 0 0 0 0.074546 0.074546 15166.8177 小水电 那新电厂 0 0 0 0 0 0 0 0 0 0 0 0 0 0 0 0 0 0 0 0 0 0.000006 0.000006 1.32178 小水电 纳八电厂 0 0 0 0 0 0 0 0 0 0 0 0 0 0 0 0 0 0 0 0 0 0.000973 0.000973 198179 小水电 南桂电厂 0 0 0 0 0 0 0 0 0 0 0 0 0 0 0 0 0 0 0 0 0 0.000121 0.000121 24.63180 光伏 南甲光伏站 0 0 0 0 0 0 0 0 0 0 0 0 0 0 0 0 0 0 0 0 0 0.030095 0.030095 6123.04181 风电 南山风电场 0 0 0 0 0 0 0 0 0 0 0 0 0 0 0 0 0 0 0 0 0 0.05391 0.05391 10968.32182 小生物质 宁明东亚电厂 0 0 0 0 0 0 0 0 0 0 0 0 0 0 0 0 0 0 0 0 0 0.080096 0.080096 16296183 风电 牛景岭风电场 4.572515 0 0 0 0 0 0 0 0 0 0 0 0 4.572515 0 0 0 0 0 0 0 0.262924 -4.309591 53493.44184 水电 牛湾电厂 0 0 0 0 0 0 0 0 0 0 0 0 0 0 0 0 0 0 0 0 0 0.041928 0.041928 8530.5185 光伏 弄滩光伏站 0 0 0 0 0 0 0 0 0 0 0 0 0 0 0 0 0 0 0 0 0 0 0 0186 光伏 暖阳光伏站 0 0 0 0 0 0 0 0 0 0 0 0 0 0 0 0 0 0 0 0 0 0.035359 0.035359 7194187 小水电 糯米滩电厂 0 0 0 0 0 0 0 0 0 0 0 0 0 0 0 0 0 0 0 0 0 0.004759 0.004759 968.31188 光伏 排塘光伏站 0 0 0 0 0 0 0 0 0 0 0 0 0 0 0 0 0 0 0 0 0 0.037028 0.037028 7533.582189 风电 佩光风电场 0.028415 0 0 0 0 0 0 0 0 0 0 0 0 0.028415 0 0 0 0 0 0 0 0.050969 0.022554 10369.92190 水电 平班电厂 0 0 0 0 0 0 0 0 0 0 0 0 0 0 0 0 0 0 0 0 0 0.283256 0.283256 57630.144191 风电 平鼓山风电场 0.252599 0 0 0 0 0 0 0 0 0 0 0 0 0.252599 0 0 0 0 0 0 0 0.067987 -0.184612 13832.28192 小生物质 平里垃圾发电厂 0 0 0 0 0 0 0 0 0 0 0 0 0 0 0 0 0 0 0 0 0 0.124651 0.124651 25361193 小水电 平林电厂 0 0 0 0 0 0 0 0 0 0 0 0 0 0 0 0 0 0 0 0 0 0.00484 0.00484 984.72194 小生物质 平南环保发电厂 0 0 0 0 0 0 0 0 0 0 0 0 0 0 0 0 0 0 0 0 0 0.032947 0.032947 6703.2195 风电 平天山风电场 0.581622 0 0 0 0 0 0 0 0 0 0 0 0 0.581622 0 0 0 0 0 0 0 0.082334 -0.499288 16751.292196 光伏 浦峙光伏站 0 0 0 0 0 0 0 0 0 0 0 0 0 0 0 0 0 0 0 0 0 0 0 0197 风电 麒麟风电场 0.016726 0 0 0 0 0 0 0 0 0 0 0 0 0.016726 0 0 0 0 0 0 0 0.07051 0.053785 14345.76198 水电 桥巩电厂 0 0 0 0 0 0 0 0 0 0 0 0 0 0 0 0 0 0 0 0 0 0.721043 0.721043 146700.4199 风电 钦南风电场 0 0 0 0 0 0 0 0 0 0 0 0 0 0 0 0 0 0 0 0 0 0.063108 0.063108 12839.75200 煤电1(≥60) 钦州电厂(二期) 0 0 0 0 0 0 0 0 0 0 0 0 0 0 0 0 0 0 0 0 0 4.733213 4.733213 963000201 煤电1(≥60) 钦州电厂(一期) 0 0 0 0 0 0 0 0 0 0 0 0 0 0 0 0 0 0 0 0 0 1.739837 1.739837 353980202 小生物质 钦州海诺尔垃圾发电厂 0 0 0 0 0 0 0 0 0 0 0 0 0 0 0 0 0 0 0 0 0 0.045204 0.045204 9196.95203 小生物质 钦州琦泉生物质电厂 0 0 0 0 0 0 0 0 0 0 0 0 0 0 0 0 0 0 0 0 0 0.041591 0.041591 8461.86204 风电 秦淮风电场 0.437361 0 0 0 0 0 0 0 0 0 0 0 0 0.437361 0 0 0 0 0 0 0 0.08737 -0.349991 17776205 小水电 青狮潭电厂 0 0 0 0 0 0 0 0 0 0 0 0 0 0 0 0 0 0 0 0 0 0.017552 0.017552 3571.05206 风电 晴岚风电场 0.050623 0 0 0 0 0 0 0 0 0 0 0 0 0.050623 0 0 0 0 0 0 0 0.057396 0.006774 11677.6207 光伏 琼恩光伏站 0 0 0 0 0 0 0 0 0 0 0 0 0 0 0 0 0 0 0 0 0 0 0 0208 风电 坵坪风电场 10.139196 0 0 0 0 0 0 0 0 0 0 0 0 10.139196 0 0 0 0 0 0 0 0.658737 -9.480458 134024209 风电 全达风电场 0.623683 0 0 0 0 0 0 0 0 0 0 0 0 0.623683 0 0 0 0 0 0 0 0.096914 -0.526769 19717.65210 光伏 全达光伏站 0 0 0 0 0 0 0 0 0 0 0 0 0 0 0 0 0 0 0 0 0 0.00995 0.00995 2024.4211 煤电2(≥30,<60) 仁义电厂 0 0 0 0 0 0 0 0 0 0 0 0 0 0 0 0 0 0 0 0 0 0.692718 0.692718 140937.5212 光伏 荣屯光伏站 0 0 0 0 0 0 0 0 0 0 0 0 0 0 0 0 0 0 0 0 0 0.006633 0.006633 1349.46

结算序号 电厂类型 电厂名称考核费用合计(万元)常规电厂调度运行管理常规电厂技术指导与管理考核费用(万元)风电场调度运行管理风电场技术指导与管理考核费用(万元)光伏电厂调度运行管理光伏电厂技术指导与管理考核费用(万元)考核返还费用(万元)考核费用净收入(万元)上网电量(MWh)安全管理考核费用(万元)调度纪律管理考核费用(万元)母线电压考核费用(万元)旋转备用考核(万元)AVC考核费用(万元)功率震荡管理考核费用(万元)燃料管理考核费用(万元)水电振动区管理考核费用(万元)黑启动考核费用(万元)检修管理考核费用(万调度管理考核费用(万元)风电有功功率变化考核费用(万元)风电脱网考核费用(万风电风功率预测考核费用(万调度管理考核费用(万元)光伏有功功率变化考核费用(万元)光伏功率预测考核费用(万元)213 风电 锐航风电场 0.248823 0 0 0 0 0 0 0 0 0 0 0 0 0.248823 0 0 0 0 0 0 0 0.035087 -0.213736 7138.64214 风电 润堡风电场 0.004933 0 0 0 0 0 0 0 0 0 0 0 0 0.004933 0 0 0 0 0 0 0 0.055841 0.050908 11361.18215 风电 润佳风电场 0 0 0 0 0 0 0 0 0 0 0 0 0 0 0 0 0 0 0 0 0 0.083811 0.083811 17051.76216 风电 润南风电场 0.038523 0 0 0 0 0 0 0 0 0 0 0 0 0.038523 0 0 0 0 0 0 0 0.092547 0.054023 18829.138217 煤电3(<30) 三祥联产发电厂 0 0 0 0 0 0 0 0 0 0 0 0 0 0 0 0 0 0 0 0 0 0.018273 0.018273 3717.7218 水电 山秀电厂 0 0 0 0 0 0 0 0 0 0 0 0 0 0 0 0 0 0 0 0 0 0.03364 0.03364 6844.2219 小生物质 上罗电厂 0 0 0 0 0 0 0 0 0 0 0 0 0 0 0 0 0 0 0 0 0 0.080074 0.080074 16291.52220 光伏 申丰光伏站 0 0 0 0 0 0 0 0 0 0 0 0 0 0 0 0 0 0 0 0 0 0.007509 0.007509 1527.75221 小生物质 深能电厂 0 0 0 0 0 0 0 0 0 0 0 0 0 0 0 0 0 0 0 0 0 0.096871 0.096871 19708.92222 煤电2(≥30,<60) 神鹿热电厂 0 0 0 0 0 0 0 0 0 0 0 0 0 0 0 0 0 0 0 0 0 1.34786 1.34786 274230223 风电 狮子岭风电场 0 0 0 0 0 0 0 0 0 0 0 0 0 0 0 0 0 0 0 0 0 0.154931 0.154931 31521.6224 小水电 石别水电厂 0 0 0 0 0 0 0 0 0 0 0 0 0 0 0 0 0 0 0 0 0 0.008389 0.008389 1706.861225 光伏 石村光伏站 0 0 0 0 0 0 0 0 0 0 0 0 0 0 0 0 0 0 0 0 0 0.012558 0.012558 2555226 风电 首龙风电场 0.012117 0 0 0 0 0 0 0 0 0 0 0 0 0.012117 0 0 0 0 0 0 0 0.074215 0.062098 15099.48227 风电 水锦风电场 0 0 0 0 0 0 0 0 0 0 0 0 0 0 0 0 0 0 0 0 0 0.131272 0.131272 26708228 小水电 思安江电厂 0 0 0 0 0 0 0 0 0 0 0 0 0 0 0 0 0 0 0 0 0 0 0 0229 小水电 思陇电厂 0 0 0 0 0 0 0 0 0 0 0 0 0 0 0 0 0 0 0 0 0 0.006151 0.006151 1251.36230 风电 四方岭风电场 0 0 0 0 0 0 0 0 0 0 0 0 0 0 0 0 0 0 0 0 0 0.138387 0.138387 28155.6231 水电 宋村电厂 0 0 0 0 0 0 0 0 0 0 0 0 0 0 0 0 0 0 0 0 0 0.078205 0.078205 15911.28232 风电 宿邓风电场 0 0 0 0 0 0 0 0 0 0 0 0 0 0 0 0 0 0 0 0 0 0.045704 0.045704 9298.8233 光伏 滩面光伏站 0 0 0 0 0 0 0 0 0 0 0 0 0 0 0 0 0 0 0 0 0 0.008645 0.008645 1758.96234 小生物质 藤县生物质电厂 0 0 0 0 0 0 0 0 0 0 0 0 0 0 0 0 0 0 0 0 0 0.038317 0.038317 7795.76235 水电 天二电厂 4.701489 0 0 0 0 4.701489 0 0 0 0 0 0 0 0 0 0 0 0 0 0 0 0.707885 -3.993604 144023.402236 风电 天堂顶风电场 0 0 0 0 0 0 0 0 0 0 0 0 0 0 0 0 0 0 0 0 0 0.195329 0.195329 39740.8237 风电 天武风电场 0.024454 0 0 0 0 0 0 0 0 0 0 0 0 0.024454 0 0 0 0 0 0 0 0.06077 0.036316 12364238 水电 天一电厂 0 0 0 0 0 0 0 0 0 0 0 0 0 0 0 0 0 0 0 0 0 0.303592 0.303592 61767.679239 光伏 通威光伏站 0 0 0 0 0 0 0 0 0 0 0 0 0 0 0 0 0 0 0 0 0 0.047483 0.047483 9660.64240 水电 驮娘江电厂 10.194492 0 0 0 0 0 0 0 0 0 0 10.194492 0 0 0 0 0 0 0 0 0 0.011206 -10.183286 2279.86241 风电 碗窑风电场 0.26888 0 0 0 0 0 0 0 0 0 0 0 0 0.26888 0 0 0 0 0 0 0 0.326938 0.058058 66517.44242 水电 旺村电厂 0 0 0 0 0 0 0 0 0 0 0 0 0 0 0 0 0 0 0 0 0 0.039198 0.039198 7975243 小生物质 旺能电厂 0 0 0 0 0 0 0 0 0 0 0 0 0 0 0 0 0 0 0 0 0 0.02735 0.02735 5564.58244 风电 沃岭风电场 0 0 0 0 0 0 0 0 0 0 0 0 0 0 0 0 0 0 0 0 0 0.07956 0.07956 16186.971245 水电 乌东德右岸电厂 0 0 0 0 0 0 0 0 0 0 0 0 0 0 0 0 0 0 0 0 0 1.437996 1.437996 292568.732246 水电 乌东德左岸电厂 0 0 0 0 0 0 0 0 0 0 0 0 0 0 0 0 0 0 0 0 0 1.437996 1.437996 292568.732247 光伏 乌家光伏站 0 0 0 0 0 0 0 0 0 0 0 0 0 0 0 0 0 0 0 0 0 0.022383 0.022383 4554248 小生物质梧州市静脉产业园垃圾发电厂0 0 0 0 0 0 0 0 0 0 0 0 0 0 0 0 0 0 0 0 0 0.079307 0.079307 16135.56249 小水电 西岸电厂 0 0 0 0 0 0 0 0 0 0 0 0 0 0 0 0 0 0 0 0 0 0.001086 0.001086 220.92250 光伏 西江机场光伏站 0 0 0 0 0 0 0 0 0 0 0 0 0 0 0 0 0 0 0 0 0 0.017519 0.017519 3564.4251 水电 西津电厂 0 0 0 0 0 0 0 0 0 0 0 0 0 0 0 0 0 0 0 0 0 0.17246 0.17246 35087.949252 风电 霞义山风电场 0 0 0 0 0 0 0 0 0 0 0 0 0 0 0 0 0 0 0 0 0 0.152868 0.152868 31101.84253 小水电 下六甲电厂 0 0 0 0 0 0 0 0 0 0 0 0 0 0 0 0 0 0 0 0 0 0.000897 0.000897 182.57254 水电 下桥电厂 0 0 0 0 0 0 0 0 0 0 0 0 0 0 0 0 0 0 0 0 0 0.004775 0.004775 971.52255 小水电 下石龙电厂 0 0 0 0 0 0 0 0 0 0 0 0 0 0 0 0 0 0 0 0 0 0.027015 0.027015 5496.415256 小水电 下湘水电厂 0 0 0 0 0 0 0 0 0 0 0 0 0 0 0 0 0 0 0 0 0 0.000178 0.000178 36.12257 水电 仙衣滩电厂 0 0 0 0 0 0 0 0 0 0 0 0 0 0 0 0 0 0 0 0 0 0.124822 0.124822 25395.72258 小水电 先锋电厂 0 0 0 0 0 0 0 0 0 0 0 0 0 0 0 0 0 0 0 0 0 0.013468 0.013468 2740.08259 风电 祥甜风电场 0 0 0 0 0 0 0 0 0 0 0 0 0 0 0 0 0 0 0 0 0 0.116276 0.116276 23657.04260 小水电 响水洞电厂 0 0 0 0 0 0 0 0 0 0 0 0 0 0 0 0 0 0 0 0 0 0.001005 0.001005 204.38261 小生物质 象州理昂生物质发电厂 0 0 0 0 0 0 0 0 0 0 0 0 0 0 0 0 0 0 0 0 0 0.063635 0.063635 12946.92262 小水电 小龙潭电厂 0 0 0 0 0 0 0 0 0 0 0 0 0 0 0 0 0 0 0 0 0 0.004911 0.004911 999.139263 小水电 小溶江电厂 0 0 0 0 0 0 0 0 0 0 0 0 0 0 0 0 0 0 0 0 0 0.006753 0.006753 1374.03264 光伏 小湾光伏站 0 0 0 0 0 0 0 0 0 0 0 0 0 0 0 0 0 0 0 0 0 0.028741 0.028741 5847.6265 小水电 小寨电厂 0 0 0 0 0 0 0 0 0 0 0 0 0 0 0 0 0 0 0 0 0 0.013378 0.013378 2721.802266 风电 协合风电场 0 0 0 0 0 0 0 0 0 0 0 0 0 0 0 0 0 0 0 0 0 0.186289 0.186289 37901.6267 光伏 鑫奥光伏站 0 0 0 0 0 0 0 0 0 0 0 0 0 0 0 0 0 0 0 0 0 0.020869 0.020869 4246268 小水电 兴隆电厂 0 0 0 0 0 0 0 0 0 0 0 0 0 0 0 0 0 0 0 0 0 0.001821 0.001821 370.495269 光伏 兴旺光伏站 0 0 0 0 0 0 0 0 0 0 0 0 0 0 0 0 0 0 0 0 0 0 0 0270 煤电1(≥60) 兴义电厂 0 0 0 0 0 0 0 0 0 0 0 0 0 0 0 0 0 0 0 0 0 0 0 0271 风电 旭晖风电场 0.228888 0 0 0 0 0 0 0 0 0 0 0 0 0.228888 0 0 0 0 0 0 0 0.097945 -0.130943 19927.391272 光伏 旭晖光伏站 0 0 0 0 0 0 0 0 0 0 0 0 0 0 0 0 0 0 0 0 0 0.029283 0.029283 5957.809273 光伏 旭日升光伏站 0 0 0 0 0 0 0 0 0 0 0 0 0 0 0 0 0 0 0 0 0 0.000215 0.000215 43.68274 水电 浔州电厂 0 0 0 0 0 0 0 0 0 0 0 0 0 0 0 0 0 0 0 0 0 1.239404 1.239404 252164275 风电 迅风风电场 0 0 0 0 0 0 0 0 0 0 0 0 0 0 0 0 0 0 0 0 0 0.132428 0.132428 26943.326276 水电 岩滩电厂 0 0 0 0 0 0 0 0 0 0 0 0 0 0 0 0 0 0 0 0 0 2.073545 2.073545 421875277 风电 羊加山风电场 0 0 0 0 0 0 0 0 0 0 0 0 0 0 0 0 0 0 0 0 0 0.041047 0.041047 8351.2278 风电 杨村风电场 0.340552 0 0 0 0 0 0 0 0 0 0 0 0 0.340552 0 0 0 0 0 0 0 0.091265 -0.249287 18568.44279 小水电 杨家桥电厂 0 0 0 0 0 0 0 0 0 0 0 0 0 0 0 0 0 0 0 0 0 0.000916 0.000916 186.396280 水电 叶茂电厂 0 0 0 0 0 0 0 0 0 0 0 0 0 0 0 0 0 0 0 0 0 0.01746 0.01746 3552.44281 小生物质 宜州琦泉生物质发电厂 0 0 0 0 0 0 0 0 0 0 0 0 0 0 0 0 0 0 0 0 0 0 0 0282 小水电 银河电厂 0 0 0 0 0 0 0 0 0 0 0 0 0 0 0 0 0 0 0 0 0 0.005813 0.005813 1182.72283 光伏 英利光伏站 0 0 0 0 0 0 0 0 0 0 0 0 0 0 0 0 0 0 0 0 0 0.01317 0.01317 2679.6284 光伏 英学光伏站 0 0 0 0 0 0 0 0 0 0 0 0 0 0 0 0 0 0 0 0 0 0.034905 0.034905 7101.6285 风电 鹰斗岭风电场 0 0 0 0 0 0 0 0 0 0 0 0 0 0 0 0 0 0 0 0 0 0.141738 0.141738 28837.434286 光伏 永福光伏站 0 0 0 0 0 0 0 0 0 0 0 0 0 0 0 0 0 0 0 0 0 0.016433 0.016433 3343.331287 煤电2(≥30,<60) 永福扩建 0 0 0 0 0 0 0 0 0 0 0 0 0 0 0 0 0 0 0 0 0 1.084037 1.084037 220553.699288 水电 右江电厂 0 0 0 0 0 0 0 0 0 0 0 0 0 0 0 0 0 0 0 0 0 0.446614 0.446614 90866.16289 水电 鱼梁电厂 0 0 0 0 0 0 0 0 0 0 0 0 0 0 0 0 0 0 0 0 0 0.058307 0.058307 11862.84290 风电 宇阳风电场 0 0 0 0 0 0 0 0 0 0 0 0 0 0 0 0 0 0 0 0 0 0.20186 0.20186 41069.6291 光伏 玉柴光伏站 0 0 0 0 0 0 0 0 0 0 0 0 0 0 0 0 0 0 0 0 0 0.071198 0.071198 14485.68292 光伏 玉峰光伏站 0 0 0 0 0 0 0 0 0 0 0 0 0 0 0 0 0 0 0 0 0 0.04505 0.04505 9165.593293 风电 月亮山风电场 0.007551 0 0 0 0 0 0 0 0 0 0 0 0 0.007551 0 0 0 0 0 0 0 0.105114 0.097563 21386.112294 风电 云飞风电场 0 0 0 0 0 0 0 0 0 0 0 0 0 0 0 0 0 0 0 0 0 0.117599 0.117599 23926.304295 风电 泽丰风电场 0.014855 0 0 0 0 0 0 0 0 0 0 0 0 0.014855 0 0 0 0 0 0 0 0.066715 0.05186 13573.56296 光伏 寨安光伏站 0 0 0 0 0 0 0 0 0 0 0 0 0 0 0 0 0 0 0 0 0 0 0 0297 光伏 者显光伏站 0 0 0 0 0 0 0 0 0 0 0 0 0 0 0 0 0 0 0 0 0 0.022708 0.022708 4620298 光伏 振国光伏站 0 0 0 0 0 0 0 0 0 0 0 0 0 0 0 0 0 0 0 0 0 0.023919 0.023919 4866.465299 风电 镇龙山风电场 0.03743 0 0 0 0 0 0 0 0 0 0 0 0 0.03743 0 0 0 0 0 0 0 0.088603 0.051173 18026.748300 小生物质 中科发电厂 0 0 0 0 0 0 0 0 0 0 0 0 0 0 0 0 0 0 0 0 0 0.050409 0.050409 10256.04301 光伏 中民光伏站 0 0 0 0 0 0 0 0 0 0 0 0 0 0 0 0 0 0 0 0 0 0.008013 0.008013 1630.2302 煤电1(≥60) 珠城电厂 8.293824 0 0 0 0 0 0 8.293824 0 0 0 0 0 0 0 0 0 0 0 0 0 2.629071 -5.664753 534900303 风电 珠光风电场 0 0 0 0 0 0 0 0 0 0 0 0 0 0 0 0 0 0 0 0 0 0.15657 0.15657 31855.037304 光伏 珠光光伏站 0 0 0 0 0 0 0 0 0 0 0 0 0 0 0 0 0 0 0 0 0 0.006902 0.006902 1404.2305 光伏 卓昇光伏站 0 0 0 0 0 0 0 0 0 0 0 0 0 0 0 0 0 0 0 0 0 0 0 0306 风电 梓坪风电场 0.553958 0 0 0 0 0 0 0 0 0 0 0 0 0.553958 0 0 0 0 0 0 0 0.061851 -0.492107 12584307 水电 左江电厂 0 0 0 0 0 0 0 0 0 0 0 0 0 0 0 0 0 0 0 0 0 0.045052 0.045052 9166.08合计 -- -- 64.3501 11.404 0 0 0 4.7015 0 8.2938 0 0 0 10.1945 0 29.7563 0 0 0 0 0 0 0 64.3501 0 13092402.55

结算序号电厂类型 电厂名称 机组名称非计划停运汇总表等效非停时间(h)等效非停双倍时间(h)临时停运时间(h)临时停运双倍时间(h)非停总时间(h)考核标准时间(h)非停考核小时(h)临停年累计次数考核电量(MWh)上网电量(MWh)非停考核费用(万元)非停返还费用(万元)非停净收入(万元)1 水电 百龙滩电厂 0 0 0 0 0 120 0 0 0 66173.36 0 10.4922 10.4922百龙滩电厂.#1 0 0 0 0 0 20 0 0 0 0 0 0 0百龙滩电厂.#2 0 0 0 0 0 20 0 0 0 0 0 0 0百龙滩电厂.#3 0 0 0 0 0 20 0 0 0 0 0 0 0百龙滩电厂.#4 0 0 0 0 0 20 0 0 0 0 0 0 0百龙滩电厂.#5 0 0 0 0 0 20 0 0 0 0 0 0 0百龙滩电厂.#6 0 0 0 0 0 20 0 0 0 0 0 0 02 煤电2(≥30,<60) 北海电厂 246.94 0 0 0 246.94 40 206.94 0 662.208 226077.5 28.6054 35.846 7.2406北海电厂.#1 91.44 0 0 0 91.44 20 71.44 0 0 0 0 0 0北海电厂.#2 155.5 0 0 0 155.5 20 135.5 0 0 0 0 0 03 水电 曹渡河梯级电厂 0 0 0 0 0 0 0 0 0 2016.96 0 0.3198 0.31984 水电 长洲电厂 0 0 0 0 0 300 0 0 0 161180 0 25.5561 25.5561长洲电厂.#1 0 0 0 0 0 20 0 0 0 0 0 0 0长洲电厂.#10 0 0 0 0 0 20 0 0 0 0 0 0 0长洲电厂.#11 0 0 0 0 0 20 0 0 0 0 0 0 0长洲电厂.#12 0 0 0 0 0 20 0 0 0 0 0 0 0长洲电厂.#13 0 0 0 0 0 20 0 0 0 0 0 0 0长洲电厂.#14 0 0 0 0 0 20 0 0 0 0 0 0 0长洲电厂.#15 0 0 0 0 0 20 0 0 0 0 0 0 0长洲电厂.#2 0 0 0 0 0 20 0 0 0 0 0 0 0长洲电厂.#3 0 0 0 0 0 20 0 0 0 0 0 0 0长洲电厂.#4 0 0 0 0 0 20 0 0 0 0 0 0 0长洲电厂.#5 0 0 0 0 0 20 0 0 0 0 0 0 0长洲电厂.#6 0 0 0 0 0 20 0 0 0 0 0 0 0长洲电厂.#7 0 0 0 0 0 20 0 0 0 0 0 0 0长洲电厂.#8 0 0 0 0 0 20 0 0 0 0 0 0 0长洲电厂.#9 0 0 0 0 0 20 0 0 0 0 0 0 05 水电 大化电厂 0 0 0 0 0 100 0 0 0 170609.58 0 27.0512 27.0512大化电厂.#1 0 0 0 0 0 20 0 0 0 0 0 0 0大化电厂.#2 0 0 0 0 0 20 0 0 0 0 0 0 0大化电厂.#3 0 0 0 0 0 20 0 0 0 0 0 0 0大化电厂.#4 0 0 0 0 0 20 0 0 0 0 0 0 0大化电厂.#5 0 0 0 0 0 20 0 0 0 0 0 0 06 水电 大埔电厂 0 0 0 0 0 60 0 0 0 5384.5 0 0.8537 0.8537大埔电厂.#1 0 0 0 0 0 20 0 0 0 0 0 0 0大埔电厂.#2 0 0 0 0 0 20 0 0 0 0 0 0 0大埔电厂.#3 0 0 0 0 0 20 0 0 0 0 0 0 07 煤电1(≥60) 防城港电厂(二期) 181.19 0 0 0 181.19 40 141.19 0 931.854 576730 40.2533 91.4441 51.1908防城港电厂二期.#3 80.67 0 0 0 80.67 20 60.67 0 0 0 0 0 0防城港电厂二期.#4 100.52 0 0 0 100.52 20 80.52 0 0 0 0 0 08 煤电1(≥60) 防城港电厂(一期) 139.1114 0 353.0833 0 492.1947 40 452.1947 2 10738.527 244625 463.8721 38.7868 -425.0853防城港电厂.#1F 72.2335 0 160.3833 0 232.6168 20 212.6168 1 0 0 0 0 0防城港电厂.#2F 66.8779 0 192.7 0 259.5779 20 239.5779 1 0 0 0 0 09 水电 浮石电厂 0 0 0 0 0 80 0 0 0 2784.164 0 0.4414 0.4414浮石电厂.#1 0 0 0 0 0 20 0 0 0 0 0 0 0浮石电厂.#2 0 0 0 0 0 20 0 0 0 0 0 0 0浮石电厂.#3 0 0 0 0 0 20 0 0 0 0 0 0 0浮石电厂.#4 0 0 0 0 0 20 0 0 0 0 0 0 010 煤电1(≥60) 富川电厂 21.1582 0 0 0 21.1582 40 0 0 0 863100 0 136.8499 136.8499富川电厂.#1F 18.5914 0 0 0 18.5914 20 0 0 0 0 0 0 0

结算序号电厂类型 电厂名称 机组名称非计划停运汇总表等效非停时间(h)等效非停双倍时间(h)临时停运时间(h)临时停运双倍时间(h)非停总时间(h)考核标准时间(h)非停考核小时(h)临停年累计次数考核电量(MWh)上网电量(MWh)非停考核费用(万元)非停返还费用(万元)非停净收入(万元)富川电厂.#2F 2.5668 0 0 0 2.5668 20 0 0 0 0 0 0 011 水电 古顶电厂 0 0 0 0 0 80 0 0 0 3630.92 0 0.5757 0.5757古顶电厂.#1 0 0 0 0 0 20 0 0 0 0 0 0 0古顶电厂.#2 0 0 0 0 0 20 0 0 0 0 0 0 0古顶电厂.#3 0 0 0 0 0 20 0 0 0 0 0 0 0古顶电厂.#4 0 0 0 0 0 20 0 0 0 0 0 0 012 核电 光坡核电厂 0 0 0 0 0 40 0 0 0 1411800 0 223.8497 223.8497光坡核电厂.#1F 0 0 0 0 0 20 0 0 0 0 0 0 0光坡核电厂.#2F 0 0 0 0 0 20 0 0 0 0 0 0 013 煤电1(≥60) 贵港电厂 127.8735 0 0 0 127.8735 40 87.8735 0 553.603 343062.5 23.914 54.3947 30.4807贵港电厂.#1F 46.3584 0 0 0 46.3584 20 26.3584 0 0 0 0 0 0贵港电厂.#2F 81.5151 0 0 0 81.5151 20 61.5151 0 0 0 0 0 014 水电 桂航电厂 0 0 0 0 0 60 0 0 0 19685.82 0 3.1213 3.1213桂航电厂.#1 0 0 0 0 0 20 0 0 0 0 0 0 0桂航电厂.#2 0 0 0 0 0 20 0 0 0 0 0 0 0桂航电厂.#3 0 0 0 0 0 20 0 0 0 0 0 0 015 煤电1(≥60) 合山60厂 19.81 0 0 0 19.81 20 0 0 0 39700 0 6.2947 6.2947合山60厂.#3 19.81 0 0 0 19.81 20 0 0 0 0 0 0 016 煤电2(≥30,<60) 合山新厂 255.49 0 0 0 255.49 40 215.49 0 711.117 123312.5 30.7181 19.552 -11.1662合山新厂.#1 165.24 0 0 0 165.24 20 145.24 0 0 0 0 0 0合山新厂.#2 90.25 0 0 0 90.25 20 70.25 0 0 0 0 0 017 水电 红花电厂 0 0 0 0 0 120 0 0 0 10961.28 0 1.738 1.738红花电厂.#1 0 0 0 0 0 20 0 0 0 0 0 0 0红花电厂.#2 0 0 0 0 0 20 0 0 0 0 0 0 0红花电厂.#3 0 0 0 0 0 20 0 0 0 0 0 0 0红花电厂.#4 0 0 0 0 0 20 0 0 0 0 0 0 0红花电厂.#5 0 0 0 0 0 20 0 0 0 0 0 0 0红花电厂.#6 0 0 0 0 0 20 0 0 0 0 0 0 018 气电 江南能源站 0 0 0 0 0 160 0 0 0 3534.96 0 0.5605 0.5605江南能源站.#1 0 0 0 0 0 40 0 0 0 0 0 0 0江南能源站.#2 0 0 0 0 0 40 0 0 0 0 0 0 0江南能源站.#3 0 0 0 0 0 40 0 0 0 0 0 0 0江南能源站.#4 0 0 0 0 0 40 0 0 0 0 0 0 019 水电 金鸡滩电厂 0 0 0 0 0 60 0 0 0 14311.634 0 2.2692 2.2692金鸡滩电厂.#1 0 0 0 0 0 20 0 0 0 0 0 0 0金鸡滩电厂.#2 0 0 0 0 0 20 0 0 0 0 0 0 0金鸡滩电厂.#3 0 0 0 0 0 20 0 0 0 0 0 0 020 水电 金牛坪电厂 0 0 0 0 0 60 0 0 0 5401.2 0 0.8564 0.8564金牛坪电厂.#1 0 0 0 0 0 20 0 0 0 0 0 0 0金牛坪电厂.#2 0 0 0 0 0 20 0 0 0 0 0 0 0金牛坪电厂.#3 0 0 0 0 0 20 0 0 0 0 0 0 021 水电 京南电厂 0 0 0 0 0 40 0 0 0 6022.5 0 0.9549 0.9549京南电厂.#1 0 0 0 0 0 20 0 0 0 0 0 0 0京南电厂.#2 0 0 0 0 0 20 0 0 0 0 0 0 022 水电 拉浪电厂 0 0 0 0 0 80 0 0 0 1340.08 0 0.2125 0.2125拉浪电厂.#1 0 0 0 0 0 20 0 0 0 0 0 0 0拉浪电厂.#2 0 0 0 0 0 20 0 0 0 0 0 0 0拉浪电厂.#3 0 0 0 0 0 20 0 0 0 0 0 0 0拉浪电厂.#4 0 0 0 0 0 20 0 0 0 0 0 0 023 煤电2(≥30,<60) 来宾B厂 410.1 0 0 0 410.1 40 370.1 0 1332.36 183194.99 57.554 29.0467 -28.5073

结算序号电厂类型 电厂名称 机组名称非计划停运汇总表等效非停时间(h)等效非停双倍时间(h)临时停运时间(h)临时停运双倍时间(h)非停总时间(h)考核标准时间(h)非停考核小时(h)临停年累计次数考核电量(MWh)上网电量(MWh)非停考核费用(万元)非停返还费用(万元)非停净收入(万元)来宾B厂.#1 172.79 0 0 0 172.79 20 152.79 0 0 0 0 0 0来宾B厂.#2 237.31 0 0 0 237.31 20 217.31 0 0 0 0 0 024 煤电2(≥30,<60) 来宾扩建 393.06 0 0 0 393.06 40 353.06 0 1059.18 187644.92 45.7534 29.7523 -16.0011来宾扩建.#3 246.98 0 0 0 246.98 20 226.98 0 0 0 0 0 0来宾扩建.#4 146.08 0 0 0 146.08 20 126.08 0 0 0 0 0 025 水电 乐滩电厂 0 0 0 0 0 80 0 0 0 174863.04 0 27.7256 27.7256乐滩电厂.#1 0 0 0 0 0 20 0 0 0 0 0 0 0乐滩电厂.#2 0 0 0 0 0 20 0 0 0 0 0 0 0乐滩电厂.#3 0 0 0 0 0 20 0 0 0 0 0 0 0乐滩电厂.#4 0 0 0 0 0 20 0 0 0 0 0 0 026 气电 临桂电厂 0 0 0 0 0 240 0 0 0 23386 0 3.708 3.708临桂电厂.#11机 0 0 0 0 0 40 0 0 0 0 0 0 0临桂电厂.#12机 0 0 0 0 0 40 0 0 0 0 0 0 0临桂电厂.#21机 0 0 0 0 0 40 0 0 0 0 0 0 0临桂电厂.#22机 0 0 0 0 0 40 0 0 0 0 0 0 0临桂电厂.#31机 0 0 0 0 0 40 0 0 0 0 0 0 0临桂电厂.#32机 0 0 0 0 0 40 0 0 0 0 0 0 027 煤电1(≥60) 六景电厂 157.02 0 0 0 157.02 40 117.02 0 772.332 401821.2 33.3624 63.7112 30.3488六景电厂.#1 96.76 0 0 0 96.76 20 76.76 0 0 0 0 0 0六景电厂.#2 60.26 0 0 0 60.26 20 40.26 0 0 0 0 0 028 水电 龙滩电厂 0 0 0 0 0 140 0 0 0 481968.14 0 76.419 76.419龙滩电厂.#1F 0 0 0 0 0 20 0 0 0 0 0 0 0龙滩电厂.#2F 0 0 0 0 0 20 0 0 0 0 0 0 0龙滩电厂.#3F 0 0 0 0 0 20 0 0 0 0 0 0 0龙滩电厂.#4F 0 0 0 0 0 20 0 0 0 0 0 0 0龙滩电厂.#5F 0 0 0 0 0 20 0 0 0 0 0 0 0龙滩电厂.#6F 0 0 0 0 0 20 0 0 0 0 0 0 0龙滩电厂.#7F 0 0 0 0 0 20 0 0 0 0 0 0 029 水电 洛东电厂 0 0 0 0 0 60 0 0 0 83.64 0 0.0133 0.0133洛东电厂.#1 0 0 0 0 0 20 0 0 0 0 0 0 0洛东电厂.#2 0 0 0 0 0 20 0 0 0 0 0 0 0洛东电厂.#3 0 0 0 0 0 20 0 0 0 0 0 0 030 水电 麻石电厂 0 0 0 0 0 60 0 0 0 6354.52 0 1.0075 1.0075麻石电厂.#1 0 0 0 0 0 20 0 0 0 0 0 0 0麻石电厂.#2 0 0 0 0 0 20 0 0 0 0 0 0 0麻石电厂.#3 0 0 0 0 0 20 0 0 0 0 0 0 031 气电 马园电厂 0 0 0 0 0 160 0 0 0 0 0 0 0马园电厂.#11机 0 0 0 0 0 40 0 0 0 0 0 0 0马园电厂.#12机 0 0 0 0 0 40 0 0 0 0 0 0 0马园电厂.#21机 0 0 0 0 0 40 0 0 0 0 0 0 0马园电厂.#22机 0 0 0 0 0 40 0 0 0 0 0 0 032 水电 苗都电厂 0 0 0 0 0 40 0 0 0 0 0 0 0苗都电厂.#1 0 0 0 0 0 20 0 0 0 0 0 0 0苗都电厂.#2 0 0 0 0 0 20 0 0 0 0 0 0 033 水电 那吉电厂 0 0 0 0 0 60 0 0 0 15166.8 0 2.4048 2.4048那吉电厂.#1 0 0 0 0 0 20 0 0 0 0 0 0 0那吉电厂.#2 0 0 0 0 0 20 0 0 0 0 0 0 0那吉电厂.#3 0 0 0 0 0 20 0 0 0 0 0 0 034 水电 牛湾电厂 0 0 0 0 0 80 0 0 0 8530.5 0 1.3526 1.3526牛湾电厂.#1机 0 0 0 0 0 20 0 0 0 0 0 0 0

结算序号电厂类型 电厂名称 机组名称非计划停运汇总表等效非停时间(h)等效非停双倍时间(h)临时停运时间(h)临时停运双倍时间(h)非停总时间(h)考核标准时间(h)非停考核小时(h)临停年累计次数考核电量(MWh)上网电量(MWh)非停考核费用(万元)非停返还费用(万元)非停净收入(万元)牛湾电厂.#2机 0 0 0 0 0 20 0 0 0 0 0 0 0牛湾电厂.#3机 0 0 0 0 0 20 0 0 0 0 0 0 0牛湾电厂.#4机 0 0 0 0 0 20 0 0 0 0 0 0 035 水电 平班电厂 0 0 0 0 0 60 0 0 0 57630.144 0 9.1376 9.1376平班电厂.#1 0 0 0 0 0 20 0 0 0 0 0 0 0平班电厂.#2 0 0 0 0 0 20 0 0 0 0 0 0 0平班电厂.#3 0 0 0 0 0 20 0 0 0 0 0 0 036 水电 桥巩电厂 0 0 0 0 0 140 0 0 0 146700.4 0 23.2603 23.2603桥巩电厂.#1 0 0 0 0 0 20 0 0 0 0 0 0 0桥巩电厂.#2 0 0 0 0 0 20 0 0 0 0 0 0 0桥巩电厂.#3 0 0 0 0 0 20 0 0 0 0 0 0 0桥巩电厂.#4 0 0 0 0 0 20 0 0 0 0 0 0 0桥巩电厂.#5 0 0 0 0 0 20 0 0 0 0 0 0 0桥巩电厂.#6 0 0 0 0 0 20 0 0 0 0 0 0 0桥巩电厂.#7 0 0 0 0 0 20 0 0 0 0 0 0 037 煤电1(≥60) 钦州电厂(二期) 265.5 0 0 0 265.5 40 225.5 0 2255 963000 97.4092 152.6896 55.2804钦州电厂二期.#3 128.01 0 0 0 128.01 20 108.01 0 0 0 0 0 0钦州电厂二期.#4 137.49 0 0 0 137.49 20 117.49 0 0 0 0 0 038 煤电1(≥60) 钦州电厂(一期) 315.14 0 0 0 315.14 40 275.14 0 1733.382 353980 74.8769 56.1257 -18.7512钦州电厂一期.#1 100.15 0 0 0 100.15 20 80.15 0 0 0 0 0 0钦州电厂一期.#2 214.99 0 0 0 214.99 20 194.99 0 0 0 0 0 039 煤电2(≥30,<60) 仁义电厂 310.66 0 0 0 310.66 40 270.66 0 947.31 140937.5 40.921 22.3465 -18.5744仁义电厂.#1机 158.27 0 0 0 158.27 20 138.27 0 0 0 0 0 0仁义电厂.#2机 152.39 0 0 0 152.39 20 132.39 0 0 0 0 0 040 煤电3(<30) 三祥联产发电厂 0 0 0 0 0 0 0 0 0 3717.7 0 0.5895 0.589541 水电 山秀电厂 0 0 0 0 0 60 0 0 0 6844.2 0 1.0852 1.0852山秀电厂.#1 0 0 0 0 0 20 0 0 0 0 0 0 0山秀电厂.#2 0 0 0 0 0 20 0 0 0 0 0 0 0山秀电厂.#3 0 0 0 0 0 20 0 0 0 0 0 0 042 煤电2(≥30,<60) 神鹿热电厂 83.18 0 0 0 83.18 40 43.18 0 151.13 274230 6.5284 43.4809 36.9525神鹿热电厂.#1 24.73 0 0 0 24.73 20 4.73 0 0 0 0 0 0神鹿热电厂.#2 58.45 0 0 0 58.45 20 38.45 0 0 0 0 0 043 水电 宋村电厂 0 0 0 0 0 100 0 0 0 15911.28 0 2.5228 2.5228宋村电厂.#1 0 0 0 0 0 20 0 0 0 0 0 0 0宋村电厂.#2 0 0 0 0 0 20 0 0 0 0 0 0 0宋村电厂.#3 0 0 0 0 0 20 0 0 0 0 0 0 0宋村电厂.#4 0 0 0 0 0 20 0 0 0 0 0 0 0宋村电厂.#5 0 0 0 0 0 20 0 0 0 0 0 0 044 水电 天二电厂 0 0 0 0 0 120 0 0 0 144023.4 0 22.8358 22.8358天二电厂.#1F 0 0 0 0 0 20 0 0 0 0 0 0 0天二电厂.#2F 0 0 0 0 0 20 0 0 0 0 0 0 0天二电厂.#3F 0 0 0 0 0 20 0 0 0 0 0 0 0天二电厂.#4F 0 0 0 0 0 20 0 0 0 0 0 0 0天二电厂.#5F 0 0 0 0 0 20 0 0 0 0 0 0 0天二电厂.#6F 0 0 0 0 0 20 0 0 0 0 0 0 045 水电 天一电厂 0 0 0 0 0 80 0 0 0 61767.679 0 9.7936 9.7936天一电厂.#1F 0 0 0 0 0 20 0 0 0 0 0 0 0天一电厂.#2F 0 0 0 0 0 20 0 0 0 0 0 0 0天一电厂.#3F 0 0 0 0 0 20 0 0 0 0 0 0 0天一电厂.#4F 0 0 0 0 0 20 0 0 0 0 0 0 0

结算序号电厂类型 电厂名称 机组名称非计划停运汇总表等效非停时间(h)等效非停双倍时间(h)临时停运时间(h)临时停运双倍时间(h)非停总时间(h)考核标准时间(h)非停考核小时(h)临停年累计次数考核电量(MWh)上网电量(MWh)非停考核费用(万元)非停返还费用(万元)非停净收入(万元)46 水电 驮娘江电厂 0 0 0 0 0 20 0 0 0 2279.86 0 0.3615 0.3615驮娘江电厂 0 0 0 0 0 20 0 0 0 0 0 0 047 水电 旺村电厂 0 0 0 0 0 60 0 0 0 7975 0 1.2645 1.2645旺村电厂.#1 0 0 0 0 0 20 0 0 0 0 0 0 0旺村电厂.#2 0 0 0 0 0 20 0 0 0 0 0 0 0旺村电厂.#3 0 0 0 0 0 20 0 0 0 0 0 0 048 水电 乌东德右岸电厂 0 0 0 0 0 80 0 0 0 292568.73 0 46.3886 46.3886乌东德右岸电厂.#10F 0 0 0 0 0 20 0 0 0 0 0 0 0乌东德右岸电厂.#7F 0 0 0 0 0 20 0 0 0 0 0 0 0乌东德右岸电厂.#8F 0 0 0 0 0 20 0 0 0 0 0 0 0乌东德右岸电厂.#9F 0 0 0 0 0 20 0 0 0 0 0 0 049 水电 乌东德左岸电厂 0 0 38.1 38.1 76.2 80 36.2 1 407.3622 292568.73 17.5968 46.3886 28.7918乌东德左岸电厂.#3F 0 0 0 0 0 20 0 0 0 0 0 0 0乌东德左岸电厂.#4F 0 0 0 0 0 20 0 0 0 0 0 0 0乌东德左岸电厂.#5F 0 0 38.1 38.1 76.2 20 36.2 1 0 0 0 0 0乌东德左岸电厂.#6F 0 0 0 0 0 20 0 0 0 0 0 0 050 水电 西津电厂 0 0 0 0 0 80 0 0 0 35087.949 0 5.5634 5.5634西津电厂.#1 0 0 0 0 0 20 0 0 0 0 0 0 0西津电厂.#2 0 0 0 0 0 20 0 0 0 0 0 0 0西津电厂.#3 0 0 0 0 0 20 0 0 0 0 0 0 0西津电厂.#4 0 0 0 0 0 20 0 0 0 0 0 0 051 水电 下桥电厂 0 0 0 0 0 40 0 0 0 971.52 0 0.154 0.154下桥电厂.#1 0 0 0 0 0 20 0 0 0 0 0 0 0下桥电厂.#2 0 0 0 0 0 20 0 0 0 0 0 0 052 水电 仙衣滩电厂 0 0 0 0 0 80 0 0 0 25395.72 0 4.0266 4.0266仙衣滩电厂.#1 0 0 0 0 0 20 0 0 0 0 0 0 0仙衣滩电厂.#2 0 0 0 0 0 20 0 0 0 0 0 0 0仙衣滩电厂.#3 0 0 0 0 0 20 0 0 0 0 0 0 0仙衣滩电厂.#4 0 0 0 0 0 20 0 0 0 0 0 0 053 煤电1(≥60) 兴义电厂 100.0074 100.0074 0 0 200.0148 20 160.0148 0 0 0 0 0 0兴义电厂.#2F 100.0074 100.0074 0 0 200.0148 20 160.0148 0 0 0 0 0 054 水电 浔州电厂 0 0 0 0 0 100 0 0 0 252164 0 39.9822 39.9822浔州电厂.#1机 0 0 0 0 0 20 0 0 0 0 0 0 0浔州电厂.#2机 0 0 0 0 0 20 0 0 0 0 0 0 0浔州电厂.#6机 0 0 0 0 0 20 0 0 0 0 0 0 0浔州电厂.#7机 0 0 0 0 0 20 0 0 0 0 0 0 0浔州电厂.#8机 0 0 0 0 0 20 0 0 0 0 0 0 055 水电 岩滩电厂 0 0 0 0 0 120 0 0 0 421875 0 66.8909 66.8909岩滩电厂.#1 0 0 0 0 0 20 0 0 0 0 0 0 0岩滩电厂.#2 0 0 0 0 0 20 0 0 0 0 0 0 0岩滩电厂.#3 0 0 0 0 0 20 0 0 0 0 0 0 0岩滩电厂.#4 0 0 0 0 0 20 0 0 0 0 0 0 0岩滩电厂.#5 0 0 0 0 0 20 0 0 0 0 0 0 0岩滩电厂.#6 0 0 0 0 0 20 0 0 0 0 0 0 056 水电 叶茂电厂 0 0 0 0 0 60 0 0 0 3552.44 0 0.5633 0.5633叶茂电厂.#1 0 0 0 0 0 20 0 0 0 0 0 0 0叶茂电厂.#2 0 0 0 0 0 20 0 0 0 0 0 0 0叶茂电厂.#3 0 0 0 0 0 20 0 0 0 0 0 0 057 煤电2(≥30,<60) 永福扩建 30.94 0 0 0 30.94 40 2.21 0 7.072 220553.7 0.3055 34.9702 34.6647永福扩建.#3 22.21 0 0 0 22.21 20 2.21 0 0 0 0 0 0

结算序号电厂类型 电厂名称 机组名称非计划停运汇总表等效非停时间(h)等效非停双倍时间(h)临时停运时间(h)临时停运双倍时间(h)非停总时间(h)考核标准时间(h)非停考核小时(h)临停年累计次数考核电量(MWh)上网电量(MWh)非停考核费用(万元)非停返还费用(万元)非停净收入(万元)永福扩建.#4 8.73 0 0 0 8.73 20 0 0 0 0 0 0 058 水电 右江电厂 0 0 0 0 0 80 0 0 0 90866.16 0 14.4074 14.4074右江电厂.#1 0 0 0 0 0 20 0 0 0 0 0 0 0右江电厂.#2 0 0 0 0 0 20 0 0 0 0 0 0 0右江电厂.#3 0 0 0 0 0 20 0 0 0 0 0 0 0右江电厂.#4 0 0 0 0 0 20 0 0 0 0 0 0 059 水电 鱼梁电厂 0 0 0 0 0 60 0 0 0 11862.84 0 1.8809 1.8809鱼梁电厂.#1 0 0 0 0 0 20 0 0 0 0 0 0 0鱼梁电厂.#2 0 0 0 0 0 20 0 0 0 0 0 0 0鱼梁电厂.#3 0 0 0 0 0 20 0 0 0 0 0 0 060 煤电1(≥60) 珠城电厂 21.1828 0 405.15 0 426.3328 40 301.1828 1 15011.828 534900 648.4659 84.8117 -563.6542珠城电厂.#1F 0 0 405.15 0 405.15 20 300 1 0 0 0 0 0珠城电厂.#2F 21.1828 0 0 0 21.1828 20 1.1828 0 0 0 0 0 061 水电 左江电厂 0 0 0 0 0 60 0 0 0 9166.08 0 1.4533 1.4533左江电厂.#1 0 0 0 0 0 20 0 0 0 0 0 0 0左江电厂.#2 0 0 0 0 0 20 0 0 0 0 0 0 0左江电厂.#3 0 0 0 0 0 20 0 0 0 0 0 0 0合计 -- -- -- 3078.363 100.0074 796.3333 38.1 4012.804 -- 3257.9558 4 37274.265 10154988 1610.1364 1610.1364 0

结算序号电厂类型 电厂名称 非停加倍考核汇总表考核费用(万元) 返还费用(万元) 净收入(万元) 上网电量(MWh)1 煤电2(≥30,<60) 北海电厂 0 0 0 226077.52 煤电1(≥60) 防城港电厂(二期) 0 0 0 5767303 煤电1(≥60) 防城港电厂(一期) 0 0 0 2446254 煤电1(≥60) 富川电厂 0 0 0 8631005 煤电1(≥60) 贵港电厂 0 0 0 343062.56 煤电1(≥60) 合山60厂 0 0 0 397007 煤电2(≥30,<60) 合山新厂 0 0 0 123312.58 气电 江南能源站 0 0 0 3534.969 煤电2(≥30,<60) 来宾B厂 0 0 0 183194.993310 煤电2(≥30,<60) 来宾扩建 0 0 0 187644.922711 气电 临桂电厂 0 0 0 2338612 煤电1(≥60) 六景电厂 0 0 0 401821.213 气电 马园电厂 0 0 0 014 煤电1(≥60) 钦州电厂(二期) 0 0 0 96300015 煤电1(≥60) 钦州电厂(一期) 0 0 0 35398016 煤电2(≥30,<60) 仁义电厂 0 0 0 140937.517 煤电3(<30) 三祥联产发电厂 0 0 0 3717.718 煤电2(≥30,<60) 神鹿热电厂 0 0 0 27423019 煤电1(≥60) 兴义电厂 0 0 0 020 煤电2(≥30,<60) 永福扩建 0 0 0 220553.69921 煤电1(≥60) 珠城电厂 0 0 0 534900合计 -- -- 0 0 0 5707508.475

结算序号电厂类型 电厂名称 补偿汇总表一黑启动补偿费用(万元)黑启动补偿缴纳费用(万元)黑启动补偿净收入(万元)冷备用补偿费用(万元)冷备用补偿缴纳费用(万元)冷备用补偿净收入(万元)无功补偿费用(万元)无功补偿缴纳费用(万元)无功补偿净收入(万元)旋转备用补偿费用(万元)旋转备用补偿缴纳费用(万元)旋转备用补偿净收入(万元)AVC补偿费用(万元)AVC补偿缴纳费用(万元)AVC补偿净收入(万元)一次调频补偿费用(万元)一次调频补偿缴纳费用(万元)一次调频补偿净收入(万元)转动惯量补偿费用(万元)转动惯量补偿缴纳费用(万元)转动惯量补偿净收入(万元)稳定切机补偿费用(万元)稳定切机补偿缴纳费用(万元)稳定切机补偿净收入(万元)上网电量(MWh)1 风电 安华风电场 0 0.207133 -0.207133 0 0.295288 -0.295288 0 0.45128 -0.45128 0 3.76333 -3.76333 0 0.020291 -0.020291 0 0.251448 -0.251448 0 0 0 0 0.001196 -0.001196 17330.4332 小水电 拔贡电厂 0 0.003338 -0.003338 0 0.004759 -0.004759 0 0.007273 -0.007273 0 0.06065 -0.06065 0 0.000327 -0.000327 0 0.004052 -0.004052 0 0 0 0 0.000019 -0.000019 279.33 小水电 坝达电厂 0 0.04077 -0.04077 0 0.058122 -0.058122 0 0.088825 -0.088825 0 0.740736 -0.740736 0 0.003994 -0.003994 0 0.049492 -0.049492 0 0 0 0 0.000235 -0.000235 3411.1474 风电 百花山风电场 0 0.295149 -0.295149 0 0.420763 -0.420763 0 0.64304 -0.64304 0 5.362462 -5.362462 0 0.028913 -0.028913 0 0.358294 -0.358294 0 0 0 0 0.001705 -0.001705 24694.565 水电 百龙滩电厂 0 0.790903 -0.790903 0 1.127508 -1.127508 0.012232 1.723136 -1.710905 0.004447 14.369648 -14.3652 0 0.077477 -0.077477 0 0.960111 -0.960111 0 0 0 0 0.004568 -0.004568 66173.366 风电 百丈风电场 0 0.19137 -0.19137 0 0.272817 -0.272817 0 0.416938 -0.416938 0 3.476944 -3.476944 0 0.018747 -0.018747 0 0.232313 -0.232313 0 0 0 0 0.001105 -0.001105 16011.67 小水电 板蚌电厂 0 0.042271 -0.042271 0 0.060261 -0.060261 0 0.092095 -0.092095 0 0.767999 -0.767999 0 0.004141 -0.004141 0 0.051314 -0.051314 0 0 0 0 0.000244 -0.000244 3536.6958 风电 宝山风电场 0 0.174752 -0.174752 0 0.249126 -0.249126 0 0.380732 -0.380732 0 3.175016 -3.175016 0 0.017119 -0.017119 0 0.212139 -0.212139 0 0 0 0 0.001009 -0.001009 14621.29 小水电 宝坛电厂 0 0 0 0 0 0 0 0 0 0 0 0 0 0 0 0 0 0 0 0 0 0 0 0 010 煤电2(≥30,<60) 北海电厂 0 2.702076 -2.702076 5.101336 3.852066 1.24927 32.223334 5.886997 26.336336 142.995078 49.09308 93.901998 0 0.264695 -0.264695 24.722875 3.280165 21.44271 0 0 0 0 0.015606 -0.015606 226077.511 小生物质 北海市垃圾焚烧发电厂 0 0.123555 -0.123555 0 0.176139 -0.176139 0 0.269188 -0.269188 0 2.244826 -2.244826 0 0.012103 -0.012103 0 0.149989 -0.149989 0 0 0 0 0.000714 -0.000714 20675.212 小生物质 北流凯迪电厂 0 0 0 0 0 0 0 0 0 0 0 0 0 0 0 0 0 0 0 0 0 0 0 0 013 小生物质 北流粤丰电厂 0 0.059345 -0.059345 0 0.084601 -0.084601 0 0.129294 -0.129294 0 1.07821 -1.07821 0 0.005813 -0.005813 0 0.072041 -0.072041 0 0 0 0 0.000343 -0.000343 9930.4814 风电 笔架山风电场 0 0.201783 -0.201783 0 0.287661 -0.287661 0 0.439624 -0.439624 0 3.666126 -3.666126 0 0.019767 -0.019767 0 0.244953 -0.244953 0 0 0 0 0.001165 -0.001165 16882.815 风电 布央风电场 0 0.153678 -0.153678 0 0.219083 -0.219083 0 0.334818 -0.334818 0 2.792126 -2.792126 0 0.015054 -0.015054 0 0.186557 -0.186557 0 0 0 0 0.000888 -0.000888 12857.95816 水电 曹渡河梯级电厂 0 0.024107 -0.024107 0 0.034366 -0.034366 0 0.052521 -0.052521 0 0.437986 -0.437986 0 0.002361 -0.002361 0 0.029264 -0.029264 0 0 0 0 0.000139 -0.000139 2016.9617 小水电 草头坪电厂 0 0.01773 -0.01773 0 0.025276 -0.025276 0 0.038628 -0.038628 0 0.322131 -0.322131 0 0.001737 -0.001737 0 0.021523 -0.021523 0 0 0 0 0.000102 -0.000102 1483.4418 光伏 岑西光伏站 0 0.069333 -0.069333 0 0.098841 -0.098841 0 0.151055 -0.151055 0 1.259687 -1.259687 0 0.006792 -0.006792 0 0.084166 -0.084166 0 0 0 0 0.0004 -0.0004 5800.9619 风电 茶叶岭风电场 0 0.106755 -0.106755 0 0.15219 -0.15219 0 0.232587 -0.232587 0 1.939598 -1.939598 0 0.010458 -0.010458 0 0.129595 -0.129595 0 0 0 0 0.000617 -0.000617 893220 风电 昌鸿风电场 0 0.299251 -0.299251 0 0.426611 -0.426611 0 0.651977 -0.651977 0 5.436988 -5.436988 0 0.029315 -0.029315 0 0.363274 -0.363274 0 0 0 0 0.001728 -0.001728 25037.7621 小生物质 昌菱生物质电厂 0 0.000562 -0.000562 0 0.000801 -0.000801 0 0.001224 -0.001224 0 0.010206 -0.010206 0 0.000055 -0.000055 0 0.000682 -0.000682 0 0 0 0 0.000003 -0.000003 9422 小水电 长瓦电厂 0 0.009294 -0.009294 0 0.01325 -0.01325 0 0.020249 -0.020249 0 0.168864 -0.168864 0 0.00091 -0.00091 0 0.011283 -0.011283 0 0 0 0 0.000054 -0.000054 777.6323 水电 长洲电厂 6 1.926422 4.073578 0 2.746297 -2.746297 0.004742 4.197084 -4.192342 0.021352 35.000487 -34.979135 0 0.188712 -0.188712 0 2.338566 -2.338566 0 0 0 0 0.011126 -0.011126 16118024 光伏 长洲光伏站 0 0.018994 -0.018994 0 0.027078 -0.027078 0 0.041382 -0.041382 0 0.345097 -0.345097 0 0.001861 -0.001861 0 0.023058 -0.023058 0 0 0 0 0.00011 -0.00011 1589.225 光伏 常吉光伏站 0 0.061687 -0.061687 0 0.08794 -0.08794 0 0.134396 -0.134396 0 1.120763 -1.120763 0 0.006043 -0.006043 0 0.074884 -0.074884 0 0 0 0 0.000356 -0.000356 5161.226 光伏 场安光伏站 0 0.065441 -0.065441 0 0.093293 -0.093293 0 0.142577 -0.142577 0 1.188983 -1.188983 0 0.006411 -0.006411 0 0.079442 -0.079442 0 0 0 0 0.000378 -0.000378 5475.3627 风电 朝新风电场 0 0.184906 -0.184906 0 0.2636 -0.2636 0 0.402853 -0.402853 0 3.359484 -3.359484 0 0.018113 -0.018113 0 0.224465 -0.224465 0 0 0 0 0.001068 -0.001068 15470.68728 风电 承源风电场 0 0.109364 -0.109364 0 0.155908 -0.155908 0 0.23827 -0.23827 0 1.986989 -1.986989 0 0.010713 -0.010713 0 0.132761 -0.132761 0 0 0 0 0.000632 -0.000632 9150.2429 风电 冲山风电场 0 0.131404 -0.131404 0 0.187329 -0.187329 0 0.286289 -0.286289 0 2.387432 -2.387432 0 0.012872 -0.012872 0 0.159517 -0.159517 0 0 0 0 0.000759 -0.000759 10994.31330 小生物质 崇左得力生物质电厂 0 0.080742 -0.080742 0 0.115105 -0.115105 0 0.175911 -0.175911 0 1.466965 -1.466965 0 0.007909 -0.007909 0 0.098016 -0.098016 0 0 0 0 0.000466 -0.000466 13510.9831 小生物质 楚桥电厂 0 0.147531 -0.147531 0 0.21032 -0.21032 0 0.321425 -0.321425 0 2.680442 -2.680442 0 0.014452 -0.014452 0 0.179094 -0.179094 0 0 0 0 0.000852 -0.000852 24687.29632 水电 大化电厂 6 2.039124 3.960876 0 2.906965 -2.906965 14.279517 4.442627 9.83689 0.610426 37.048135 -36.437709 0 0.199753 -0.199753 0 2.47538 -2.47538 0 0 0 0 0.011777 -0.011777 170609.5833 水电 大埔电厂 0 0.064355 -0.064355 0 0.091745 -0.091745 0.013475 0.140211 -0.126736 1.179536 1.169253 0.010283 0 0.006304 -0.006304 0 0.078124 -0.078124 0 0 0 0 0.000372 -0.000372 5384.534 小水电 大七孔电厂 0 0.015219 -0.015219 0 0.021696 -0.021696 0 0.033158 -0.033158 0 0.276512 -0.276512 0 0.001491 -0.001491 0 0.018475 -0.018475 0 0 0 0 0.000088 -0.000088 1273.3635 光伏 大荣光伏站 0 0.019126 -0.019126 0 0.027265 -0.027265 0 0.041669 -0.041669 0 0.347486 -0.347486 0 0.001874 -0.001874 0 0.023217 -0.023217 0 0 0 0 0.00011 -0.00011 1600.236 风电 大容山风电场 0 0.075378 -0.075378 0 0.107458 -0.107458 0 0.164225 -0.164225 0 1.369514 -1.369514 0 0.007384 -0.007384 0 0.091504 -0.091504 0 0 0 0 0.000435 -0.000435 6306.7237 小水电 大容山水电厂 0 0.016101 -0.016101 0 0.022954 -0.022954 0 0.035079 -0.035079 0 0.292536 -0.292536 0 0.001577 -0.001577 0 0.019546 -0.019546 0 0 0 0 0.000093 -0.000093 1347.1538 风电 岱安风电场 0 0 0 0 0 0 0 0 0 0 0 0 0 0 0 0 0 0 0 0 0 0 0 0 039 小生物质 得力生物质电厂 0 0.022824 -0.022824 0 0.032537 -0.032537 0 0.049725 -0.049725 0 0.414673 -0.414673 0 0.002236 -0.002236 0 0.027706 -0.027706 0 0 0 0 0.000132 -0.000132 3819.240 风电 登云山风电场 0 0.46438 -0.46438 0 0.662017 -0.662017 0 1.011741 -1.011741 0 8.437154 -8.437154 0 0.045491 -0.045491 0 0.56373 -0.56373 0 0 0 0 0.002682 -0.002682 38853.7641 光伏 钓鱼台光伏站 0 0.084184 -0.084184 0 0.120012 -0.120012 0 0.183411 -0.183411 0 1.529511 -1.529511 0 0.008247 -0.008247 0 0.102195 -0.102195 0 0 0 0 0.000486 -0.000486 7043.5242 光伏 顶山光伏站 0 0.04917 -0.04917 0 0.070097 -0.070097 0 0.107127 -0.107127 0 0.893357 -0.893357 0 0.004817 -0.004817 0 0.05969 -0.05969 0 0 0 0 0.000284 -0.000284 4113.9843 光伏 鼎旭光伏站 0 0.043843 -0.043843 0 0.062503 -0.062503 0 0.095521 -0.095521 0 0.796573 -0.796573 0 0.004295 -0.004295 0 0.053223 -0.053223 0 0 0 0 0.000253 -0.000253 3668.2844 风电 东岭风电场 0 0.200137 -0.200137 0 0.285314 -0.285314 0 0.436037 -0.436037 0 3.636217 -3.636217 0 0.019605 -0.019605 0 0.242955 -0.242955 0 0 0 0 0.001156 -0.001156 16745.06845 风电 东起风电场 0 0.313718 -0.313718 0 0.447235 -0.447235 0 0.683496 -0.683496 0 5.699837 -5.699837 0 0.030732 -0.030732 0 0.380836 -0.380836 0 0 0 0 0.001812 -0.001812 26248.246 小水电 懂托电厂 0 0.002516 -0.002516 0 0.003587 -0.003587 0 0.005482 -0.005482 0 0.045719 -0.045719 0 0.000247 -0.000247 0 0.003055 -0.003055 0 0 0 0 0.000015 -0.000015 210.5447 小水电 对门河电厂 0 0.033584 -0.033584 0 0.047878 -0.047878 0 0.07317 -0.07317 0 0.610181 -0.610181 0 0.00329 -0.00329 0 0.040769 -0.040769 0 0 0 0 0.000194 -0.000194 2809.9348 煤电1(≥60) 防城港电厂(二期) 0 6.893072 -6.893072 0 9.826728 -9.826728 23.426025 15.017894 8.408131 304.120792 125.237814 178.882978 0 0.675245 -0.675245 27.26935 8.367793 18.901557 0 0 0 0 0.039811 -0.039811 57673049 煤电1(≥60) 防城港电厂(一期) 0 2.923756 -2.923756 53.26387 4.168092 49.095778 2.315608 6.369969 -4.054361 41.700345 53.120698 -11.420353 1 0.286411 0.713589 5.585425 3.549272 2.036153 0 0 0 0 0.016886 -0.016886 24462550 光伏 丰收光伏站 0 0.069614 -0.069614 0 0.099241 -0.099241 0 0.151667 -0.151667 0 1.264787 -1.264787 0 0.006819 -0.006819 0 0.084507 -0.084507 0 0 0 0 0.000402 -0.000402 5824.44551 风电 凤屏风电场 0 0.356636 -0.356636 0 0.508418 -0.508418 0 0.777001 -0.777001 0 6.479594 -6.479594 0 0.034936 -0.034936 0 0.432936 -0.432936 0 0 0 0 0.00206 -0.00206 29839.0452 小生物质 扶能电厂 0 0.120941 -0.120941 0 0.172414 -0.172414 0 0.263494 -0.263494 0 2.197344 -2.197344 0 0.011847 -0.011847 0 0.146816 -0.146816 0 0 0 0 0.000699 -0.000699 20237.8853 小生物质 扶绥理昂生物质电厂 0 0.065561 -0.065561 0 0.093464 -0.093464 0 0.142838 -0.142838 0 1.191158 -1.191158 0 0.006422 -0.006422 0 0.079587 -0.079587 0 0 0 0 0.000379 -0.000379 10970.7554 小生物质 扶绥琦泉生物质电厂 0 0 0 0 0 0 0 0 0 0 0 0 0 0 0 0 0 0 0 0 0 0 0 0 055 小水电 芙蓉河电厂 0 0.018974 -0.018974 0 0.027049 -0.027049 0 0.041338 -0.041338 0 0.344729 -0.344729 0 0.001859 -0.001859 0 0.023033 -0.023033 0 0 0 0 0.00011 -0.00011 1587.50556 水电 浮石电厂 0 0.033276 -0.033276 0 0.047439 -0.047439 0.044388 0.072499 -0.028111 1.803415 0.604586 1.198829 0 0.00326 -0.00326 0 0.040396 -0.040396 0 0 0 0 0.000192 -0.000192 2784.16457 风电 福家田风电场 0 0.438196 -0.438196 0 0.62469 -0.62469 0 0.954695 -0.954695 0 7.961427 -7.961427 0 0.042926 -0.042926 0 0.531945 -0.531945 0 0 0 0 0.002531 -0.002531 3666358 小水电 斧子口电厂 0 0.000002 -0.000002 0 0.000002 -0.000002 0 0.000004 -0.000004 0 0.00003 -0.00003 0 0 0 0 0.000002 -0.000002 0 0 0 0 0 0 0.13659 煤电1(≥60) 富川电厂 0 10.315763 -10.315763 0 14.706101 -14.706101 30.601393 22.474891 8.126502 266.340826 187.423504 78.917323 4.5124 1.010532 3.501868 34.370725 12.522744 21.847981 0 0 0 0 0.059579 -0.059579 86310060 小水电 富源电厂 0 0.001836 -0.001836 0 0.002617 -0.002617 0 0.004 -0.004 0 0.033353 -0.033353 0 0.00018 -0.00018 0 0.002229 -0.002229 0 0 0 0 0.000011 -0.000011 153.59561 小水电 干捞电厂 0 0.011474 -0.011474 0 0.016358 -0.016358 0 0.024999 -0.024999 0 0.208474 -0.208474 0 0.001124 -0.001124 0 0.013929 -0.013929 0 0 0 0 0.000066 -0.000066 960.0462 光伏 甘莲光伏站 0 0.016126 -0.016126 0 0.022989 -0.022989 0 0.035134 -0.035134 0 0.292992 -0.292992 0 0.00158 -0.00158 0 0.019576 -0.019576 0 0 0 0 0.000093 -0.000093 1349.2563 风电 高帮山风电场 0 0.158634 -0.158634 0 0.226148 -0.226148 0 0.345615 -0.345615 0 2.882166 -2.882166 0 0.01554 -0.01554 0 0.192573 -0.192573 0 0 0 0 0.000916 -0.000916 13272.664 风电 高栏塘风电场 0 0.069177 -0.069177 0 0.098618 -0.098618 0 0.150715 -0.150715 0 1.256847 -1.256847 0 0.006777 -0.006777 0 0.083977 -0.083977 0 0 0 0 0.0004 -0.0004 5787.8865 水电 古顶电厂 0 0.043397 -0.043397 0 0.061866 -0.061866 0.00028 0.094548 -0.094269 1.151081 0.78846 0.362621 0 0.004251 -0.004251 0 0.052681 -0.052681 0 0 0 0 0.000251 -0.000251 3630.9266 光伏 古顶光伏站 0 0.01769 -0.01769 0 0.025219 -0.025219 0 0.038542 -0.038542 0 0.32141 -0.32141 0 0.001733 -0.001733 0 0.021475 -0.021475 0 0 0 0 0.000102 -0.000102 1480.1267 光伏 古平光伏站 0 0.043492 -0.043492 0 0.062002 -0.062002 0 0.094755 -0.094755 0 0.790188 -0.790188 0 0.00426 -0.00426 0 0.052797 -0.052797 0 0 0 0 0.000251 -0.000251 3638.8868 风电 古田风电场 0 0.266696 -0.266696 0 0.3802 -0.3802 0 0.581049 -0.581049 0 4.845505 -4.845505 0 0.026126 -0.026126 0 0.323754 -0.323754 0 0 0 0 0.00154 -0.00154 22313.93369 光伏 光伏扶贫电站 0 0.01385 -0.01385 0 0.019744 -0.019744 0 0.030174 -0.030174 0 0.251631 -0.251631 0 0.001357 -0.001357 0 0.016813 -0.016813 0 0 0 0 0.00008 -0.00008 1158.7870 核电 光坡核电厂 0 16.873821 -16.873821 0 24.055234 -24.055234 0 36.762891 -36.762891 11.745598 306.574559 -294.828961 0 1.652959 -1.652959 0 20.48385 -20.48385 0 0 0 0 0.097456 -0.097456 141180071 风电 广茂风电场 0 0.155179 -0.155179 0 0.221222 -0.221222 0 0.338087 -0.338087 0 2.819392 -2.819392 0 0.015201 -0.015201 0 0.188378 -0.188378 0 0 0 0 0.000896 -0.000896 12983.5272 风电 龟石风电场 0 0.90479 -0.90479 0 1.289864 -1.289864 0 1.97126 -1.97126 0 16.438807 -16.438807 0 0.088633 -0.088633 0 1.098363 -1.098363 0 0 0 0 0.005226 -0.005226 7570273 煤电1(≥60) 贵港电厂 0 4.10028 -4.10028 14.784021 5.845338 8.938683 12.994405 8.933255 4.06115 134.186098 74.496554 59.689544 5.7761 0.401663 5.374437 6.844675 4.977504 1.867171 0 0 0 0 0.023681 -0.023681 343062.574 小生物质 贵港理昂生物质电厂 0 0.06701 -0.06701 0 0.095529 -0.095529 0 0.145994 -0.145994 0 1.217478 -1.217478 0 0.006564 -0.006564 0 0.081346 -0.081346 0 0 0 0 0.000387 -0.000387 11213.1675 小生物质 贵港市生活垃圾焚烧发电厂 0 0.168945 -0.168945 0 0.240847 -0.240847 0 0.36808 -0.36808 0 3.069507 -3.069507 0 0.01655 -0.01655 0 0.20509 -0.20509 0 0 0 0 0.000976 -0.000976 28270.64176 风电 贵良风电场 0 0.220395 -0.220395 0 0.314195 -0.314195 0 0.480174 -0.480174 0 4.004287 -4.004287 0 0.02159 -0.02159 0 0.267547 -0.267547 0 0 0 0 0.001273 -0.001273 18440.05777 水电 桂航电厂 0 0.235285 -0.235285 0 0.335421 -0.335421 0.003294 0.512613 -0.50932 0.001218 4.274806 -4.273588 0 0.023048 -0.023048 0 0.285622 -0.285622 0 0 0 0 0.001359 -0.001359 19685.8278 光伏 浩德光伏站 0 0.059762 -0.059762 0 0.085196 -0.085196 0 0.130203 -0.130203 0 1.085792 -1.085792 0 0.005854 -0.005854 0 0.072547 -0.072547 0 0 0 0 0.000345 -0.000345 5000.1679 风电 合福风电场 0 0.25342 -0.25342 0 0.361274 -0.361274 0 0.552125 -0.552125 0 4.604299 -4.604299 0 0.024825 -0.024825 0 0.307637 -0.307637 0 0 0 0 0.001464 -0.001464 21203.1680 小生物质 合浦理昂生物质电厂 0 0.114091 -0.114091 0 0.162647 -0.162647 0 0.248569 -0.248569 0 2.072877 -2.072877 0 0.011176 -0.011176 0 0.1385 -0.1385 0 0 0 0 0.000659 -0.000659 19091.5281 煤电1(≥60) 合山60厂 0 0.474494 -0.474494 0 0.676436 -0.676436 0.016694 1.033777 -1.017084 24.165473 8.620917 15.544556 0 0.046481 -0.046481 0.157375 0.576009 -0.418634 0 0 0 0 0.00274 -0.00274 3970082 煤电2(≥30,<60) 合山新厂 0 1.47383 -1.47383 37.687378 2.101084 35.586293 0 3.211024 -3.211024 88.891839 26.777501 62.114338 0 0.144376 -0.144376 6.2942 1.789145 4.505055 0 0 0 0 0.008512 -0.008512 123312.583 小生物质 贺州理昂电厂 0 0.004076 -0.004076 0 0.005811 -0.005811 0 0.008881 -0.008881 0 0.074057 -0.074057 0 0.000399 -0.000399 0 0.004948 -0.004948 0 0 0 0 0.000024 -0.000024 682.0884 风电 黑石岭风电场 0 0.276871 -0.276871 0 0.394706 -0.394706 0 0.603218 -0.603218 0 5.030378 -5.030378 0 0.027122 -0.027122 0 0.336106 -0.336106 0 0 0 0 0.001599 -0.001599 23165.28685 光伏 横山光伏站 0 0.090111 -0.090111 0 0.128462 -0.128462 0 0.196324 -0.196324 0 1.637192 -1.637192 0 0.008827 -0.008827 0 0.109389 -0.109389 0 0 0 0 0.00052 -0.00052 7539.486 水电 红花电厂 0 0.131009 -0.131009 0 0.186766 -0.186766 0 0.285429 -0.285429 0.188359 2.380259 -2.1919 0 0.012834 -0.012834 0 0.159038 -0.159038 0 0 0 0 0.000757 -0.000757 10961.2887 风电 宏景风电场 0 0.206106 -0.206106 0 0.293823 -0.293823 0 0.449042 -0.449042 0 3.744666 -3.744666 0 0.02019 -0.02019 0 0.250201 -0.250201 0 0 0 0 0.00119 -0.00119 17244.4888 光伏 洪昇光伏站 0 0.017576 -0.017576 0 0.025056 -0.025056 0 0.038293 -0.038293 0 0.319334 -0.319334 0 0.001722 -0.001722 0 0.021336 -0.021336 0 0 0 0 0.000102 -0.000102 1470.5689 风电 鸿润风电场 0 0.250649 -0.250649 0 0.357323 -0.357323 0 0.546086 -0.546086 0 4.553946 -4.553946 0 0.024554 -0.024554 0 0.304273 -0.304273 0 0 0 0 0.001448 -0.001448 20971.2890 小水电 猴爬岩电厂 0 0.089545 -0.089545 0 0.127655 -0.127655 0 0.195091 -0.195091 0 1.626911 -1.626911 0 0.008772 -0.008772 0 0.108702 -0.108702 0 0 0 0 0.000517 -0.000517 7492.05391 风电 葫芦顶风电场 0 0.113197 -0.113197 0 0.161374 -0.161374 0 0.246622 -0.246622 0 2.056642 -2.056642 0 0.011089 -0.011089 0 0.137415 -0.137415 0 0 0 0 0.000654 -0.000654 947192 风电 华光风电场 0 0.397571 -0.397571 0 0.566775 -0.566775 0 0.866186 -0.866186 0 7.223329 -7.223329 0 0.038946 -0.038946 0 0.482628 -0.482628 0 0 0 0 0.002296 -0.002296 3326493 光伏 华阳光伏站 0 0.113592 -0.113592 0 0.161936 -0.161936 0 0.247482 -0.247482 0 2.063808 -2.063808 0 0.011127 -0.011127 0 0.137894 -0.137894 0 0 0 0 0.000656 -0.000656 950494 风电 怀山风电场 0 0.657728 -0.657728 0 0.937653 -0.937653 0 1.432987 -1.432987 0 11.950024 -11.950024 0 0.064431 -0.064431 0 0.798444 -0.798444 0 0 0 0 0.003799 -0.003799 55030.895 小生物质 环江理昂农林废弃物热电厂 0 0 0 0 0 0 0 0 0 0 0 0 0 0 0 0 0 0 0 0 0 0 0 0 096 小水电 黄果树电厂 0 0.020857 -0.020857 0 0.029734 -0.029734 0 0.045441 -0.045441 0 0.378946 -0.378946 0 0.002043 -0.002043 0 0.025319 -0.025319 0 0 0 0 0.00012 -0.00012 1745.07897 风电 黄花岭风电场 0 0.129474 -0.129474 0 0.184577 -0.184577 0 0.282083 -0.282083 0 2.352359 -2.352359 0 0.012683 -0.012683 0 0.157173 -0.157173 0 0 0 0 0.000748 -0.000748 10832.898 光伏 黄丽窝光伏站 0 0.019043 -0.019043 0 0.027147 -0.027147 0 0.041488 -0.041488 0 0.345981 -0.345981 0 0.001865 -0.001865 0 0.023117 -0.023117 0 0 0 0 0.00011 -0.00011 1593.2799 小水电 黄冕电厂 0 0.002316 -0.002316 0 0.003301 -0.003301 0 0.005045 -0.005045 0 0.042075 -0.042075 0 0.000227 -0.000227 0 0.002811 -0.002811 0 0 0 0 0.000013 -0.000013 193.76100 风电 黄兴风电场 0 0.375405 -0.375405 0 0.535175 -0.535175 0 0.817892 -0.817892 0 6.8206 -6.8206 0 0.036775 -0.036775 0 0.45572 -0.45572 0 0 0 0 0.002168 -0.002168 31409.4101 光伏 惠金光伏站 0 0.071773 -0.071773 0 0.102319 -0.102319 0 0.156372 -0.156372 0 1.304021 -1.304021 0 0.007031 -0.007031 0 0.087128 -0.087128 0 0 0 0 0.000415 -0.000415 6005.12102 光伏 吉江光伏站 0 0.124996 -0.124996 0 0.178194 -0.178194 0 0.272328 -0.272328 0 2.271008 -2.271008 0 0.012245 -0.012245 0 0.151738 -0.151738 0 0 0 0 0.000722 -0.000722 10458.17103 风电 吉坤风电场 0 0.021127 -0.021127 0 0.030118 -0.030118 0 0.046029 -0.046029 0 0.383846 -0.383846 0 0.00207 -0.00207 0 0.025647 -0.025647 0 0 0 0 0.000122 -0.000122 1767.642104 光伏 吉龙光伏站 0 0.152507 -0.152507 0 0.217414 -0.217414 0 0.332267 -0.332267 0 2.770854 -2.770854 0 0.01494 -0.01494 0 0.185135 -0.185135 0 0 0 0 0.000881 -0.000881 12760105 光伏 江滨光伏站 0 0.116747 -0.116747 0 0.166434 -0.166434 0 0.254356 -0.254356 0 2.121136 -2.121136 0 0.011437 -0.011437 0 0.141724 -0.141724 0 0 0 0 0.000674 -0.000674 9768106 小水电 江口电厂 0 0.011002 -0.011002 0 0.015684 -0.015684 0 0.02397 -0.02397 0 0.199888 -0.199888 0 0.001078 -0.001078 0 0.013356 -0.013356 0 0 0 0 0.000064 -0.000064 920.5107 气电 江南能源站 60 0.04225 59.95775 17.1133 0.060231 17.053069 0 0.092049 -0.092049 0.248354 0.767622 -0.519268 0 0.004139 -0.004139 0 0.051289 -0.051289 0 0 0 0 0.000244 -0.000244 3534.96

结算序号电厂类型 电厂名称 补偿汇总表一黑启动补偿费用(万元)黑启动补偿缴纳费用(万元)黑启动补偿净收入(万元)冷备用补偿费用(万元)冷备用补偿缴纳费用(万元)冷备用补偿净收入(万元)无功补偿费用(万元)无功补偿缴纳费用(万元)无功补偿净收入(万元)旋转备用补偿费用(万元)旋转备用补偿缴纳费用(万元)旋转备用补偿净收入(万元)AVC补偿费用(万元)AVC补偿缴纳费用(万元)AVC补偿净收入(万元)一次调频补偿费用(万元)一次调频补偿缴纳费用(万元)一次调频补偿净收入(万元)转动惯量补偿费用(万元)转动惯量补偿缴纳费用(万元)转动惯量补偿净收入(万元)稳定切机补偿费用(万元)稳定切机补偿缴纳费用(万元)稳定切机补偿净收入(万元)上网电量(MWh)108 风电 交连岭风电场 0 0.184397 -0.184397 0 0.262876 -0.262876 0 0.401745 -0.401745 0 3.350249 -3.350249 0 0.018064 -0.018064 0 0.223848 -0.223848 0 0 0 0 0.001065 -0.001065 15428.16109 光伏 骄阳光伏站 0 0.139073 -0.139073 0 0.198262 -0.198262 0 0.302998 -0.302998 0 2.526769 -2.526769 0 0.013624 -0.013624 0 0.168827 -0.168827 0 0 0 0 0.000803 -0.000803 11635.971110 风电 洁源风电场 0 0.269424 -0.269424 0 0.384089 -0.384089 0 0.586992 -0.586992 0 4.895067 -4.895067 0 0.026393 -0.026393 0 0.327065 -0.327065 0 0 0 0 0.001556 -0.001556 22542.168111 风电 金谷风电场 0 0.135995 -0.135995 0 0.193873 -0.193873 0 0.29629 -0.29629 0 2.470837 -2.470837 0 0.013322 -0.013322 0 0.16509 -0.16509 0 0 0 0 0.000785 -0.000785 11378.4112 水电 金鸡滩电厂 0 0.171053 -0.171053 0 0.243852 -0.243852 0.022995 0.372671 -0.349676 0.000091 3.107794 -3.107703 0 0.016756 -0.016756 0 0.207648 -0.207648 0 0 0 0 0.000988 -0.000988 14311.634113 水电 金牛坪电厂 0 0.064555 -0.064555 0 0.092029 -0.092029 0.135122 0.140646 -0.005524 1.130901 1.172879 -0.041978 0 0.006324 -0.006324 0 0.078366 -0.078366 0 0 0 0 0.000373 -0.000373 5401.2114 光伏 金沙光伏站 0 0.021318 -0.021318 0 0.03039 -0.03039 0 0.046444 -0.046444 0 0.387312 -0.387312 0 0.002088 -0.002088 0 0.025878 -0.025878 0 0 0 0 0.000123 -0.000123 1783.6115 光伏 金肇光伏站 0 0.021083 -0.021083 0 0.030056 -0.030056 0 0.045934 -0.045934 0 0.383055 -0.383055 0 0.002065 -0.002065 0 0.025594 -0.025594 0 0 0 0 0.000122 -0.000122 1764116 风电 金紫山风电场 0 0.149562 -0.149562 0 0.213215 -0.213215 0 0.325851 -0.325851 0 2.717348 -2.717348 0 0.014651 -0.014651 0 0.18156 -0.18156 0 0 0 0 0.000864 -0.000864 12513.6117 风电 劲风风电场 0 0.312153 -0.312153 0 0.445004 -0.445004 0 0.680086 -0.680086 0 5.671396 -5.671396 0 0.030578 -0.030578 0 0.378936 -0.378936 0 0 0 0 0.001803 -0.001803 26117.226118 水电 京南电厂 0 0.071981 -0.071981 0 0.102616 -0.102616 0.085607 0.156824 -0.071217 4.867336 1.307795 3.559541 0 0.007051 -0.007051 0 0.087381 -0.087381 0 0 0 0 0.000416 -0.000416 6022.5119 风电 九头岭风电场 0 0.117883 -0.117883 0 0.168053 -0.168053 0 0.256831 -0.256831 0 2.141774 -2.141774 0 0.011548 -0.011548 0 0.143103 -0.143103 0 0 0 0 0.000681 -0.000681 9863.04120 风电 九元山风电场 0 0.289364 -0.289364 0 0.412516 -0.412516 0 0.630436 -0.630436 0 5.257361 -5.257361 0 0.028346 -0.028346 0 0.351272 -0.351272 0 0 0 0 0.001671 -0.001671 24210.56121 风电 俊风风电场 0 0.261892 -0.261892 0 0.373352 -0.373352 0 0.570583 -0.570583 0 4.758225 -4.758225 0 0.025655 -0.025655 0 0.317922 -0.317922 0 0 0 0 0.001513 -0.001513 21912122 风电 肯兰风电场 0 0.287177 -0.287177 0 0.409398 -0.409398 0 0.62567 -0.62567 0 5.217613 -5.217613 0 0.028132 -0.028132 0 0.348616 -0.348616 0 0 0 0 0.001659 -0.001659 24027.52123 风电 葵阳风电场 0 0.630981 -0.630981 0 0.899523 -0.899523 0 1.374714 -1.374714 0 11.464073 -11.464073 0 0.061811 -0.061811 0 0.765975 -0.765975 0 0 0 0 0.003644 -0.003644 52792.96124 水电 拉浪电厂 0 0.016017 -0.016017 0 0.022833 -0.022833 0 0.034895 -0.034895 0 0.291 -0.291 0 0.001569 -0.001569 0 0.019443 -0.019443 0 0 0 0 0.000093 -0.000093 1340.08125 小水电 拉纳电厂 0 0.002516 -0.002516 0 0.003587 -0.003587 0 0.005482 -0.005482 0 0.045719 -0.045719 0 0.000247 -0.000247 0 0.003055 -0.003055 0 0 0 0 0.000015 -0.000015 210.54126 小水电 拉秀电厂 0 0.004618 -0.004618 0 0.006584 -0.006584 0 0.010062 -0.010062 0 0.083907 -0.083907 0 0.000452 -0.000452 0 0.005606 -0.005606 0 0 0 0 0.000027 -0.000027 386.4127 煤电2(≥30,<60) 来宾B厂 0 2.189545 -2.189545 0 3.121404 -3.121404 0.261591 4.770348 -4.508757 164.413671 39.781077 124.632594 0 0.214488 -0.214488 3.720825 2.657982 1.062843 0 0 0 0 0.012646 -0.012646 183194.9933128 小生物质 来宾富乔生物质发电厂 0 0.057755 -0.057755 0 0.082335 -0.082335 0 0.12583 -0.12583 0 1.049328 -1.049328 0 0.005658 -0.005658 0 0.070111 -0.070111 0 0 0 0 0.000334 -0.000334 9664.48129 煤电2(≥30,<60) 来宾扩建 0 2.24273 -2.24273 0 3.197225 -3.197225 0.085242 4.886223 -4.800981 130.491157 40.747386 89.743771 0 0.219698 -0.219698 6.791375 2.722546 4.068829 0 0 0 0 0.012953 -0.012953 187644.9227130 小生物质 来宾市垃圾焚烧发电厂 0 0.079203 -0.079203 0 0.112911 -0.112911 0 0.172559 -0.172559 0 1.439011 -1.439011 0 0.007759 -0.007759 0 0.096148 -0.096148 0 0 0 0 0.000457 -0.000457 13253.52131 风电 来福风电场 0 0 0 0 0 0 0 0 0 0 0 0 0 0 0 0 0 0 0 0 0 0 0 0 0132 风电 兰田风电场 0 0.248934 -0.248934 0 0.354879 -0.354879 0 0.542351 -0.542351 0 4.522798 -4.522798 0 0.024386 -0.024386 0 0.302192 -0.302192 0 0 0 0 0.001438 -0.001438 20827.84133 光伏 栏沙光伏站 0 0.069291 -0.069291 0 0.098781 -0.098781 0 0.150964 -0.150964 0 1.258923 -1.258923 0 0.006788 -0.006788 0 0.084115 -0.084115 0 0 0 0 0.0004 -0.0004 5797.44134 风电 蓝光坪风电场 0 0.090041 -0.090041 0 0.128362 -0.128362 0 0.196172 -0.196172 0 1.635924 -1.635924 0 0.00882 -0.00882 0 0.109305 -0.109305 0 0 0 0 0.00052 -0.00052 7533.56135 小水电 郎恒电厂 0 0.005874 -0.005874 0 0.008374 -0.008374 0 0.012798 -0.012798 0 0.106728 -0.106728 0 0.000575 -0.000575 0 0.007131 -0.007131 0 0 0 0 0.000034 -0.000034 491.493136 水电 乐滩电厂 6 2.089961 3.910039 0 2.979439 -2.979439 17.819468 4.553386 13.266082 5.499169 37.97178 -32.472611 0 0.204733 -0.204733 0 2.537093 -2.537093 0 0 0 0 0.012071 -0.012071 174863.04137 风电 乐樟风电场 0 0.3043 -0.3043 0 0.433808 -0.433808 0 0.662976 -0.662976 0 5.528713 -5.528713 0 0.029809 -0.029809 0 0.369402 -0.369402 0 0 0 0 0.001758 -0.001758 25460.16138 小水电 厘金滩电厂 0 0.011681 -0.011681 0 0.016653 -0.016653 0 0.02545 -0.02545 0 0.212231 -0.212231 0 0.001144 -0.001144 0 0.01418 -0.01418 0 0 0 0 0.000067 -0.000067 977.34139 小水电 里定电厂 0 0.006182 -0.006182 0 0.008813 -0.008813 0 0.013469 -0.013469 0 0.112317 -0.112317 0 0.000606 -0.000606 0 0.007505 -0.007505 0 0 0 0 0.000036 -0.000036 517.23140 光伏 里拉光伏站 0 0.028011 -0.028011 0 0.039932 -0.039932 0 0.061027 -0.061027 0 0.508916 -0.508916 0 0.002744 -0.002744 0 0.034003 -0.034003 0 0 0 0 0.000162 -0.000162 2343.6141 小水电 鲤鱼滩电厂 0 0.004696 -0.004696 0 0.006695 -0.006695 0 0.010231 -0.010231 0 0.085321 -0.085321 0 0.00046 -0.00046 0 0.005701 -0.005701 0 0 0 0 0.000027 -0.000027 392.91142 小水电 良湾电厂 0 0.000647 -0.000647 0 0.000922 -0.000922 0 0.001409 -0.001409 0 0.011752 -0.011752 0 0.000063 -0.000063 0 0.000785 -0.000785 0 0 0 0 0.000004 -0.000004 54.12143 光伏 烈阳光伏站 0 0.043754 -0.043754 0 0.062375 -0.062375 0 0.095326 -0.095326 0 0.794948 -0.794948 0 0.004286 -0.004286 0 0.053115 -0.053115 0 0 0 0 0.000253 -0.000253 3660.8144 气电 临桂电厂 0 0.279509 -0.279509 22.936295 0.398467 22.537828 0.022654 0.608965 -0.586312 22.145381 5.078306 17.067075 0 0.027381 -0.027381 1.98885 0.339308 1.649542 0 0 0 0 0.001614 -0.001614 23386145 小生物质 灵山金利亚发电厂 0 0.025982 -0.025982 0 0.03704 -0.03704 0 0.056606 -0.056606 0 0.472055 -0.472055 0 0.002545 -0.002545 0 0.03154 -0.03154 0 0 0 0 0.00015 -0.00015 4347.7146 风电 岭脚风电场 0 0.144593 -0.144593 0 0.206131 -0.206131 0 0.315023 -0.315023 0 2.627056 -2.627056 0 0.014164 -0.014164 0 0.175527 -0.175527 0 0 0 0 0.000835 -0.000835 12097.8147 光伏 柳花岭光伏站 0 0.114647 -0.114647 0 0.163441 -0.163441 0 0.249782 -0.249782 0 2.08299 -2.08299 0 0.011231 -0.011231 0 0.139175 -0.139175 0 0 0 0 0.000662 -0.000662 9592.334148 小生物质 柳州静脉电厂 0 0.150942 -0.150942 0 0.215183 -0.215183 0 0.328857 -0.328857 0 2.742421 -2.742421 0 0.014786 -0.014786 0 0.183235 -0.183235 0 0 0 0 0.000872 -0.000872 25258.127149 小生物质 柳州鑫能生物质电厂 0 0.006113 -0.006113 0 0.008715 -0.008715 0 0.013319 -0.013319 0 0.111073 -0.111073 0 0.000599 -0.000599 0 0.007421 -0.007421 0 0 0 0 0.000035 -0.000035 1023150 小水电 六甲电厂 0 0.008195 -0.008195 0 0.011682 -0.011682 0 0.017854 -0.017854 0 0.148886 -0.148886 0 0.000803 -0.000803 0 0.009948 -0.009948 0 0 0 0 0.000047 -0.000047 685.634151 煤电1(≥60) 六景电厂 0 4.802563 -4.802563 22.2255 6.84651 15.37899 0 10.463316 -10.463316 212.434044 87.256097 125.177947 0 0.470459 -0.470459 7.607075 5.830036 1.777039 0 0 0 0 0.027737 -0.027737 401821.2152 风电 六林冲风电场 0 0.294918 -0.294918 0 0.420433 -0.420433 0 0.642536 -0.642536 0 5.358258 -5.358258 0 0.02889 -0.02889 0 0.358013 -0.358013 0 0 0 0 0.001703 -0.001703 24675.2153 风电 六字界风电场 0 0.086719 -0.086719 0 0.123626 -0.123626 0 0.188934 -0.188934 0 1.575565 -1.575565 0 0.008495 -0.008495 0 0.105272 -0.105272 0 0 0 0 0.000501 -0.000501 7255.6154 小生物质 龙回电厂 0 0.003087 -0.003087 0 0.004401 -0.004401 0 0.006726 -0.006726 0 0.056086 -0.056086 0 0.000302 -0.000302 0 0.003747 -0.003747 0 0 0 0 0.000018 -0.000018 516.56155 风电 龙门风电场 0 0.610829 -0.610829 0 0.870795 -0.870795 0 1.330809 -1.330809 0 11.097938 -11.097938 0 0.059837 -0.059837 0 0.741511 -0.741511 0 0 0 0 0.003528 -0.003528 51106.88156 水电 龙滩电厂 1.6911 5.760479 -4.069379 0 8.21211 -8.21211 51.878278 12.55032 39.327958 0.747867 104.660129 -103.912262 0 0.564296 -0.564296 0.017835 6.992891 -6.975055 0 0 0 0 0.03327 -0.03327 481968.142157 风电 龙头风电场 0 0.25282 -0.25282 0 0.36042 -0.36042 0 0.550818 -0.550818 0 4.593407 -4.593407 0 0.024766 -0.024766 0 0.30691 -0.30691 0 0 0 0 0.00146 -0.00146 21153158 小水电 龙溪电厂 0 0.003413 -0.003413 0 0.004866 -0.004866 0 0.007437 -0.007437 0 0.062018 -0.062018 0 0.000334 -0.000334 0 0.004144 -0.004144 0 0 0 0 0.00002 -0.00002 285.6159 小水电 龙兴电厂 0 0.003228 -0.003228 0 0.004601 -0.004601 0 0.007032 -0.007032 0 0.058644 -0.058644 0 0.000316 -0.000316 0 0.003918 -0.003918 0 0 0 0 0.000019 -0.000019 270.06160 风电 隆润风电场 0 0.280934 -0.280934 0 0.400499 -0.400499 0 0.61207 -0.61207 0 5.104199 -5.104199 0 0.02752 -0.02752 0 0.341038 -0.341038 0 0 0 0 0.001623 -0.001623 23505.24161 水电 鲁布革电厂 0 0 0 0 0 0 0 0 0 0 0 0 0 0 0 0 0 0 0 0 0 0 0 0162 光伏 陆坡光伏站 0 0.019514 -0.019514 0 0.027819 -0.027819 0 0.042515 -0.042515 0 0.354539 -0.354539 0 0.001912 -0.001912 0 0.023689 -0.023689 0 0 0 0 0.000113 -0.000113 1632.68163 小生物质 绿发电厂 0 0.044395 -0.044395 0 0.06329 -0.06329 0 0.096724 -0.096724 0 0.806605 -0.806605 0 0.004349 -0.004349 0 0.053894 -0.053894 0 0 0 0 0.000256 -0.000256 7428.96164 水电 洛东电厂 0 0.001 -0.001 0 0.001425 -0.001425 0.010187 0.002178 0.008009 0.00496 0.018163 -0.013202 0 0.000098 -0.000098 0 0.001214 -0.001214 0 0 0 0 0.000006 -0.000006 83.64165 风电 洛山风电场 0 0.09616 -0.09616 0 0.137085 -0.137085 0 0.209503 -0.209503 0 1.747097 -1.747097 0 0.00942 -0.00942 0 0.116733 -0.116733 0 0 0 0 0.000555 -0.000555 8045.52166 水电 麻石电厂 0 0.075949 -0.075949 0 0.108273 -0.108273 0.046489 0.16547 -0.118981 0.624203 1.379894 -0.755691 0 0.00744 -0.00744 0 0.092198 -0.092198 0 0 0 0 0.000439 -0.000439 6354.52167 风电 马家风电场 0 0.124249 -0.124249 0 0.177129 -0.177129 0 0.2707 -0.2707 0 2.257435 -2.257435 0 0.012171 -0.012171 0 0.150831 -0.150831 0 0 0 0 0.000718 -0.000718 10395.667168 气电 马园电厂 60 0 60 27.899374 0 27.899374 0 0 0 0 0 0 0 0 0 0 0 0 0 0 0 0 0 0 0169 风电 马子岭风电场 0 0.332655 -0.332655 0 0.474232 -0.474232 0 0.724754 -0.724754 0 6.043901 -6.043901 0 0.032587 -0.032587 0 0.403825 -0.403825 0 0 0 0 0.001921 -0.001921 27832.64170 风电 米康风电场 0 0.101459 -0.101459 0 0.14464 -0.14464 0 0.221049 -0.221049 0 1.843382 -1.843382 0 0.009939 -0.009939 0 0.123166 -0.123166 0 0 0 0 0.000586 -0.000586 8488.92171 小生物质 蜜朋电厂 0 0.086822 -0.086822 0 0.123773 -0.123773 0 0.189159 -0.189159 0 1.577443 -1.577443 0 0.008505 -0.008505 0 0.105397 -0.105397 0 0 0 0 0.000501 -0.000501 14528.5172 风电 蜜源风电场 0 0.167138 -0.167138 0 0.238271 -0.238271 0 0.364142 -0.364142 0 3.036665 -3.036665 0 0.016373 -0.016373 0 0.202895 -0.202895 0 0 0 0 0.000965 -0.000965 13984.08173 水电 苗都电厂 0 0 0 0 0 0 0 0 0 0 0 0 0 0 0 0 0 0 0 0 0 0 0 0 0174 风电 妙郎山风电场 0 0.131127 -0.131127 0 0.186934 -0.186934 0 0.285685 -0.285685 0 2.382397 -2.382397 0 0.012845 -0.012845 0 0.15918 -0.15918 0 0 0 0 0.000757 -0.000757 10971.125175 光伏 民钦光伏站 0 0.348769 -0.348769 0 0.497203 -0.497203 0 0.75986 -0.75986 0 6.336656 -6.336656 0 0.034165 -0.034165 0 0.423385 -0.423385 0 0 0 0 0.002014 -0.002014 29180.8176 风电 木格风电场 0 0.32138 -0.32138 0 0.458158 -0.458158 0 0.70019 -0.70019 0 5.839049 -5.839049 0 0.031482 -0.031482 0 0.390137 -0.390137 0 0 0 0 0.001856 -0.001856 26889.28177 水电 那吉电厂 0 0.181273 -0.181273 0 0.258423 -0.258423 0.010075 0.394939 -0.384864 0.178184 3.293494 -3.11531 0 0.017758 -0.017758 0 0.220056 -0.220056 0 0 0 0 0.001047 -0.001047 15166.8178 小水电 那新电厂 0 0.000016 -0.000016 0 0.000022 -0.000022 0 0.000034 -0.000034 0 0.000287 -0.000287 0 0.000002 -0.000002 0 0.000019 -0.000019 0 0 0 0 0 0 1.32179 小水电 纳八电厂 0 0.002366 -0.002366 0 0.003374 -0.003374 0 0.005156 -0.005156 0 0.042996 -0.042996 0 0.000232 -0.000232 0 0.002873 -0.002873 0 0 0 0 0.000014 -0.000014 198180 小水电 南桂电厂 0 0.000294 -0.000294 0 0.00042 -0.00042 0 0.000641 -0.000641 0 0.005348 -0.005348 0 0.000029 -0.000029 0 0.000357 -0.000357 0 0 0 0 0.000002 -0.000002 24.63181 光伏 南甲光伏站 0 0.073183 -0.073183 0 0.104329 -0.104329 0 0.159442 -0.159442 0 1.329628 -1.329628 0 0.007169 -0.007169 0 0.088839 -0.088839 0 0 0 0 0.000423 -0.000423 6123.04182 风电 南山风电场 0 0.131093 -0.131093 0 0.186886 -0.186886 0 0.285612 -0.285612 0 2.381788 -2.381788 0 0.012842 -0.012842 0 0.15914 -0.15914 0 0 0 0 0.000757 -0.000757 10968.32183 小生物质 宁明东亚电厂 0 0.097385 -0.097385 0 0.138831 -0.138831 0 0.212172 -0.212172 0 1.769351 -1.769351 0 0.00954 -0.00954 0 0.11822 -0.11822 0 0 0 0 0.000562 -0.000562 16296184 风电 牛景岭风电场 0 0.639353 -0.639353 0 0.911459 -0.911459 0 1.392955 -1.392955 0 11.616183 -11.616183 0 0.062631 -0.062631 0 0.776138 -0.776138 0 0 0 0 0.003693 -0.003693 53493.44185 水电 牛湾电厂 0 0.101956 -0.101956 0 0.145349 -0.145349 0.007275 0.222132 -0.214857 0.000404 1.852411 -1.852007 0 0.009988 -0.009988 0 0.123769 -0.123769 0 0 0 0 0.000589 -0.000589 8530.5186 光伏 弄滩光伏站 0 0 0 0 0 0 0 0 0 0 0 0 0 0 0 0 0 0 0 0 0 0 0 0 0187 光伏 暖阳光伏站 0 0.085983 -0.085983 0 0.122576 -0.122576 0 0.18733 -0.18733 0 1.562188 -1.562188 0 0.008423 -0.008423 0 0.104378 -0.104378 0 0 0 0 0.000497 -0.000497 7194188 小水电 糯米滩电厂 0 0.011573 -0.011573 0 0.016499 -0.016499 0 0.025215 -0.025215 0 0.21027 -0.21027 0 0.001134 -0.001134 0 0.014049 -0.014049 0 0 0 0 0.000067 -0.000067 968.31189 光伏 排塘光伏站 0 0.090041 -0.090041 0 0.128362 -0.128362 0 0.196172 -0.196172 0 1.635929 -1.635929 0 0.00882 -0.00882 0 0.109305 -0.109305 0 0 0 0 0.00052 -0.00052 7533.582190 风电 佩光风电场 0 0.123941 -0.123941 0 0.17669 -0.17669 0 0.27003 -0.27003 0 2.251844 -2.251844 0 0.012141 -0.012141 0 0.150457 -0.150457 0 0 0 0 0.000716 -0.000716 10369.92191 水电 平班电厂 0 0.688795 -0.688795 0 0.981943 -0.981943 14.119426 1.500673 12.618753 37.036466 12.514475 24.521991 0 0.067474 -0.067474 0 0.836158 -0.836158 0 0 0 0 0.003978 -0.003978 57630.144192 风电 平鼓山风电场 0 0.165323 -0.165323 0 0.235684 -0.235684 0 0.360189 -0.360189 0 3.003701 -3.003701 0 0.016195 -0.016195 0 0.200693 -0.200693 0 0 0 0 0.000955 -0.000955 13832.28193 小生物质 平里垃圾发电厂 0 0.151557 -0.151557 0 0.216059 -0.216059 0 0.330197 -0.330197 0 2.75359 -2.75359 0 0.014847 -0.014847 0 0.183982 -0.183982 0 0 0 0 0.000875 -0.000875 25361194 小水电 平林电厂 0 0.011769 -0.011769 0 0.016778 -0.016778 0 0.025642 -0.025642 0 0.213833 -0.213833 0 0.001153 -0.001153 0 0.014287 -0.014287 0 0 0 0 0.000068 -0.000068 984.72195 小生物质 平南环保发电厂 0 0.040058 -0.040058 0 0.057107 -0.057107 0 0.087275 -0.087275 0 0.727805 -0.727805 0 0.003924 -0.003924 0 0.048628 -0.048628 0 0 0 0 0.000231 -0.000231 6703.2196 风电 平天山风电场 0 0.200211 -0.200211 0 0.28542 -0.28542 0 0.436199 -0.436199 0 3.637569 -3.637569 0 0.019613 -0.019613 0 0.243045 -0.243045 0 0 0 0 0.001156 -0.001156 16751.292197 光伏 浦峙光伏站 0 0 0 0 0 0 0 0 0 0 0 0 0 0 0 0 0 0 0 0 0 0 0 0 0198 风电 麒麟风电场 0 0.17146 -0.17146 0 0.244433 -0.244433 0 0.37356 -0.37356 0 3.115204 -3.115204 0 0.016796 -0.016796 0 0.208143 -0.208143 0 0 0 0 0.00099 -0.00099 14345.76199 水电 桥巩电厂 0 1.753362 -1.753362 0 2.499584 -2.499584 0.000016 3.820039 -3.820023 0.09405 31.856219 -31.762169 0 0.171759 -0.171759 0 2.128481 -2.128481 0 0 0 0 0.010127 -0.010127 146700.4200 风电 钦南风电场 0 0.153461 -0.153461 0 0.218773 -0.218773 0 0.334344 -0.334344 0 2.788172 -2.788172 0 0.015033 -0.015033 0 0.186292 -0.186292 0 0 0 0 0.000886 -0.000886 12839.75201 煤电1(≥60) 钦州电厂(二期) 0 11.509767 -11.509767 0 16.408266 -16.408266 2.612366 25.07626 -22.463894 390.268814 209.116943 181.151871 0 1.127497 -1.127497 23.788925 13.972197 9.816728 0 0 0 0 0.066475 -0.066475 963000202 煤电1(≥60) 钦州电厂(一期) 0 4.230766 -4.230766 0 6.031358 -6.031358 7.803123 9.217544 -1.414421 233.992305 76.867306 157.124999 0 0.414446 -0.414446 8.40285 5.135907 3.266943 0 0 0 0 0.024435 -0.024435 353980203 小生物质 钦州海诺尔垃圾发电厂 0 0.054961 -0.054961 0 0.078352 -0.078352 0 0.119743 -0.119743 0 0.998566 -0.998566 0 0.005384 -0.005384 0 0.066719 -0.066719 0 0 0 0 0.000317 -0.000317 9196.95204 小生物质 钦州琦泉生物质电厂 0 0.050568 -0.050568 0 0.07209 -0.07209 0 0.110172 -0.110172 0 0.918753 -0.918753 0 0.004954 -0.004954 0 0.061387 -0.061387 0 0 0 0 0.000292 -0.000292 8461.86205 风电 秦淮风电场 0 0.212459 -0.212459 0 0.30288 -0.30288 0 0.462882 -0.462882 0 3.860086 -3.860086 0 0.020812 -0.020812 0 0.257913 -0.257913 0 0 0 0 0.001227 -0.001227 17776206 小水电 青狮潭电厂 0 0.042681 -0.042681 0 0.060846 -0.060846 0 0.092989 -0.092989 0 0.775459 -0.775459 0 0.004181 -0.004181 0 0.051812 -0.051812 0 0 0 0 0.000247 -0.000247 3571.05207 风电 晴岚风电场 0 0.139571 -0.139571 0 0.198971 -0.198971 0 0.304082 -0.304082 0 2.535809 -2.535809 0 0.013672 -0.013672 0 0.169431 -0.169431 0 0 0 0 0.000806 -0.000806 11677.6208 光伏 琼恩光伏站 0 0 0 0 0 0 0 0 0 0 0 0 0 0 0 0 0 0 0 0 0 0 0 0 0209 风电 坵坪风电场 0 1.601854 -1.601854 0 2.283595 -2.283595 0 3.489949 -3.489949 0 29.103519 -29.103519 0 0.156918 -0.156918 0 1.944558 -1.944558 0 0 0 0 0.009252 -0.009252 134024210 风电 全达风电场 0 0.235665 -0.235665 0 0.335963 -0.335963 0 0.513442 -0.513442 0 4.281718 -4.281718 0 0.023086 -0.023086 0 0.286084 -0.286084 0 0 0 0 0.001361 -0.001361 19717.65211 光伏 全达光伏站 0 0.024196 -0.024196 0 0.034493 -0.034493 0 0.052715 -0.052715 0 0.439602 -0.439602 0 0.00237 -0.00237 0 0.029372 -0.029372 0 0 0 0 0.00014 -0.00014 2024.4212 煤电2(≥30,<60) 仁义电厂 0 1.684484 -1.684484 2.818961 2.401392 0.41757 0.313396 3.669975 -3.356579 93.752292 30.604797 63.147496 0 0.165012 -0.165012 0.455125 2.044867 -1.589742 0 0 0 0 0.009729 -0.009729 140937.5213 光伏 荣屯光伏站 0 0.016129 -0.016129 0 0.022993 -0.022993 0 0.03514 -0.03514 0 0.293037 -0.293037 0 0.00158 -0.00158 0 0.019579 -0.019579 0 0 0 0 0.000093 -0.000093 1349.46214 风电 锐航风电场 0 0.085321 -0.085321 0 0.121633 -0.121633 0 0.185888 -0.185888 0 1.550167 -1.550167 0 0.008358 -0.008358 0 0.103575 -0.103575 0 0 0 0 0.000493 -0.000493 7138.64

结算序号电厂类型 电厂名称 补偿汇总表一黑启动补偿费用(万元)黑启动补偿缴纳费用(万元)黑启动补偿净收入(万元)冷备用补偿费用(万元)冷备用补偿缴纳费用(万元)冷备用补偿净收入(万元)无功补偿费用(万元)无功补偿缴纳费用(万元)无功补偿净收入(万元)旋转备用补偿费用(万元)旋转备用补偿缴纳费用(万元)旋转备用补偿净收入(万元)AVC补偿费用(万元)AVC补偿缴纳费用(万元)AVC补偿净收入(万元)一次调频补偿费用(万元)一次调频补偿缴纳费用(万元)一次调频补偿净收入(万元)转动惯量补偿费用(万元)转动惯量补偿缴纳费用(万元)转动惯量补偿净收入(万元)稳定切机补偿费用(万元)稳定切机补偿缴纳费用(万元)稳定切机补偿净收入(万元)上网电量(MWh)215 风电 润堡风电场 0 0.135789 -0.135789 0 0.19358 -0.19358 0 0.295842 -0.295842 0 2.467098 -2.467098 0 0.013302 -0.013302 0 0.16484 -0.16484 0 0 0 0 0.000784 -0.000784 11361.18216 风电 润佳风电场 0 0.203802 -0.203802 0 0.29054 -0.29054 0 0.444023 -0.444023 0 3.702816 -3.702816 0 0.019964 -0.019964 0 0.247405 -0.247405 0 0 0 0 0.001177 -0.001177 17051.76217 风电 润南风电场 0 0.225046 -0.225046 0 0.320824 -0.320824 0 0.490306 -0.490306 0 4.088777 -4.088777 0 0.022045 -0.022045 0 0.273193 -0.273193 0 0 0 0 0.0013 -0.0013 18829.138218 煤电3(<30) 三祥联产发电厂 0 0.044434 -0.044434 0 0.063345 -0.063345 0 0.096808 -0.096808 0 0.807304 -0.807304 0 0.004353 -0.004353 0 0.05394 -0.05394 0 0 0 0 0.000257 -0.000257 3717.7219 水电 山秀电厂 0 0.081802 -0.081802 0 0.116616 -0.116616 0.057695 0.178221 -0.120526 1.180421 1.486229 -0.305807 0 0.008013 -0.008013 0 0.099303 -0.099303 0 0 0 0 0.000472 -0.000472 6844.2220 小生物质 上罗电厂 0 0.097358 -0.097358 0 0.138793 -0.138793 0 0.212113 -0.212113 0 1.768864 -1.768864 0 0.009537 -0.009537 0 0.118187 -0.118187 0 0 0 0 0.000562 -0.000562 16291.52221 光伏 申丰光伏站 0 0.01826 -0.01826 0 0.026031 -0.026031 0 0.039782 -0.039782 0 0.331753 -0.331753 0 0.001789 -0.001789 0 0.022166 -0.022166 0 0 0 0 0.000105 -0.000105 1527.75222 小生物质 深能电厂 0 0.11778 -0.11778 0 0.167907 -0.167907 0 0.256607 -0.256607 0 2.139911 -2.139911 0 0.011538 -0.011538 0 0.142979 -0.142979 0 0 0 0 0.00068 -0.00068 19708.92223 煤电2(≥30,<60) 神鹿热电厂 0 3.277595 -3.277595 10.540836 4.672522 5.868314 5.186847 7.140875 -1.954028 145.996434 59.54947 86.446964 0 0.321073 -0.321073 9.902625 3.978811 5.923814 0 0 0 0 0.01893 -0.01893 274230224 风电 狮子岭风电场 0 0.376746 -0.376746 0 0.537087 -0.537087 0 0.820814 -0.820814 0 6.844964 -6.844964 0 0.036906 -0.036906 0 0.457348 -0.457348 0 0 0 0 0.002176 -0.002176 31521.6225 小水电 石别水电厂 0 0.0204 -0.0204 0 0.029083 -0.029083 0 0.044446 -0.044446 0 0.370648 -0.370648 0 0.001998 -0.001998 0 0.024765 -0.024765 0 0 0 0 0.000118 -0.000118 1706.861226 光伏 石村光伏站 0 0.030537 -0.030537 0 0.043534 -0.043534 0 0.066532 -0.066532 0 0.554822 -0.554822 0 0.002991 -0.002991 0 0.037071 -0.037071 0 0 0 0 0.000176 -0.000176 2555227 风电 首龙风电场 0 0.180469 -0.180469 0 0.257275 -0.257275 0 0.393186 -0.393186 0 3.278875 -3.278875 0 0.017679 -0.017679 0 0.219079 -0.219079 0 0 0 0 0.001042 -0.001042 15099.48228 风电 水锦风电场 0 0.319214 -0.319214 0 0.45507 -0.45507 0 0.695469 -0.695469 0 5.799684 -5.799684 0 0.03127 -0.03127 0 0.387507 -0.387507 0 0 0 0 0.001844 -0.001844 26708229 小水电 思安江电厂 0 0 0 0 0 0 0 0 0 0 0 0 0 0 0 0 0 0 0 0 0 0 0 0 0230 小水电 思陇电厂 0 0.014956 -0.014956 0 0.021322 -0.021322 0 0.032585 -0.032585 0 0.271735 -0.271735 0 0.001465 -0.001465 0 0.018156 -0.018156 0 0 0 0 0.000086 -0.000086 1251.36231 风电 四方岭风电场 0 0.336515 -0.336515 0 0.479735 -0.479735 0 0.733164 -0.733164 0 6.114032 -6.114032 0 0.032965 -0.032965 0 0.40851 -0.40851 0 0 0 0 0.001944 -0.001944 28155.6232 水电 宋村电厂 0 0.190171 -0.190171 0 0.271107 -0.271107 0.339123 0.414325 -0.075202 3.885916 3.455159 0.430757 0 0.018629 -0.018629 0 0.230857 -0.230857 0 0 0 0 0.001098 -0.001098 15911.28233 风电 宿邓风电场 0 0.111139 -0.111139 0 0.158439 -0.158439 0 0.242138 -0.242138 0 2.019249 -2.019249 0 0.010887 -0.010887 0 0.134917 -0.134917 0 0 0 0 0.000642 -0.000642 9298.8234 光伏 滩面光伏站 0 0.021023 -0.021023 0 0.02997 -0.02997 0 0.045803 -0.045803 0 0.381961 -0.381961 0 0.002059 -0.002059 0 0.025521 -0.025521 0 0 0 0 0.000121 -0.000121 1758.96235 小生物质 藤县生物质电厂 0 0.046587 -0.046587 0 0.066415 -0.066415 0 0.1015 -0.1015 0 0.846431 -0.846431 0 0.004564 -0.004564 0 0.056554 -0.056554 0 0 0 0 0.000269 -0.000269 7795.76236 水电 天二电厂 1.4841 1.721366 -0.237266 0 2.453971 -2.453971 0.476021 3.750331 -3.274309 0.408599 31.274905 -30.866306 1.9904 0.168625 1.821775 0 2.08964 -2.08964 0 0 0 0.4947 0.009942 0.484758 144023.402237 风电 天堂顶风电场 0 0.474982 -0.474982 0 0.677132 -0.677132 0 1.03484 -1.03484 0 8.629776 -8.629776 0 0.046529 -0.046529 0 0.5766 -0.5766 0 0 0 0 0.002743 -0.002743 39740.8238 风电 天武风电场 0 0.147774 -0.147774 0 0.210666 -0.210666 0 0.321955 -0.321955 0 2.684862 -2.684862 0 0.014476 -0.014476 0 0.17939 -0.17939 0 0 0 0 0.000853 -0.000853 12364239 水电 天一电厂 0.951 0.738247 0.212753 0 1.052441 -1.052441 0.211309 1.608414 -1.397105 0.038126 13.412947 -13.374821 1.8183 0.072319 1.745981 0 0.896189 -0.896189 0 0 0 0 0.004264 -0.004264 61767.679240 光伏 通威光伏站 0 0.115464 -0.115464 0 0.164605 -0.164605 0 0.25156 -0.25156 0 2.097823 -2.097823 0 0.011311 -0.011311 0 0.140167 -0.140167 0 0 0 0 0.000667 -0.000667 9660.64241 水电 驮娘江电厂 0 0.027249 -0.027249 0 0.038846 -0.038846 0 0.059367 -0.059367 10.241823 0.495075 9.746748 0 0.002669 -0.002669 0 0.033079 -0.033079 0 0 0 0 0.000157 -0.000157 2279.86242 风电 碗窑风电场 0 0.795016 -0.795016 0 1.133371 -1.133371 0 1.732096 -1.732096 0 14.444365 -14.444365 0 0.07788 -0.07788 0 0.965104 -0.965104 0 0 0 0 0.004592 -0.004592 66517.44243 水电 旺村电厂 0 0.095317 -0.095317 0 0.135884 -0.135884 0.009576 0.207667 -0.19809 0.854862 1.731784 -0.876922 0 0.009337 -0.009337 0 0.11571 -0.11571 0 0 0 0 0.000551 -0.000551 7975244 小生物质 旺能电厂 0 0.033254 -0.033254 0 0.047407 -0.047407 0 0.07245 -0.07245 0 0.604179 -0.604179 0 0.003258 -0.003258 0 0.040368 -0.040368 0 0 0 0 0.000192 -0.000192 5564.58245 风电 沃岭风电场 0 0.193467 -0.193467 0 0.275805 -0.275805 0 0.421504 -0.421504 0 3.515026 -3.515026 0 0.018952 -0.018952 0 0.234857 -0.234857 0 0 0 0 0.001117 -0.001117 16186.971246 水电 乌东德右岸电厂 0 3.496779 -3.496779 0 4.98499 -4.98499 3.42967 7.618411 -4.188741 0.004854 63.531754 -63.526899 0 0.342544 -0.342544 2.445505 4.244889 -1.799384 0 0 0 0.1986 0.020196 0.178404 292568.732247 水电 乌东德左岸电厂 0 3.496779 -3.496779 0 4.98499 -4.98499 0.507168 7.618411 -7.111243 0.002623 63.531754 -63.529131 0 0.342544 -0.342544 1.260687 4.244889 -2.984202 0 0 0 0.196865 0.020196 0.176669 292568.732248 光伏 乌家光伏站 0 0.054429 -0.054429 0 0.077594 -0.077594 0 0.118585 -0.118585 0 0.988908 -0.988908 0 0.005332 -0.005332 0 0.066074 -0.066074 0 0 0 0 0.000314 -0.000314 4554249 小生物质 梧州市静脉产业园垃圾发电厂 0 0.096426 -0.096426 0 0.137464 -0.137464 0 0.210083 -0.210083 0 1.751931 -1.751931 0 0.009446 -0.009446 0 0.117056 -0.117056 0 0 0 0 0.000557 -0.000557 16135.56250 小水电 西岸电厂 0 0.00264 -0.00264 0 0.003764 -0.003764 0 0.005753 -0.005753 0 0.047973 -0.047973 0 0.000259 -0.000259 0 0.003205 -0.003205 0 0 0 0 0.000015 -0.000015 220.92251 光伏 西江机场光伏站 0 0.042602 -0.042602 0 0.060733 -0.060733 0 0.092816 -0.092816 0 0.774015 -0.774015 0 0.004173 -0.004173 0 0.051716 -0.051716 0 0 0 0 0.000246 -0.000246 3564.4252 水电 西津电厂 3 0.419371 2.580629 0 0.597853 -0.597853 0.109897 0.913681 -0.803784 0.016185 7.619403 -7.603217 0 0.041082 -0.041082 0 0.509092 -0.509092 0 0 0 0 0.002422 -0.002422 35087.949253 风电 霞义山风电场 0 0.371729 -0.371729 0 0.529935 -0.529935 0 0.809884 -0.809884 0 6.753813 -6.753813 0 0.036415 -0.036415 0 0.451258 -0.451258 0 0 0 0 0.002147 -0.002147 31101.84254 小水电 下六甲电厂 0 0.002182 -0.002182 0 0.003111 -0.003111 0 0.004754 -0.004754 0 0.039645 -0.039645 0 0.000214 -0.000214 0 0.002649 -0.002649 0 0 0 0 0.000013 -0.000013 182.57255 水电 下桥电厂 0 0.011612 -0.011612 0 0.016553 -0.016553 0 0.025298 -0.025298 0 0.210967 -0.210967 0 0.001137 -0.001137 0 0.014096 -0.014096 0 0 0 0 0.000067 -0.000067 971.52256 小水电 下石龙电厂 0 0.065693 -0.065693 0 0.093652 -0.093652 0 0.143125 -0.143125 0 1.193555 -1.193555 0 0.006435 -0.006435 0 0.079748 -0.079748 0 0 0 0 0.000379 -0.000379 5496.415257 小水电 下湘水电厂 0 0.000432 -0.000432 0 0.000615 -0.000615 0 0.000941 -0.000941 0 0.007844 -0.007844 0 0.000042 -0.000042 0 0.000524 -0.000524 0 0 0 0 0.000002 -0.000002 36.12258 水电 仙衣滩电厂 0 0.303529 -0.303529 0 0.43271 -0.43271 0.000769 0.661298 -0.660529 0.000703 5.51472 -5.514017 0 0.029734 -0.029734 0 0.368467 -0.368467 0 0 0 0 0.001753 -0.001753 25395.72259 小水电 先锋电厂 0 0.032749 -0.032749 0 0.046687 -0.046687 0 0.071351 -0.071351 0 0.595013 -0.595013 0 0.003208 -0.003208 0 0.039756 -0.039756 0 0 0 0 0.000189 -0.000189 2740.08260 风电 祥甜风电场 0 0.282749 -0.282749 0 0.403085 -0.403085 0 0.616023 -0.616023 0 5.137163 -5.137163 0 0.027698 -0.027698 0 0.343241 -0.343241 0 0 0 0 0.001633 -0.001633 23657.04261 小水电 响水洞电厂 0 0.002443 -0.002443 0 0.003482 -0.003482 0 0.005322 -0.005322 0 0.044381 -0.044381 0 0.000239 -0.000239 0 0.002965 -0.002965 0 0 0 0 0.000014 -0.000014 204.38262 小生物质 象州理昂生物质发电厂 0 0.077371 -0.077371 0 0.110299 -0.110299 0 0.168567 -0.168567 0 1.405722 -1.405722 0 0.007579 -0.007579 0 0.093924 -0.093924 0 0 0 0 0.000447 -0.000447 12946.92263 小水电 小龙潭电厂 0 0.011942 -0.011942 0 0.017024 -0.017024 0 0.026017 -0.026017 0 0.216965 -0.216965 0 0.00117 -0.00117 0 0.014497 -0.014497 0 0 0 0 0.000069 -0.000069 999.139264 小水电 小溶江电厂 0 0.016422 -0.016422 0 0.023412 -0.023412 0 0.035779 -0.035779 0 0.298373 -0.298373 0 0.001609 -0.001609 0 0.019936 -0.019936 0 0 0 0 0.000095 -0.000095 1374.03265 光伏 小湾光伏站 0 0.06989 -0.06989 0 0.099635 -0.099635 0 0.15227 -0.15227 0 1.269815 -1.269815 0 0.006846 -0.006846 0 0.084843 -0.084843 0 0 0 0 0.000404 -0.000404 5847.6266 小水电 小寨电厂 0 0.032531 -0.032531 0 0.046376 -0.046376 0 0.070875 -0.070875 0 0.591044 -0.591044 0 0.003187 -0.003187 0 0.039491 -0.039491 0 0 0 0 0.000188 -0.000188 2721.802267 风电 协合风电场 0 0.453 -0.453 0 0.645794 -0.645794 0 0.986947 -0.986947 0 8.230391 -8.230391 0 0.044376 -0.044376 0 0.549915 -0.549915 0 0 0 0 0.002616 -0.002616 37901.6268 光伏 鑫奥光伏站 0 0.050748 -0.050748 0 0.072346 -0.072346 0 0.110565 -0.110565 0 0.922025 -0.922025 0 0.004971 -0.004971 0 0.061605 -0.061605 0 0 0 0 0.000293 -0.000293 4246269 小水电 兴隆电厂 0 0.004428 -0.004428 0 0.006313 -0.006313 0 0.009648 -0.009648 0 0.080454 -0.080454 0 0.000434 -0.000434 0 0.005376 -0.005376 0 0 0 0 0.000026 -0.000026 370.495270 光伏 兴旺光伏站 0 0 0 0 0 0 0 0 0 0 0 0 0 0 0 0 0 0 0 0 0 0 0 0 0271 煤电1(≥60) 兴义电厂 0 0 0 0 0 0 0.001863 0 0.001863 0.032366 0 0.032366 0.001 0 0.001 0.000253 0 0.000253 0 0 0 0 0 0 0272 风电 旭晖风电场 0 0.238172 -0.238172 0 0.339537 -0.339537 0 0.518904 -0.518904 0 4.327264 -4.327264 0 0.023331 -0.023331 0 0.289127 -0.289127 0 0 0 0 0.001376 -0.001376 19927.391273 光伏 旭晖光伏站 0 0.071208 -0.071208 0 0.101513 -0.101513 0 0.15514 -0.15514 0 1.293747 -1.293747 0 0.006976 -0.006976 0 0.086442 -0.086442 0 0 0 0 0.000411 -0.000411 5957.809274 光伏 旭日升光伏站 0 0.000522 -0.000522 0 0.000744 -0.000744 0 0.001137 -0.001137 0 0.009485 -0.009485 0 0.000051 -0.000051 0 0.000634 -0.000634 0 0 0 0 0.000003 -0.000003 43.68275 水电 浔州电厂 0 3.013862 -3.013862 0 4.296546 -4.296546 0.007519 6.566283 -6.558764 0.296602 54.757804 -54.461202 0 0.295238 -0.295238 0 3.658655 -3.658655 0 0 0 0 0.017407 -0.017407 252164276 风电 迅风风电场 0 0.322026 -0.322026 0 0.459079 -0.459079 0 0.701597 -0.701597 0 5.850785 -5.850785 0 0.031546 -0.031546 0 0.390922 -0.390922 0 0 0 0 0.00186 -0.00186 26943.326277 水电 岩滩电厂 3 5.042246 -2.042246 0 7.188201 -7.188201 112.890504 10.985511 101.904993 55.794798 91.610811 -35.816012 0 0.493938 -0.493938 0 6.120997 -6.120997 0 0 0 0 0.029122 -0.029122 421875278 风电 羊加山风电场 0 0.099813 -0.099813 0 0.142294 -0.142294 0 0.217463 -0.217463 0 1.813476 -1.813476 0 0.009778 -0.009778 0 0.121168 -0.121168 0 0 0 0 0.000576 -0.000576 8351.2279 风电 杨村风电场 0 0.22193 -0.22193 0 0.316382 -0.316382 0 0.483517 -0.483517 0 4.032166 -4.032166 0 0.02174 -0.02174 0 0.26941 -0.26941 0 0 0 0 0.001282 -0.001282 18568.44280 小水电 杨家桥电厂 0 0.002228 -0.002228 0 0.003176 -0.003176 0 0.004854 -0.004854 0 0.040476 -0.040476 0 0.000218 -0.000218 0 0.002704 -0.002704 0 0 0 0 0.000013 -0.000013 186.396281 水电 叶茂电厂 0 0.042459 -0.042459 0 0.060529 -0.060529 0.000002 0.092505 -0.092502 0.000944 0.771418 -0.770473 0 0.004159 -0.004159 0 0.051542 -0.051542 0 0 0 0 0.000245 -0.000245 3552.44282 小生物质 宜州琦泉生物质发电厂 0 0 0 0 0 0 0 0 0 0 0 0 0 0 0 0 0 0 0 0 0 0 0 0 0283 小水电 银河电厂 0 0.014136 -0.014136 0 0.020152 -0.020152 0 0.030798 -0.030798 0 0.256829 -0.256829 0 0.001385 -0.001385 0 0.01716 -0.01716 0 0 0 0 0.000082 -0.000082 1182.72284 光伏 英利光伏站 0 0.032027 -0.032027 0 0.045657 -0.045657 0 0.069776 -0.069776 0 0.581879 -0.581879 0 0.003137 -0.003137 0 0.038878 -0.038878 0 0 0 0 0.000185 -0.000185 2679.6285 光伏 英学光伏站 0 0.084878 -0.084878 0 0.121002 -0.121002 0 0.184924 -0.184924 0 1.542123 -1.542123 0 0.008315 -0.008315 0 0.103037 -0.103037 0 0 0 0 0.00049 -0.00049 7101.6286 风电 鹰斗岭风电场 0 0.344665 -0.344665 0 0.491352 -0.491352 0 0.750919 -0.750919 0 6.262094 -6.262094 0 0.033763 -0.033763 0 0.418403 -0.418403 0 0 0 0 0.001991 -0.001991 28837.434287 光伏 永福光伏站 0 0.039959 -0.039959 0 0.056966 -0.056966 0 0.087059 -0.087059 0 0.72601 -0.72601 0 0.003914 -0.003914 0 0.048508 -0.048508 0 0 0 0 0.000231 -0.000231 3343.331288 煤电2(≥30,<60) 永福扩建 0 2.636056 -2.636056 5.350664 3.757948 1.592716 0 5.743159 -5.743159 83.484985 47.893578 35.591407 0 0.258228 -0.258228 7.44975 3.20002 4.24973 0 0 0 0 0.015225 -0.015225 220553.699289 水电 右江电厂 6 1.086032 4.913968 0 1.548241 -1.548241 1.34707 2.36613 -1.019061 10.346303 19.731728 -9.385424 0 0.106388 -0.106388 0 1.31838 -1.31838 0 0 0 0 0.006272 -0.006272 90866.16290 水电 鱼梁电厂 0 0.141785 -0.141785 0 0.202127 -0.202127 0.026199 0.308905 -0.282706 0.001157 2.576034 -2.574877 0 0.013889 -0.013889 0 0.172118 -0.172118 0 0 0 0 0.000819 -0.000819 11862.84291 风电 宇阳风电场 0 0.490863 -0.490863 0 0.699773 -0.699773 0 1.069441 -1.069441 0 8.918327 -8.918327 0 0.048085 -0.048085 0 0.59588 -0.59588 0 0 0 0 0.002835 -0.002835 41069.6292 光伏 玉柴光伏站 0 0.173133 -0.173133 0 0.246817 -0.246817 0 0.377203 -0.377203 0 3.145588 -3.145588 0 0.01696 -0.01696 0 0.210173 -0.210173 0 0 0 0 0.001 -0.001 14485.68293 光伏 玉峰光伏站 0 0.109547 -0.109547 0 0.15617 -0.15617 0 0.23867 -0.23867 0 1.990323 -1.990323 0 0.010731 -0.010731 0 0.132984 -0.132984 0 0 0 0 0.000633 -0.000633 9165.593294 风电 月亮山风电场 0 0.255607 -0.255607 0 0.364392 -0.364392 0 0.556889 -0.556889 0 4.644027 -4.644027 0 0.025039 -0.025039 0 0.310292 -0.310292 0 0 0 0 0.001476 -0.001476 21386.112295 风电 云飞风电场 0 0.285967 -0.285967 0 0.407673 -0.407673 0 0.623035 -0.623035 0 5.195634 -5.195634 0 0.028013 -0.028013 0 0.347147 -0.347147 0 0 0 0 0.001652 -0.001652 23926.304296 风电 泽丰风电场 0 0.162231 -0.162231 0 0.231276 -0.231276 0 0.353452 -0.353452 0 2.94752 -2.94752 0 0.015892 -0.015892 0 0.196939 -0.196939 0 0 0 0 0.000937 -0.000937 13573.56297 光伏 寨安光伏站 0 0 0 0 0 0 0 0 0 0 0 0 0 0 0 0 0 0 0 0 0 0 0 0 0298 光伏 者显光伏站 0 0.055218 -0.055218 0 0.078719 -0.078719 0 0.120304 -0.120304 0 1.00324 -1.00324 0 0.005409 -0.005409 0 0.067032 -0.067032 0 0 0 0 0.000319 -0.000319 4620299 光伏 振国光伏站 0 0.058164 -0.058164 0 0.082918 -0.082918 0 0.126721 -0.126721 0 1.05676 -1.05676 0 0.005698 -0.005698 0 0.070608 -0.070608 0 0 0 0 0.000336 -0.000336 4866.465300 风电 镇龙山风电场 0 0.215456 -0.215456 0 0.307152 -0.307152 0 0.469412 -0.469412 0 3.914536 -3.914536 0 0.021106 -0.021106 0 0.261551 -0.261551 0 0 0 0 0.001244 -0.001244 18026.748301 小生物质 中科发电厂 0 0.06129 -0.06129 0 0.087375 -0.087375 0 0.133532 -0.133532 0 1.113557 -1.113557 0 0.006004 -0.006004 0 0.074403 -0.074403 0 0 0 0 0.000354 -0.000354 10256.04302 光伏 中民光伏站 0 0.019484 -0.019484 0 0.027776 -0.027776 0 0.04245 -0.04245 0 0.354 -0.354 0 0.001909 -0.001909 0 0.023653 -0.023653 0 0 0 0 0.000113 -0.000113 1630.2303 煤电1(≥60) 珠城电厂 0 6.39312 -6.39312 0 9.114 -9.114 0 13.928652 -13.928652 170.545882 116.154365 54.391518 0 0.62627 -0.62627 8.02405 7.760881 0.263169 0 0 0 0 0.036924 -0.036924 534900304 风电 珠光风电场 0 0.380731 -0.380731 0 0.542768 -0.542768 0 0.829497 -0.829497 0 6.917371 -6.917371 0 0.037296 -0.037296 0 0.462186 -0.462186 0 0 0 0 0.002199 -0.002199 31855.037305 光伏 珠光光伏站 0 0.016783 -0.016783 0 0.023926 -0.023926 0 0.036565 -0.036565 0 0.304924 -0.304924 0 0.001644 -0.001644 0 0.020374 -0.020374 0 0 0 0 0.000097 -0.000097 1404.2306 光伏 卓昇光伏站 0 0 0 0 0 0 0 0 0 0 0 0 0 0 0 0 0 0 0 0 0 0 0 0 0307 风电 梓坪风电场 0 0.150404 -0.150404 0 0.214415 -0.214415 0 0.327684 -0.327684 0 2.732635 -2.732635 0 0.014734 -0.014734 0 0.182582 -0.182582 0 0 0 0 0.000869 -0.000869 12584308 水电 左江电厂 0 0.109553 -0.109553 0 0.156178 -0.156178 0.023887 0.238682 -0.214795 0.095974 1.990428 -1.894454 0 0.010732 -0.010732 0 0.132991 -0.132991 0 0 0 0 0.000633 -0.000633 9166.08合计 -- -- 154.1262 154.1262 0 219.7215 219.7215 0 335.7938 335.7938 0 2800.2651 2800.2651 0 15.0982 15.0982 0 187.1004 187.1004 0 0 0 0 0.8902 0.8902 0 13092402.55