广西2023年2月“两个细则”及辅助服务市场数据清单                  根据南方区域“两个细则”技术支持系统统计，2月份广西并网运行考核总费用 （不含纳入调频、调峰等市场）为1319.433万元，辅助服务补偿总费用（不含调频、调峰等市场）3141.5618万元。        按照南方能源监管局的要求，辅助服务补偿及并网运行考核费用、各辅助服务市场等的考核及补偿费用全部分别结算，净收入分别按照各电厂上网电量占全网比例进行折算（深调补偿净收入按照调峰积分电量进行折算）。        各电厂分机组的净收入按照机组上网电量占全厂比例进行分摊。            详见下表：     表一、  结算汇总表     表二、“两个细则”并网运行考核汇总表     表三A、“两个细则”非停考核汇总表（单倍考核）                         表三B、“两个细则”非停考核汇总表（加倍考核）      表四、“两个细则”辅助服务补偿汇总表

结算序号 电厂类型 电厂名称“两个细则”考核费用“两个细则”考核返还费用发电计划考核净收入一次调频考核净收入非停考核(单倍)净收入非停考核(加倍)净收入“两个细则”补偿费用“两个细则”补偿分摊费用“两个细则”结算净收入
1风电安华风电场0.0000 0.0907 0.2187 0.1236 0.0000 2.9359 -2.5028 2小水电 拔贡电厂0.0000 0.0016 0.0000 0.0520 -0.0504 3小水电 坝达电厂0.0000 0.0175 0.0000 0.5668 -0.5493 4风电百花山风电场1.1628 0.1290 0.3111 0.1757 0.0000 4.1750 -4.7219 5水电百龙滩电厂0.0000 0.4052 0.9768 0.5518 4.5172 0.0198 13.1093 -6.6385 6风电百丈风电场0.5418 0.1269 0.3058 0.1728 0.0000 4.1041 -4.0405 7小水电 板蚌电厂0.0000 0.0192 0.0000 0.6221 -0.6029 8风电宝山风电场2.2256 0.0890 0.2145 0.1212 0.0000 2.8789 -4.6798 9小水电 宝坛电厂0.0000 0.0000 0.0000 0.0000 0.0000 10煤电2(≥30,<60)北海电厂0.0000 1.7622 3.1061 2.3999 -9.1347 122.6531 57.0115 63.7752 11小生物质北海市垃圾焚烧发0.0000 0.1364 0.0000 2.2071 -2.0707 12小生物质北流凯迪电厂0.0000 0.0000 0.0000 0.0000 0.0000 13小生物质北流粤丰电厂0.0000 0.0733 0.0000 1.1861 -1.1128 14风电笔架山风电场0.0077 0.0846 0.2039 0.1152 0.0000 2.7371 -2.3410 15风电布央风电场0.4382 0.1042 0.2511 0.1419 0.0000 3.3700 -3.3111 16水电曹渡河梯级电厂0.0000 0.0304 0.0733 0.0414 0.3391 0.0000 0.9842 -0.4999 17小水电草头坪电厂0.0000 0.0133 0.0000 0.4289 -0.4157 18光伏岑西光伏站0.0000 0.0346 0.0835 0.0472 0.0000 1.1203 -0.9551

结算序号 电厂类型 电厂名称“两个细则”考核费用“两个细则”考核返还费用发电计划考核净收入一次调频考核净收入非停考核(单倍)净收入非停考核(加倍)净收入“两个细则”补偿费用“两个细则”补偿分摊费用“两个细则”结算净收入
19风电茶叶岭风电场0.0569 0.1018 0.2454 0.1386 0.0000 3.2931 -2.8642 20风电昌鸿风电场0.0000 0.1350 0.3255 0.1839 0.0000 4.3682 -3.7238 21小生物质昌菱生物质电厂0.0000 0.0005 0.0000 0.0082 -0.0077 22小水电 长瓦电厂0.0000 0.0040 0.0000 0.1301 -0.1261 23水电 长洲电厂0.0000 1.0453 2.5196 1.4235 11.6525 3.0060 33.8167 -14.1699 24光伏长洲光伏站0.0000 0.0099 0.0238 0.0134 0.0000 0.3195 -0.2724 25光伏常吉光伏站0.0000 0.0249 0.0600 0.0339 0.0000 0.8054 -0.6866 26光伏场安光伏站0.0000 0.0391 0.0943 0.0533 0.0000 1.2654 -1.0788 27风电朝新风电场0.2181 0.0743 0.1792 0.1012 0.0000 2.4046 -2.2680 28风电承源风电场1.4177 0.0764 0.1843 0.1041 0.0000 2.4732 -3.5261 29风电冲山风电场0.0012 0.0653 0.1573 0.0889 0.0000 2.1111 -1.8009 30小生物质崇左得力生物质电0.0000 0.1062 0.0000 1.7180 -1.6118 31小生物质 楚桥电厂0.0000 0.1613 0.0000 2.6086 -2.4473 32水电 大化电厂0.0000 0.9345 2.2527 1.2727 10.4178 13.8781 30.2336 -1.4778 33水电 大埔电厂0.0000 0.0465 0.1121 0.0634 0.5186 1.1635 1.5051 0.3990 34小水电大七孔电厂0.0000 0.0111 0.0000 0.3589 -0.3478 35光伏大荣光伏站0.0000 0.0094 0.0227 0.0128 0.0000 0.3050 -0.2600 36风电大容山风电场0.0000 0.0375 0.0905 0.0511 0.0000 1.2144 -1.0353

结算序号 电厂类型 电厂名称“两个细则”考核费用“两个细则”考核返还费用发电计划考核净收入一次调频考核净收入非停考核(单倍)净收入非停考核(加倍)净收入“两个细则”补偿费用“两个细则”补偿分摊费用“两个细则”结算净收入
37小水电大容山水电厂0.0000 0.0231 0.0000 0.7487 -0.7256 38风电岱安风电场0.0000 0.0446 0.1076 0.0608 0.0000 1.4439 -1.2309 39小生物质得力生物质电厂0.0000 0.0293 0.0000 0.4739 -0.4446 40风电登云山风电场0.0000 0.2731 0.6584 0.3720 0.0000 8.8367 -7.5332 41光伏钓鱼台光伏站0.0000 0.0506 0.1220 0.0689 0.0000 1.6371 -1.3956 42光伏顶山光伏站0.0000 0.0162 0.0391 0.0221 0.0000 0.5246 -0.4473 43光伏鼎旭光伏站0.0000 0.0216 0.0522 0.0295 0.0000 0.7002 -0.5970 44风电东岭风电场0.0026 0.0918 0.2212 0.1250 0.0000 2.9687 -2.5334 45风电东起风电场0.5695 0.1862 0.4489 0.2536 0.0000 6.0250 -5.7058 46小水电 懂托电厂0.0000 0.0082 0.0000 0.2647 -0.2565 47小水电对门河电厂0.0000 0.0113 0.0000 0.3659 -0.3546 48煤电1(≥60)防城港电厂(二期)0.0000 4.2929 6.7263 5.8462 47.8559 222.8903 138.8832 148.7284 49煤电1(≥60)防城港电厂(一期)0.0000 3.8954 9.3899 -1.4987 42.7184 224.2210 126.0238 152.7022 50光伏丰收光伏站0.0000 0.0335 0.0806 0.0456 0.0000 1.0823 -0.9227 51风电凤屏风电场0.0000 0.1620 0.3906 0.2207 0.0000 5.2418 -4.4686 52小生物质 扶能电厂0.0000 0.1341 0.0000 2.1695 -2.0354 53小生物质扶绥理昂生物质电0.0000 0.0437 0.0000 0.7074 -0.6636 54小生物质扶绥琦泉生物质电0.0000 0.0000 0.0000 0.0000 0.0000

结算序号 电厂类型 电厂名称“两个细则”考核费用“两个细则”考核返还费用发电计划考核净收入一次调频考核净收入非停考核(单倍)净收入非停考核(加倍)净收入“两个细则”补偿费用“两个细则”补偿分摊费用“两个细则”结算净收入
55小水电芙蓉河电厂0.0000 0.0118 0.0000 0.3810 -0.3692 56水电 浮石电厂0.0000 0.0243 0.0586 0.0331 0.2710 1.2058 0.7864 0.8064 57风电福家田风电场0.0000 0.2704 0.6517 0.3682 0.0000 8.7471 -7.4568 58小水电斧子口电厂0.0000 0.0000 0.0000 0.0001 -0.0001 59煤电1(≥60)富川电厂0.0000 5.7554 -11.1503 7.8378 -333.0684 153.8597 186.1976 -362.9633 60小水电 富源电厂0.0000 0.0032 0.0000 0.1033 -0.1001 61小水电 干捞电厂0.0000 0.0075 0.0000 0.2442 -0.2366 62光伏甘莲光伏站0.0000 0.0076 0.0184 0.0104 0.0000 0.2465 -0.2101 63风电高帮山风电场0.0230 0.1241 0.2992 0.1691 0.0000 4.0162 -3.4468 64风电高栏塘风电场0.0115 0.0525 0.1266 0.0715 0.0000 1.6994 -1.4602 65水电 古顶电厂0.0000 0.0296 0.0714 0.0403 0.3300 0.8044 0.9576 0.3181 66光伏古顶光伏站0.0000 0.0076 0.0183 0.0104 0.0000 0.2462 -0.2099 67光伏古平光伏站0.0000 0.0204 0.0492 0.0278 0.0000 0.6603 -0.5629 68风电古田风电场0.0000 0.2771 0.6678 0.3773 0.0000 8.9633 -7.6411 69光伏光伏扶贫电站0.0000 0.0073 0.0176 0.0099 0.0000 0.2356 -0.2008 70核电光坡核电厂0.0000 12.1985 29.4044 0.0000 135.9855 0.4988 394.6450 -216.5577 71风电广茂风电场0.0077 0.0845 0.2038 0.1151 0.0000 2.7350 -2.3392 72风电龟石风电场0.3113 0.4709 1.1352 0.6413 0.0000 15.2353 -13.2991

结算序号 电厂类型 电厂名称“两个细则”考核费用“两个细则”考核返还费用发电计划考核净收入一次调频考核净收入非停考核(单倍)净收入非停考核(加倍)净收入“两个细则”补偿费用“两个细则”补偿分摊费用“两个细则”结算净收入
73煤电1(≥60)贵港电厂0.0000 3.9013 9.4040 5.3129 1.5818 140.9535 126.2136 34.9398 74小生物质贵港理昂生物质电0.0000 0.0797 0.0000 1.2897 -1.2100 75小生物质贵港市生活垃圾焚0.0000 0.0850 0.0000 1.3748 -1.2898 76风电贵良风电场3.3987 0.1140 0.2748 0.1553 0.0000 3.6885 -6.5431 77水电 桂航电厂0.0000 0.1828 0.3870 0.2489 2.0376 0.0000 5.9133 -3.0569 78光伏浩德光伏站0.0000 0.0253 0.0610 0.0345 0.0000 0.8193 -0.6984 79风电合福风电场0.0000 0.1032 0.2487 0.1405 0.0000 3.3384 -2.8460 80小生物质合浦理昂生物质电0.0000 0.0985 0.0000 1.5930 -1.4945 81煤电1(≥60)合山60厂0.0000 2.0470 -4.5993 2.7876 -6.7248 114.1453 66.2238 41.4319 82煤电2(≥30,<60)合山新厂0.0000 0.7103 -44.0969 0.9673 -9.2547 89.3921 22.9798 14.7383 83小生物质贺州理昂电厂0.0000 0.0591 0.0000 0.9557 -0.8966 84风电黑石岭风电场0.4942 0.1180 0.2844 0.1607 0.0000 3.8170 -3.7481 85光伏横山光伏站0.0000 0.0454 0.1093 0.0618 0.0000 1.4672 -1.2508 86水电 红花电厂0.9503 0.0731 0.1763 0.0996 0.8153 0.1340 2.3662 -2.0182 87风电宏景风电场0.0040 0.0743 0.1791 0.1012 0.0000 2.4034 -2.0529 88光伏洪昇光伏站0.0000 0.0098 0.0236 0.0133 0.0000 0.3170 -0.2703 89风电鸿润风电场0.3789 0.1476 0.3557 0.2010 0.0000 4.7746 -4.4491 90小水电猴爬岩电厂0.0000 0.0357 0.0000 1.1538 -1.1181

结算序号 电厂类型 电厂名称“两个细则”考核费用“两个细则”考核返还费用发电计划考核净收入一次调频考核净收入非停考核(单倍)净收入非停考核(加倍)净收入“两个细则”补偿费用“两个细则”补偿分摊费用“两个细则”结算净收入
91风电葫芦顶风电场1.8873 0.0686 0.1654 0.0935 0.0000 2.2201 -3.7799 92风电华光风电场0.8419 0.2494 0.6012 0.3397 0.0000 8.0694 -7.7209 93光伏华阳光伏站0.0000 0.0446 0.1075 0.0607 0.0000 1.4431 -1.2302 94风电怀山风电场0.3314 0.2858 0.6889 0.3892 0.0000 9.2454 -8.2130 95小生物质环江理昂农林废弃0.0000 0.0000 0.0000 0.0000 0.0000 96小水电黄果树电厂0.0000 0.0087 0.0000 0.2816 -0.2729 97风电黄花岭风电场0.8101 0.0859 0.2072 0.1170 0.0000 2.7802 -3.1802 98光伏黄丽窝光伏站0.0000 0.0113 0.0271 0.0153 0.0000 0.3641 -0.3104 99小水电 黄冕电厂0.0000 0.0045 0.0000 0.1464 -0.1419 100风电黄兴风电场0.0000 0.1743 0.4201 0.2373 0.0000 5.6381 -4.8064 101光伏惠金光伏站0.0000 0.0337 0.0811 0.0458 0.0000 1.0887 -0.9281 102光伏吉江光伏站0.0000 0.0556 0.1341 0.0757 0.0000 1.7994 -1.5340 103风电吉坤风电场0.0000 0.0152 0.0367 0.0207 0.0000 0.4925 -0.4199 104光伏吉龙光伏站0.0000 0.0766 0.1847 0.1044 0.0000 2.4791 -2.1134 105光伏江滨光伏站0.0000 0.0469 0.1130 0.0639 0.0000 1.5171 -1.2933 106小水电 江口电厂0.0000 0.0097 0.0000 0.3143 -0.3046 107气电江南能源站0.0000 0.0092 0.0222 0.0126 0.1027 77.8094 0.2982 77.6579 108风电交连岭风电场1.8161 0.1325 0.3194 0.1804 0.0000 4.2864 -5.4702

结算序号 电厂类型 电厂名称“两个细则”考核费用“两个细则”考核返还费用发电计划考核净收入一次调频考核净收入非停考核(单倍)净收入非停考核(加倍)净收入“两个细则”补偿费用“两个细则”补偿分摊费用“两个细则”结算净收入
109光伏骄阳光伏站0.0000 0.0659 0.1589 0.0898 0.0000 2.1326 -1.8180 110风电洁源风电场0.0000 0.1439 0.3470 0.1960 0.0000 4.6568 -3.9699 111风电金谷风电场0.0000 0.0749 0.1806 0.1020 0.0000 2.4236 -2.0661 112水电金鸡滩电厂0.0000 0.0879 0.2119 0.1197 0.9799 0.0099 2.8438 -1.4345 113水电金牛坪电厂0.0000 0.0617 0.1487 0.0840 0.6878 0.4850 1.9960 -0.5288 114光伏金沙光伏站0.0000 0.0105 0.0254 0.0144 0.0000 0.3409 -0.2906 115光伏金肇光伏站0.0000 0.0123 0.0297 0.0168 0.0000 0.3990 -0.3402 116风电金紫山风电场0.0000 0.1426 0.3437 0.1942 0.0000 4.6126 -3.9322 117风电劲风风电场1.0592 0.1618 0.3899 0.2203 0.0000 5.2336 -5.5207 118水电 京南电厂0.0000 0.0699 0.1685 0.0952 0.7793 2.7081 2.2617 1.5593 119风电九头岭风电场2.3943 0.0866 0.2088 0.1180 0.0000 2.8026 -4.7835 120风电九元山风电场0.0033 0.1682 0.4053 0.2290 0.0000 5.4400 -4.6409 121风电俊风风电场0.0000 0.2230 0.5376 0.3037 0.0000 7.2152 -6.1509 122风电肯兰风电场0.0823 0.2278 0.5492 0.3103 0.0000 7.3706 -6.3657 123风电葵阳风电场0.0000 0.2815 0.6786 0.3834 0.0000 9.1081 -7.7645 124水电 拉浪电厂0.0000 0.0086 0.0208 0.0118 0.0963 0.0000 0.2795 -0.1420 125小水电 拉纳电厂0.0000 0.0082 0.0000 0.2647 -0.2565 126小水电 拉秀电厂0.0000 0.0059 0.0000 0.1916 -0.1856

结算序号 电厂类型 电厂名称“两个细则”考核费用“两个细则”考核返还费用发电计划考核净收入一次调频考核净收入非停考核(单倍)净收入非停考核(加倍)净收入“两个细则”补偿费用“两个细则”补偿分摊费用“两个细则”结算净收入
127煤电2(≥30,<60)来宾B厂0.0000 0.8739 -0.6878 -6.5853 -39.1515 119.8911 28.2728 46.0675 128小生物质来宾富乔生物质发0.0000 0.1270 0.0000 2.0543 -1.9273 129煤电2(≥30,<60)来宾扩建0.0000 1.2595 -5.3853 1.7152 -35.5115 135.8765 40.7462 57.2081 130小生物质来宾市垃圾焚烧发0.0000 0.0896 0.0000 1.4499 -1.3602 131风电来福风电场0.0000 0.1545 0.3724 0.2104 0.0000 4.9976 -4.2604 132风电兰田风电场1.6679 0.1469 0.3541 0.2001 0.0000 4.7526 -5.7194 133光伏栏沙光伏站0.0000 0.0403 0.0971 0.0549 0.0000 1.3037 -1.1114 134风电蓝光坪风电场0.0300 0.0546 0.1317 0.0744 0.0000 1.7679 -1.5371 135小水电 郎恒电厂0.0000 0.0021 0.0000 0.0678 -0.0657 136水电 乐滩电厂0.0000 0.9368 2.2582 1.2758 10.4433 13.4527 30.3077 -1.9409 137风电乐樟风电场0.4018 0.1440 0.3471 0.1961 0.0000 4.6589 -4.3734 138小水电厘金滩电厂0.0000 0.0096 0.0000 0.3091 -0.2996 139小水电 里定电厂0.0000 0.0094 0.0000 0.3042 -0.2948 140光伏里拉光伏站0.0000 0.0131 0.0316 0.0179 0.0000 0.4246 -0.3620 141小水电鲤鱼滩电厂0.0000 0.0068 0.0000 0.2194 -0.2126 142小水电 良湾电厂0.0000 0.0000 0.0000 0.0000 0.0000 143光伏烈阳光伏站0.0000 0.0262 0.0631 0.0357 0.0000 0.8469 -0.7220 144气电 临桂电厂0.0000 0.1412 -90.5685 0.1923 1.5742 39.9800 4.5686 -53.2495

结算序号 电厂类型 电厂名称“两个细则”考核费用“两个细则”考核返还费用发电计划考核净收入一次调频考核净收入非停考核(单倍)净收入非停考核(加倍)净收入“两个细则”补偿费用“两个细则”补偿分摊费用“两个细则”结算净收入
145小生物质灵山金利亚发电厂0.0000 0.0661 0.0000 1.0687 -1.0026 146风电岭江风电场0.0735 0.0000 0.0000 0.0000 0.0000 0.0000 -0.0735 147风电岭脚风电场0.7855 0.0714 0.1722 0.0973 0.0000 2.3110 -2.7556 148光伏柳花岭光伏站0.0000 0.0514 0.1239 0.0700 0.0000 1.6626 -1.4173 149小生物质柳州静脉电厂0.0000 0.1785 0.0000 2.8873 -2.7088 150小生物质柳州鑫能生物质电0.0000 0.0005 0.0000 0.0082 -0.0077 151小水电 六甲电厂0.0000 0.0037 0.0000 0.1194 -0.1158 152煤电1(≥60)六景电厂0.0000 4.4481 3.6939 6.0575 41.0415 175.3669 143.9040 86.7039 153风电六林冲风电场0.0565 0.1313 0.3166 0.1789 0.0000 4.2494 -3.6791 154风电六字界风电场4.1652 0.0480 0.1156 0.0653 0.0000 1.5520 -5.4882 155小生物质 龙回电厂0.0000 0.0537 0.0000 0.8679 -0.8142 156风电龙门风电场0.0000 0.2635 0.6352 0.3589 0.0000 8.5251 -7.2675 157水电 龙滩电厂0.0000 2.4285 5.8538 3.3072 27.0720 43.6490 78.5661 3.7445 158风电龙头风电场0.0000 0.0985 0.2374 0.1341 0.0000 3.1862 -2.7162 159小水电 龙溪电厂0.0000 0.0055 0.0000 0.1765 -0.1711 160小水电 龙兴电厂0.0000 0.0065 0.0000 0.2106 -0.2041 161风电隆润风电场0.0010 0.1449 0.3493 0.1974 0.0000 4.6887 -3.9981 162光伏陆坡光伏站0.0000 0.0111 0.0268 0.0152 0.0000 0.3603 -0.3072

结算序号 电厂类型 电厂名称“两个细则”考核费用“两个细则”考核返还费用发电计划考核净收入一次调频考核净收入非停考核(单倍)净收入非停考核(加倍)净收入“两个细则”补偿费用“两个细则”补偿分摊费用“两个细则”结算净收入
163小生物质 绿发电厂0.0000 0.0574 0.0000 0.9283 -0.8709 164水电 洛东电厂0.0000 0.0066 0.0159 0.0090 0.0734 0.0179 0.2130 -0.0902 165风电洛山风电场0.0457 0.0478 0.1153 0.0651 0.0000 1.5472 -1.3646 166水电 麻石电厂1.3823 0.0468 0.1128 -4.0495 0.5218 0.9613 1.5143 -5.3033 167风电马家风电场0.0013 0.0919 0.2215 0.1251 0.0000 2.9727 -2.5355 168气电 马园电厂0.0000 0.0000 0.0000 0.0000 0.0000 85.1994 0.0000 85.1994 169风电马子岭风电场0.0000 0.1879 0.4528 0.2558 0.0000 6.0777 -5.1811 170风电米康风电场0.0216 0.0683 0.1646 0.0930 0.0000 2.2096 -1.9052 171小生物质 蜜朋电厂0.0000 0.1069 0.0000 1.7300 -1.6230 172风电蜜源风电场0.0000 0.1528 0.3684 0.2081 0.0000 4.9438 -4.2145 173水电 苗都电厂0.0000 0.0014 0.0033 0.0019 0.0152 0.0000 0.0441 -0.0224 174风电妙郎山风电场1.0103 0.0771 0.1858 0.1050 0.0000 2.4938 -3.1363 175光伏民钦光伏站0.0000 0.1962 0.4730 0.2672 0.0000 6.3478 -5.4114 176风电木格风电场0.0000 0.1371 0.3305 0.1867 0.0000 4.4352 -3.7810 177水电 那吉电厂0.0000 0.0913 0.2202 0.1244 1.0182 0.1223 2.9549 -1.3784 178小水电 那新电厂0.0000 0.0000 0.0000 0.0000 0.0000 179小水电 纳八电厂0.0000 0.0011 0.0000 0.0355 -0.0344 180小水电 南桂电厂0.0000 0.0006 0.0000 0.0209 -0.0202

结算序号 电厂类型 电厂名称“两个细则”考核费用“两个细则”考核返还费用发电计划考核净收入一次调频考核净收入非停考核(单倍)净收入非停考核(加倍)净收入“两个细则”补偿费用“两个细则”补偿分摊费用“两个细则”结算净收入
181光伏南甲光伏站0.0000 0.0347 0.0836 0.0472 0.0000 1.1222 -0.9567 182风电南山风电场0.0000 0.1683 0.4057 0.2292 0.0000 5.4454 -4.6421 183小生物质宁明东亚电厂0.0000 0.0677 0.0000 1.0957 -1.0280 184风电牛景岭风电场0.3857 0.2997 0.7224 0.4081 0.0000 9.6952 -8.6507 185水电 牛湾电厂0.0000 0.0746 0.1798 0.1016 0.8314 0.0018 2.4128 -1.2237 186光伏弄滩光伏站0.4803 0.0000 0.0000 0.0000 0.0000 0.0000 -0.4803 187光伏暖阳光伏站0.0000 0.0447 0.1077 0.0608 0.0000 1.4449 -1.2318 188光伏诺阳光伏站0.0000 0.0166 0.0401 0.0226 0.0000 0.5378 -0.4584 189小水电糯米滩电厂0.0000 0.0023 0.0000 0.0758 -0.0734 190光伏排塘光伏站0.0000 0.0488 0.1176 0.0664 0.0000 1.5780 -1.3452 191风电佩光风电场0.8842 0.0797 0.1921 0.1085 0.0000 2.5784 -3.0823 192水电 平班电厂0.0000 0.5576 1.3440 0.7593 6.2157 24.6885 18.0388 15.5264 193风电平鼓山风电场2.7771 0.0802 0.1934 0.1092 0.0000 2.5950 -4.9893 194小生物质平里垃圾发电厂0.0000 0.1718 0.0000 2.7798 -2.6079 195小水电 平林电厂0.0000 0.0064 0.0000 0.2083 -0.2018 196储能平陆储能站0.0000 0.0000 0.0000 0.0000 0.0000 197小生物质平南环保发电厂0.0000 0.0467 0.0000 0.7547 -0.7080 198风电平天山风电场2.0274 0.0856 0.2064 0.1166 0.0000 2.7697 -4.3885

结算序号 电厂类型 电厂名称“两个细则”考核费用“两个细则”考核返还费用发电计划考核净收入一次调频考核净收入非停考核(单倍)净收入非停考核(加倍)净收入“两个细则”补偿费用“两个细则”补偿分摊费用“两个细则”结算净收入
199光伏浦峙光伏站0.0954 0.0000 0.0000 0.0000 0.0000 0.0000 -0.0954 200风电麒麟风电场0.1110 0.0892 0.2151 0.1215 0.0000 2.8867 -2.5719 201水电 桥巩电厂0.0000 0.8073 -2.2385 1.0994 8.9996 0.0723 26.1177 -17.3776 202风电钦南风电场0.0203 0.0589 0.1419 0.0802 0.0000 1.9042 -1.6436 203煤电1(≥60)钦州电厂(二期)0.0000 6.3998 15.4267 8.7154 -20.1265 338.8000 207.0458 142.1696 204煤电1(≥60)钦州电厂(一期)0.0000 3.3275 8.0209 4.5315 -48.7422 288.0875 107.6505 147.5746 205小生物质钦州海诺尔垃圾发0.0000 0.0576 0.0000 0.9319 -0.8743 206小生物质钦州琦泉生物质电0.0000 0.0000 0.0000 0.0000 0.0000 207风电秦淮风电场2.5403 0.1037 0.2500 0.1412 0.0000 3.3549 -5.4003 208小水电青狮潭电厂0.0000 0.0000 0.0000 0.0000 0.0000 209风电晴岚风电场1.3439 0.1021 0.2461 0.1391 0.0000 3.3034 -4.1600 210光伏琼恩光伏站0.0000 0.0193 0.0466 0.0263 0.0000 0.6259 -0.5336 211风电坵坪风电场26.7125 0.9973 2.4040 1.3581 0.0000 32.2644 -54.2175 212风电全达风电场9.5163 0.2630 0.6340 0.3582 0.0000 8.5096 -16.7707 213光伏全达光伏站0.0000 0.0113 0.0273 0.0154 0.0000 0.3659 -0.3120 214煤电2(≥30,<60)仁义电厂0.0000 1.6058 2.6530 2.1868 -1.5212 106.1147 51.9495 59.0895 215光伏荣屯光伏站0.0000 0.0085 0.0206 0.0116 0.0000 0.2763 -0.2355 216风电锐航风电场1.8251 0.0982 0.2366 0.1337 0.0000 3.1758 -4.5324

结算序号 电厂类型 电厂名称“两个细则”考核费用“两个细则”考核返还费用发电计划考核净收入一次调频考核净收入非停考核(单倍)净收入非停考核(加倍)净收入“两个细则”补偿费用“两个细则”补偿分摊费用“两个细则”结算净收入
217风电润堡风电场0.0000 0.0763 0.1838 0.1039 0.0000 2.4674 -2.1035 218风电润佳风电场0.0538 0.1393 0.3358 0.1897 0.0000 4.5074 -3.8963 219风电润南风电场0.0175 0.0816 0.1966 0.1111 0.0000 2.6387 -2.2670 220小水电 三岔电厂0.0000 0.0087 0.0000 0.2803 -0.2716 221煤电3(<30)三祥联产发电厂0.0000 0.0350 0.0843 0.0476 0.3898 0.0000 1.1312 -0.5745 222水电 山秀电厂0.0000 0.0548 0.1320 0.0746 0.6105 1.6428 1.7717 0.7429 223小生物质 上罗电厂0.0000 0.1050 0.0000 1.6992 -1.5941 224光伏申丰光伏站0.0000 0.0059 0.0141 0.0080 0.0000 0.1893 -0.1614 225小生物质 深能电厂0.0000 0.1547 0.0000 2.5027 -2.3480 226煤电2(≥30,<60)神鹿热电厂0.0000 1.4749 -1.9865 2.0086 2.2165 69.6724 47.7162 25.6697 227风电狮子岭风电场0.0914 0.2111 0.5089 0.2875 0.0000 6.8298 -5.9137 228小水电石别水电厂0.0000 0.0062 0.0000 0.1990 -0.1928 229光伏石村光伏站0.0000 0.0268 0.0645 0.0364 0.0000 0.8658 -0.7381 230风电首龙风电场0.0311 0.0861 0.2075 0.1173 0.0000 2.7856 -2.4058 231风电水锦风电场0.8780 0.1534 0.3697 0.2089 0.0000 4.9623 -5.1082 232小水电思安江电厂0.0000 0.0000 0.0000 0.0000 0.0000 233小水电 思陇电厂0.0000 0.0113 0.0000 0.3660 -0.3547 234风电四方岭风电场0.3563 0.1653 0.3984 0.2251 0.0000 5.3467 -4.9143

结算序号 电厂类型 电厂名称“两个细则”考核费用“两个细则”考核返还费用发电计划考核净收入一次调频考核净收入非停考核(单倍)净收入非停考核(加倍)净收入“两个细则”补偿费用“两个细则”补偿分摊费用“两个细则”结算净收入
235水电 宋村电厂0.0000 0.1068 0.2575 0.1455 1.1910 3.2727 3.4565 1.5171 236风电宿邓风电场0.0067 0.0586 0.1413 0.0799 0.0000 1.8969 -1.6238 237光伏滩面光伏站0.0000 0.0117 0.0282 0.0159 0.0000 0.3786 -0.3227 238光伏桃花光伏站0.0000 0.0108 0.0260 0.0147 0.0000 0.3490 -0.2975 239小生物质藤县生物质电厂0.0000 0.0715 0.0000 1.1559 -1.0845 240水电 天二电厂4.3496 1.2851 1.5977 1.7501 14.3261 6.5051 41.5759 -20.4614 241风电天堂顶风电场0.0000 0.2532 0.6103 0.3448 0.0000 8.1906 -6.9824 242风电天武风电场0.4265 0.0839 0.2022 0.1142 0.0000 2.7134 -2.7397 243水电 天一电厂0.0000 0.5272 1.2709 0.7180 5.8776 3.7246 17.0574 -4.9390 244光伏通威光伏站0.0000 0.0565 0.1362 0.0769 0.0000 1.8279 -1.5582 245光伏驮堪光伏站0.0000 0.0079 0.0191 0.0108 0.0000 0.2559 -0.2182 246水电驮娘江电厂10.1945 0.1580 0.3808 0.2151 1.7610 6.0181 5.1107 -6.7722 247风电碗窑风电场0.0000 0.3663 0.8830 0.4989 0.0000 11.8515 -10.1033 248水电 旺村电厂0.0000 0.0878 0.2117 0.1196 0.9793 0.2282 2.8419 -1.2152 249小生物质 旺能电厂0.0000 0.0524 0.0000 0.8475 -0.7951 250风电沃岭风电场0.0000 0.0698 0.1681 0.0950 0.0000 2.2568 -1.9239 251水电乌东德右岸电厂0.0000 0.9724 2.3439 -15.8571 10.8400 11.1937 31.4588 -21.9658 252水电乌东德左岸电厂0.0000 0.9724 2.3439 -22.1048 10.8400 6.9327 31.4588 -32.4746

结算序号 电厂类型 电厂名称“两个细则”考核费用“两个细则”考核返还费用发电计划考核净收入一次调频考核净收入非停考核(单倍)净收入非停考核(加倍)净收入“两个细则”补偿费用“两个细则”补偿分摊费用“两个细则”结算净收入
253光伏乌家光伏站0.0000 0.0306 0.0737 0.0417 0.0000 0.9898 -0.8438 254小生物质梧州市静脉产业园0.0000 0.1096 0.0000 1.7737 -1.6640 255小水电 西岸电厂0.0000 0.0046 0.0000 0.1492 -0.1446 256光伏西江机场光伏站0.0000 0.0239 0.0576 0.0325 0.0000 0.7731 -0.6591 257水电 西津电厂0.0000 0.2711 0.6535 0.3692 3.0223 3.0040 8.7711 -1.4509 258风电霞义山风电场0.0000 0.1907 0.4597 0.2597 0.0000 6.1693 -5.2593 259小水电下六甲电厂0.0000 0.0027 0.0000 0.0884 -0.0857 260水电 下桥电厂0.0000 0.0081 0.0194 0.0110 0.0899 0.0000 0.2609 -0.1325 261小水电下石龙电厂0.0000 0.0241 0.0000 0.7807 -0.7565 262小水电下湘水电厂0.0000 0.0011 0.0000 0.0367 -0.0356 263水电仙衣滩电厂0.0000 0.2033 0.1124 0.2768 2.2659 0.0025 6.5758 -3.7149 264小水电 先锋电厂0.0000 0.0204 0.0000 0.6589 -0.6385 265风电祥甜风电场0.1039 0.1326 0.3197 0.1806 0.0000 4.2912 -3.7621 266风电祥宇风电场0.0172 0.0539 0.1300 0.0735 0.0000 1.7452 -1.5050 267小水电响水洞电厂0.0000 0.0042 0.0000 0.1346 -0.1304 268小生物质象州理昂生物质发0.0000 0.0425 0.0000 0.6877 -0.6452 269小水电小龙潭电厂0.0000 0.0008 0.0000 0.0246 -0.0238 270小水电小溶江电厂0.0000 0.0114 0.0000 0.3678 -0.3564

结算序号 电厂类型 电厂名称“两个细则”考核费用“两个细则”考核返还费用发电计划考核净收入一次调频考核净收入非停考核(单倍)净收入非停考核(加倍)净收入“两个细则”补偿费用“两个细则”补偿分摊费用“两个细则”结算净收入
271光伏小湾光伏站0.0000 0.0336 0.0809 0.0457 0.0000 1.0860 -0.9258 272小水电 小寨电厂0.0000 0.0172 0.0000 0.5567 -0.5395 273风电协合风电场0.0000 0.2194 0.5288 0.2987 0.0000 7.0970 -6.0501 274光伏鑫奥光伏站0.0000 0.0329 0.0793 0.0448 0.0000 1.0638 -0.9069 275小水电 兴隆电厂0.0000 0.0043 0.0000 0.1389 -0.1346 276煤电1(≥60)兴义电厂0.0000 0.0000 0.0000 0.0000 0.0000 0.0000 0.0000 0.0000 277风电旭晖风电场0.2839 0.1136 0.2739 0.1547 0.0000 3.6760 -3.4176 278光伏旭晖光伏站0.0000 0.0377 0.0909 0.0514 0.0000 1.2205 -1.0404 279光伏旭日升光伏站0.0000 0.0019 0.0046 0.0026 0.0000 0.0616 -0.0525 280水电 浔州电厂0.0000 1.5539 3.7456 2.1161 17.3220 0.1939 50.2703 -25.3389 281风电迅风风电场0.0000 0.3544 0.8544 0.4827 0.0000 11.4668 -9.7753 282水电 岩滩电厂0.0000 2.1246 5.1213 2.8933 23.6845 142.4976 68.7350 107.5864 283风电羊加山风电场0.0000 0.1005 0.2423 0.1369 0.0000 3.2520 -2.7723 284风电杨村风电场0.0000 0.1245 0.3001 0.1695 0.0000 4.0273 -3.4332 285小水电杨家桥电厂0.0000 0.0046 0.0000 0.1500 -0.1454 286水电 叶茂电厂0.0000 0.0192 0.0455 0.0262 0.2146 0.0003 0.6227 -0.3169 287小生物质宜州琦泉生物质发0.0000 0.0000 0.0000 0.0000 0.0000 288小水电 银河电厂0.0000 0.0133 0.0000 0.4314 -0.4180

结算序号 电厂类型 电厂名称“两个细则”考核费用“两个细则”考核返还费用发电计划考核净收入一次调频考核净收入非停考核(单倍)净收入非停考核(加倍)净收入“两个细则”补偿费用“两个细则”补偿分摊费用“两个细则”结算净收入
289光伏英利光伏站0.0000 0.0140 0.0338 0.0191 0.0000 0.4533 -0.3864 290光伏英学光伏站0.0000 0.0421 0.1014 0.0573 0.0000 1.3608 -1.1601 291风电鹰斗岭风电场0.0000 0.1248 0.3007 0.1699 0.0000 4.0359 -3.4405 292光伏永福光伏站0.0000 0.0184 0.0443 0.0250 0.0000 0.5949 -0.5071 293煤电2(≥30,<60)永福扩建0.0000 2.0976 -1.4021 2.8566 20.5470 93.6784 67.8614 49.9161 294水电 右江电厂0.0000 0.5309 1.2797 0.7230 5.9183 21.8491 17.1757 13.1253 295水电 鱼梁电厂0.0000 0.0762 0.1836 0.1037 0.8490 0.1259 2.4640 -1.1256 296风电宇阳风电场0.3434 0.2034 0.4903 0.2770 0.0000 6.5801 -5.9528 297光伏玉柴光伏站0.0000 0.0910 0.2193 0.1239 0.0000 2.9439 -2.5097 298光伏玉峰光伏站0.0000 0.0387 0.0933 0.0527 0.0000 1.2525 -1.0677 299风电月亮山风电场0.1137 0.1692 0.4078 0.2304 0.0000 5.4727 -4.7791 300风电云飞风电场0.0348 0.1322 0.3186 0.1800 0.0000 4.2756 -3.6797 301风电泽丰风电场1.2069 0.0792 0.1909 0.1079 0.0000 2.5626 -3.3915 302光伏寨安光伏站0.0000 0.0449 0.1081 0.0611 0.0000 1.4510 -1.2370 303光伏者显光伏站0.0000 0.0292 0.0705 0.0398 0.0000 0.9456 -0.8061 304光伏振国光伏站0.0000 0.0332 0.0801 0.0453 0.0000 1.0752 -0.9166 305风电镇龙山风电场0.0971 0.0893 0.2153 0.1216 0.0000 2.8891 -2.5600 306光伏峙书光伏站0.0000 0.0000 0.0000 0.0000 0.0000 0.0000 0.0000

结算序号 电厂类型 电厂名称“两个细则”考核费用“两个细则”考核返还费用发电计划考核净收入一次调频考核净收入非停考核(单倍)净收入非停考核(加倍)净收入“两个细则”补偿费用“两个细则”补偿分摊费用“两个细则”结算净收入
307小生物质中科发电厂0.0000 0.0691 0.0000 1.1177 -1.0486 308光伏中民光伏站0.0000 0.0113 0.0272 0.0154 0.0000 0.3651 -0.3112 309煤电1(≥60)珠城电厂0.0000 5.5294 -3.0029 -46.4662 19.9963 228.8337 178.8861 26.0042 310风电珠光风电场0.0019 0.1400 0.3375 0.1906 0.0000 4.5291 -3.8629 311光伏珠光光伏站0.0000 0.0099 0.0239 0.0135 0.0000 0.3209 -0.2736 312光伏卓昇光伏站0.0000 0.0000 0.0000 0.0000 0.0000 0.0000 0.0000 313风电梓坪风电场0.0059 0.1494 0.3602 0.2035 0.0000 4.8348 -4.1275 314水电 左江电厂0.0000 0.0718 0.1732 0.0978 0.8009 0.0666 2.3243 -1.1139 合计98.4238 98.4238 0.0000 0.0000 0.0000 0.0000 3141.5618 3141.5618 0.0000

结算序号 电厂类型 电厂名称考核费用合计(万元)常规电厂调度运行管理常规电厂技术指导与管理考核费用(万元)风电场调度运行管理风电场技术指导与管理考核费用(万元)光伏电厂调度运行管理光伏电厂技术指导与管理考核费用(万元)考核返还费用(万元)考核费用净收入(万元)上网电量(MWh)安全管理考核费用(万元)调度纪律管理考核费用(万母线电压考核费用(万元)旋转备用考核(万元)AVC考核费用(万元)功率震荡管理考核费用(万元)燃料管理考核费用(万元)水电振动区管理考核费用(万元)黑启动考核费用(万元)检修管理考核费用(万元)调度管理考核费用(万元)风电有功功率变化考核费用(万元)风电脱网考核费用(万元)风电风功率预测考核费用(万元)调度管理考核费用(万元)光伏有功功率变化考核费用(万元)光伏功率预测考核费用(万元)1 风电 安华风电场 0 0 0 0 0 0 0 0 0 0 0 0 0 0 0 0 0 0 0 0 0 0.090748 0.090748 12568.3352 小水电 拔贡电厂 0 0 0 0 0 0 0 0 0 0 0 0 0 0 0 0 0 0 0 0 0 0.001607 0.001607 222.63 小水电 坝达电厂 0 0 0 0 0 0 0 0 0 0 0 0 0 0 0 0 0 0 0 0 0 0.01752 0.01752 2426.4084 风电 百花山风电场 1.162803 0 0 0 0 0 0 0 0 0 0 0 0 1.162803 0 0 0 0 0 0 0 0.129049 -1.033754 17872.85 水电 百龙滩电厂 0 0 0 0 0 0 0 0 0 0 0 0 0 0 0 0 0 0 0 0 0 0.405211 0.405211 56120.246 风电 百丈风电场 0.541846 0 0 0 0 0 0 0 0 0 0 0 0 0.541846 0 0 0 0 0 0 0 0.126857 -0.414989 17569.27 小水电 板蚌电厂 0 0 0 0 0 0 0 0 0 0 0 0 0 0 0 0 0 0 0 0 0 0.019231 0.019231 2663.3618 风电 宝山风电场 2.225609 0 0 0 0 0 0 0 0 0 0 0 0 2.225609 0 0 0 0 0 0 0 0.088987 -2.136622 12324.49 小水电 宝坛电厂 0 0 0 0 0 0 0 0 0 0 0 0 0 0 0 0 0 0 0 0 0 0 0 010 煤电2(≥30,<60) 北海电厂 0 0 0 0 0 0 0 0 0 0 0 0 0 0 0 0 0 0 0 0 0 1.76223 1.76223 244062.511 小生物质 北海市垃圾焚烧发电厂 0 0 0 0 0 0 0 0 0 0 0 0 0 0 0 0 0 0 0 0 0 0.136445 0.136445 18897.212 小生物质 北流凯迪电厂 0 0 0 0 0 0 0 0 0 0 0 0 0 0 0 0 0 0 0 0 0 0 0 013 小生物质 北流粤丰电厂 0 0 0 0 0 0 0 0 0 0 0 0 0 0 0 0 0 0 0 0 0 0.073328 0.073328 10155.614 风电 笔架山风电场 0.007728 0 0 0 0 0 0 0 0 0 0 0 0 0.007728 0 0 0 0 0 0 0 0.084603 0.076875 11717.215 风电 布央风电场 0.438199 0 0 0 0 0 0 0 0 0 0 0 0 0.438199 0 0 0 0 0 0 0 0.104168 -0.334031 14426.83116 水电 曹渡河梯级电厂 0 0 0 0 0 0 0 0 0 0 0 0 0 0 0 0 0 0 0 0 0 0.030423 0.030423 4213.4417 小水电 草头坪电厂 0 0 0 0 0 0 0 0 0 0 0 0 0 0 0 0 0 0 0 0 0 0.013258 0.013258 1836.2418 光伏 岑西光伏站 0 0 0 0 0 0 0 0 0 0 0 0 0 0 0 0 0 0 0 0 0 0.034629 0.034629 479619 风电 茶叶岭风电场 0.056877 0 0 0 0 0 0 0 0 0 0 0 0 0.056877 0 0 0 0 0 0 0 0.10179 0.044913 14097.620 风电 昌鸿风电场 0 0 0 0 0 0 0 0 0 0 0 0 0 0 0 0 0 0 0 0 0 0.135022 0.135022 1870021 小生物质 昌菱生物质电厂 0 0 0 0 0 0 0 0 0 0 0 0 0 0 0 0 0 0 0 0 0 0.000506 0.000506 70.1422 小水电 长瓦电厂 0 0 0 0 0 0 0 0 0 0 0 0 0 0 0 0 0 0 0 0 0 0.004021 0.004021 556.9223 水电 长洲电厂 0 0 0 0 0 0 0 0 0 0 0 0 0 0 0 0 0 0 0 0 0 1.045278 1.045278 144767.25524 光伏 长洲光伏站 0 0 0 0 0 0 0 0 0 0 0 0 0 0 0 0 0 0 0 0 0 0.009876 0.009876 1367.74525 光伏 常吉光伏站 0 0 0 0 0 0 0 0 0 0 0 0 0 0 0 0 0 0 0 0 0 0.024895 0.024895 3447.8426 光伏 场安光伏站 0 0 0 0 0 0 0 0 0 0 0 0 0 0 0 0 0 0 0 0 0 0.039115 0.039115 5417.2827 风电 朝新风电场 0.218128 0 0 0 0 0 0 0 0 0 0 0 0 0.218128 0 0 0 0 0 0 0 0.074327 -0.1438 10294.06528 风电 承源风电场 1.417717 0 0 0 0 0 0 0 0 0 0 0 0 1.417717 0 0 0 0 0 0 0 0.076448 -1.341269 10587.7229 风电 冲山风电场 0.001192 0 0 0 0 0 0 0 0 0 0 0 0 0.001192 0 0 0 0 0 0 0 0.065255 0.064063 9037.62430 小生物质 崇左得力生物质电厂 0 0 0 0 0 0 0 0 0 0 0 0 0 0 0 0 0 0 0 0 0 0.10621 0.10621 14709.6631 小生物质 楚桥电厂 0 0 0 0 0 0 0 0 0 0 0 0 0 0 0 0 0 0 0 0 0 0.161263 0.161263 22334.38332 水电 大化电厂 0 0 0 0 0 0 0 0 0 0 0 0 0 0 0 0 0 0 0 0 0 0.934523 0.934523 129427.9833 水电 大埔电厂 0 0 0 0 0 0 0 0 0 0 0 0 0 0 0 0 0 0 0 0 0 0.046523 0.046523 6443.2534 小水电 大七孔电厂 0 0 0 0 0 0 0 0 0 0 0 0 0 0 0 0 0 0 0 0 0 0.011094 0.011094 1536.4835 光伏 大荣光伏站 0 0 0 0 0 0 0 0 0 0 0 0 0 0 0 0 0 0 0 0 0 0.009428 0.009428 1305.7836 风电 大容山风电场 0 0 0 0 0 0 0 0 0 0 0 0 0 0 0 0 0 0 0 0 0 0.037537 0.037537 5198.7637 小水电 大容山水电厂 0 0 0 0 0 0 0 0 0 0 0 0 0 0 0 0 0 0 0 0 0 0.023143 0.023143 3205.2338 风电 岱安风电场 0 0 0 0 0 0 0 0 0 0 0 0 0 0 0 0 0 0 0 0 0 0.04463 0.04463 6181.1239 小生物质 得力生物质电厂 0 0 0 0 0 0 0 0 0 0 0 0 0 0 0 0 0 0 0 0 0 0.029295 0.029295 4057.240 风电 登云山风电场 0 0 0 0 0 0 0 0 0 0 0 0 0 0 0 0 0 0 0 0 0 0.273144 0.273144 37829.4441 光伏 钓鱼台光伏站 0 0 0 0 0 0 0 0 0 0 0 0 0 0 0 0 0 0 0 0 0 0.050603 0.050603 7008.3242 光伏 顶山光伏站 0 0 0 0 0 0 0 0 0 0 0 0 0 0 0 0 0 0 0 0 0 0.016217 0.016217 2245.9843 光伏 鼎旭光伏站 0 0 0 0 0 0 0 0 0 0 0 0 0 0 0 0 0 0 0 0 0 0.021645 0.021645 2997.7244 风电 东岭风电场 0.002613 0 0 0 0 0 0 0 0 0 0 0 0 0.002613 0 0 0 0 0 0 0 0.091763 0.08915 12708.89745 风电 东起风电场 0.569505 0 0 0 0 0 0 0 0 0 0 0 0 0.569505 0 0 0 0 0 0 0 0.186234 -0.38327 25792.846 小水电 懂托电厂 0 0 0 0 0 0 0 0 0 0 0 0 0 0 0 0 0 0 0 0 0 0.008182 0.008182 1133.2247 小水电 对门河电厂 0 0 0 0 0 0 0 0 0 0 0 0 0 0 0 0 0 0 0 0 0 0.011309 0.011309 1566.23748 煤电1(≥60) 防城港电厂(二期) 0 0 0 0 0 0 0 0 0 0 0 0 0 0 0 0 0 0 0 0 0 4.292893 4.292893 59455049 煤电1(≥60) 防城港电厂(一期) 0 0 0 0 0 0 0 0 0 0 0 0 0 0 0 0 0 0 0 0 0 3.895409 3.895409 53950050 光伏 丰收光伏站 0 0 0 0 0 0 0 0 0 0 0 0 0 0 0 0 0 0 0 0 0 0.033455 0.033455 4633.42451 风电 凤屏风电场 0 0 0 0 0 0 0 0 0 0 0 0 0 0 0 0 0 0 0 0 0 0.162026 0.162026 2244052 小生物质 扶能电厂 0 0 0 0 0 0 0 0 0 0 0 0 0 0 0 0 0 0 0 0 0 0.134119 0.134119 18575.0653 小生物质 扶绥理昂生物质电厂 0 0 0 0 0 0 0 0 0 0 0 0 0 0 0 0 0 0 0 0 0 0.04373 0.04373 6056.454 小生物质 扶绥琦泉生物质电厂 0 0 0 0 0 0 0 0 0 0 0 0 0 0 0 0 0 0 0 0 0 0 0 055 小水电 芙蓉河电厂 0 0 0 0 0 0 0 0 0 0 0 0 0 0 0 0 0 0 0 0 0 0.011775 0.011775 1630.8356 水电 浮石电厂 0 0 0 0 0 0 0 0 0 0 0 0 0 0 0 0 0 0 0 0 0 0.024309 0.024309 3366.64157 风电 福家田风电场 0 0 0 0 0 0 0 0 0 0 0 0 0 0 0 0 0 0 0 0 0 0.270374 0.270374 37445.7658 小水电 斧子口电厂 0 0 0 0 0 0 0 0 0 0 0 0 0 0 0 0 0 0 0 0 0 0.000002 0.000002 0.2659 煤电1(≥60) 富川电厂 0 0 0 0 0 0 0 0 0 0 0 0 0 0 0 0 0 0 0 0 0 5.755386 5.755386 79710060 小水电 富源电厂 0 0 0 0 0 0 0 0 0 0 0 0 0 0 0 0 0 0 0 0 0 0.003194 0.003194 442.29861 小水电 干捞电厂 0 0 0 0 0 0 0 0 0 0 0 0 0 0 0 0 0 0 0 0 0 0.007548 0.007548 1045.3662 光伏 甘莲光伏站 0 0 0 0 0 0 0 0 0 0 0 0 0 0 0 0 0 0 0 0 0 0.007619 0.007619 1055.2563 风电 高帮山风电场 0.023028 0 0 0 0 0 0 0 0 0 0 0 0 0.023028 0 0 0 0 0 0 0 0.12414 0.101112 1719364 风电 高栏塘风电场 0.011452 0 0 0 0 0 0 0 0 0 0 0 0 0.011452 0 0 0 0 0 0 0 0.052529 0.041077 7275.023465 水电 古顶电厂 0 0 0 0 0 0 0 0 0 0 0 0 0 0 0 0 0 0 0 0 0 0.0296 0.0296 4099.46366 光伏 古顶光伏站 0 0 0 0 0 0 0 0 0 0 0 0 0 0 0 0 0 0 0 0 0 0.007609 0.007609 1053.81767 光伏 古平光伏站 0 0 0 0 0 0 0 0 0 0 0 0 0 0 0 0 0 0 0 0 0 0.020411 0.020411 2826.8868 风电 古田风电场 0 0 0 0 0 0 0 0 0 0 0 0 0 0 0 0 0 0 0 0 0 0.277055 0.277055 38371.17169 光伏 光伏扶贫电站 0 0 0 0 0 0 0 0 0 0 0 0 0 0 0 0 0 0 0 0 0 0.007282 0.007282 1008.5670 核电 光坡核电厂 0 0 0 0 0 0 0 0 0 0 0 0 0 0 0 0 0 0 0 0 0 12.198515 12.198515 168945071 风电 广茂风电场 0.007655 0 0 0 0 0 0 0 0 0 0 0 0 0.007655 0 0 0 0 0 0 0 0.084539 0.076885 11708.472 风电 龟石风电场 0.311282 0 0 0 0 0 0 0 0 0 0 0 0 0.311282 0 0 0 0 0 0 0 0.470924 0.159642 65221.273 煤电1(≥60) 贵港电厂 0 0 0 0 0 0 0 0 0 0 0 0 0 0 0 0 0 0 0 0 0 3.901276 3.901276 540312.574 小生物质 贵港理昂生物质电厂 0 0 0 0 0 0 0 0 0 0 0 0 0 0 0 0 0 0 0 0 0 0.079732 0.079732 11042.6475 小生物质 贵港市生活垃圾焚烧发电厂 0 0 0 0 0 0 0 0 0 0 0 0 0 0 0 0 0 0 0 0 0 0.084988 0.084988 11770.576 风电 贵良风电场 3.398744 0 0 0 0 0 0 0 0 0 0 0 0 3.398744 0 0 0 0 0 0 0 0.114012 -3.284732 15790.21777 水电 桂航电厂 0 0 0 0 0 0 0 0 0 0 0 0 0 0 0 0 0 0 0 0 0 0.18278 0.18278 25314.378 光伏 浩德光伏站 0 0 0 0 0 0 0 0 0 0 0 0 0 0 0 0 0 0 0 0 0 0.025324 0.025324 3507.2479 风电 合福风电场 0 0 0 0 0 0 0 0 0 0 0 0 0 0 0 0 0 0 0 0 0 0.103191 0.103191 14291.6480 小生物质 合浦理昂生物质电厂 0 0 0 0 0 0 0 0 0 0 0 0 0 0 0 0 0 0 0 0 0 0.098477 0.098477 13638.6681 煤电1(≥60) 合山60厂 0 0 0 0 0 0 0 0 0 0 0 0 0 0 0 0 0 0 0 0 0 2.046985 2.046985 28350082 煤电2(≥30,<60) 合山新厂 0 0 0 0 0 0 0 0 0 0 0 0 0 0 0 0 0 0 0 0 0 0.710307 0.710307 9837583 小生物质 贺州理昂电厂 0 0 0 0 0 0 0 0 0 0 0 0 0 0 0 0 0 0 0 0 0 0.059083 0.059083 8182.7284 风电 黑石岭风电场 0.494152 0 0 0 0 0 0 0 0 0 0 0 0 0.494152 0 0 0 0 0 0 0 0.117984 -0.376168 16340.37285 光伏 横山光伏站 0 0 0 0 0 0 0 0 0 0 0 0 0 0 0 0 0 0 0 0 0 0.045351 0.045351 628186 水电 红花电厂 0.950334 0 0 0 0 0 0 0 0 0 0 0.950334 0 0 0 0 0 0 0 0 0 0.073138 -0.877196 10129.3687 风电 宏景风电场 0.003978 0 0 0 0 0 0 0 0 0 0 0 0 0.003978 0 0 0 0 0 0 0 0.07429 0.070312 10288.9688 光伏 洪昇光伏站 0 0 0 0 0 0 0 0 0 0 0 0 0 0 0 0 0 0 0 0 0 0.009799 0.009799 1357.1689 风电 鸿润风电场 0.378859 0 0 0 0 0 0 0 0 0 0 0 0 0.378859 0 0 0 0 0 0 0 0.147583 -0.231276 20439.7690 小水电 猴爬岩电厂 0 0 0 0 0 0 0 0 0 0 0 0 0 0 0 0 0 0 0 0 0 0.035663 0.035663 4939.19291 风电 葫芦顶风电场 1.88729 0 0 0 0 0 0 0 0 0 0 0 0 1.88729 0 0 0 0 0 0 0 0.068623 -1.818667 950492 风电 华光风电场 0.841922 0 0 0 0 0 0 0 0 0 0 0 0 0.841922 0 0 0 0 0 0 0 0.249425 -0.592498 34544.493 光伏 华阳光伏站 0 0 0 0 0 0 0 0 0 0 0 0 0 0 0 0 0 0 0 0 0 0.044605 0.044605 6177.694 风电 怀山风电场 0.331407 0 0 0 0 0 0 0 0 0 0 0 0 0.331407 0 0 0 0 0 0 0 0.285776 -0.045632 39578.8895 小生物质 环江理昂农林废弃物热电厂 0 0 0 0 0 0 0 0 0 0 0 0 0 0 0 0 0 0 0 0 0 0 0 096 小水电 黄果树电厂 0 0 0 0 0 0 0 0 0 0 0 0 0 0 0 0 0 0 0 0 0 0.008703 0.008703 1205.31597 风电 黄花岭风电场 0.810117 0 0 0 0 0 0 0 0 0 0 0 0 0.810117 0 0 0 0 0 0 0 0.085937 -0.724179 1190298 光伏 黄丽窝光伏站 0 0 0 0 0 0 0 0 0 0 0 0 0 0 0 0 0 0 0 0 0 0.011255 0.011255 1558.8399 小水电 黄冕电厂 0 0 0 0 0 0 0 0 0 0 0 0 0 0 0 0 0 0 0 0 0 0.004525 0.004525 626.64100 风电 黄兴风电场 0 0 0 0 0 0 0 0 0 0 0 0 0 0 0 0 0 0 0 0 0 0.174273 0.174273 24136.2

结算序号 电厂类型 电厂名称考核费用合计(万元)常规电厂调度运行管理常规电厂技术指导与管理考核费用(万元)风电场调度运行管理风电场技术指导与管理考核费用(万元)光伏电厂调度运行管理光伏电厂技术指导与管理考核费用(万元)考核返还费用(万元)考核费用净收入(万元)上网电量(MWh)安全管理考核费用(万元)调度纪律管理考核费用(万母线电压考核费用(万元)旋转备用考核(万元)AVC考核费用(万元)功率震荡管理考核费用(万元)燃料管理考核费用(万元)水电振动区管理考核费用(万元)黑启动考核费用(万元)检修管理考核费用(万元)调度管理考核费用(万元)风电有功功率变化考核费用(万元)风电脱网考核费用(万元)风电风功率预测考核费用(万元)调度管理考核费用(万元)光伏有功功率变化考核费用(万元)光伏功率预测考核费用(万元)101 光伏 惠金光伏站 0 0 0 0 0 0 0 0 0 0 0 0 0 0 0 0 0 0 0 0 0 0.033651 0.033651 4660.48102 光伏 吉江光伏站 0 0 0 0 0 0 0 0 0 0 0 0 0 0 0 0 0 0 0 0 0 0.055619 0.055619 7703.061103 风电 吉坤风电场 0 0 0 0 0 0 0 0 0 0 0 0 0 0 0 0 0 0 0 0 0 0.015223 0.015223 2108.369104 光伏 吉龙光伏站 0 0 0 0 0 0 0 0 0 0 0 0 0 0 0 0 0 0 0 0 0 0.076629 0.076629 10612.8105 光伏 江滨光伏站 0 0 0 0 0 0 0 0 0 0 0 0 0 0 0 0 0 0 0 0 0 0.046892 0.046892 6494.4106 小水电 江口电厂 0 0 0 0 0 0 0 0 0 0 0 0 0 0 0 0 0 0 0 0 0 0.009715 0.009715 1345.54107 气电 江南能源站 0 0 0 0 0 0 0 0 0 0 0 0 0 0 0 0 0 0 0 0 0 0.009216 0.009216 1276.44108 风电 交连岭风电场 1.81608 0 0 0 0 0 0 0 0 0 0 0 0 1.81608 0 0 0 0 0 0 0 0.132493 -1.683587 18349.76109 光伏 骄阳光伏站 0 0 0 0 0 0 0 0 0 0 0 0 0 0 0 0 0 0 0 0 0 0.06592 0.06592 9129.696110 风电 洁源风电场 0 0 0 0 0 0 0 0 0 0 0 0 0 0 0 0 0 0 0 0 0 0.143943 0.143943 19935.52111 风电 金谷风电场 0 0 0 0 0 0 0 0 0 0 0 0 0 0 0 0 0 0 0 0 0 0.074913 0.074913 10375.2112 水电 金鸡滩电厂 0 0 0 0 0 0 0 0 0 0 0 0 0 0 0 0 0 0 0 0 0 0.087902 0.087902 12174.054113 水电 金牛坪电厂 0 0 0 0 0 0 0 0 0 0 0 0 0 0 0 0 0 0 0 0 0 0.061695 0.061695 8544.6114 光伏 金沙光伏站 0 0 0 0 0 0 0 0 0 0 0 0 0 0 0 0 0 0 0 0 0 0.010538 0.010538 1459.5115 光伏 金肇光伏站 0 0 0 0 0 0 0 0 0 0 0 0 0 0 0 0 0 0 0 0 0 0.012334 0.012334 1708.28116 风电 金紫山风电场 0 0 0 0 0 0 0 0 0 0 0 0 0 0 0 0 0 0 0 0 0 0.142577 0.142577 19746.331117 风电 劲风风电场 1.05916 0 0 0 0 0 0 0 0 0 0 0 0 1.05916 0 0 0 0 0 0 0 0.16177 -0.89739 22404.598118 水电 京南电厂 0 0 0 0 0 0 0 0 0 0 0 0 0 0 0 0 0 0 0 0 0 0.069908 0.069908 9682.029119 风电 九头岭风电场 2.394319 0 0 0 0 0 0 0 0 0 0 0 0 2.394319 0 0 0 0 0 0 0 0.08663 -2.307689 11997.87120 风电 九元山风电场 0.00333 0 0 0 0 0 0 0 0 0 0 0 0 0.00333 0 0 0 0 0 0 0 0.168151 0.164821 23288.32121 风电 俊风风电场 0 0 0 0 0 0 0 0 0 0 0 0 0 0 0 0 0 0 0 0 0 0.223024 0.223024 30888122 风电 肯兰风电场 0.082342 0 0 0 0 0 0 0 0 0 0 0 0 0.082342 0 0 0 0 0 0 0 0.227827 0.145485 31553.28123 风电 葵阳风电场 0 0 0 0 0 0 0 0 0 0 0 0 0 0 0 0 0 0 0 0 0 0.281531 0.281531 38991.04124 水电 拉浪电厂 0 0 0 0 0 0 0 0 0 0 0 0 0 0 0 0 0 0 0 0 0 0.008641 0.008641 1196.71125 小水电 拉纳电厂 0 0 0 0 0 0 0 0 0 0 0 0 0 0 0 0 0 0 0 0 0 0.008182 0.008182 1133.22126 小水电 拉秀电厂 0 0 0 0 0 0 0 0 0 0 0 0 0 0 0 0 0 0 0 0 0 0.005921 0.005921 820.05127 煤电2(≥30,<60) 来宾B厂 0 0 0 0 0 0 0 0 0 0 0 0 0 0 0 0 0 0 0 0 0 0.873916 0.873916 121034.2438128 小生物质 来宾富乔生物质发电厂 0 0 0 0 0 0 0 0 0 0 0 0 0 0 0 0 0 0 0 0 0 0.126996 0.126996 17588.48129 煤电2(≥30,<60) 来宾扩建 0 0 0 0 0 0 0 0 0 0 0 0 0 0 0 0 0 0 0 0 0 1.25947 1.25947 174432.0782130 小生物质 来宾市垃圾焚烧发电厂 0 0 0 0 0 0 0 0 0 0 0 0 0 0 0 0 0 0 0 0 0 0.089631 0.089631 12413.52131 风电 来福风电场 0 0 0 0 0 0 0 0 0 0 0 0 0 0 0 0 0 0 0 0 0 0.154475 0.154475 21394.24132 风电 兰田风电场 1.667897 0 0 0 0 0 0 0 0 0 0 0 0 1.667897 0 0 0 0 0 0 0 0.146903 -1.520993 20345.6133 光伏 栏沙光伏站 0 0 0 0 0 0 0 0 0 0 0 0 0 0 0 0 0 0 0 0 0 0.040297 0.040297 5580.96134 风电 蓝光坪风电场 0.029961 0 0 0 0 0 0 0 0 0 0 0 0 0.029961 0 0 0 0 0 0 0 0.054646 0.024685 7568.2886135 小水电 郎恒电厂 0 0 0 0 0 0 0 0 0 0 0 0 0 0 0 0 0 0 0 0 0 0.002097 0.002097 290.429136 水电 乐滩电厂 0 0 0 0 0 0 0 0 0 0 0 0 0 0 0 0 0 0 0 0 0 0.936815 0.936815 129745.44137 风电 乐樟风电场 0.401775 0 0 0 0 0 0 0 0 0 0 0 0 0.401775 0 0 0 0 0 0 0 0.144006 -0.257769 19944.32138 小水电 厘金滩电厂 0 0 0 0 0 0 0 0 0 0 0 0 0 0 0 0 0 0 0 0 0 0.009556 0.009556 1323.42139 小水电 里定电厂 0 0 0 0 0 0 0 0 0 0 0 0 0 0 0 0 0 0 0 0 0 0.009404 0.009404 1302.42140 光伏 里拉光伏站 0 0 0 0 0 0 0 0 0 0 0 0 0 0 0 0 0 0 0 0 0 0.013125 0.013125 1817.76141 小水电 鲤鱼滩电厂 0 0 0 0 0 0 0 0 0 0 0 0 0 0 0 0 0 0 0 0 0 0.006782 0.006782 939.33142 小水电 良湾电厂 0 0 0 0 0 0 0 0 0 0 0 0 0 0 0 0 0 0 0 0 0 0 0 0143 光伏 烈阳光伏站 0 0 0 0 0 0 0 0 0 0 0 0 0 0 0 0 0 0 0 0 0 0.026178 0.026178 3625.6144 气电 临桂电厂 0 0 0 0 0 0 0 0 0 0 0 0 0 0 0 0 0 0 0 0 0 0.141217 0.141217 19558145 小生物质 灵山金利亚发电厂 0 0 0 0 0 0 0 0 0 0 0 0 0 0 0 0 0 0 0 0 0 0.066065 0.066065 9149.7146 风电 岭江风电场 0.073469 0 0 0 0 0 0 0 0 0 0 0 0 0.073469 0 0 0 0 0 0 0 0 -0.073469 0147 风电 岭脚风电场 0.785464 0 0 0 0 0 0 0 0 0 0 0 0 0.785464 0 0 0 0 0 0 0 0.071434 -0.71403 9893.4148 光伏 柳花岭光伏站 0 0 0 0 0 0 0 0 0 0 0 0 0 0 0 0 0 0 0 0 0 0.051391 0.051391 7117.459149 小生物质 柳州静脉电厂 0 0 0 0 0 0 0 0 0 0 0 0 0 0 0 0 0 0 0 0 0 0.17849 0.17849 24720.275150 小生物质 柳州鑫能生物质电厂 0 0 0 0 0 0 0 0 0 0 0 0 0 0 0 0 0 0 0 0 0 0.000505 0.000505 69.96151 小水电 六甲电厂 0 0 0 0 0 0 0 0 0 0 0 0 0 0 0 0 0 0 0 0 0 0.003692 0.003692 511.326152 煤电1(≥60) 六景电厂 0 0 0 0 0 0 0 0 0 0 0 0 0 0 0 0 0 0 0 0 0 4.448088 4.448088 616044153 风电 六林冲风电场 0.056545 0 0 0 0 0 0 0 0 0 0 0 0 0.056545 0 0 0 0 0 0 0 0.131349 0.074804 18191.36154 风电 六字界风电场 4.16518 0 0 0 0 0 0 0 0 0 0 0 0 4.16518 0 0 0 0 0 0 0 0.047972 -4.117208 6644155 小生物质 龙回电厂 0 0 0 0 0 0 0 0 0 0 0 0 0 0 0 0 0 0 0 0 0 0.053653 0.053653 7430.72156 风电 龙门风电场 0 0 0 0 0 0 0 0 0 0 0 0 0 0 0 0 0 0 0 0 0 0.263511 0.263511 36495.36157 水电 龙滩电厂 0 0 0 0 0 0 0 0 0 0 0 0 0 0 0 0 0 0 0 0 0 2.428485 2.428485 336336.275158 风电 龙头风电场 0 0 0 0 0 0 0 0 0 0 0 0 0 0 0 0 0 0 0 0 0 0.098486 0.098486 13640159 小水电 龙溪电厂 0 0 0 0 0 0 0 0 0 0 0 0 0 0 0 0 0 0 0 0 0 0.005457 0.005457 755.794160 小水电 龙兴电厂 0 0 0 0 0 0 0 0 0 0 0 0 0 0 0 0 0 0 0 0 0 0.006511 0.006511 901.74161 风电 隆润风电场 0.001015 0 0 0 0 0 0 0 0 0 0 0 0 0.001015 0 0 0 0 0 0 0 0.144927 0.143912 20071.92162 光伏 陆坡光伏站 0 0 0 0 0 0 0 0 0 0 0 0 0 0 0 0 0 0 0 0 0 0.011138 0.011138 1542.52163 小生物质 绿发电厂 0 0 0 0 0 0 0 0 0 0 0 0 0 0 0 0 0 0 0 0 0 0.05739 0.05739 7948.26164 水电 洛东电厂 0 0 0 0 0 0 0 0 0 0 0 0 0 0 0 0 0 0 0 0 0 0.006584 0.006584 911.91165 风电 洛山风电场 0.045664 0 0 0 0 0 0 0 0 0 0 0 0 0.045664 0 0 0 0 0 0 0 0.047824 0.00216 6623.4166 水电 麻石电厂 1.382304 0 0 0 0 0 0 0 0 0 0 1.382304 0 0 0 0 0 0 0 0 0 0.046806 -1.335498 6482.47167 风电 马家风电场 0.001322 0 0 0 0 0 0 0 0 0 0 0 0 0.001322 0 0 0 0 0 0 0 0.091887 0.090565 12726.029168 气电 马园电厂 0 0 0 0 0 0 0 0 0 0 0 0 0 0 0 0 0 0 0 0 0 0 0 0169 风电 马子岭风电场 0 0 0 0 0 0 0 0 0 0 0 0 0 0 0 0 0 0 0 0 0 0.187861 0.187861 26018.08170 风电 米康风电场 0.021603 0 0 0 0 0 0 0 0 0 0 0 0 0.021603 0 0 0 0 0 0 0 0.068299 0.046696 9459.12171 小生物质 蜜朋电厂 0 0 0 0 0 0 0 0 0 0 0 0 0 0 0 0 0 0 0 0 0 0.106949 0.106949 14812172 风电 蜜源风电场 0 0 0 0 0 0 0 0 0 0 0 0 0 0 0 0 0 0 0 0 0 0.152813 0.152813 21164.088173 水电 苗都电厂 0 0 0 0 0 0 0 0 0 0 0 0 0 0 0 0 0 0 0 0 0 0.001363 0.001363 188.797174 风电 妙郎山风电场 1.010348 0 0 0 0 0 0 0 0 0 0 0 0 1.010348 0 0 0 0 0 0 0 0.077083 -0.933265 10675.65175 光伏 民钦光伏站 0 0 0 0 0 0 0 0 0 0 0 0 0 0 0 0 0 0 0 0 0 0.19621 0.19621 27174.4176 风电 木格风电场 0 0 0 0 0 0 0 0 0 0 0 0 0 0 0 0 0 0 0 0 0 0.137093 0.137093 18986.88177 水电 那吉电厂 0 0 0 0 0 0 0 0 0 0 0 0 0 0 0 0 0 0 0 0 0 0.091335 0.091335 12649.56178 小水电 那新电厂 0 0 0 0 0 0 0 0 0 0 0 0 0 0 0 0 0 0 0 0 0 0 0 0179 小水电 纳八电厂 0 0 0 0 0 0 0 0 0 0 0 0 0 0 0 0 0 0 0 0 0 0.001096 0.001096 151.8180 小水电 南桂电厂 0 0 0 0 0 0 0 0 0 0 0 0 0 0 0 0 0 0 0 0 0 0.000645 0.000645 89.34181 光伏 南甲光伏站 0 0 0 0 0 0 0 0 0 0 0 0 0 0 0 0 0 0 0 0 0 0.034689 0.034689 4804.272182 风电 南山风电场 0 0 0 0 0 0 0 0 0 0 0 0 0 0 0 0 0 0 0 0 0 0.168316 0.168316 23311.2183 小生物质 宁明东亚电厂 0 0 0 0 0 0 0 0 0 0 0 0 0 0 0 0 0 0 0 0 0 0.067738 0.067738 9381.4184 风电 牛景岭风电场 0.385671 0 0 0 0 0 0 0 0 0 0 0 0 0.385671 0 0 0 0 0 0 0 0.299678 -0.085993 41504.32185 水电 牛湾电厂 0 0 0 0 0 0 0 0 0 0 0 0 0 0 0 0 0 0 0 0 0 0.07458 0.07458 10329186 光伏 弄滩光伏站 0.480333 0 0 0 0 0 0 0 0 0 0 0 0 0 0 0 0 0 0.480333 0 0 0 -0.480333 0187 光伏 暖阳光伏站 0 0 0 0 0 0 0 0 0 0 0 0 0 0 0 0 0 0 0 0 0 0.044662 0.044662 6185.52188 光伏 诺阳光伏站 0 0 0 0 0 0 0 0 0 0 0 0 0 0 0 0 0 0 0 0 0 0.016622 0.016622 2302.08189 小水电 糯米滩电厂 0 0 0 0 0 0 0 0 0 0 0 0 0 0 0 0 0 0 0 0 0 0.002343 0.002343 324.45190 光伏 排塘光伏站 0 0 0 0 0 0 0 0 0 0 0 0 0 0 0 0 0 0 0 0 0 0.048775 0.048775 6755.156191 风电 佩光风电场 0.884225 0 0 0 0 0 0 0 0 0 0 0 0 0.884225 0 0 0 0 0 0 0 0.079698 -0.804528 11037.84192 水电 平班电厂 0 0 0 0 0 0 0 0 0 0 0 0 0 0 0 0 0 0 0 0 0 0.557581 0.557581 77222.904193 风电 平鼓山风电场 2.777109 0 0 0 0 0 0 0 0 0 0 0 0 2.777109 0 0 0 0 0 0 0 0.080212 -2.696897 11109.12194 小生物质 平里垃圾发电厂 0 0 0 0 0 0 0 0 0 0 0 0 0 0 0 0 0 0 0 0 0 0.171846 0.171846 23800195 小水电 平林电厂 0 0 0 0 0 0 0 0 0 0 0 0 0 0 0 0 0 0 0 0 0 0.006438 0.006438 891.66196 储能 平陆储能站 0 0 0 0 0 0 0 0 0 0 0 0 0 0 0 0 0 0 0 0 0 0 0 0197 小生物质 平南环保发电厂 0 0 0 0 0 0 0 0 0 0 0 0 0 0 0 0 0 0 0 0 0 0.046653 0.046653 6461.28198 风电 平天山风电场 2.02743 0 0 0 0 0 0 0 0 0 0 0 0 2.02743 0 0 0 0 0 0 0 0.085611 -1.941819 11856.749199 光伏 浦峙光伏站 0.095383 0 0 0 0 0 0 0 0 0 0 0 0 0 0 0 0 0 0.095383 0 0 0 -0.095383 0200 风电 麒麟风电场 0.11099 0 0 0 0 0 0 0 0 0 0 0 0 0.11099 0 0 0 0 0 0 0 0.089229 -0.021762 12357.84

结算序号 电厂类型 电厂名称考核费用合计(万元)常规电厂调度运行管理常规电厂技术指导与管理考核费用(万元)风电场调度运行管理风电场技术指导与管理考核费用(万元)光伏电厂调度运行管理光伏电厂技术指导与管理考核费用(万元)考核返还费用(万元)考核费用净收入(万元)上网电量(MWh)安全管理考核费用(万元)调度纪律管理考核费用(万母线电压考核费用(万元)旋转备用考核(万元)AVC考核费用(万元)功率震荡管理考核费用(万元)燃料管理考核费用(万元)水电振动区管理考核费用(万元)黑启动考核费用(万元)检修管理考核费用(万元)调度管理考核费用(万元)风电有功功率变化考核费用(万元)风电脱网考核费用(万元)风电风功率预测考核费用(万元)调度管理考核费用(万元)光伏有功功率变化考核费用(万元)光伏功率预测考核费用(万元)201 水电 桥巩电厂 0 0 0 0 0 0 0 0 0 0 0 0 0 0 0 0 0 0 0 0 0 0.807302 0.807302 111808.4202 风电 钦南风电场 0.020268 0 0 0 0 0 0 0 0 0 0 0 0 0.020268 0 0 0 0 0 0 0 0.05886 0.038592 8151.85203 煤电1(≥60) 钦州电厂(二期) 0 0 0 0 0 0 0 0 0 0 0 0 0 0 0 0 0 0 0 0 0 6.399807 6.399807 886350204 煤电1(≥60) 钦州电厂(一期) 0 0 0 0 0 0 0 0 0 0 0 0 0 0 0 0 0 0 0 0 0 3.327488 3.327488 460845205 小生物质 钦州海诺尔垃圾发电厂 0 0 0 0 0 0 0 0 0 0 0 0 0 0 0 0 0 0 0 0 0 0.057611 0.057611 7978.95206 小生物质 钦州琦泉生物质电厂 0 0 0 0 0 0 0 0 0 0 0 0 0 0 0 0 0 0 0 0 0 0 0 0207 风电 秦淮风电场 2.540256 0 0 0 0 0 0 0 0 0 0 0 0 2.540256 0 0 0 0 0 0 0 0.103701 -2.436554 14362.26208 小水电 青狮潭电厂 0 0 0 0 0 0 0 0 0 0 0 0 0 0 0 0 0 0 0 0 0 0 0 0209 风电 晴岚风电场 1.343889 0 0 0 0 0 0 0 0 0 0 0 0 1.343889 0 0 0 0 0 0 0 0.102108 -1.241781 14141.6210 光伏 琼恩光伏站 0 0 0 0 0 0 0 0 0 0 0 0 0 0 0 0 0 0 0 0 0 0.019348 0.019348 2679.6211 风电 坵坪风电场 26.712524 0 0 0 0 0 0 0 0 0 0 0 0 26.712524 0 0 0 0 0 0 0 0.997295 -25.715229 138121.72212 风电 全达风电场 9.516303 0 0 0 0 0 0 0 0 0 0 0 0 9.516303 0 0 0 0 0 0 0 0.263034 -9.253269 36429.25213 光伏 全达光伏站 0 0 0 0 0 0 0 0 0 0 0 0 0 0 0 0 0 0 0 0 0 0.011311 0.011311 1566.6214 煤电2(≥30,<60) 仁义电厂 0 0 0 0 0 0 0 0 0 0 0 0 0 0 0 0 0 0 0 0 0 1.605764 1.605764 222392.5215 光伏 荣屯光伏站 0 0 0 0 0 0 0 0 0 0 0 0 0 0 0 0 0 0 0 0 0 0.00854 0.00854 1182.72216 风电 锐航风电场 1.82506 0 0 0 0 0 0 0 0 0 0 0 0 1.82506 0 0 0 0 0 0 0 0.098164 -1.726896 13595.38217 风电 润堡风电场 0 0 0 0 0 0 0 0 0 0 0 0 0 0 0 0 0 0 0 0 0 0.076269 0.076269 10562.94218 风电 润佳风电场 0.053802 0 0 0 0 0 0 0 0 0 0 0 0 0.053802 0 0 0 0 0 0 0 0.139323 0.085521 19295.76219 风电 润南风电场 0.017503 0 0 0 0 0 0 0 0 0 0 0 0 0.017503 0 0 0 0 0 0 0 0.081563 0.064059 11296.124220 小水电 三岔电厂 0 0 0 0 0 0 0 0 0 0 0 0 0 0 0 0 0 0 0 0 0 0.008663 0.008663 1199.8221 煤电3(<30) 三祥联产发电厂 0 0 0 0 0 0 0 0 0 0 0 0 0 0 0 0 0 0 0 0 0 0.034966 0.034966 4842.6222 水电 山秀电厂 0 0 0 0 0 0 0 0 0 0 0 0 0 0 0 0 0 0 0 0 0 0.054765 0.054765 7584.72223 小生物质 上罗电厂 0 0 0 0 0 0 0 0 0 0 0 0 0 0 0 0 0 0 0 0 0 0.105044 0.105044 14548.24224 光伏 申丰光伏站 0 0 0 0 0 0 0 0 0 0 0 0 0 0 0 0 0 0 0 0 0 0.00585 0.00585 810.25225 小生物质 深能电厂 0 0 0 0 0 0 0 0 0 0 0 0 0 0 0 0 0 0 0 0 0 0.154716 0.154716 21427.56226 煤电2(≥30,<60) 神鹿热电厂 0 0 0 0 0 0 0 0 0 0 0 0 0 0 0 0 0 0 0 0 0 1.474912 1.474912 204270227 风电 狮子岭风电场 0.091353 0 0 0 0 0 0 0 0 0 0 0 0 0.091353 0 0 0 0 0 0 0 0.21111 0.119757 29238228 小水电 石别水电厂 0 0 0 0 0 0 0 0 0 0 0 0 0 0 0 0 0 0 0 0 0 0.006151 0.006151 851.835229 光伏 石村光伏站 0 0 0 0 0 0 0 0 0 0 0 0 0 0 0 0 0 0 0 0 0 0.026762 0.026762 3706.5230 风电 首龙风电场 0.031149 0 0 0 0 0 0 0 0 0 0 0 0 0.031149 0 0 0 0 0 0 0 0.086102 0.054953 11924.88231 风电 水锦风电场 0.877962 0 0 0 0 0 0 0 0 0 0 0 0 0.877962 0 0 0 0 0 0 0 0.153385 -0.724577 21243.2232 小水电 思安江电厂 0 0 0 0 0 0 0 0 0 0 0 0 0 0 0 0 0 0 0 0 0 0 0 0233 小水电 思陇电厂 0 0 0 0 0 0 0 0 0 0 0 0 0 0 0 0 0 0 0 0 0 0.011313 0.011313 1566.84234 风电 四方岭风电场 0.356319 0 0 0 0 0 0 0 0 0 0 0 0 0.356319 0 0 0 0 0 0 0 0.165266 -0.191053 22888.8235 水电 宋村电厂 0 0 0 0 0 0 0 0 0 0 0 0 0 0 0 0 0 0 0 0 0 0.106842 0.106842 14797.2236 风电 宿邓风电场 0.006687 0 0 0 0 0 0 0 0 0 0 0 0 0.006687 0 0 0 0 0 0 0 0.058635 0.051948 8120.7237 光伏 滩面光伏站 0 0 0 0 0 0 0 0 0 0 0 0 0 0 0 0 0 0 0 0 0 0.011701 0.011701 1620.59238 光伏 桃花光伏站 0 0 0 0 0 0 0 0 0 0 0 0 0 0 0 0 0 0 0 0 0 0.010787 0.010787 1494.011239 小生物质 藤县生物质电厂 0 0 0 0 0 0 0 0 0 0 0 0 0 0 0 0 0 0 0 0 0 0.071459 0.071459 9896.88240 水电 天二电厂 4.349638 0 0 0 0 4.349638 0 0 0 0 0 0 0 0 0 0 0 0 0 0 0 1.285116 -3.064522 177983.957241 风电 天堂顶风电场 0 0 0 0 0 0 0 0 0 0 0 0 0 0 0 0 0 0 0 0 0 0.253173 0.253173 35063.6242 风电 天武风电场 0.426544 0 0 0 0 0 0 0 0 0 0 0 0 0.426544 0 0 0 0 0 0 0 0.083872 -0.342672 11616243 水电 天一电厂 0 0 0 0 0 0 0 0 0 0 0 0 0 0 0 0 0 0 0 0 0 0.527245 0.527245 73021.552244 光伏 通威光伏站 0 0 0 0 0 0 0 0 0 0 0 0 0 0 0 0 0 0 0 0 0 0.056499 0.056499 7824.96245 光伏 驮堪光伏站 0 0 0 0 0 0 0 0 0 0 0 0 0 0 0 0 0 0 0 0 0 0.00791 0.00791 1095.5246 水电 驮娘江电厂 10.194492 0 0 0 0 0 0 0 0 0 0 10.194492 0 0 0 0 0 0 0 0 0 0.157971 -10.036521 21878.45247 风电 碗窑风电场 0 0 0 0 0 0 0 0 0 0 0 0 0 0 0 0 0 0 0 0 0 0.366331 0.366331 50735.52248 水电 旺村电厂 0 0 0 0 0 0 0 0 0 0 0 0 0 0 0 0 0 0 0 0 0 0.087843 0.087843 12166249 小生物质 旺能电厂 0 0 0 0 0 0 0 0 0 0 0 0 0 0 0 0 0 0 0 0 0 0.052395 0.052395 7256.55250 风电 沃岭风电场 0 0 0 0 0 0 0 0 0 0 0 0 0 0 0 0 0 0 0 0 0 0.069757 0.069757 9661.121251 水电 乌东德右岸电厂 0 0 0 0 0 0 0 0 0 0 0 0 0 0 0 0 0 0 0 0 0 0.972393 0.972393 134672.949252 水电 乌东德左岸电厂 0 0 0 0 0 0 0 0 0 0 0 0 0 0 0 0 0 0 0 0 0 0.972393 0.972393 134672.949253 光伏 乌家光伏站 0 0 0 0 0 0 0 0 0 0 0 0 0 0 0 0 0 0 0 0 0 0.030594 0.030594 4237.2254 小生物质梧州市静脉产业园垃圾发电厂0 0 0 0 0 0 0 0 0 0 0 0 0 0 0 0 0 0 0 0 0 0.109649 0.109649 15185.94255 小水电 西岸电厂 0 0 0 0 0 0 0 0 0 0 0 0 0 0 0 0 0 0 0 0 0 0.004612 0.004612 638.68256 光伏 西江机场光伏站 0 0 0 0 0 0 0 0 0 0 0 0 0 0 0 0 0 0 0 0 0 0.023897 0.023897 3309.6257 水电 西津电厂 0 0 0 0 0 0 0 0 0 0 0 0 0 0 0 0 0 0 0 0 0 0.271115 0.271115 37548.376258 风电 霞义山风电场 0 0 0 0 0 0 0 0 0 0 0 0 0 0 0 0 0 0 0 0 0 0.190695 0.190695 26410.56259 小水电 下六甲电厂 0 0 0 0 0 0 0 0 0 0 0 0 0 0 0 0 0 0 0 0 0 0.002732 0.002732 378.402260 水电 下桥电厂 0 0 0 0 0 0 0 0 0 0 0 0 0 0 0 0 0 0 0 0 0 0.008063 0.008063 1116.72261 小水电 下石龙电厂 0 0 0 0 0 0 0 0 0 0 0 0 0 0 0 0 0 0 0 0 0 0.02413 0.02413 3341.922262 小水电 下湘水电厂 0 0 0 0 0 0 0 0 0 0 0 0 0 0 0 0 0 0 0 0 0 0.001135 0.001135 157.185263 水电 仙衣滩电厂 0 0 0 0 0 0 0 0 0 0 0 0 0 0 0 0 0 0 0 0 0 0.203258 0.203258 28150.56264 小水电 先锋电厂 0 0 0 0 0 0 0 0 0 0 0 0 0 0 0 0 0 0 0 0 0 0.020367 0.020367 2820.7265 风电 祥甜风电场 0.103928 0 0 0 0 0 0 0 0 0 0 0 0 0.103928 0 0 0 0 0 0 0 0.132642 0.028714 18370.44266 风电 祥宇风电场 0.017171 0 0 0 0 0 0 0 0 0 0 0 0 0.017171 0 0 0 0 0 0 0 0.053945 0.036774 7471.2267 小水电 响水洞电厂 0 0 0 0 0 0 0 0 0 0 0 0 0 0 0 0 0 0 0 0 0 0.004159 0.004159 576.039268 小生物质 象州理昂生物质发电厂 0 0 0 0 0 0 0 0 0 0 0 0 0 0 0 0 0 0 0 0 0 0.042517 0.042517 5888.4269 小水电 小龙潭电厂 0 0 0 0 0 0 0 0 0 0 0 0 0 0 0 0 0 0 0 0 0 0.000759 0.000759 105.165270 小水电 小溶江电厂 0 0 0 0 0 0 0 0 0 0 0 0 0 0 0 0 0 0 0 0 0 0.011369 0.011369 1574.58271 光伏 小湾光伏站 0 0 0 0 0 0 0 0 0 0 0 0 0 0 0 0 0 0 0 0 0 0.033568 0.033568 4649.04272 小水电 小寨电厂 0 0 0 0 0 0 0 0 0 0 0 0 0 0 0 0 0 0 0 0 0 0.017209 0.017209 2383.325273 风电 协合风电场 0 0 0 0 0 0 0 0 0 0 0 0 0 0 0 0 0 0 0 0 0 0.21937 0.21937 30382274 光伏 鑫奥光伏站 0 0 0 0 0 0 0 0 0 0 0 0 0 0 0 0 0 0 0 0 0 0.032882 0.032882 4554275 小水电 兴隆电厂 0 0 0 0 0 0 0 0 0 0 0 0 0 0 0 0 0 0 0 0 0 0.004294 0.004294 594.69276 煤电1(≥60) 兴义电厂 0 0 0 0 0 0 0 0 0 0 0 0 0 0 0 0 0 0 0 0 0 0 0 0277 风电 旭晖风电场 0.283865 0 0 0 0 0 0 0 0 0 0 0 0 0.283865 0 0 0 0 0 0 0 0.113626 -0.170238 15736.828278 光伏 旭晖光伏站 0 0 0 0 0 0 0 0 0 0 0 0 0 0 0 0 0 0 0 0 0 0.037725 0.037725 5224.772279 光伏 旭日升光伏站 0 0 0 0 0 0 0 0 0 0 0 0 0 0 0 0 0 0 0 0 0 0.001904 0.001904 263.76280 水电 浔州电厂 0 0 0 0 0 0 0 0 0 0 0 0 0 0 0 0 0 0 0 0 0 1.55386 1.55386 215204281 风电 迅风风电场 0 0 0 0 0 0 0 0 0 0 0 0 0 0 0 0 0 0 0 0 0 0.35444 0.35444 49088.671282 水电 岩滩电厂 0 0 0 0 0 0 0 0 0 0 0 0 0 0 0 0 0 0 0 0 0 2.124605 2.124605 294250283 风电 羊加山风电场 0 0 0 0 0 0 0 0 0 0 0 0 0 0 0 0 0 0 0 0 0 0.10052 0.10052 13921.6284 风电 杨村风电场 0 0 0 0 0 0 0 0 0 0 0 0 0 0 0 0 0 0 0 0 0 0.124484 0.124484 17240.52285 小水电 杨家桥电厂 0 0 0 0 0 0 0 0 0 0 0 0 0 0 0 0 0 0 0 0 0 0.004636 0.004636 642.096286 水电 叶茂电厂 0 0 0 0 0 0 0 0 0 0 0 0 0 0 0 0 0 0 0 0 0 0.019248 0.019248 2665.759287 小生物质 宜州琦泉生物质发电厂 0 0 0 0 0 0 0 0 0 0 0 0 0 0 0 0 0 0 0 0 0 0 0 0288 小水电 银河电厂 0 0 0 0 0 0 0 0 0 0 0 0 0 0 0 0 0 0 0 0 0 0.013334 0.013334 1846.68289 光伏 英利光伏站 0 0 0 0 0 0 0 0 0 0 0 0 0 0 0 0 0 0 0 0 0 0.014012 0.014012 1940.6290 光伏 英学光伏站 0 0 0 0 0 0 0 0 0 0 0 0 0 0 0 0 0 0 0 0 0 0.042063 0.042063 5825.6291 风电 鹰斗岭风电场 0 0 0 0 0 0 0 0 0 0 0 0 0 0 0 0 0 0 0 0 0 0.12475 0.12475 17277.388292 光伏 永福光伏站 0 0 0 0 0 0 0 0 0 0 0 0 0 0 0 0 0 0 0 0 0 0.018388 0.018388 2546.72293 煤电2(≥30,<60) 永福扩建 0 0 0 0 0 0 0 0 0 0 0 0 0 0 0 0 0 0 0 0 0 2.097602 2.097602 290510.184294 水电 右江电厂 0 0 0 0 0 0 0 0 0 0 0 0 0 0 0 0 0 0 0 0 0 0.530902 0.530902 73527.96295 水电 鱼梁电厂 0 0 0 0 0 0 0 0 0 0 0 0 0 0 0 0 0 0 0 0 0 0.076162 0.076162 10548.12296 风电 宇阳风电场 0.343373 0 0 0 0 0 0 0 0 0 0 0 0 0.343373 0 0 0 0 0 0 0 0.20339 -0.139983 28168.8297 光伏 玉柴光伏站 0 0 0 0 0 0 0 0 0 0 0 0 0 0 0 0 0 0 0 0 0 0.090997 0.090997 12602.76298 光伏 玉峰光伏站 0 0 0 0 0 0 0 0 0 0 0 0 0 0 0 0 0 0 0 0 0 0.038714 0.038714 5361.706299 风电 月亮山风电场 0.113733 0 0 0 0 0 0 0 0 0 0 0 0 0.113733 0 0 0 0 0 0 0 0.169162 0.055429 23428.31300 风电 云飞风电场 0.034838 0 0 0 0 0 0 0 0 0 0 0 0 0.034838 0 0 0 0 0 0 0 0.132158 0.097319 18303.378

结算序号 电厂类型 电厂名称考核费用合计(万元)常规电厂调度运行管理 常规电厂技术指导与管理考核费用(万元)风电场调度运行管理 风电场技术指导与管理考核费用(万元)光伏电厂调度运行管理 光伏电厂技术指导与管理考核费用(万元)考核返还费用(万元)考核费用净收入(万元)上网电量(MWh)安全管理考核费用(万元)调度纪律管理考核费用(万母线电压考核费用(万元)旋转备用考核(万元)AVC考核费用(万元)功率震荡管理考核费用(万元)燃料管理考核费用(万元)水电振动区管理考核费用(万元)黑启动考核费用(万元)检修管理考核费用(万元)调度管理考核费用(万元)风电有功功率变化考核费用(万元)风电脱网考核费用(万元)风电风功率预测考核费用(万元)调度管理考核费用(万元)光伏有功功率变化考核费用(万元)光伏功率预测考核费用(万元)301 风电 泽丰风电场 1.206851 0 0 0 0 0 0 0 0 0 0 0 0 1.206851 0 0 0 0 0 0 0 0.079212 -1.127639 10970.52302 光伏 寨安光伏站 0 0 0 0 0 0 0 0 0 0 0 0 0 0 0 0 0 0 0 0 0 0.04485 0.04485 6211.605303 光伏 者显光伏站 0 0 0 0 0 0 0 0 0 0 0 0 0 0 0 0 0 0 0 0 0 0.029228 0.029228 4048304 光伏 振国光伏站 0 0 0 0 0 0 0 0 0 0 0 0 0 0 0 0 0 0 0 0 0 0.033233 0.033233 4602.7305 风电 镇龙山风电场 0.097064 0 0 0 0 0 0 0 0 0 0 0 0 0.097064 0 0 0 0 0 0 0 0.089301 -0.007762 12367.891306 光伏 峙书光伏站 0 0 0 0 0 0 0 0 0 0 0 0 0 0 0 0 0 0 0 0 0 0 0 0307 小生物质 中科发电厂 0 0 0 0 0 0 0 0 0 0 0 0 0 0 0 0 0 0 0 0 0 0.069098 0.069098 9569.79308 光伏 中民光伏站 0 0 0 0 0 0 0 0 0 0 0 0 0 0 0 0 0 0 0 0 0 0.011285 0.011285 1562.88309 煤电1(≥60) 珠城电厂 0 0 0 0 0 0 0 0 0 0 0 0 0 0 0 0 0 0 0 0 0 5.529387 5.529387 765800310 风电 珠光风电场 0.001931 0 0 0 0 0 0 0 0 0 0 0 0 0.001931 0 0 0 0 0 0 0 0.139994 0.138063 19388.6311 光伏 珠光光伏站 0 0 0 0 0 0 0 0 0 0 0 0 0 0 0 0 0 0 0 0 0 0.009919 0.009919 1373.75312 光伏 卓昇光伏站 0 0 0 0 0 0 0 0 0 0 0 0 0 0 0 0 0 0 0 0 0 0 0 0313 风电 梓坪风电场 0.005918 0 0 0 0 0 0 0 0 0 0 0 0 0.005918 0 0 0 0 0 0 0 0.149445 0.143527 20697.6314 水电 左江电厂 0 0 0 0 0 0 0 0 0 0 0 0 0 0 0 0 0 0 0 0 0 0.071844 0.071844 9950.16合计 -- -- 98.4238 0 0 0 0 4.3496 0 0 0 0 0 12.5271 0 80.9713 0 0 0 0 0.5757 0 0 98.4238 0 13631335.35

结算序号电厂类型 电厂名称 机组名称非计划停运汇总表等效非停时间(h)等效非停双倍时间(h)临时停运时间(h)临时停运双倍时间(h)非停总时间(h)考核标准时间(h)非停考核小时(h)临停年累计次数考核电量(MWh)上网电量(MWh)非停考核费用(万元)非停返还费用(万元)非停净收入(万元)1 水电 百龙滩电厂 0 0 0 0 0 120 0 0 0 56120.24 0 4.5172 4.5172百龙滩电厂.#1 0 0 0 0 0 20 0 0 0 0 0 0 0百龙滩电厂.#2 0 0 0 0 0 20 0 0 0 0 0 0 0百龙滩电厂.#3 0 0 0 0 0 20 0 0 0 0 0 0 0百龙滩电厂.#4 0 0 0 0 0 20 0 0 0 0 0 0 0百龙滩电厂.#5 0 0 0 0 0 20 0 0 0 0 0 0 0百龙滩电厂.#6 0 0 0 0 0 20 0 0 0 0 0 0 02 煤电2(≥30,<60) 北海电厂 248.2 0 0 0 248.2 40 208.2 0 666.24 244062.5 28.7796 19.6448 -9.1347北海电厂.#1 99.57 0 0 0 99.57 20 79.57 0 0 0 0 0 0北海电厂.#2 148.63 0 0 0 148.63 20 128.63 0 0 0 0 0 03 水电 曹渡河梯级电厂 0 0 0 0 0 0 0 0 0 4213.44 0 0.3391 0.33914 水电 长洲电厂 0 0 0 0 0 300 0 0 0 144767.26 0 11.6525 11.6525长洲电厂.#1 0 0 0 0 0 20 0 0 0 0 0 0 0长洲电厂.#10 0 0 0 0 0 20 0 0 0 0 0 0 0长洲电厂.#11 0 0 0 0 0 20 0 0 0 0 0 0 0长洲电厂.#12 0 0 0 0 0 20 0 0 0 0 0 0 0长洲电厂.#13 0 0 0 0 0 20 0 0 0 0 0 0 0长洲电厂.#14 0 0 0 0 0 20 0 0 0 0 0 0 0长洲电厂.#15 0 0 0 0 0 20 0 0 0 0 0 0 0长洲电厂.#2 0 0 0 0 0 20 0 0 0 0 0 0 0长洲电厂.#3 0 0 0 0 0 20 0 0 0 0 0 0 0长洲电厂.#4 0 0 0 0 0 20 0 0 0 0 0 0 0长洲电厂.#5 0 0 0 0 0 20 0 0 0 0 0 0 0长洲电厂.#6 0 0 0 0 0 20 0 0 0 0 0 0 0长洲电厂.#7 0 0 0 0 0 20 0 0 0 0 0 0 0长洲电厂.#8 0 0 0 0 0 20 0 0 0 0 0 0 0长洲电厂.#9 0 0 0 0 0 20 0 0 0 0 0 0 05 水电 大化电厂 0 0 0 0 0 100 0 0 0 129427.98 0 10.4178 10.4178大化电厂.#1 0 0 0 0 0 20 0 0 0 0 0 0 0大化电厂.#2 0 0 0 0 0 20 0 0 0 0 0 0 0大化电厂.#3 0 0 0 0 0 20 0 0 0 0 0 0 0大化电厂.#4 0 0 0 0 0 20 0 0 0 0 0 0 0大化电厂.#5 0 0 0 0 0 20 0 0 0 0 0 0 06 水电 大埔电厂 0 0 0 0 0 60 0 0 0 6443.25 0 0.5186 0.5186大埔电厂.#1 0 0 0 0 0 20 0 0 0 0 0 0 0大埔电厂.#2 0 0 0 0 0 20 0 0 0 0 0 0 0大埔电厂.#3 0 0 0 0 0 20 0 0 0 0 0 0 07 煤电1(≥60) 防城港电厂(二期) 1.29 0 0 0 1.29 40 0 0 0 594550 0 47.8559 47.8559防城港电厂二期.#3 0.85 0 0 0 0.85 20 0 0 0 0 0 0 0防城港电厂二期.#4 0.44 0 0 0 0.44 20 0 0 0 0 0 0 08 煤电1(≥60) 防城港电厂(一期) 29.993 0 0 0 29.993 40 2.5961 2 16.3554 539500 0.7065 43.4249 42.7184防城港电厂.#1F 7.3969 0 0 0 7.3969 20 0 1 0 0 0 0 0防城港电厂.#2F 22.5961 0 0 0 22.5961 20 2.5961 1 0 0 0 0 09 水电 浮石电厂 0 0 0 0 0 80 0 0 0 3366.641 0 0.271 0.271浮石电厂.#1 0 0 0 0 0 20 0 0 0 0 0 0 0浮石电厂.#2 0 0 0 0 0 20 0 0 0 0 0 0 0浮石电厂.#3 0 0 0 0 0 20 0 0 0 0 0 0 0浮石电厂.#4 0 0 0 0 0 20 0 0 0 0 0 0 010 煤电1(≥60) 富川电厂 90.9494 0 179.6667 0 270.6161 40 241.3071 1 9195.7255 797100 397.2278 64.1594 -333.068富川电厂.#1F 81.6404 0 179.6667 0 261.3071 20 241.3071 1 0 0 0 0 0

结算序号电厂类型 电厂名称 机组名称非计划停运汇总表等效非停时间(h)等效非停双倍时间(h)临时停运时间(h)临时停运双倍时间(h)非停总时间(h)考核标准时间(h)非停考核小时(h)临停年累计次数考核电量(MWh)上网电量(MWh)非停考核费用(万元)非停返还费用(万元)非停净收入(万元)富川电厂.#2F 9.309 0 0 0 9.309 20 0 0 0 0 0 0 011 水电 古顶电厂 0 0 0 0 0 80 0 0 0 4099.463 0 0.33 0.33古顶电厂.#1 0 0 0 0 0 20 0 0 0 0 0 0 0古顶电厂.#2 0 0 0 0 0 20 0 0 0 0 0 0 0古顶电厂.#3 0 0 0 0 0 20 0 0 0 0 0 0 0古顶电厂.#4 0 0 0 0 0 20 0 0 0 0 0 0 012 核电 光坡核电厂 0 0 0 0 0 40 0 0 0 1689450 0 135.9855 135.9855光坡核电厂.#1F 0 0 0 0 0 20 0 0 0 0 0 0 0光坡核电厂.#2F 0 0 0 0 0 20 0 0 0 0 0 0 013 煤电1(≥60) 贵港电厂 193.9955 0 0 0 193.9955 40 153.9955 0 970.1717 540312.5 41.9085 43.4903 1.5818贵港电厂.#1F 79.8605 0 0 0 79.8605 20 59.8605 0 0 0 0 0 0贵港电厂.#2F 114.135 0 0 0 114.135 20 94.135 0 0 0 0 0 014 水电 桂航电厂 0 0 0 0 0 60 0 0 0 25314.3 0 2.0376 2.0376桂航电厂.#1 0 0 0 0 0 20 0 0 0 0 0 0 0桂航电厂.#2 0 0 0 0 0 20 0 0 0 0 0 0 0桂航电厂.#3 0 0 0 0 0 20 0 0 0 0 0 0 015 煤电1(≥60) 合山60厂 122.08 0 0 0 122.08 20 102.08 0 683.936 283500 29.544 22.8192 -6.7248合山60厂.#3 122.08 0 0 0 122.08 20 102.08 0 0 0 0 0 016 煤电2(≥30,<60) 合山新厂 160.47 0 0 0 160.47 40 120.47 0 397.551 98375 17.173 7.9183 -9.2547合山新厂.#1 26.9 0 0 0 26.9 20 6.9 0 0 0 0 0 0合山新厂.#2 133.57 0 0 0 133.57 20 113.57 0 0 0 0 0 017 水电 红花电厂 0 0 0 0 0 120 0 0 0 10129.36 0 0.8153 0.8153红花电厂.#1 0 0 0 0 0 20 0 0 0 0 0 0 0红花电厂.#2 0 0 0 0 0 20 0 0 0 0 0 0 0红花电厂.#3 0 0 0 0 0 20 0 0 0 0 0 0 0红花电厂.#4 0 0 0 0 0 20 0 0 0 0 0 0 0红花电厂.#5 0 0 0 0 0 20 0 0 0 0 0 0 0红花电厂.#6 0 0 0 0 0 20 0 0 0 0 0 0 018 气电 江南能源站 0 0 0 0 0 160 0 0 0 1276.44 0 0.1027 0.1027江南能源站.#1 0 0 0 0 0 40 0 0 0 0 0 0 0江南能源站.#2 0 0 0 0 0 40 0 0 0 0 0 0 0江南能源站.#3 0 0 0 0 0 40 0 0 0 0 0 0 0江南能源站.#4 0 0 0 0 0 40 0 0 0 0 0 0 019 水电 金鸡滩电厂 0 0 0 0 0 60 0 0 0 12174.054 0 0.9799 0.9799金鸡滩电厂.#1 0 0 0 0 0 20 0 0 0 0 0 0 0金鸡滩电厂.#2 0 0 0 0 0 20 0 0 0 0 0 0 0金鸡滩电厂.#3 0 0 0 0 0 20 0 0 0 0 0 0 020 水电 金牛坪电厂 0 0 0 0 0 60 0 0 0 8544.6 0 0.6878 0.6878金牛坪电厂.#1 0 0 0 0 0 20 0 0 0 0 0 0 0金牛坪电厂.#2 0 0 0 0 0 20 0 0 0 0 0 0 0金牛坪电厂.#3 0 0 0 0 0 20 0 0 0 0 0 0 021 水电 京南电厂 0 0 0 0 0 40 0 0 0 9682.029 0 0.7793 0.7793京南电厂.#1 0 0 0 0 0 20 0 0 0 0 0 0 0京南电厂.#2 0 0 0 0 0 20 0 0 0 0 0 0 022 水电 拉浪电厂 0 0 0 0 0 80 0 0 0 1196.71 0 0.0963 0.0963拉浪电厂.#1 0 0 0 0 0 20 0 0 0 0 0 0 0拉浪电厂.#2 0 0 0 0 0 20 0 0 0 0 0 0 0拉浪电厂.#3 0 0 0 0 0 20 0 0 0 0 0 0 0拉浪电厂.#4 0 0 0 0 0 20 0 0 0 0 0 0 023 煤电2(≥30,<60) 来宾B厂 354.41 0 0 0 354.41 40 314.41 0 1131.876 121034.24 48.8936 9.7422 -39.1515

结算序号电厂类型 电厂名称 机组名称非计划停运汇总表等效非停时间(h)等效非停双倍时间(h)临时停运时间(h)临时停运双倍时间(h)非停总时间(h)考核标准时间(h)非停考核小时(h)临停年累计次数考核电量(MWh)上网电量(MWh)非停考核费用(万元)非停返还费用(万元)非停净收入(万元)来宾B厂.#1 187.47 0 0 0 187.47 20 167.47 0 0 0 0 0 0来宾B厂.#2 166.94 0 0 0 166.94 20 146.94 0 0 0 0 0 024 煤电2(≥30,<60) 来宾扩建 422.37 0 0 0 422.37 40 382.37 0 1147.11 174432.08 49.5517 14.0402 -35.5115来宾扩建.#3 250.28 0 0 0 250.28 20 230.28 0 0 0 0 0 0来宾扩建.#4 172.09 0 0 0 172.09 20 152.09 0 0 0 0 0 025 水电 乐滩电厂 0 0 0 0 0 80 0 0 0 129745.44 0 10.4433 10.4433乐滩电厂.#1 0 0 0 0 0 20 0 0 0 0 0 0 0乐滩电厂.#2 0 0 0 0 0 20 0 0 0 0 0 0 0乐滩电厂.#3 0 0 0 0 0 20 0 0 0 0 0 0 0乐滩电厂.#4 0 0 0 0 0 20 0 0 0 0 0 0 026 气电 临桂电厂 0 0 0 0 0 240 0 0 0 19558 0 1.5742 1.5742临桂电厂.#11机 0 0 0 0 0 40 0 0 0 0 0 0 0临桂电厂.#12机 0 0 0 0 0 40 0 0 0 0 0 0 0临桂电厂.#21机 0 0 0 0 0 40 0 0 0 0 0 0 0临桂电厂.#22机 0 0 0 0 0 40 0 0 0 0 0 0 0临桂电厂.#31机 0 0 0 0 0 40 0 0 0 0 0 0 0临桂电厂.#32机 0 0 0 0 0 40 0 0 0 0 0 0 027 煤电1(≥60) 六景电厂 69.97 0 0 0 69.97 40 29.97 0 197.802 616044 8.5445 49.586 41.0415六景电厂.#1 35.16 0 0 0 35.16 20 15.16 0 0 0 0 0 0六景电厂.#2 34.81 0 0 0 34.81 20 14.81 0 0 0 0 0 028 水电 龙滩电厂 0 0 0 0 0 140 0 0 0 336336.28 0 27.072 27.072龙滩电厂.#1F 0 0 0 0 0 20 0 0 0 0 0 0 0龙滩电厂.#2F 0 0 0 0 0 20 0 0 0 0 0 0 0龙滩电厂.#3F 0 0 0 0 0 20 0 0 0 0 0 0 0龙滩电厂.#4F 0 0 0 0 0 20 0 0 0 0 0 0 0龙滩电厂.#5F 0 0 0 0 0 20 0 0 0 0 0 0 0龙滩电厂.#6F 0 0 0 0 0 20 0 0 0 0 0 0 0龙滩电厂.#7F 0 0 0 0 0 20 0 0 0 0 0 0 029 水电 洛东电厂 0 0 0 0 0 60 0 0 0 911.91 0 0.0734 0.0734洛东电厂.#1 0 0 0 0 0 20 0 0 0 0 0 0 0洛东电厂.#2 0 0 0 0 0 20 0 0 0 0 0 0 0洛东电厂.#3 0 0 0 0 0 20 0 0 0 0 0 0 030 水电 麻石电厂 0 0 0 0 0 60 0 0 0 6482.47 0 0.5218 0.5218麻石电厂.#1 0 0 0 0 0 20 0 0 0 0 0 0 0麻石电厂.#2 0 0 0 0 0 20 0 0 0 0 0 0 0麻石电厂.#3 0 0 0 0 0 20 0 0 0 0 0 0 031 气电 马园电厂 0 0 0 0 0 160 0 0 0 0 0 0 0马园电厂.#11机 0 0 0 0 0 40 0 0 0 0 0 0 0马园电厂.#12机 0 0 0 0 0 40 0 0 0 0 0 0 0马园电厂.#21机 0 0 0 0 0 40 0 0 0 0 0 0 0马园电厂.#22机 0 0 0 0 0 40 0 0 0 0 0 0 032 水电 苗都电厂 0 0 0 0 0 40 0 0 0 188.797 0 0.0152 0.0152苗都电厂.#1 0 0 0 0 0 20 0 0 0 0 0 0 0苗都电厂.#2 0 0 0 0 0 20 0 0 0 0 0 0 033 水电 那吉电厂 0 0 0 0 0 60 0 0 0 12649.56 0 1.0182 1.0182那吉电厂.#1 0 0 0 0 0 20 0 0 0 0 0 0 0那吉电厂.#2 0 0 0 0 0 20 0 0 0 0 0 0 0那吉电厂.#3 0 0 0 0 0 20 0 0 0 0 0 0 034 水电 牛湾电厂 0 0 0 0 0 80 0 0 0 10329 0 0.8314 0.8314牛湾电厂.#1机 0 0 0 0 0 20 0 0 0 0 0 0 0

结算序号电厂类型 电厂名称 机组名称非计划停运汇总表等效非停时间(h)等效非停双倍时间(h)临时停运时间(h)临时停运双倍时间(h)非停总时间(h)考核标准时间(h)非停考核小时(h)临停年累计次数考核电量(MWh)上网电量(MWh)非停考核费用(万元)非停返还费用(万元)非停净收入(万元)牛湾电厂.#2机 0 0 0 0 0 20 0 0 0 0 0 0 0牛湾电厂.#3机 0 0 0 0 0 20 0 0 0 0 0 0 0牛湾电厂.#4机 0 0 0 0 0 20 0 0 0 0 0 0 035 水电 平班电厂 0 0 0 0 0 60 0 0 0 77222.904 0 6.2157 6.2157平班电厂.#1 0 0 0 0 0 20 0 0 0 0 0 0 0平班电厂.#2 0 0 0 0 0 20 0 0 0 0 0 0 0平班电厂.#3 0 0 0 0 0 20 0 0 0 0 0 0 036 水电 桥巩电厂 0 0 0 0 0 140 0 0 0 111808.4 0 8.9996 8.9996桥巩电厂.#1 0 0 0 0 0 20 0 0 0 0 0 0 0桥巩电厂.#2 0 0 0 0 0 20 0 0 0 0 0 0 0桥巩电厂.#3 0 0 0 0 0 20 0 0 0 0 0 0 0桥巩电厂.#4 0 0 0 0 0 20 0 0 0 0 0 0 0桥巩电厂.#5 0 0 0 0 0 20 0 0 0 0 0 0 0桥巩电厂.#6 0 0 0 0 0 20 0 0 0 0 0 0 0桥巩电厂.#7 0 0 0 0 0 20 0 0 0 0 0 0 037 煤电1(≥60) 钦州电厂(二期) 251.75 0 0 0 251.75 40 211.75 0 2117.5 886350 91.4696 71.3432 -20.1265钦州电厂二期.#3 127.82 0 0 0 127.82 20 107.82 0 0 0 0 0 0钦州电厂二期.#4 123.93 0 0 0 123.93 20 103.93 0 0 0 0 0 038 煤电1(≥60) 钦州电厂(一期) 355.41 0 0 0 355.41 40 315.41 0 1987.083 460845 85.836 37.0939 -48.7422钦州电厂一期.#1 189.73 0 0 0 189.73 20 169.73 0 0 0 0 0 0钦州电厂一期.#2 165.68 0 0 0 165.68 20 145.68 0 0 0 0 0 039 煤电2(≥30,<60) 仁义电厂 166.33 0 0 0 166.33 40 128.46 0 449.61 222392.5 19.4218 17.9006 -1.5212仁义电厂.#1机 148.46 0 0 0 148.46 20 128.46 0 0 0 0 0 0仁义电厂.#2机 17.87 0 0 0 17.87 20 0 0 0 0 0 0 040 煤电3(<30) 三祥联产发电厂 0 0 0 0 0 0 0 0 0 4842.6 0 0.3898 0.389841 水电 山秀电厂 0 0 0 0 0 60 0 0 0 7584.72 0 0.6105 0.6105山秀电厂.#1 0 0 0 0 0 20 0 0 0 0 0 0 0山秀电厂.#2 0 0 0 0 0 20 0 0 0 0 0 0 0山秀电厂.#3 0 0 0 0 0 20 0 0 0 0 0 0 042 煤电2(≥30,<60) 神鹿热电厂 134.09 0 0 0 134.09 40 94.09 0 329.315 204270 14.2254 16.4419 2.2165神鹿热电厂.#1 73.23 0 0 0 73.23 20 53.23 0 0 0 0 0 0神鹿热电厂.#2 60.86 0 0 0 60.86 20 40.86 0 0 0 0 0 043 水电 宋村电厂 0 0 0 0 0 100 0 0 0 14797.2 0 1.191 1.191宋村电厂.#1 0 0 0 0 0 20 0 0 0 0 0 0 0宋村电厂.#2 0 0 0 0 0 20 0 0 0 0 0 0 0宋村电厂.#3 0 0 0 0 0 20 0 0 0 0 0 0 0宋村电厂.#4 0 0 0 0 0 20 0 0 0 0 0 0 0宋村电厂.#5 0 0 0 0 0 20 0 0 0 0 0 0 044 水电 天二电厂 0 0 0 0 0 120 0 0 0 177983.96 0 14.3261 14.3261天二电厂.#1F 0 0 0 0 0 20 0 0 0 0 0 0 0天二电厂.#2F 0 0 0 0 0 20 0 0 0 0 0 0 0天二电厂.#3F 0 0 0 0 0 20 0 0 0 0 0 0 0天二电厂.#4F 0 0 0 0 0 20 0 0 0 0 0 0 0天二电厂.#5F 0 0 0 0 0 20 0 0 0 0 0 0 0天二电厂.#6F 0 0 0 0 0 20 0 0 0 0 0 0 045 水电 天一电厂 0 0 0 0 0 80 0 0 0 73021.552 0 5.8776 5.8776天一电厂.#1F 0 0 0 0 0 20 0 0 0 0 0 0 0天一电厂.#2F 0 0 0 0 0 20 0 0 0 0 0 0 0天一电厂.#3F 0 0 0 0 0 20 0 0 0 0 0 0 0天一电厂.#4F 0 0 0 0 0 20 0 0 0 0 0 0 0

结算序号电厂类型 电厂名称 机组名称非计划停运汇总表等效非停时间(h)等效非停双倍时间(h)临时停运时间(h)临时停运双倍时间(h)非停总时间(h)考核标准时间(h)非停考核小时(h)临停年累计次数考核电量(MWh)上网电量(MWh)非停考核费用(万元)非停返还费用(万元)非停净收入(万元)46 水电 驮娘江电厂 0 0 0 0 0 20 0 0 0 21878.45 0 1.761 1.761驮娘江电厂 0 0 0 0 0 20 0 0 0 0 0 0 047 水电 旺村电厂 0 0 0 0 0 60 0 0 0 12166 0 0.9793 0.9793旺村电厂.#1 0 0 0 0 0 20 0 0 0 0 0 0 0旺村电厂.#2 0 0 0 0 0 20 0 0 0 0 0 0 0旺村电厂.#3 0 0 0 0 0 20 0 0 0 0 0 0 048 水电 乌东德右岸电厂 0 0 0 0 0 80 0 0 0 134672.95 0 10.84 10.84乌东德右岸电厂.#10F 0 0 0 0 0 20 0 0 0 0 0 0 0乌东德右岸电厂.#7F 0 0 0 0 0 20 0 0 0 0 0 0 0乌东德右岸电厂.#8F 0 0 0 0 0 20 0 0 0 0 0 0 0乌东德右岸电厂.#9F 0 0 0 0 0 20 0 0 0 0 0 0 049 水电 乌东德左岸电厂 0 0 0 0 0 80 0 1 0 134672.95 0 10.84 10.84乌东德左岸电厂.#3F 0 0 0 0 0 20 0 0 0 0 0 0 0乌东德左岸电厂.#4F 0 0 0 0 0 20 0 0 0 0 0 0 0乌东德左岸电厂.#5F 0 0 0 0 0 20 0 1 0 0 0 0 0乌东德左岸电厂.#6F 0 0 0 0 0 20 0 0 0 0 0 0 050 水电 西津电厂 0 0 0 0 0 80 0 0 0 37548.376 0 3.0223 3.0223西津电厂.#1 0 0 0 0 0 20 0 0 0 0 0 0 0西津电厂.#2 0 0 0 0 0 20 0 0 0 0 0 0 0西津电厂.#3 0 0 0 0 0 20 0 0 0 0 0 0 0西津电厂.#4 0 0 0 0 0 20 0 0 0 0 0 0 051 水电 下桥电厂 0 0 0 0 0 40 0 0 0 1116.72 0 0.0899 0.0899下桥电厂.#1 0 0 0 0 0 20 0 0 0 0 0 0 0下桥电厂.#2 0 0 0 0 0 20 0 0 0 0 0 0 052 水电 仙衣滩电厂 0 0 0 0 0 80 0 0 0 28150.56 0 2.2659 2.2659仙衣滩电厂.#1 0 0 0 0 0 20 0 0 0 0 0 0 0仙衣滩电厂.#2 0 0 0 0 0 20 0 0 0 0 0 0 0仙衣滩电厂.#3 0 0 0 0 0 20 0 0 0 0 0 0 0仙衣滩电厂.#4 0 0 0 0 0 20 0 0 0 0 0 0 053 煤电1(≥60) 兴义电厂 46.2226 92.4452 0 0 138.6678 20 78.6678 0 0 0 0 0 0兴义电厂.#2F 46.2226 92.4452 0 0 138.6678 20 78.6678 0 0 0 0 0 054 水电 浔州电厂 0 0 0 0 0 100 0 0 0 215204 0 17.322 17.322浔州电厂.#1机 0 0 0 0 0 20 0 0 0 0 0 0 0浔州电厂.#2机 0 0 0 0 0 20 0 0 0 0 0 0 0浔州电厂.#6机 0 0 0 0 0 20 0 0 0 0 0 0 0浔州电厂.#7机 0 0 0 0 0 20 0 0 0 0 0 0 0浔州电厂.#8机 0 0 0 0 0 20 0 0 0 0 0 0 055 水电 岩滩电厂 0 0 0 0 0 120 0 0 0 294250 0 23.6845 23.6845岩滩电厂.#1 0 0 0 0 0 20 0 0 0 0 0 0 0岩滩电厂.#2 0 0 0 0 0 20 0 0 0 0 0 0 0岩滩电厂.#3 0 0 0 0 0 20 0 0 0 0 0 0 0岩滩电厂.#4 0 0 0 0 0 20 0 0 0 0 0 0 0岩滩电厂.#5 0 0 0 0 0 20 0 0 0 0 0 0 0岩滩电厂.#6 0 0 0 0 0 20 0 0 0 0 0 0 056 水电 叶茂电厂 0 0 0 0 0 60 0 0 0 2665.759 0 0.2146 0.2146叶茂电厂.#1 0 0 0 0 0 20 0 0 0 0 0 0 0叶茂电厂.#2 0 0 0 0 0 20 0 0 0 0 0 0 0叶茂电厂.#3 0 0 0 0 0 20 0 0 0 0 0 0 057 煤电2(≥30,<60) 永福扩建 43.11 0 0 0 43.11 40 20.52 0 65.664 290510.18 2.8365 23.3835 20.547永福扩建.#3 40.52 0 0 0 40.52 20 20.52 0 0 0 0 0 0

结算序号电厂类型 电厂名称 机组名称非计划停运汇总表等效非停时间(h)等效非停双倍时间(h)临时停运时间(h)临时停运双倍时间(h)非停总时间(h)考核标准时间(h)非停考核小时(h)临停年累计次数考核电量(MWh)上网电量(MWh)非停考核费用(万元)非停返还费用(万元)非停净收入(万元)永福扩建.#4 2.59 0 0 0 2.59 20 0 0 0 0 0 0 058 水电 右江电厂 0 0 0 0 0 80 0 0 0 73527.96 0 5.9183 5.9183右江电厂.#1 0 0 0 0 0 20 0 0 0 0 0 0 0右江电厂.#2 0 0 0 0 0 20 0 0 0 0 0 0 0右江电厂.#3 0 0 0 0 0 20 0 0 0 0 0 0 0右江电厂.#4 0 0 0 0 0 20 0 0 0 0 0 0 059 水电 鱼梁电厂 0 0 0 0 0 60 0 0 0 10548.12 0 0.849 0.849鱼梁电厂.#1 0 0 0 0 0 20 0 0 0 0 0 0 0鱼梁电厂.#2 0 0 0 0 0 20 0 0 0 0 0 0 0鱼梁电厂.#3 0 0 0 0 0 20 0 0 0 0 0 0 060 煤电1(≥60) 珠城电厂 124.2214 0 0 0 124.2214 40 96.4042 1 964.042 765800 41.6437 61.64 19.9963珠城电厂.#1F 116.4042 0 0 0 116.4042 20 96.4042 1 0 0 0 0 0珠城电厂.#2F 7.8172 0 0 0 7.8172 20 0 0 0 0 0 0 061 水电 左江电厂 0 0 0 0 0 60 0 0 0 9950.16 0 0.8009 0.8009左江电厂.#1 0 0 0 0 0 20 0 0 0 0 0 0 0左江电厂.#2 0 0 0 0 0 20 0 0 0 0 0 0 0左江电厂.#3 0 0 0 0 0 20 0 0 0 0 0 0 0合计 -- -- -- 2814.8619 92.4452 179.6667 0 3086.974 -- 2500.7007 5 20319.982 10905099 877.7622 877.7622 0

结算序号电厂类型 电厂名称 非停加倍考核汇总表考核费用(万元) 返还费用(万元) 净收入(万元) 上网电量(MWh)1 煤电2(≥30,<60) 北海电厂 0 0 0 244062.52 煤电1(≥60) 防城港电厂(二期) 0 0 0 5945503 煤电1(≥60) 防城港电厂(一期) 0 0 0 5395004 煤电1(≥60) 富川电厂 0 0 0 7971005 煤电1(≥60) 贵港电厂 0 0 0 540312.56 煤电1(≥60) 合山60厂 0 0 0 2835007 煤电2(≥30,<60) 合山新厂 0 0 0 983758 气电 江南能源站 0 0 0 1276.449 煤电2(≥30,<60) 来宾B厂 0 0 0 121034.243810 煤电2(≥30,<60) 来宾扩建 0 0 0 174432.078211 气电 临桂电厂 0 0 0 1955812 煤电1(≥60) 六景电厂 0 0 0 61604413 气电 马园电厂 0 0 0 014 煤电1(≥60) 钦州电厂(二期) 0 0 0 88635015 煤电1(≥60) 钦州电厂(一期) 0 0 0 46084516 煤电2(≥30,<60) 仁义电厂 0 0 0 222392.517 煤电3(<30) 三祥联产发电厂 0 0 0 4842.618 煤电2(≥30,<60) 神鹿热电厂 0 0 0 20427019 煤电1(≥60) 兴义电厂 0 0 0 020 煤电2(≥30,<60) 永福扩建 0 0 0 290510.18421 煤电1(≥60) 珠城电厂 0 0 0 765800合计 -- -- 0 0 0 6864755.046

结算序号电厂类型 电厂名称 补偿汇总表一黑启动补偿费用(万元)黑启动补偿缴纳费用(万元)黑启动补偿净收入(万元)冷备用补偿费用(万元)冷备用补偿缴纳费用(万元)冷备用补偿净收入(万元)无功补偿费用(万元)无功补偿缴纳费用(万元)无功补偿净收入(万元)旋转备用补偿费用(万元)旋转备用补偿缴纳费用(万元)旋转备用补偿净收入(万元)AVC补偿费用(万元)AVC补偿缴纳费用(万元)AVC补偿净收入(万元)一次调频补偿费用(万元)一次调频补偿缴纳费用(万元)一次调频补偿净收入(万元)转动惯量补偿费用(万元)转动惯量补偿缴纳费用(万元)转动惯量补偿净收入(万元)稳定切机补偿费用(万元)稳定切机补偿缴纳费用(万元)稳定切机补偿净收入(万元)上网电量(MWh)1 风电 安华风电场 0 0.140841 -0.140841 0 0.117078 -0.117078 0 0.199952 -0.199952 0 2.219902 -2.219902 0 0.056218 -0.056218 0 0.201227 -0.201227 0 0 0 0 0.000666 -0.000666 12568.3352 小水电 拔贡电厂 0 0.002494 -0.002494 0 0.002074 -0.002074 0 0.003541 -0.003541 0 0.039317 -0.039317 0 0.000996 -0.000996 0 0.003564 -0.003564 0 0 0 0 0.000012 -0.000012 222.63 小水电 坝达电厂 0 0.02719 -0.02719 0 0.022603 -0.022603 0 0.038602 -0.038602 0 0.428568 -0.428568 0 0.010853 -0.010853 0 0.038848 -0.038848 0 0 0 0 0.000129 -0.000129 2426.4084 风电 百花山风电场 0 0.200284 -0.200284 0 0.16649 -0.16649 0 0.284342 -0.284342 0 3.156812 -3.156812 0 0.079945 -0.079945 0 0.286155 -0.286155 0 0 0 0 0.000948 -0.000948 17872.85 水电 百龙滩电厂 0 0.628887 -0.628887 0 0.522777 -0.522777 0 0.892828 -0.892828 0.019805 9.912328 -9.892522 0 0.251024 -0.251024 0 0.89852 -0.89852 0 0 0 0 0.002975 -0.002975 56120.246 风电 百丈风电场 0 0.196881 -0.196881 0 0.163662 -0.163662 0 0.279512 -0.279512 0 3.103188 -3.103188 0 0.078587 -0.078587 0 0.281294 -0.281294 0 0 0 0 0.000931 -0.000931 17569.27 小水电 板蚌电厂 0 0.029846 -0.029846 0 0.02481 -0.02481 0 0.042372 -0.042372 0 0.47042 -0.47042 0 0.011913 -0.011913 0 0.042642 -0.042642 0 0 0 0 0.000141 -0.000141 2663.3618 风电 宝山风电场 0 0.138108 -0.138108 0 0.114805 -0.114805 0 0.196071 -0.196071 0 2.176817 -2.176817 0 0.055127 -0.055127 0 0.197321 -0.197321 0 0 0 0 0.000653 -0.000653 12324.49 小水电 宝坛电厂 0 0 0 0 0 0 0 0 0 0 0 0 0 0 0 0 0 0 0 0 0 0 0 0 010 煤电2(≥30,<60) 北海电厂 0 2.734978 -2.734978 0 2.273515 -2.273515 8.566681 3.882837 4.683845 98.020063 43.107931 54.912132 0 1.091684 -1.091684 16.066375 3.907591 12.158784 0 0 0 0 0.012939 -0.012939 244062.511 小生物质 北海市垃圾焚烧发电厂 0 0.105882 -0.105882 0 0.088017 -0.088017 0 0.15032 -0.15032 0 1.668874 -1.668874 0 0.042263 -0.042263 0 0.151278 -0.151278 0 0 0 0 0.000501 -0.000501 18897.212 小生物质 北流凯迪电厂 0 0 0 0 0 0 0 0 0 0 0 0 0 0 0 0 0 0 0 0 0 0 0 0 013 小生物质 北流粤丰电厂 0 0.056902 -0.056902 0 0.047301 -0.047301 0 0.080784 -0.080784 0 0.896875 -0.896875 0 0.022713 -0.022713 0 0.081299 -0.081299 0 0 0 0 0.000269 -0.000269 10155.614 风电 笔架山风电场 0 0.131304 -0.131304 0 0.109149 -0.109149 0 0.186411 -0.186411 0 2.069569 -2.069569 0 0.052411 -0.052411 0 0.1876 -0.1876 0 0 0 0 0.000621 -0.000621 11717.215 风电 布央风电场 0 0.161668 -0.161668 0 0.13439 -0.13439 0 0.229519 -0.229519 0 2.548162 -2.548162 0 0.064531 -0.064531 0 0.230982 -0.230982 0 0 0 0 0.000765 -0.000765 14426.83116 水电 曹渡河梯级电厂 0 0.047216 -0.047216 0 0.039249 -0.039249 0 0.067032 -0.067032 0 0.744206 -0.744206 0 0.018847 -0.018847 0 0.06746 -0.06746 0 0 0 0 0.000223 -0.000223 4213.4417 小水电 草头坪电厂 0 0.020577 -0.020577 0 0.017105 -0.017105 0 0.029213 -0.029213 0 0.324329 -0.324329 0 0.008213 -0.008213 0 0.029399 -0.029399 0 0 0 0 0.000097 -0.000097 1836.2418 光伏 岑西光伏站 0 0.053744 -0.053744 0 0.044676 -0.044676 0 0.0763 -0.0763 0 0.847101 -0.847101 0 0.021452 -0.021452 0 0.076787 -0.076787 0 0 0 0 0.000254 -0.000254 479619 风电 茶叶岭风电场 0 0.157978 -0.157978 0 0.131323 -0.131323 0 0.224281 -0.224281 0 2.490011 -2.490011 0 0.063058 -0.063058 0 0.225711 -0.225711 0 0 0 0 0.000747 -0.000747 14097.620 风电 昌鸿风电场 0 0.209553 -0.209553 0 0.174196 -0.174196 0 0.297502 -0.297502 0 3.302918 -3.302918 0 0.083645 -0.083645 0 0.299399 -0.299399 0 0 0 0 0.000991 -0.000991 1870021 小生物质 昌菱生物质电厂 0 0.000393 -0.000393 0 0.000327 -0.000327 0 0.000558 -0.000558 0 0.006194 -0.006194 0 0.000157 -0.000157 0 0.000561 -0.000561 0 0 0 0 0.000002 -0.000002 70.1422 小水电 长瓦电厂 0 0.006241 -0.006241 0 0.005188 -0.005188 0 0.00886 -0.00886 0 0.098367 -0.098367 0 0.002491 -0.002491 0 0.008917 -0.008917 0 0 0 0 0.00003 -0.00003 556.9223 水电 长洲电厂 3 1.62227 1.37773 0 1.34855 -1.34855 0.000193 2.30313 -2.302937 0.005758 25.569749 -25.563991 0 0.64754 -0.64754 0 2.317813 -2.317813 0 0 0 0 0.007675 -0.007675 144767.25524 光伏 长洲光伏站 0 0.015327 -0.015327 0 0.012741 -0.012741 0 0.02176 -0.02176 0 0.24158 -0.24158 0 0.006118 -0.006118 0 0.021898 -0.021898 0 0 0 0 0.000073 -0.000073 1367.74525 光伏 常吉光伏站 0 0.038637 -0.038637 0 0.032118 -0.032118 0 0.054852 -0.054852 0 0.60898 -0.60898 0 0.015422 -0.015422 0 0.055202 -0.055202 0 0 0 0 0.000183 -0.000183 3447.8426 光伏 场安光伏站 0 0.060706 -0.060706 0 0.050464 -0.050464 0 0.086185 -0.086185 0 0.956836 -0.956836 0 0.024231 -0.024231 0 0.086734 -0.086734 0 0 0 0 0.000287 -0.000287 5417.2827 风电 朝新风电场 0 0.115356 -0.115356 0 0.095892 -0.095892 0 0.16377 -0.16377 0 1.818206 -1.818206 0 0.046045 -0.046045 0 0.164814 -0.164814 0 0 0 0 0.000546 -0.000546 10294.06528 风电 承源风电场 0 0.118647 -0.118647 0 0.098628 -0.098628 0 0.168442 -0.168442 0 1.870073 -1.870073 0 0.047359 -0.047359 0 0.169516 -0.169516 0 0 0 0 0.000561 -0.000561 10587.7229 风电 冲山风电场 0 0.101276 -0.101276 0 0.084188 -0.084188 0 0.143781 -0.143781 0 1.596285 -1.596285 0 0.040425 -0.040425 0 0.144698 -0.144698 0 0 0 0 0.000479 -0.000479 9037.62430 小生物质 崇左得力生物质电厂 0 0.082419 -0.082419 0 0.068512 -0.068512 0 0.117009 -0.117009 0 1.299059 -1.299059 0 0.032898 -0.032898 0 0.117755 -0.117755 0 0 0 0 0.00039 -0.00039 14709.6631 小生物质 楚桥电厂 0 0.12514 -0.12514 0 0.104026 -0.104026 0 0.177661 -0.177661 0 1.972423 -1.972423 0 0.049951 -0.049951 0 0.178794 -0.178794 0 0 0 0 0.000592 -0.000592 22334.38332 水电 大化电厂 6 1.450377 4.549623 0 1.20566 -1.20566 7.292852 2.059094 5.233757 0.585292 22.860425 -22.275133 0 0.578928 -0.578928 0 2.072222 -2.072222 0 0 0 0 0.006862 -0.006862 129427.9833 水电 大埔电厂 0 0.072203 -0.072203 0 0.060021 -0.060021 0.000015 0.102507 -0.102492 1.163506 1.138049 0.025457 0 0.02882 -0.02882 0 0.10316 -0.10316 0 0 0 0 0.000342 -0.000342 6443.2534 小水电 大七孔电厂 0 0.017218 -0.017218 0 0.014313 -0.014313 0 0.024444 -0.024444 0 0.271383 -0.271383 0 0.006873 -0.006873 0 0.0246 -0.0246 0 0 0 0 0.000081 -0.000081 1536.4835 光伏 大荣光伏站 0 0.014633 -0.014633 0 0.012164 -0.012164 0 0.020774 -0.020774 0 0.230635 -0.230635 0 0.005841 -0.005841 0 0.020906 -0.020906 0 0 0 0 0.000069 -0.000069 1305.7836 风电 大容山风电场 0 0.058258 -0.058258 0 0.048428 -0.048428 0 0.082708 -0.082708 0 0.918239 -0.918239 0 0.023254 -0.023254 0 0.083235 -0.083235 0 0 0 0 0.000276 -0.000276 5198.7637 小水电 大容山水电厂 0 0.035918 -0.035918 0 0.029858 -0.029858 0 0.050993 -0.050993 0 0.566129 -0.566129 0 0.014337 -0.014337 0 0.051318 -0.051318 0 0 0 0 0.00017 -0.00017 3205.2338 风电 岱安风电场 0 0.069266 -0.069266 0 0.057579 -0.057579 0 0.098337 -0.098337 0 1.09175 -1.09175 0 0.027648 -0.027648 0 0.098964 -0.098964 0 0 0 0 0.000328 -0.000328 6181.1239 小生物质 得力生物质电厂 0 0.022733 -0.022733 0 0.018897 -0.018897 0 0.032273 -0.032273 0 0.358305 -0.358305 0 0.009074 -0.009074 0 0.032479 -0.032479 0 0 0 0 0.000108 -0.000108 4057.240 风电 登云山风电场 0 0.423919 -0.423919 0 0.352393 -0.352393 0 0.601836 -0.601836 0 6.681686 -6.681686 0 0.16921 -0.16921 0 0.605673 -0.605673 0 0 0 0 0.002006 -0.002006 37829.4441 光伏 钓鱼台光伏站 0 0.078536 -0.078536 0 0.065285 -0.065285 0 0.111497 -0.111497 0 1.237856 -1.237856 0 0.031348 -0.031348 0 0.112208 -0.112208 0 0 0 0 0.000372 -0.000372 7008.3242 光伏 顶山光伏站 0 0.025169 -0.025169 0 0.020922 -0.020922 0 0.035732 -0.035732 0 0.3967 -0.3967 0 0.010046 -0.010046 0 0.03596 -0.03596 0 0 0 0 0.000119 -0.000119 2245.9843 光伏 鼎旭光伏站 0 0.033593 -0.033593 0 0.027925 -0.027925 0 0.047691 -0.047691 0 0.529477 -0.529477 0 0.013409 -0.013409 0 0.047995 -0.047995 0 0 0 0 0.000159 -0.000159 2997.7244 风电 东岭风电场 0 0.142417 -0.142417 0 0.118387 -0.118387 0 0.202188 -0.202188 0 2.244729 -2.244729 0 0.056847 -0.056847 0 0.203477 -0.203477 0 0 0 0 0.000674 -0.000674 12708.89745 风电 东起风电场 0 0.289036 -0.289036 0 0.240268 -0.240268 0 0.410343 -0.410343 0 4.555695 -4.555695 0 0.11537 -0.11537 0 0.412959 -0.412959 0 0 0 0 0.001367 -0.001367 25792.846 小水电 懂托电厂 0 0.012699 -0.012699 0 0.010556 -0.010556 0 0.018029 -0.018029 0 0.200157 -0.200157 0 0.005069 -0.005069 0 0.018144 -0.018144 0 0 0 0 0.00006 -0.00006 1133.2247 小水电 对门河电厂 0 0.017551 -0.017551 0 0.01459 -0.01459 0 0.024918 -0.024918 0 0.276639 -0.276639 0 0.007006 -0.007006 0 0.025076 -0.025076 0 0 0 0 0.000083 -0.000083 1566.23748 煤电1(≥60) 防城港电厂(二期) 0 6.662561 -6.662561 0 5.538412 -5.538412 21.987242 9.458809 12.528433 183.72498 105.013349 78.711631 0 2.659404 -2.659404 17.17805 9.519112 7.658938 0 0 0 0 0.031521 -0.031521 59455049 煤电1(≥60) 防城港电厂(一期) 0 6.045667 -6.045667 0 5.025604 -5.025604 0.568428 8.583008 -8.014581 183.523904 95.290054 88.233849 9.4651 2.413167 7.051933 30.66355 8.637727 22.025823 0 0 0 0 0.028602 -0.028602 53950050 光伏 丰收光伏站 0 0.051922 -0.051922 0 0.043162 -0.043162 0 0.073714 -0.073714 0 0.818386 -0.818386 0 0.020725 -0.020725 0 0.074184 -0.074184 0 0 0 0 0.000246 -0.000246 4633.42451 风电 凤屏风电场 0 0.251464 -0.251464 0 0.209035 -0.209035 0 0.357002 -0.357002 0 3.963501 -3.963501 0 0.100373 -0.100373 0 0.359278 -0.359278 0 0 0 0 0.00119 -0.00119 2244052 小生物质 扶能电厂 0 0.104077 -0.104077 0 0.086516 -0.086516 0 0.147757 -0.147757 0 1.640425 -1.640425 0 0.041543 -0.041543 0 0.148699 -0.148699 0 0 0 0 0.000492 -0.000492 18575.0653 小生物质 扶绥理昂生物质电厂 0 0.033934 -0.033934 0 0.028209 -0.028209 0 0.048176 -0.048176 0 0.534861 -0.534861 0 0.013545 -0.013545 0 0.048483 -0.048483 0 0 0 0 0.000161 -0.000161 6056.454 小生物质 扶绥琦泉生物质电厂 0 0 0 0 0 0 0 0 0 0 0 0 0 0 0 0 0 0 0 0 0 0 0 0 055 小水电 芙蓉河电厂 0 0.018275 -0.018275 0 0.015192 -0.015192 0 0.025945 -0.025945 0 0.288048 -0.288048 0 0.007295 -0.007295 0 0.026111 -0.026111 0 0 0 0 0.000086 -0.000086 1630.8356 水电 浮石电厂 0 0.037727 -0.037727 0 0.031361 -0.031361 0.044476 0.053561 -0.009085 1.161334 0.594638 0.566695 0 0.015059 -0.015059 0 0.053902 -0.053902 0 0 0 0 0.000178 -0.000178 3366.64157 风电 福家田风电场 0 0.419619 -0.419619 0 0.348818 -0.348818 0 0.595732 -0.595732 0 6.613918 -6.613918 0 0.167494 -0.167494 0 0.59953 -0.59953 0 0 0 0 0.001985 -0.001985 37445.7658 小水电 斧子口电厂 0 0.000003 -0.000003 0 0.000002 -0.000002 0 0.000004 -0.000004 0 0.000046 -0.000046 0 0.000001 -0.000001 0 0.000004 -0.000004 0 0 0 0 0 0 0.2659 煤电1(≥60) 富川电厂 0 8.932347 -8.932347 0 7.425225 -7.425225 23.461125 12.681215 10.77991 107.33271 140.789068 -33.456358 9.0378 3.565405 5.472395 14.0281 12.762062 1.266038 0 0 0 0 0.042259 -0.042259 79710060 小水电 富源电厂 0 0.004956 -0.004956 0 0.00412 -0.00412 0 0.007037 -0.007037 0 0.078122 -0.078122 0 0.001978 -0.001978 0 0.007081 -0.007081 0 0 0 0 0.000023 -0.000023 442.29861 小水电 干捞电厂 0 0.011714 -0.011714 0 0.009738 -0.009738 0 0.016631 -0.016631 0 0.184638 -0.184638 0 0.004676 -0.004676 0 0.016737 -0.016737 0 0 0 0 0.000055 -0.000055 1045.3662 光伏 甘莲光伏站 0 0.011825 -0.011825 0 0.00983 -0.00983 0 0.016788 -0.016788 0 0.186385 -0.186385 0 0.00472 -0.00472 0 0.016895 -0.016895 0 0 0 0 0.000056 -0.000056 1055.2563 风电 高帮山风电场 0 0.192666 -0.192666 0 0.160158 -0.160158 0 0.273527 -0.273527 0 3.036741 -3.036741 0 0.076904 -0.076904 0 0.275271 -0.275271 0 0 0 0 0.000912 -0.000912 1719364 风电 高栏塘风电场 0 0.081524 -0.081524 0 0.067769 -0.067769 0 0.11574 -0.11574 0 1.284963 -1.284963 0 0.032541 -0.032541 0 0.116478 -0.116478 0 0 0 0 0.000386 -0.000386 7275.023465 水电 古顶电厂 0 0.045939 -0.045939 0 0.038188 -0.038188 0.000379 0.065219 -0.06484 0.804043 0.724074 0.079969 0 0.018337 -0.018337 0 0.065635 -0.065635 0 0 0 0 0.000217 -0.000217 4099.46366 光伏 古顶光伏站 0 0.011809 -0.011809 0 0.009817 -0.009817 0 0.016765 -0.016765 0 0.186132 -0.186132 0 0.004714 -0.004714 0 0.016872 -0.016872 0 0 0 0 0.000056 -0.000056 1053.81767 光伏 古平光伏站 0 0.031678 -0.031678 0 0.026333 -0.026333 0 0.044973 -0.044973 0 0.499302 -0.499302 0 0.012645 -0.012645 0 0.04526 -0.04526 0 0 0 0 0.00015 -0.00015 2826.8868 风电 古田风电场 0 0.429989 -0.429989 0 0.357439 -0.357439 0 0.610454 -0.610454 0 6.77737 -6.77737 0 0.171633 -0.171633 0 0.614346 -0.614346 0 0 0 0 0.002034 -0.002034 38371.17169 光伏 光伏扶贫电站 0 0.011302 -0.011302 0 0.009395 -0.009395 0 0.016045 -0.016045 0 0.178139 -0.178139 0 0.004511 -0.004511 0 0.016148 -0.016148 0 0 0 0 0.000053 -0.000053 1008.5670 核电 光坡核电厂 0 18.932071 -18.932071 0 15.737733 -15.737733 0 26.877781 -26.877781 0.498785 298.401821 -297.903036 0 7.55686 -7.55686 0 27.049136 -27.049136 0 0 0 0 0.089568 -0.089568 168945071 风电 广茂风电场 0 0.131205 -0.131205 0 0.109067 -0.109067 0 0.186271 -0.186271 0 2.068015 -2.068015 0 0.052371 -0.052371 0 0.187459 -0.187459 0 0 0 0 0.000621 -0.000621 11708.472 风电 龟石风电场 0 0.730872 -0.730872 0 0.607555 -0.607555 0 1.037616 -1.037616 0 11.519799 -11.519799 0 0.291732 -0.291732 0 1.044232 -1.044232 0 0 0 0 0.003458 -0.003458 65221.273 煤电1(≥60) 贵港电厂 0 6.054772 -6.054772 0 5.033173 -5.033173 7.63501 8.595934 -0.960925 105.296005 95.433564 9.862442 7.3456 2.416802 4.928798 20.67685 8.650736 12.026114 0 0 0 0 0.028645 -0.028645 540312.574 小生物质 贵港理昂生物质电厂 0 0.061872 -0.061872 0 0.051433 -0.051433 0 0.08784 -0.08784 0 0.975212 -0.975212 0 0.024697 -0.024697 0 0.0884 -0.0884 0 0 0 0 0.000293 -0.000293 11042.6475 小生物质 贵港市生活垃圾焚烧发电厂 0 0.06595 -0.06595 0 0.054823 -0.054823 0 0.09363 -0.09363 0 1.039492 -1.039492 0 0.026325 -0.026325 0 0.094226 -0.094226 0 0 0 0 0.000312 -0.000312 11770.576 风电 贵良风电场 0 0.176946 -0.176946 0 0.147091 -0.147091 0 0.25121 -0.25121 0 2.788972 -2.788972 0 0.070629 -0.070629 0 0.252811 -0.252811 0 0 0 0 0.000837 -0.000837 15790.21777 水电 桂航电厂 0 0.283673 -0.283673 0 0.23581 -0.23581 0 0.40273 -0.40273 0 4.471179 -4.471179 0 0.11323 -0.11323 0 0.405298 -0.405298 0 0 0 0 0.001342 -0.001342 25314.378 光伏 浩德光伏站 0 0.039302 -0.039302 0 0.032671 -0.032671 0 0.055797 -0.055797 0 0.619472 -0.619472 0 0.015688 -0.015688 0 0.056153 -0.056153 0 0 0 0 0.000186 -0.000186 3507.2479 风电 合福风电场 0 0.160153 -0.160153 0 0.133131 -0.133131 0 0.227368 -0.227368 0 2.524284 -2.524284 0 0.063926 -0.063926 0 0.228818 -0.228818 0 0 0 0 0.000758 -0.000758 14291.6480 小生物质 合浦理昂生物质电厂 0 0.076418 -0.076418 0 0.063524 -0.063524 0 0.10849 -0.10849 0 1.204475 -1.204475 0 0.030503 -0.030503 0 0.109182 -0.109182 0 0 0 0 0.000362 -0.000362 13638.6681 煤电1(≥60) 合山60厂 0 3.176917 -3.176917 0 2.640888 -2.640888 0 4.510255 -4.510255 110.304817 50.073643 60.231174 0 1.268087 -1.268087 3.84045 4.53901 -0.69856 0 0 0 0 0.01503 -0.01503 28350082 煤电2(≥30,<60) 合山新厂 0 1.102396 -1.102396 38.148 0.916393 37.231607 0 1.565067 -1.565067 49.144256 17.375642 31.768614 0 0.440028 -0.440028 2.0998 1.575044 0.524756 0 0 0 0 0.005215 -0.005215 9837583 小生物质 贺州理昂电厂 0 0.045848 -0.045848 0 0.038112 -0.038112 0 0.06509 -0.06509 0 0.722643 -0.722643 0 0.018301 -0.018301 0 0.065505 -0.065505 0 0 0 0 0.000217 -0.000217 8182.7284 风电 黑石岭风电场 0 0.183111 -0.183111 0 0.152215 -0.152215 0 0.259962 -0.259962 0 2.886144 -2.886144 0 0.07309 -0.07309 0 0.261619 -0.261619 0 0 0 0 0.000866 -0.000866 16340.37285 光伏 横山光伏站 0 0.070385 -0.070385 0 0.058509 -0.058509 0 0.099926 -0.099926 0 1.109392 -1.109392 0 0.028095 -0.028095 0 0.100563 -0.100563 0 0 0 0 0.000333 -0.000333 628186 水电 红花电厂 0 0.11351 -0.11351 0 0.094358 -0.094358 0.000001 0.16115 -0.161149 0.133974 1.789114 -1.655141 0 0.045308 -0.045308 0 0.162177 -0.162177 0 0 0 0 0.000537 -0.000537 10129.3687 风电 宏景风电场 0 0.115299 -0.115299 0 0.095845 -0.095845 0 0.163689 -0.163689 0 1.817304 -1.817304 0 0.046022 -0.046022 0 0.164733 -0.164733 0 0 0 0 0.000545 -0.000545 10288.9688 光伏 洪昇光伏站 0 0.015208 -0.015208 0 0.012642 -0.012642 0 0.021591 -0.021591 0 0.239711 -0.239711 0 0.006071 -0.006071 0 0.021729 -0.021729 0 0 0 0 0.000072 -0.000072 1357.1689 风电 鸿润风电场 0 0.229049 -0.229049 0 0.190402 -0.190402 0 0.32518 -0.32518 0 3.610205 -3.610205 0 0.091426 -0.091426 0 0.327253 -0.327253 0 0 0 0 0.001084 -0.001084 20439.7690 小水电 猴爬岩电厂 0 0.055349 -0.055349 0 0.04601 -0.04601 0 0.078579 -0.078579 0 0.872393 -0.872393 0 0.022093 -0.022093 0 0.07908 -0.07908 0 0 0 0 0.000262 -0.000262 4939.19291 风电 葫芦顶风电场 0 0.106502 -0.106502 0 0.088533 -0.088533 0 0.151201 -0.151201 0 1.678659 -1.678659 0 0.042511 -0.042511 0 0.152165 -0.152165 0 0 0 0 0.000504 -0.000504 950492 风电 华光风电场 0 0.387106 -0.387106 0 0.321791 -0.321791 0 0.549573 -0.549573 0 6.10146 -6.10146 0 0.154516 -0.154516 0 0.553077 -0.553077 0 0 0 0 0.001831 -0.001831 34544.493 光伏 华阳光伏站 0 0.069227 -0.069227 0 0.057546 -0.057546 0 0.098281 -0.098281 0 1.091129 -1.091129 0 0.027632 -0.027632 0 0.098907 -0.098907 0 0 0 0 0.000328 -0.000328 6177.694 风电 怀山风电场 0 0.443523 -0.443523 0 0.368689 -0.368689 0 0.629668 -0.629668 0 6.990683 -6.990683 0 0.177035 -0.177035 0 0.633682 -0.633682 0 0 0 0 0.002098 -0.002098 39578.8895 小生物质 环江理昂农林废弃物热电厂 0 0 0 0 0 0 0 0 0 0 0 0 0 0 0 0 0 0 0 0 0 0 0 0 096 小水电 黄果树电厂 0 0.013507 -0.013507 0 0.011228 -0.011228 0 0.019176 -0.019176 0 0.212891 -0.212891 0 0.005391 -0.005391 0 0.019298 -0.019298 0 0 0 0 0.000064 -0.000064 1205.31597 风电 黄花岭风电场 0 0.133374 -0.133374 0 0.110871 -0.110871 0 0.189351 -0.189351 0 2.10221 -2.10221 0 0.053237 -0.053237 0 0.190558 -0.190558 0 0 0 0 0.000631 -0.000631 1190298 光伏 黄丽窝光伏站 0 0.017468 -0.017468 0 0.014521 -0.014521 0 0.0248 -0.0248 0 0.275331 -0.275331 0 0.006973 -0.006973 0 0.024958 -0.024958 0 0 0 0 0.000083 -0.000083 1558.8399 小水电 黄冕电厂 0 0.007022 -0.007022 0 0.005837 -0.005837 0 0.009969 -0.009969 0 0.110681 -0.110681 0 0.002803 -0.002803 0 0.010033 -0.010033 0 0 0 0 0.000033 -0.000033 626.64100 风电 黄兴风电场 0 0.270472 -0.270472 0 0.224836 -0.224836 0 0.383987 -0.383987 0 4.263095 -4.263095 0 0.107961 -0.107961 0 0.386435 -0.386435 0 0 0 0 0.00128 -0.00128 24136.2101 光伏 惠金光伏站 0 0.052226 -0.052226 0 0.043414 -0.043414 0 0.074144 -0.074144 0 0.823165 -0.823165 0 0.020846 -0.020846 0 0.074617 -0.074617 0 0 0 0 0.000247 -0.000247 4660.48102 光伏 吉江光伏站 0 0.086321 -0.086321 0 0.071756 -0.071756 0 0.122549 -0.122549 0 1.360566 -1.360566 0 0.034456 -0.034456 0 0.123331 -0.123331 0 0 0 0 0.000408 -0.000408 7703.061103 风电 吉坤风电场 0 0.023627 -0.023627 0 0.01964 -0.01964 0 0.033542 -0.033542 0 0.372394 -0.372394 0 0.009431 -0.009431 0 0.033756 -0.033756 0 0 0 0 0.000112 -0.000112 2108.369104 光伏 吉龙光伏站 0 0.118928 -0.118928 0 0.098861 -0.098861 0 0.168841 -0.168841 0 1.874503 -1.874503 0 0.047471 -0.047471 0 0.169917 -0.169917 0 0 0 0 0.000563 -0.000563 10612.8105 光伏 江滨光伏站 0 0.072777 -0.072777 0 0.060497 -0.060497 0 0.103321 -0.103321 0 1.147084 -1.147084 0 0.029049 -0.029049 0 0.103979 -0.103979 0 0 0 0 0.000344 -0.000344 6494.4106 小水电 江口电厂 0 0.015078 -0.015078 0 0.012534 -0.012534 0 0.021406 -0.021406 0 0.237658 -0.237658 0 0.006019 -0.006019 0 0.021543 -0.021543 0 0 0 0 0.000071 -0.000071 1345.54107 气电 江南能源站 60 0.014304 59.985696 16.35775 0.01189 16.345859 0 0.020307 -0.020307 0.082662 0.225453 -0.142791 0 0.005709 -0.005709 1.36895 0.020437 1.348513 0 0 0 0 0.000068 -0.000068 1276.44

结算序号电厂类型 电厂名称 补偿汇总表一黑启动补偿费用(万元)黑启动补偿缴纳费用(万元)黑启动补偿净收入(万元)冷备用补偿费用(万元)冷备用补偿缴纳费用(万元)冷备用补偿净收入(万元)无功补偿费用(万元)无功补偿缴纳费用(万元)无功补偿净收入(万元)旋转备用补偿费用(万元)旋转备用补偿缴纳费用(万元)旋转备用补偿净收入(万元)AVC补偿费用(万元)AVC补偿缴纳费用(万元)AVC补偿净收入(万元)一次调频补偿费用(万元)一次调频补偿缴纳费用(万元)一次调频补偿净收入(万元)转动惯量补偿费用(万元)转动惯量补偿缴纳费用(万元)转动惯量补偿净收入(万元)稳定切机补偿费用(万元)稳定切机补偿缴纳费用(万元)稳定切机补偿净收入(万元)上网电量(MWh)108 风电 交连岭风电场 0 0.205628 -0.205628 0 0.170934 -0.170934 0 0.29193 -0.29193 0 3.241056 -3.241056 0 0.082078 -0.082078 0 0.293791 -0.293791 0 0 0 0 0.000973 -0.000973 18349.76109 光伏 骄阳光伏站 0 0.102308 -0.102308 0 0.085046 -0.085046 0 0.145246 -0.145246 0 1.612547 -1.612547 0 0.040837 -0.040837 0 0.146172 -0.146172 0 0 0 0 0.000484 -0.000484 9129.696110 风电 洁源风电场 0 0.223399 -0.223399 0 0.185705 -0.185705 0 0.317158 -0.317158 0 3.521143 -3.521143 0 0.089171 -0.089171 0 0.31918 -0.31918 0 0 0 0 0.001057 -0.001057 19935.52111 风电 金谷风电场 0 0.116265 -0.116265 0 0.096648 -0.096648 0 0.165061 -0.165061 0 1.832536 -1.832536 0 0.046408 -0.046408 0 0.166113 -0.166113 0 0 0 0 0.00055 -0.00055 10375.2112 水电 金鸡滩电厂 0 0.136423 -0.136423 0 0.113405 -0.113405 0.009839 0.193679 -0.18384 0.000098 2.150262 -2.150164 0 0.054454 -0.054454 0 0.194914 -0.194914 0 0 0 0 0.000645 -0.000645 12174.054113 水电 金牛坪电厂 0 0.095751 -0.095751 0 0.079596 -0.079596 0.077004 0.135938 -0.058934 0.407976 1.509204 -1.101228 0 0.03822 -0.03822 0 0.136804 -0.136804 0 0 0 0 0.000453 -0.000453 8544.6114 光伏 金沙光伏站 0 0.016355 -0.016355 0 0.013596 -0.013596 0 0.023219 -0.023219 0 0.257787 -0.257787 0 0.006528 -0.006528 0 0.023367 -0.023367 0 0 0 0 0.000077 -0.000077 1459.5115 光伏 金肇光伏站 0 0.019143 -0.019143 0 0.015913 -0.015913 0 0.027177 -0.027177 0 0.301728 -0.301728 0 0.007641 -0.007641 0 0.027351 -0.027351 0 0 0 0 0.000091 -0.000091 1708.28116 风电 金紫山风电场 0 0.221278 -0.221278 0 0.183943 -0.183943 0 0.314148 -0.314148 0 3.487727 -3.487727 0 0.088325 -0.088325 0 0.316151 -0.316151 0 0 0 0 0.001047 -0.001047 19746.331117 风电 劲风风电场 0 0.251067 -0.251067 0 0.208706 -0.208706 0 0.356439 -0.356439 0 3.957248 -3.957248 0 0.100215 -0.100215 0 0.358711 -0.358711 0 0 0 0 0.001188 -0.001188 22404.598118 水电 京南电厂 0 0.108497 -0.108497 0 0.090191 -0.090191 0.095535 0.154033 -0.058498 2.612532 1.710104 0.902428 0 0.043307 -0.043307 0 0.155015 -0.155015 0 0 0 0 0.000513 -0.000513 9682.029119 风电 九头岭风电场 0 0.134449 -0.134449 0 0.111764 -0.111764 0 0.190876 -0.190876 0 2.119143 -2.119143 0 0.053666 -0.053666 0 0.192093 -0.192093 0 0 0 0 0.000636 -0.000636 11997.87120 风电 九元山风电场 0 0.26097 -0.26097 0 0.216938 -0.216938 0 0.370498 -0.370498 0 4.113337 -4.113337 0 0.104168 -0.104168 0 0.37286 -0.37286 0 0 0 0 0.001235 -0.001235 23288.32121 风电 俊风风电场 0 0.346133 -0.346133 0 0.287731 -0.287731 0 0.491403 -0.491403 0 5.455643 -5.455643 0 0.138161 -0.138161 0 0.494536 -0.494536 0 0 0 0 0.001638 -0.001638 30888122 风电 肯兰风电场 0 0.353588 -0.353588 0 0.293928 -0.293928 0 0.501987 -0.501987 0 5.573149 -5.573149 0 0.141137 -0.141137 0 0.505187 -0.505187 0 0 0 0 0.001673 -0.001673 31553.28123 风电 葵阳风电场 0 0.436936 -0.436936 0 0.363213 -0.363213 0 0.620316 -0.620316 0 6.886855 -6.886855 0 0.174406 -0.174406 0 0.624271 -0.624271 0 0 0 0 0.002067 -0.002067 38991.04124 水电 拉浪电厂 0 0.01341 -0.01341 0 0.011148 -0.011148 0 0.019039 -0.019039 0 0.211371 -0.211371 0 0.005353 -0.005353 0 0.01916 -0.01916 0 0 0 0 0.000063 -0.000063 1196.71125 小水电 拉纳电厂 0 0.012699 -0.012699 0 0.010556 -0.010556 0 0.018029 -0.018029 0 0.200157 -0.200157 0 0.005069 -0.005069 0 0.018144 -0.018144 0 0 0 0 0.00006 -0.00006 1133.22126 小水电 拉秀电厂 0 0.00919 -0.00919 0 0.007639 -0.007639 0 0.013046 -0.013046 0 0.144843 -0.144843 0 0.003668 -0.003668 0 0.01313 -0.01313 0 0 0 0 0.000043 -0.000043 820.05127 煤电2(≥30,<60) 来宾B厂 0 1.356317 -1.356317 0.668997 1.12747 -0.458473 0.274241 1.925557 -1.651315 117.237848 21.377868 95.85998 0 0.541383 -0.541383 1.710025 1.937833 -0.227808 0 0 0 0 0.006417 -0.006417 121034.2438128 小生物质 来宾富乔生物质发电厂 0 0.098549 -0.098549 0 0.081921 -0.081921 0 0.139909 -0.139909 0 1.553297 -1.553297 0 0.039336 -0.039336 0 0.140801 -0.140801 0 0 0 0 0.000466 -0.000466 17588.48129 煤电2(≥30,<60) 来宾扩建 0 1.954696 -1.954696 16.90125 1.624887 15.276363 0 2.775073 -2.775073 115.224821 30.809346 84.415475 0 0.780229 -0.780229 3.7504 2.792765 0.957635 0 0 0 0 0.009248 -0.009248 174432.0782130 小生物质 来宾市垃圾焚烧发电厂 0 0.069553 -0.069553 0 0.057818 -0.057818 0 0.098745 -0.098745 0 1.096279 -1.096279 0 0.027763 -0.027763 0 0.099374 -0.099374 0 0 0 0 0.000329 -0.000329 12413.52131 风电 来福风电场 0 0.239745 -0.239745 0 0.199294 -0.199294 0 0.340365 -0.340365 0 3.778792 -3.778792 0 0.095696 -0.095696 0 0.342535 -0.342535 0 0 0 0 0.001134 -0.001134 21394.24132 风电 兰田风电场 0 0.227994 -0.227994 0 0.189525 -0.189525 0 0.323682 -0.323682 0 3.593574 -3.593574 0 0.091005 -0.091005 0 0.325746 -0.325746 0 0 0 0 0.001079 -0.001079 20345.6133 光伏 栏沙光伏站 0 0.062541 -0.062541 0 0.051988 -0.051988 0 0.088789 -0.088789 0 0.985746 -0.985746 0 0.024963 -0.024963 0 0.089355 -0.089355 0 0 0 0 0.000296 -0.000296 5580.96134 风电 蓝光坪风电场 0 0.084811 -0.084811 0 0.070501 -0.070501 0 0.120405 -0.120405 0 1.336761 -1.336761 0 0.033853 -0.033853 0 0.121173 -0.121173 0 0 0 0 0.000401 -0.000401 7568.2886135 小水电 郎恒电厂 0 0.003255 -0.003255 0 0.002705 -0.002705 0 0.00462 -0.00462 0 0.051297 -0.051297 0 0.001299 -0.001299 0 0.00465 -0.00465 0 0 0 0 0.000015 -0.000015 290.429136 水电 乐滩电厂 6 1.453935 4.546065 0 1.208618 -1.208618 3.806224 2.064145 1.742079 3.646494 22.916497 -19.270003 0 0.580347 -0.580347 0 2.077304 -2.077304 0 0 0 0 0.006879 -0.006879 129745.44137 风电 乐樟风电场 0 0.223497 -0.223497 0 0.185787 -0.185787 0 0.317298 -0.317298 0 3.522698 -3.522698 0 0.08921 -0.08921 0 0.319321 -0.319321 0 0 0 0 0.001057 -0.001057 19944.32138 小水电 厘金滩电厂 0 0.01483 -0.01483 0 0.012328 -0.012328 0 0.021055 -0.021055 0 0.233751 -0.233751 0 0.00592 -0.00592 0 0.021189 -0.021189 0 0 0 0 0.00007 -0.00007 1323.42139 小水电 里定电厂 0 0.014595 -0.014595 0 0.012132 -0.012132 0 0.02072 -0.02072 0 0.230042 -0.230042 0 0.005826 -0.005826 0 0.020853 -0.020853 0 0 0 0 0.000069 -0.000069 1302.42140 光伏 里拉光伏站 0 0.02037 -0.02037 0 0.016933 -0.016933 0 0.028919 -0.028919 0 0.321065 -0.321065 0 0.008131 -0.008131 0 0.029103 -0.029103 0 0 0 0 0.000096 -0.000096 1817.76141 小水电 鲤鱼滩电厂 0 0.010526 -0.010526 0 0.00875 -0.00875 0 0.014944 -0.014944 0 0.165911 -0.165911 0 0.004202 -0.004202 0 0.015039 -0.015039 0 0 0 0 0.00005 -0.00005 939.33142 小水电 良湾电厂 0 0 0 0 0 0 0 0 0 0 0 0 0 0 0 0 0 0 0 0 0 0 0 0 0143 光伏 烈阳光伏站 0 0.040629 -0.040629 0 0.033774 -0.033774 0 0.05768 -0.05768 0 0.640377 -0.640377 0 0.016217 -0.016217 0 0.058048 -0.058048 0 0 0 0 0.000192 -0.000192 3625.6144 气电 临桂电厂 0 0.219168 -0.219168 17.828229 0.182189 17.64604 0.000041 0.311152 -0.311111 19.202396 3.454463 15.747933 0 0.087482 -0.087482 2.949325 0.313136 2.636189 0 0 0 0 0.001037 -0.001037 19558145 小生物质 灵山金利亚发电厂 0 0.051266 -0.051266 0 0.042616 -0.042616 0 0.072782 -0.072782 0 0.80804 -0.80804 0 0.020463 -0.020463 0 0.073246 -0.073246 0 0 0 0 0.000243 -0.000243 9149.7146 风电 岭江风电场 0 0 0 0 0 0 0 0 0 0 0 0 0 0 0 0 0 0 0 0 0 0 0 0 0147 风电 岭脚风电场 0 0.110866 -0.110866 0 0.09216 -0.09216 0 0.157396 -0.157396 0 1.747438 -1.747438 0 0.044253 -0.044253 0 0.158399 -0.158399 0 0 0 0 0.000525 -0.000525 9893.4148 光伏 柳花岭光伏站 0 0.079759 -0.079759 0 0.066301 -0.066301 0 0.113233 -0.113233 0 1.257133 -1.257133 0 0.031836 -0.031836 0 0.113955 -0.113955 0 0 0 0 0.000377 -0.000377 7117.459149 小生物质 柳州静脉电厂 0 0.138508 -0.138508 0 0.115138 -0.115138 0 0.19664 -0.19664 0 2.183129 -2.183129 0 0.055287 -0.055287 0 0.197893 -0.197893 0 0 0 0 0.000655 -0.000655 24720.275150 小生物质 柳州鑫能生物质电厂 0 0.000392 -0.000392 0 0.000326 -0.000326 0 0.000557 -0.000557 0 0.006178 -0.006178 0 0.000156 -0.000156 0 0.00056 -0.00056 0 0 0 0 0.000002 -0.000002 69.96151 小水电 六甲电厂 0 0.00573 -0.00573 0 0.004763 -0.004763 0 0.008135 -0.008135 0 0.090314 -0.090314 0 0.002287 -0.002287 0 0.008187 -0.008187 0 0 0 0 0.000027 -0.000027 511.326152 煤电1(≥60) 六景电厂 0 6.903424 -6.903424 0 5.738635 -5.738635 0 9.800761 -9.800761 164.337407 108.809761 55.527646 0 2.755546 -2.755546 11.02945 9.863244 1.166206 0 0 0 0 0.03266 -0.03266 616044153 风电 六林冲风电场 0 0.203853 -0.203853 0 0.169458 -0.169458 0 0.28941 -0.28941 0 3.213078 -3.213078 0 0.081369 -0.081369 0 0.291255 -0.291255 0 0 0 0 0.000964 -0.000964 18191.36154 风电 六字界风电场 0 0.074453 -0.074453 0 0.061891 -0.061891 0 0.105701 -0.105701 0 1.173507 -1.173507 0 0.029718 -0.029718 0 0.106375 -0.106375 0 0 0 0 0.000352 -0.000352 6644155 小生物质 龙回电厂 0 0.041635 -0.041635 0 0.03461 -0.03461 0 0.059108 -0.059108 0 0.656231 -0.656231 0 0.016619 -0.016619 0 0.059485 -0.059485 0 0 0 0 0.000197 -0.000197 7430.72156 风电 龙门风电场 0 0.408969 -0.408969 0 0.339965 -0.339965 0 0.580612 -0.580612 0 6.446052 -6.446052 0 0.163243 -0.163243 0 0.584313 -0.584313 0 0 0 0 0.001935 -0.001935 36495.36157 水电 龙滩电厂 1.4757 3.769003 -2.293303 0 3.133073 -3.133073 26.085435 5.350838 20.734598 0.833101 59.405935 -58.572834 15.2548 1.504422 13.750378 0 5.384951 -5.384951 0 0 0 0 0.017831 -0.017831 336336.275158 风电 龙头风电场 0 0.152851 -0.152851 0 0.127061 -0.127061 0 0.217001 -0.217001 0 2.409187 -2.409187 0 0.061011 -0.061011 0 0.218385 -0.218385 0 0 0 0 0.000723 -0.000723 13640159 小水电 龙溪电厂 0 0.008469 -0.008469 0 0.00704 -0.00704 0 0.012024 -0.012024 0 0.133493 -0.133493 0 0.003381 -0.003381 0 0.012101 -0.012101 0 0 0 0 0.00004 -0.00004 755.794160 小水电 龙兴电厂 0 0.010105 -0.010105 0 0.0084 -0.0084 0 0.014346 -0.014346 0 0.159271 -0.159271 0 0.004033 -0.004033 0 0.014437 -0.014437 0 0 0 0 0.000048 -0.000048 901.74161 风电 隆润风电场 0 0.224927 -0.224927 0 0.186976 -0.186976 0 0.319328 -0.319328 0 3.545235 -3.545235 0 0.089781 -0.089781 0 0.321364 -0.321364 0 0 0 0 0.001064 -0.001064 20071.92162 水电 鲁布革电厂 0 0 0 0 0 0 0 0 0 0 0 0 0 0 0 0 0 0 0 0 0 0 0 0163 光伏 陆坡光伏站 0 0.017286 -0.017286 0 0.014369 -0.014369 0 0.02454 -0.02454 0 0.27245 -0.27245 0 0.0069 -0.0069 0 0.024697 -0.024697 0 0 0 0 0.000082 -0.000082 1542.52164 小生物质 绿发电厂 0 0.044534 -0.044534 0 0.03702 -0.03702 0 0.063225 -0.063225 0 0.701937 -0.701937 0 0.017776 -0.017776 0 0.063628 -0.063628 0 0 0 0 0.000211 -0.000211 7948.26165 水电 洛东电厂 0 0.010219 -0.010219 0 0.008495 -0.008495 0.016587 0.014508 0.002079 0.001362 0.161068 -0.159705 0 0.004079 -0.004079 0 0.0146 -0.0146 0 0 0 0 0.000048 -0.000048 911.91166 风电 洛山风电场 0 0.074222 -0.074222 0 0.061699 -0.061699 0 0.105373 -0.105373 0 1.169869 -1.169869 0 0.029626 -0.029626 0 0.106045 -0.106045 0 0 0 0 0.000351 -0.000351 6623.4167 水电 麻石电厂 0 0.072643 -0.072643 0 0.060386 -0.060386 0.005379 0.103131 -0.097751 0.955895 1.144977 -0.189082 0 0.028996 -0.028996 0 0.103788 -0.103788 0 0 0 0 0.000344 -0.000344 6482.47168 风电 马家风电场 0 0.142609 -0.142609 0 0.118547 -0.118547 0 0.202461 -0.202461 0 2.247755 -2.247755 0 0.056923 -0.056923 0 0.203752 -0.203752 0 0 0 0 0.000675 -0.000675 12726.029169 气电 马园电厂 60 0 60 25.199374 0 25.199374 0 0 0 0 0 0 0 0 0 0 0 0 0 0 0 0 0 0 0170 风电 马子岭风电场 0 0.29156 -0.29156 0 0.242366 -0.242366 0 0.413927 -0.413927 0 4.595485 -4.595485 0 0.116378 -0.116378 0 0.416565 -0.416565 0 0 0 0 0.001379 -0.001379 26018.08171 风电 米康风电场 0 0.105999 -0.105999 0 0.088115 -0.088115 0 0.150487 -0.150487 0 1.670732 -1.670732 0 0.04231 -0.04231 0 0.151446 -0.151446 0 0 0 0 0.000501 -0.000501 9459.12172 小生物质 蜜朋电厂 0 0.082992 -0.082992 0 0.068989 -0.068989 0 0.117823 -0.117823 0 1.308097 -1.308097 0 0.033127 -0.033127 0 0.118575 -0.118575 0 0 0 0 0.000393 -0.000393 14812173 风电 蜜源风电场 0 0.237166 -0.237166 0 0.19715 -0.19715 0 0.336703 -0.336703 0 3.738141 -3.738141 0 0.094666 -0.094666 0 0.33885 -0.33885 0 0 0 0 0.001122 -0.001122 21164.088174 水电 苗都电厂 0 0.002116 -0.002116 0 0.001759 -0.001759 0 0.003004 -0.003004 0 0.033347 -0.033347 0 0.000844 -0.000844 0 0.003023 -0.003023 0 0 0 0 0.00001 -0.00001 188.797175 风电 妙郎山风电场 0 0.119632 -0.119632 0 0.099447 -0.099447 0 0.169841 -0.169841 0 1.885604 -1.885604 0 0.047752 -0.047752 0 0.170924 -0.170924 0 0 0 0 0.000566 -0.000566 10675.65176 光伏 民钦光伏站 0 0.304518 -0.304518 0 0.253138 -0.253138 0 0.432323 -0.432323 0 4.799722 -4.799722 0 0.12155 -0.12155 0 0.435079 -0.435079 0 0 0 0 0.001441 -0.001441 27174.4177 风电 木格风电场 0 0.212768 -0.212768 0 0.176868 -0.176868 0 0.302066 -0.302066 0 3.353588 -3.353588 0 0.084928 -0.084928 0 0.303992 -0.303992 0 0 0 0 0.001007 -0.001007 18986.88178 水电 那吉电厂 0 0.141752 -0.141752 0 0.117834 -0.117834 0.00331 0.201244 -0.197934 0.119026 2.234249 -2.115222 0 0.056581 -0.056581 0 0.202527 -0.202527 0 0 0 0 0.000671 -0.000671 12649.56179 小水电 那新电厂 0 0 0 0 0 0 0 0 0 0 0 0 0 0 0 0 0 0 0 0 0 0 0 0 0180 小水电 纳八电厂 0 0.001701 -0.001701 0 0.001414 -0.001414 0 0.002415 -0.002415 0 0.026812 -0.026812 0 0.000679 -0.000679 0 0.00243 -0.00243 0 0 0 0 0.000008 -0.000008 151.8181 小水电 南桂电厂 0 0.001001 -0.001001 0 0.000832 -0.000832 0 0.001421 -0.001421 0 0.01578 -0.01578 0 0.0004 -0.0004 0 0.00143 -0.00143 0 0 0 0 0.000005 -0.000005 89.34182 光伏 南甲光伏站 0 0.053837 -0.053837 0 0.044753 -0.044753 0 0.076432 -0.076432 0 0.848562 -0.848562 0 0.021489 -0.021489 0 0.076919 -0.076919 0 0 0 0 0.000255 -0.000255 4804.272183 风电 南山风电场 0 0.261227 -0.261227 0 0.217151 -0.217151 0 0.370862 -0.370862 0 4.117378 -4.117378 0 0.10427 -0.10427 0 0.373227 -0.373227 0 0 0 0 0.001236 -0.001236 23311.2184 小生物质 宁明东亚电厂 0 0.052564 -0.052564 0 0.043695 -0.043695 0 0.074625 -0.074625 0 0.828502 -0.828502 0 0.020981 -0.020981 0 0.075101 -0.075101 0 0 0 0 0.000249 -0.000249 9381.4185 风电 牛景岭风电场 0 0.4651 -0.4651 0 0.386625 -0.386625 0 0.6603 -0.6603 0 7.330767 -7.330767 0 0.185648 -0.185648 0 0.66451 -0.66451 0 0 0 0 0.0022 -0.0022 41504.32186 水电 牛湾电厂 0 0.115747 -0.115747 0 0.096218 -0.096218 0.000827 0.164326 -0.163499 0.000964 1.824376 -1.823412 0 0.046201 -0.046201 0 0.165374 -0.165374 0 0 0 0 0.000548 -0.000548 10329187 光伏 弄滩光伏站 0 0 0 0 0 0 0 0 0 0 0 0 0 0 0 0 0 0 0 0 0 0 0 0 0188 光伏 暖阳光伏站 0 0.069315 -0.069315 0 0.05762 -0.05762 0 0.098407 -0.098407 0 1.092527 -1.092527 0 0.027668 -0.027668 0 0.099034 -0.099034 0 0 0 0 0.000328 -0.000328 6185.52189 光伏 诺阳光伏站 0 0.025797 -0.025797 0 0.021445 -0.021445 0 0.036624 -0.036624 0 0.406609 -0.406609 0 0.010297 -0.010297 0 0.036858 -0.036858 0 0 0 0 0.000122 -0.000122 2302.08190 小水电 糯米滩电厂 0 0.003636 -0.003636 0 0.003022 -0.003022 0 0.005162 -0.005162 0 0.057307 -0.057307 0 0.001451 -0.001451 0 0.005195 -0.005195 0 0 0 0 0.000017 -0.000017 324.45191 光伏 排塘光伏站 0 0.075699 -0.075699 0 0.062926 -0.062926 0 0.107469 -0.107469 0 1.19314 -1.19314 0 0.030216 -0.030216 0 0.108154 -0.108154 0 0 0 0 0.000358 -0.000358 6755.156192 风电 佩光风电场 0 0.123691 -0.123691 0 0.102821 -0.102821 0 0.175603 -0.175603 0 1.949576 -1.949576 0 0.049372 -0.049372 0 0.176723 -0.176723 0 0 0 0 0.000585 -0.000585 11037.84193 水电 平班电厂 0 0.865364 -0.865364 0 0.719355 -0.719355 6.941964 1.228554 5.71341 17.746536 13.63962 4.106917 0 0.345416 -0.345416 0 1.236386 -1.236386 0 0 0 0 0.004094 -0.004094 77222.904194 风电 平鼓山风电场 0 0.124489 -0.124489 0 0.103485 -0.103485 0 0.176737 -0.176737 0 1.962166 -1.962166 0 0.049691 -0.049691 0 0.177864 -0.177864 0 0 0 0 0.000589 -0.000589 11109.12195 小生物质 平里垃圾发电厂 0 0.133352 -0.133352 0 0.110852 -0.110852 0 0.189319 -0.189319 0 2.101857 -2.101857 0 0.053228 -0.053228 0 0.190526 -0.190526 0 0 0 0 0.000631 -0.000631 23800196 小水电 平林电厂 0 0.009992 -0.009992 0 0.008306 -0.008306 0 0.014186 -0.014186 0 0.157491 -0.157491 0 0.003988 -0.003988 0 0.014276 -0.014276 0 0 0 0 0.000047 -0.000047 891.66197 储能 平陆储能站 0 0 0 0 0 0 0 0 0 0 0 0 0 0 0 0 0 0 0 0 0 0 0 0 0198 小生物质 平南环保发电厂 0 0.036203 -0.036203 0 0.030094 -0.030094 0 0.051397 -0.051397 0 0.570617 -0.570617 0 0.014451 -0.014451 0 0.051725 -0.051725 0 0 0 0 0.000171 -0.000171 6461.28199 风电 平天山风电场 0 0.132867 -0.132867 0 0.110449 -0.110449 0 0.188631 -0.188631 0 2.094217 -2.094217 0 0.053035 -0.053035 0 0.189834 -0.189834 0 0 0 0 0.000629 -0.000629 11856.749200 光伏 浦峙光伏站 0 0 0 0 0 0 0 0 0 0 0 0 0 0 0 0 0 0 0 0 0 0 0 0 0201 风电 麒麟风电场 0 0.138483 -0.138483 0 0.115117 -0.115117 0 0.196603 -0.196603 0 2.182723 -2.182723 0 0.055276 -0.055276 0 0.197857 -0.197857 0 0 0 0 0.000655 -0.000655 12357.84202 水电 桥巩电厂 0 1.252931 -1.252931 0 1.041529 -1.041529 0.010814 1.778781 -1.767967 0.061474 19.748338 -19.686864 0 0.500116 -0.500116 0 1.790121 -1.790121 0 0 0 0 0.005928 -0.005928 111808.4203 风电 钦南风电场 0 0.09135 -0.09135 0 0.075937 -0.075937 0 0.129689 -0.129689 0 1.439834 -1.439834 0 0.036463 -0.036463 0 0.130516 -0.130516 0 0 0 0 0.000432 -0.000432 8151.85204 煤电1(≥60) 钦州电厂(二期) 0 9.932488 -9.932488 0 8.256616 -8.256616 1.144482 14.101111 -12.956629 322.746121 156.552993 166.193128 0 3.964617 -3.964617 14.909375 14.19101 0.718365 0 0 0 0 0.046991 -0.046991 886350205 煤电1(≥60) 钦州电厂(一期) 0 5.164255 -5.164255 0 4.292909 -4.292909 9.413555 7.331671 2.081884 264.306792 81.397489 182.909303 0 2.061346 -2.061346 14.367125 7.378412 6.988713 0 0 0 0 0.024432 -0.024432 460845206 小生物质 钦州海诺尔垃圾发电厂 0 0.044706 -0.044706 0 0.037163 -0.037163 0 0.063469 -0.063469 0 0.704647 -0.704647 0 0.017845 -0.017845 0 0.063874 -0.063874 0 0 0 0 0.000212 -0.000212 7978.95207 小生物质 钦州琦泉生物质电厂 0 0 0 0 0 0 0 0 0 0 0 0 0 0 0 0 0 0 0 0 0 0 0 0 0208 风电 秦淮风电场 0 0.160944 -0.160944 0 0.133789 -0.133789 0 0.228492 -0.228492 0 2.536757 -2.536757 0 0.064242 -0.064242 0 0.229949 -0.229949 0 0 0 0 0.000761 -0.000761 14362.26209 小水电 青狮潭电厂 0 0 0 0 0 0 0 0 0 0 0 0 0 0 0 0 0 0 0 0 0 0 0 0 0210 风电 晴岚风电场 0 0.158472 -0.158472 0 0.131733 -0.131733 0 0.224981 -0.224981 0 2.497783 -2.497783 0 0.063255 -0.063255 0 0.226416 -0.226416 0 0 0 0 0.00075 -0.00075 14141.6211 光伏 琼恩光伏站 0 0.030028 -0.030028 0 0.024961 -0.024961 0 0.04263 -0.04263 0 0.473289 -0.473289 0 0.011986 -0.011986 0 0.042902 -0.042902 0 0 0 0 0.000142 -0.000142 2679.6212 风电 坵坪风电场 0 1.5478 -1.5478 0 1.286645 -1.286645 0 2.197405 -2.197405 0 24.395971 -24.395971 0 0.617814 -0.617814 0 2.211414 -2.211414 0 0 0 0 0.007323 -0.007323 138121.72213 风电 全达风电场 0 0.408228 -0.408228 0 0.339349 -0.339349 0 0.57956 -0.57956 0 6.434375 -6.434375 0 0.162947 -0.162947 0 0.583255 -0.583255 0 0 0 0 0.001931 -0.001931 36429.25214 光伏 全达光伏站 0 0.017555 -0.017555 0 0.014593 -0.014593 0 0.024923 -0.024923 0 0.276703 -0.276703 0 0.007007 -0.007007 0 0.025082 -0.025082 0 0 0 0 0.000083 -0.000083 1566.6

结算序号电厂类型 电厂名称 补偿汇总表一黑启动补偿费用(万元)黑启动补偿缴纳费用(万元)黑启动补偿净收入(万元)冷备用补偿费用(万元)冷备用补偿缴纳费用(万元)冷备用补偿净收入(万元)无功补偿费用(万元)无功补偿缴纳费用(万元)无功补偿净收入(万元)旋转备用补偿费用(万元)旋转备用补偿缴纳费用(万元)旋转备用补偿净收入(万元)AVC补偿费用(万元)AVC补偿缴纳费用(万元)AVC补偿净收入(万元)一次调频补偿费用(万元)一次调频补偿缴纳费用(万元)一次调频补偿净收入(万元)转动惯量补偿费用(万元)转动惯量补偿缴纳费用(万元)转动惯量补偿净收入(万元)稳定切机补偿费用(万元)稳定切机补偿缴纳费用(万元)稳定切机补偿净收入(万元)上网电量(MWh)215 煤电2(≥30,<60) 仁义电厂 0 2.492143 -2.492143 10.17625 2.071653 8.104597 0.028715 3.538085 -3.509369 93.624186 39.280433 54.343753 0 0.994755 -0.994755 2.285525 3.560641 -1.275116 0 0 0 0 0.01179 -0.01179 222392.5216 光伏 荣屯光伏站 0 0.013254 -0.013254 0 0.011017 -0.011017 0 0.018816 -0.018816 0 0.2089 -0.2089 0 0.00529 -0.00529 0 0.018936 -0.018936 0 0 0 0 0.000063 -0.000063 1182.72217 风电 锐航风电场 0 0.152351 -0.152351 0 0.126645 -0.126645 0 0.216291 -0.216291 0 2.401306 -2.401306 0 0.060812 -0.060812 0 0.21767 -0.21767 0 0 0 0 0.000721 -0.000721 13595.38218 风电 润堡风电场 0 0.118369 -0.118369 0 0.098397 -0.098397 0 0.168048 -0.168048 0 1.865696 -1.865696 0 0.047248 -0.047248 0 0.169119 -0.169119 0 0 0 0 0.00056 -0.00056 10562.94219 风电 润佳风电场 0 0.216229 -0.216229 0 0.179746 -0.179746 0 0.30698 -0.30698 0 3.408145 -3.408145 0 0.086309 -0.086309 0 0.308937 -0.308937 0 0 0 0 0.001023 -0.001023 19295.76220 风电 润南风电场 0 0.126585 -0.126585 0 0.105227 -0.105227 0 0.179712 -0.179712 0 1.995196 -1.995196 0 0.050527 -0.050527 0 0.180858 -0.180858 0 0 0 0 0.000599 -0.000599 11296.124221 小水电 三岔电厂 0 0.013445 -0.013445 0 0.011176 -0.011176 0 0.019088 -0.019088 0 0.211917 -0.211917 0 0.005367 -0.005367 0 0.01921 -0.01921 0 0 0 0 0.000064 -0.000064 1199.8222 煤电3(<30) 三祥联产发电厂 0 0.054266 -0.054266 0 0.04511 -0.04511 0 0.077042 -0.077042 0 0.855332 -0.855332 0 0.021661 -0.021661 0 0.077533 -0.077533 0 0 0 0 0.000257 -0.000257 4842.6223 水电 山秀电厂 0 0.084995 -0.084995 0 0.070654 -0.070654 0.137137 0.120667 0.016471 1.505696 1.339663 0.166033 0 0.033926 -0.033926 0 0.121436 -0.121436 0 0 0 0 0.000402 -0.000402 7584.72224 小生物质 上罗电厂 0 0.081514 -0.081514 0 0.067761 -0.067761 0 0.115725 -0.115725 0 1.284803 -1.284803 0 0.032537 -0.032537 0 0.116463 -0.116463 0 0 0 0 0.000386 -0.000386 14548.24225 光伏 申丰光伏站 0 0.00908 -0.00908 0 0.007548 -0.007548 0 0.01289 -0.01289 0 0.143112 -0.143112 0 0.003624 -0.003624 0 0.012973 -0.012973 0 0 0 0 0.000043 -0.000043 810.25226 小生物质 深能电厂 0 0.120059 -0.120059 0 0.099802 -0.099802 0 0.170448 -0.170448 0 1.892339 -1.892339 0 0.047922 -0.047922 0 0.171534 -0.171534 0 0 0 0 0.000568 -0.000568 21427.56227 煤电2(≥30,<60) 神鹿热电厂 0 2.289061 -2.289061 0 1.902836 -1.902836 1.284412 3.24977 -1.965358 64.526313 36.079517 28.446796 0 0.913694 -0.913694 3.8617 3.270489 0.591211 0 0 0 0 0.01083 -0.01083 204270228 风电 狮子岭风电场 0 0.327643 -0.327643 0 0.272361 -0.272361 0 0.465153 -0.465153 0 5.164209 -5.164209 0 0.130781 -0.130781 0 0.468118 -0.468118 0 0 0 0 0.00155 -0.00155 29238229 小水电 石别水电厂 0 0.009546 -0.009546 0 0.007935 -0.007935 0 0.013552 -0.013552 0 0.150457 -0.150457 0 0.00381 -0.00381 0 0.013638 -0.013638 0 0 0 0 0.000045 -0.000045 851.835230 光伏 石村光伏站 0 0.041535 -0.041535 0 0.034527 -0.034527 0 0.058967 -0.058967 0 0.654667 -0.654667 0 0.016579 -0.016579 0 0.059343 -0.059343 0 0 0 0 0.000197 -0.000197 3706.5231 风电 首龙风电场 0 0.133631 -0.133631 0 0.111084 -0.111084 0 0.189715 -0.189715 0 2.106251 -2.106251 0 0.05334 -0.05334 0 0.190925 -0.190925 0 0 0 0 0.000632 -0.000632 11924.88232 风电 水锦风电场 0 0.238052 -0.238052 0 0.197887 -0.197887 0 0.337962 -0.337962 0 3.752114 -3.752114 0 0.09502 -0.09502 0 0.340117 -0.340117 0 0 0 0 0.001126 -0.001126 21243.2233 小水电 思安江电厂 0 0 0 0 0 0 0 0 0 0 0 0 0 0 0 0 0 0 0 0 0 0 0 0 0234 小水电 思陇电厂 0 0.017558 -0.017558 0 0.014596 -0.014596 0 0.024927 -0.024927 0 0.276746 -0.276746 0 0.007008 -0.007008 0 0.025086 -0.025086 0 0 0 0 0.000083 -0.000083 1566.84235 风电 四方岭风电场 0 0.256493 -0.256493 0 0.213216 -0.213216 0 0.364142 -0.364142 0 4.042771 -4.042771 0 0.102381 -0.102381 0 0.366464 -0.366464 0 0 0 0 0.001213 -0.001213 22888.8236 水电 宋村电厂 0 0.165818 -0.165818 0 0.13784 -0.13784 0.569678 0.235411 0.334266 2.703044 2.613579 0.089465 0 0.066187 -0.066187 0 0.236912 -0.236912 0 0 0 0 0.000784 -0.000784 14797.2237 风电 宿邓风电场 0 0.091001 -0.091001 0 0.075647 -0.075647 0 0.129194 -0.129194 0 1.434332 -1.434332 0 0.036324 -0.036324 0 0.130017 -0.130017 0 0 0 0 0.000431 -0.000431 8120.7238 光伏 滩面光伏站 0 0.01816 -0.01816 0 0.015096 -0.015096 0 0.025782 -0.025782 0 0.286239 -0.286239 0 0.007249 -0.007249 0 0.025947 -0.025947 0 0 0 0 0.000086 -0.000086 1620.59239 光伏 桃花光伏站 0 0.016742 -0.016742 0 0.013917 -0.013917 0 0.023769 -0.023769 0 0.263882 -0.263882 0 0.006683 -0.006683 0 0.02392 -0.02392 0 0 0 0 0.000079 -0.000079 1494.011240 小生物质 藤县生物质电厂 0 0.055452 -0.055452 0 0.046096 -0.046096 0 0.078726 -0.078726 0 0.874026 -0.874026 0 0.022134 -0.022134 0 0.079228 -0.079228 0 0 0 0 0.000262 -0.000262 9896.88241 水电 天二电厂 1.3728 1.994498 -0.621698 0 1.657974 -1.657974 0.418823 2.831581 -2.412757 0.444315 31.436702 -30.992387 3.8115 0.796117 3.015383 0 2.849633 -2.849633 0 0 0 0.4577 0.009436 0.448264 177983.957242 风电 天堂顶风电场 0 0.392925 -0.392925 0 0.326628 -0.326628 0 0.557833 -0.557833 0 6.193165 -6.193165 0 0.156838 -0.156838 0 0.56139 -0.56139 0 0 0 0 0.001859 -0.001859 35063.6243 风电 天武风电场 0 0.13017 -0.13017 0 0.108207 -0.108207 0 0.184801 -0.184801 0 2.051695 -2.051695 0 0.051958 -0.051958 0 0.185979 -0.185979 0 0 0 0 0.000616 -0.000616 11616244 水电 天一电厂 0.8598 0.818284 0.041516 0 0.680218 -0.680218 0.039651 1.161714 -1.122063 0.009154 12.897549 -12.888395 2.816 0.326623 2.489377 0 1.16912 -1.16912 0 0 0 0 0.003871 -0.003871 73021.552245 光伏 通威光伏站 0 0.087687 -0.087687 0 0.072892 -0.072892 0 0.124489 -0.124489 0 1.382096 -1.382096 0 0.035001 -0.035001 0 0.125282 -0.125282 0 0 0 0 0.000415 -0.000415 7824.96246 光伏 驮堪光伏站 0 0.012276 -0.012276 0 0.010205 -0.010205 0 0.017429 -0.017429 0 0.193494 -0.193494 0 0.0049 -0.0049 0 0.01754 -0.01754 0 0 0 0 0.000058 -0.000058 1095.5247 水电 驮娘江电厂 0 0.245171 -0.245171 0 0.203804 -0.203804 0 0.348068 -0.348068 6.018112 3.864316 2.153795 0 0.097862 -0.097862 0 0.350287 -0.350287 0 0 0 0 0.00116 -0.00116 21878.45248 风电 碗窑风电场 0 0.568545 -0.568545 0 0.472617 -0.472617 0 0.807161 -0.807161 0 8.961243 -8.961243 0 0.226938 -0.226938 0 0.812307 -0.812307 0 0 0 0 0.00269 -0.00269 50735.52249 水电 旺村电厂 0 0.136333 -0.136333 0 0.11333 -0.11333 0.008185 0.193551 -0.185366 0.219997 2.148839 -1.928842 0 0.054418 -0.054418 0 0.194785 -0.194785 0 0 0 0 0.000645 -0.000645 12166250 小生物质 旺能电厂 0 0.040659 -0.040659 0 0.033798 -0.033798 0 0.057723 -0.057723 0 0.64085 -0.64085 0 0.016229 -0.016229 0 0.058091 -0.058091 0 0 0 0 0.000192 -0.000192 7256.55251 风电 沃岭风电场 0 0.108263 -0.108263 0 0.089996 -0.089996 0 0.153701 -0.153701 0 1.706411 -1.706411 0 0.043214 -0.043214 0 0.154681 -0.154681 0 0 0 0 0.000512 -0.000512 9661.121252 水电 乌东德右岸电厂 0 1.509153 -1.509153 0 1.254519 -1.254519 4.489692 2.142538 2.347155 0.003827 23.786826 -23.782999 6.2118 0.602388 5.609412 0.360731 2.156197 -1.795466 0 0 0 0.12765 0.00714 0.12051 134672.949253 水电 乌东德左岸电厂 0 1.509153 -1.509153 0 1.254519 -1.254519 0.000015 2.142538 -2.142523 0.003191 23.786826 -23.783635 6.2136 0.602388 5.611212 0.588215 2.156197 -1.567982 0 0 0 0.12765 0.00714 0.12051 134672.949254 光伏 乌家光伏站 0 0.047482 -0.047482 0 0.039471 -0.039471 0 0.06741 -0.06741 0 0.748402 -0.748402 0 0.018953 -0.018953 0 0.06784 -0.06784 0 0 0 0 0.000225 -0.000225 4237.2255 小生物质 梧州市静脉产业园垃圾发电厂 0 0.085087 -0.085087 0 0.070731 -0.070731 0 0.120798 -0.120798 0 1.341121 -1.341121 0 0.033963 -0.033963 0 0.121568 -0.121568 0 0 0 0 0.000403 -0.000403 15185.94256 小水电 西岸电厂 0 0.007157 -0.007157 0 0.005949 -0.005949 0 0.010161 -0.010161 0 0.112808 -0.112808 0 0.002857 -0.002857 0 0.010226 -0.010226 0 0 0 0 0.000034 -0.000034 638.68257 光伏 西江机场光伏站 0 0.037088 -0.037088 0 0.03083 -0.03083 0 0.052653 -0.052653 0 0.584563 -0.584563 0 0.014804 -0.014804 0 0.052989 -0.052989 0 0 0 0 0.000175 -0.000175 3309.6258 水电 西津电厂 3 0.420769 2.579231 0 0.349774 -0.349774 0.000001 0.597364 -0.597364 0.004037 6.632042 -6.628005 0 0.167953 -0.167953 0 0.601173 -0.601173 0 0 0 0 0.001991 -0.001991 37548.376259 风电 霞义山风电场 0 0.295958 -0.295958 0 0.246022 -0.246022 0 0.420171 -0.420171 0 4.664808 -4.664808 0 0.118134 -0.118134 0 0.422849 -0.422849 0 0 0 0 0.0014 -0.0014 26410.56260 小水电 下六甲电厂 0 0.00424 -0.00424 0 0.003525 -0.003525 0 0.00602 -0.00602 0 0.066836 -0.066836 0 0.001693 -0.001693 0 0.006058 -0.006058 0 0 0 0 0.00002 -0.00002 378.402261 水电 下桥电厂 0 0.012514 -0.012514 0 0.010403 -0.010403 0 0.017766 -0.017766 0 0.197242 -0.197242 0 0.004995 -0.004995 0 0.017879 -0.017879 0 0 0 0 0.000059 -0.000059 1116.72262 小水电 下石龙电厂 0 0.03745 -0.03745 0 0.031131 -0.031131 0 0.053167 -0.053167 0 0.590272 -0.590272 0 0.014948 -0.014948 0 0.053506 -0.053506 0 0 0 0 0.000177 -0.000177 3341.922263 小水电 下湘水电厂 0 0.001761 -0.001761 0 0.001464 -0.001464 0 0.002501 -0.002501 0 0.027763 -0.027763 0 0.000703 -0.000703 0 0.002517 -0.002517 0 0 0 0 0.000008 -0.000008 157.185264 水电 仙衣滩电厂 0 0.315457 -0.315457 0 0.262231 -0.262231 0.002489 0.447853 -0.445364 0 4.972138 -4.972138 0 0.125917 -0.125917 0 0.450708 -0.450708 0 0 0 0 0.001492 -0.001492 28150.56265 小水电 先锋电厂 0 0.031609 -0.031609 0 0.026276 -0.026276 0 0.044875 -0.044875 0 0.498211 -0.498211 0 0.012617 -0.012617 0 0.045161 -0.045161 0 0 0 0 0.00015 -0.00015 2820.7266 风电 祥甜风电场 0 0.20586 -0.20586 0 0.171126 -0.171126 0 0.292259 -0.292259 0 3.244708 -3.244708 0 0.08217 -0.08217 0 0.294122 -0.294122 0 0 0 0 0.000974 -0.000974 18370.44267 风电 祥宇风电场 0 0.083723 -0.083723 0 0.069596 -0.069596 0 0.118861 -0.118861 0 1.319613 -1.319613 0 0.033418 -0.033418 0 0.119619 -0.119619 0 0 0 0 0.000396 -0.000396 7471.2268 小水电 响水洞电厂 0 0.006455 -0.006455 0 0.005366 -0.005366 0 0.009164 -0.009164 0 0.101744 -0.101744 0 0.002577 -0.002577 0 0.009223 -0.009223 0 0 0 0 0.000031 -0.000031 576.039269 小生物质 象州理昂生物质发电厂 0 0.032993 -0.032993 0 0.027426 -0.027426 0 0.04684 -0.04684 0 0.520024 -0.520024 0 0.013169 -0.013169 0 0.047138 -0.047138 0 0 0 0 0.000156 -0.000156 5888.4270 小水电 小龙潭电厂 0 0.001178 -0.001178 0 0.00098 -0.00098 0 0.001673 -0.001673 0 0.018575 -0.018575 0 0.00047 -0.00047 0 0.001684 -0.001684 0 0 0 0 0.000006 -0.000006 105.165271 小水电 小溶江电厂 0 0.017645 -0.017645 0 0.014668 -0.014668 0 0.02505 -0.02505 0 0.278113 -0.278113 0 0.007043 -0.007043 0 0.02521 -0.02521 0 0 0 0 0.000083 -0.000083 1574.58272 光伏 小湾光伏站 0 0.052097 -0.052097 0 0.043307 -0.043307 0 0.073962 -0.073962 0 0.821144 -0.821144 0 0.020795 -0.020795 0 0.074434 -0.074434 0 0 0 0 0.000246 -0.000246 4649.04273 小水电 小寨电厂 0 0.026708 -0.026708 0 0.022201 -0.022201 0 0.037917 -0.037917 0 0.420959 -0.420959 0 0.010661 -0.010661 0 0.038159 -0.038159 0 0 0 0 0.000126 -0.000126 2383.325274 风电 协合风电场 0 0.340462 -0.340462 0 0.283017 -0.283017 0 0.483353 -0.483353 0 5.36627 -5.36627 0 0.135898 -0.135898 0 0.486435 -0.486435 0 0 0 0 0.001611 -0.001611 30382275 光伏 鑫奥光伏站 0 0.051032 -0.051032 0 0.042422 -0.042422 0 0.07245 -0.07245 0 0.804358 -0.804358 0 0.02037 -0.02037 0 0.072912 -0.072912 0 0 0 0 0.000241 -0.000241 4554276 小水电 兴隆电厂 0 0.006664 -0.006664 0 0.00554 -0.00554 0 0.009461 -0.009461 0 0.105038 -0.105038 0 0.00266 -0.00266 0 0.009521 -0.009521 0 0 0 0 0.000032 -0.000032 594.69277 煤电1(≥60) 兴义电厂 0 0 0 0 0 0 0 0 0 0 0 0 0 0 0 0 0 0 0 0 0 0 0 0 0278 风电 旭晖风电场 0 0.176348 -0.176348 0 0.146593 -0.146593 0 0.25036 -0.25036 0 2.779543 -2.779543 0 0.07039 -0.07039 0 0.251956 -0.251956 0 0 0 0 0.000834 -0.000834 15736.828279 光伏 旭晖光伏站 0 0.058549 -0.058549 0 0.04867 -0.04867 0 0.083122 -0.083122 0 0.922834 -0.922834 0 0.02337 -0.02337 0 0.083652 -0.083652 0 0 0 0 0.000277 -0.000277 5224.772280 光伏 旭日升光伏站 0 0.002956 -0.002956 0 0.002457 -0.002457 0 0.004196 -0.004196 0 0.046587 -0.046587 0 0.00118 -0.00118 0 0.004223 -0.004223 0 0 0 0 0.000014 -0.000014 263.76281 水电 浔州电厂 0 2.411588 -2.411588 0 2.00469 -2.00469 0.003637 3.423721 -3.420085 0.19025 38.010752 -37.820503 0 0.962601 -0.962601 0 3.445549 -3.445549 0 0 0 0 0.011409 -0.011409 215204282 风电 迅风风电场 0 0.55009 -0.55009 0 0.457276 -0.457276 0 0.780961 -0.780961 0 8.670365 -8.670365 0 0.219572 -0.219572 0 0.78594 -0.78594 0 0 0 0 0.002602 -0.002602 49088.671283 水电 岩滩电厂 3 3.297382 -0.297382 0 2.741027 -2.741027 83.337167 4.681279 78.655888 56.160448 51.972379 4.188069 0 1.316171 -1.316171 0 4.711124 -4.711124 0 0 0 0 0.0156 -0.0156 294250284 风电 羊加山风电场 0 0.156006 -0.156006 0 0.129684 -0.129684 0 0.221481 -0.221481 0 2.458925 -2.458925 0 0.062271 -0.062271 0 0.222893 -0.222893 0 0 0 0 0.000738 -0.000738 13921.6285 风电 杨村风电场 0 0.193198 -0.193198 0 0.160601 -0.160601 0 0.274283 -0.274283 0 3.045135 -3.045135 0 0.077116 -0.077116 0 0.276031 -0.276031 0 0 0 0 0.000914 -0.000914 17240.52286 小水电 杨家桥电厂 0 0.007195 -0.007195 0 0.005981 -0.005981 0 0.010215 -0.010215 0 0.113411 -0.113411 0 0.002872 -0.002872 0 0.01028 -0.01028 0 0 0 0 0.000034 -0.000034 642.096287 水电 叶茂电厂 0 0.029873 -0.029873 0 0.024832 -0.024832 0.000037 0.04241 -0.042373 0.000216 0.470844 -0.470628 0 0.011924 -0.011924 0 0.04268 -0.04268 0 0 0 0 0.000141 -0.000141 2665.759288 小生物质 宜州琦泉生物质发电厂 0 0 0 0 0 0 0 0 0 0 0 0 0 0 0 0 0 0 0 0 0 0 0 0 0289 小水电 银河电厂 0 0.020694 -0.020694 0 0.017202 -0.017202 0 0.029379 -0.029379 0 0.326173 -0.326173 0 0.00826 -0.00826 0 0.029566 -0.029566 0 0 0 0 0.000098 -0.000098 1846.68290 光伏 英利光伏站 0 0.021746 -0.021746 0 0.018077 -0.018077 0 0.030873 -0.030873 0 0.342762 -0.342762 0 0.00868 -0.00868 0 0.03107 -0.03107 0 0 0 0 0.000103 -0.000103 1940.6291 光伏 英学光伏站 0 0.065282 -0.065282 0 0.054267 -0.054267 0 0.092681 -0.092681 0 1.028956 -1.028956 0 0.026058 -0.026058 0 0.093271 -0.093271 0 0 0 0 0.000309 -0.000309 5825.6292 风电 鹰斗岭风电场 0 0.193611 -0.193611 0 0.160944 -0.160944 0 0.274869 -0.274869 0 3.051646 -3.051646 0 0.077281 -0.077281 0 0.276622 -0.276622 0 0 0 0 0.000916 -0.000916 17277.388293 光伏 永福光伏站 0 0.028539 -0.028539 0 0.023723 -0.023723 0 0.040516 -0.040516 0 0.449819 -0.449819 0 0.011391 -0.011391 0 0.040775 -0.040775 0 0 0 0 0.000135 -0.000135 2546.72294 煤电2(≥30,<60) 永福扩建 0 3.255473 -3.255473 0 2.706189 -2.706189 0.105728 4.621782 -4.516054 84.474724 51.311828 33.162896 0 1.299443 -1.299443 9.097925 4.651247 4.446678 0 0 0 0 0.015402 -0.015402 290510.184295 水电 右江电厂 6 0.823958 5.176042 0 0.684935 -0.684935 5.952505 1.16977 4.782735 9.896548 12.986994 -3.090446 0 0.328888 -0.328888 0 1.177228 -1.177228 0 0 0 0 0.003898 -0.003898 73527.96296 水电 鱼梁电厂 0 0.118203 -0.118203 0 0.098259 -0.098259 0.123873 0.167812 -0.043939 0.002072 1.863079 -1.861007 0 0.047181 -0.047181 0 0.168882 -0.168882 0 0 0 0 0.000559 -0.000559 10548.12297 风电 宇阳风电场 0 0.315661 -0.315661 0 0.262401 -0.262401 0 0.448143 -0.448143 0 4.97536 -4.97536 0 0.125998 -0.125998 0 0.451 -0.451 0 0 0 0 0.001493 -0.001493 28168.8298 光伏 玉柴光伏站 0 0.141227 -0.141227 0 0.117398 -0.117398 0 0.2005 -0.2005 0 2.225983 -2.225983 0 0.056372 -0.056372 0 0.201778 -0.201778 0 0 0 0 0.000668 -0.000668 12602.76299 光伏 玉峰光伏站 0 0.060084 -0.060084 0 0.049946 -0.049946 0 0.0853 -0.0853 0 0.94702 -0.94702 0 0.023983 -0.023983 0 0.085844 -0.085844 0 0 0 0 0.000284 -0.000284 5361.706300 风电 月亮山风电场 0 0.262539 -0.262539 0 0.218242 -0.218242 0 0.372725 -0.372725 0 4.138063 -4.138063 0 0.104794 -0.104794 0 0.375102 -0.375102 0 0 0 0 0.001242 -0.001242 23428.31301 风电 云飞风电场 0 0.205109 -0.205109 0 0.170501 -0.170501 0 0.291192 -0.291192 0 3.232864 -3.232864 0 0.08187 -0.08187 0 0.293048 -0.293048 0 0 0 0 0.00097 -0.00097 18303.378302 风电 泽丰风电场 0 0.122936 -0.122936 0 0.102194 -0.102194 0 0.174532 -0.174532 0 1.937686 -1.937686 0 0.049071 -0.049071 0 0.175645 -0.175645 0 0 0 0 0.000582 -0.000582 10970.52303 光伏 寨安光伏站 0 0.069608 -0.069608 0 0.057863 -0.057863 0 0.098822 -0.098822 0 1.097135 -1.097135 0 0.027784 -0.027784 0 0.099452 -0.099452 0 0 0 0 0.000329 -0.000329 6211.605304 光伏 者显光伏站 0 0.045362 -0.045362 0 0.037708 -0.037708 0 0.0644 -0.0644 0 0.714985 -0.714985 0 0.018107 -0.018107 0 0.064811 -0.064811 0 0 0 0 0.000215 -0.000215 4048305 光伏 振国光伏站 0 0.051578 -0.051578 0 0.042876 -0.042876 0 0.073225 -0.073225 0 0.812959 -0.812959 0 0.020588 -0.020588 0 0.073692 -0.073692 0 0 0 0 0.000244 -0.000244 4602.7306 风电 镇龙山风电场 0 0.138595 -0.138595 0 0.115211 -0.115211 0 0.196763 -0.196763 0 2.184499 -2.184499 0 0.055321 -0.055321 0 0.198018 -0.198018 0 0 0 0 0.000656 -0.000656 12367.891307 光伏 峙书光伏站 0 0 0 0 0 0 0 0 0 0 0 0 0 0 0 0 0 0 0 0 0 0 0 0 0308 小生物质 中科发电厂 0 0.05362 -0.05362 0 0.044573 -0.044573 0 0.076124 -0.076124 0 0.84514 -0.84514 0 0.021403 -0.021403 0 0.076609 -0.076609 0 0 0 0 0.000254 -0.000254 9569.79309 光伏 中民光伏站 0 0.017514 -0.017514 0 0.014559 -0.014559 0 0.024864 -0.024864 0 0.276046 -0.276046 0 0.006991 -0.006991 0 0.025023 -0.025023 0 0 0 0 0.000083 -0.000083 1562.88310 煤电1(≥60) 珠城电厂 0 8.581598 -8.581598 0 7.133657 -7.133657 0.001168 12.183258 -12.18209 184.340447 135.260656 49.079791 0 3.425401 -3.425401 44.492075 12.26093 32.231145 0 0 0 0 0.040599 -0.040599 765800311 风电 珠光风电场 0 0.21727 -0.21727 0 0.180611 -0.180611 0 0.308457 -0.308457 0 3.424543 -3.424543 0 0.086725 -0.086725 0 0.310423 -0.310423 0 0 0 0 0.001028 -0.001028 19388.6312 光伏 珠光光伏站 0 0.015394 -0.015394 0 0.012797 -0.012797 0 0.021855 -0.021855 0 0.242641 -0.242641 0 0.006145 -0.006145 0 0.021995 -0.021995 0 0 0 0 0.000073 -0.000073 1373.75313 光伏 卓昇光伏站 0 0 0 0 0 0 0 0 0 0 0 0 0 0 0 0 0 0 0 0 0 0 0 0 0314 风电 梓坪风电场 0 0.231938 -0.231938 0 0.192804 -0.192804 0 0.329282 -0.329282 0 3.655747 -3.655747 0 0.09258 -0.09258 0 0.331381 -0.331381 0 0 0 0 0.001097 -0.001097 20697.6315 水电 左江电厂 0 0.111502 -0.111502 0 0.092689 -0.092689 0.015383 0.158299 -0.142916 0.051244 1.757463 -1.706219 0 0.044507 -0.044507 0 0.159308 -0.159308 0 0 0 0 0.000528 -0.000528 9950.16合计 -- -- 150.7083 150.7083 0 125.2798 125.2798 0 213.9599 213.9599 0 2375.4206 2375.4206 0 60.1562 60.1562 0 215.324 215.324 0 0 0 0 0.713 0.713 0 13631335.35